date,interval_index,interval_start,interval_end,actual_net_load_kwh,original_plan_kwh,used_plan_kwh,emergency_kwh,curtail_kwh,charge_kwh,discharge_kwh,storage_start_kwh,storage_kwh
2025-01-01,1,00:00,00:10,588.2882667,0.0,0.0,588.2882667,0.0,0.0,0.0,6000.0,6000.0
2025-01-01,2,00:10,00:20,601.5881167,0.0,0.0,601.5881167,0.0,0.0,0.0,6000.0,6000.0
2025-01-01,3,00:20,00:30,621.0933333,0.0,0.0,621.0933333,0.0,0.0,0.0,6000.0,6000.0
2025-01-01,4,00:30,00:40,585.1051833,0.0,0.0,585.1051833,0.0,0.0,0.0,6000.0,6000.0
2025-01-01,5,00:40,00:50,583.7604167,0.0,0.0,583.7604167,0.0,0.0,0.0,6000.0,6000.0
2025-01-01,6,00:50,01:00,631.1683333,0.0,0.0,631.1683333,0.0,0.0,0.0,6000.0,6000.0
2025-01-01,7,01:00,01:10,650.0534167,0.0,0.0,650.0534167,0.0,0.0,0.0,6000.0,6000.0
2025-01-01,8,01:10,01:20,652.8062667,0.0,0.0,652.8062667,0.0,0.0,0.0,6000.0,6000.0
2025-01-01,9,01:20,01:30,636.2133333,0.0,0.0,636.2133333,0.0,0.0,0.0,6000.0,6000.0
2025-01-01,10,01:30,01:40,588.8356,0.0,0.0,588.8356,0.0,0.0,0.0,6000.0,6000.0
2025-01-01,11,01:40,01:50,615.7768833,0.0,0.0,615.7768833,0.0,0.0,0.0,6000.0,6000.0
2025-01-01,12,01:50,02:00,677.455,0.0,0.0,677.455,0.0,0.0,0.0,6000.0,6000.0
2025-01-01,13,02:00,02:10,635.1118333,0.0,0.0,635.1118333,0.0,0.0,0.0,6000.0,6000.0
2025-01-01,14,02:10,02:20,640.8249167,0.0,0.0,640.8249167,0.0,0.0,0.0,6000.0,6000.0
2025-01-01,15,02:20,02:30,705.77,0.0,0.0,705.77,0.0,0.0,0.0,6000.0,6000.0
2025-01-01,16,02:30,02:40,684.9959167,0.0,0.0,684.9959167,0.0,0.0,0.0,6000.0,6000.0
2025-01-01,17,02:40,02:50,666.1490833,0.0,0.0,666.1490833,0.0,0.0,0.0,6000.0,6000.0
2025-01-01,18,02:50,03:00,683.6983333,0.0,0.0,683.6983333,0.0,0.0,0.0,6000.0,6000.0
2025-01-01,19,03:00,03:10,681.0096167,0.0,0.0,681.0096167,0.0,0.0,0.0,6000.0,6000.0
2025-01-01,20,03:10,03:20,688.9604333,0.0,0.0,688.9604333,0.0,0.0,0.0,6000.0,6000.0
2025-01-01,21,03:20,03:30,696.53,0.0,0.0,696.53,0.0,0.0,0.0,6000.0,6000.0
2025-01-01,22,03:30,03:40,658.8951833,0.0,0.0,658.8951833,0.0,0.0,0.0,6000.0,6000.0
2025-01-01,23,03:40,03:50,651.7916,0.0,0.0,651.7916,0.0,0.0,0.0,6000.0,6000.0
2025-01-01,24,03:50,04:00,683.2183333,0.0,0.0,683.2183333,0.0,0.0,0.0,6000.0,6000.0
2025-01-01,25,04:00,04:10,687.3103833,0.0,0.0,687.3103833,0.0,0.0,0.0,6000.0,6000.0
2025-01-01,26,04:10,04:20,694.8344667,0.0,0.0,694.8344667,0.0,0.0,0.0,6000.0,6000.0
2025-01-01,27,04:20,04:30,710.04,0.0,0.0,710.04,0.0,0.0,0.0,6000.0,6000.0
2025-01-01,28,04:30,04:40,702.8703667,0.0,0.0,702.8703667,0.0,0.0,0.0,6000.0,6000.0
2025-01-01,29,04:40,04:50,710.3095,0.0,0.0,710.3095,0.0,0.0,0.0,6000.0,6000.0
2025-01-01,30,04:50,05:00,723.65,0.0,0.0,723.65,0.0,0.0,0.0,6000.0,6000.0
2025-01-01,31,05:00,05:10,701.3697833,0.0,0.0,701.3697833,0.0,0.0,0.0,6000.0,6000.0
2025-01-01,32,05:10,05:20,717.02055,0.0,0.0,717.02055,0.0,0.0,0.0,6000.0,6000.0
2025-01-01,33,05:20,05:30,742.765,0.0,0.0,742.765,0.0,0.0,0.0,6000.0,6000.0
2025-01-01,34,05:30,05:40,691.4345166666669,0.0,0.0,691.4345166666669,0.0,0.0,0.0,6000.0,6000.0
2025-01-01,35,05:40,05:50,749.6888833,0.0,0.0,749.6888833,0.0,0.0,0.0,6000.0,6000.0
2025-01-01,36,05:50,06:00,894.8966667,0.0,0.0,894.8966667,0.0,0.0,0.0,6000.0,6000.0
2025-01-01,37,06:00,06:10,906.7470333666699,0.0,0.0,906.7470333666699,0.0,0.0,0.0,6000.0,6000.0
2025-01-01,38,06:10,06:20,886.1488333,0.0,0.0,886.1488333,0.0,0.0,0.0,6000.0,6000.0
2025-01-01,39,06:20,06:30,899.97,0.0,0.0,899.97,0.0,0.0,0.0,6000.0,6000.0
2025-01-01,40,06:30,06:40,906.9324167,0.0,0.0,906.9324167,0.0,0.0,0.0,6000.0,6000.0
2025-01-01,41,06:40,06:50,907.4001667,0.0,0.0,907.4001667,0.0,0.0,0.0,6000.0,6000.0
2025-01-01,42,06:50,07:00,905.0925,0.0,0.0,905.0925,0.0,0.0,0.0,6000.0,6000.0
2025-01-01,43,07:00,07:10,878.91441663,0.0,0.0,878.91441663,0.0,0.0,0.0,6000.0,6000.0
2025-01-01,44,07:10,07:20,848.08469997,0.0,0.0,848.08469997,0.0,0.0,0.0,6000.0,6000.0
2025-01-01,45,07:20,07:30,799.8166666999999,0.0,0.0,799.8166666999999,0.0,0.0,0.0,6000.0,6000.0
2025-01-01,46,07:30,07:40,729.7683834000001,0.0,0.0,729.7683834000001,0.0,0.0,0.0,6000.0,6000.0
2025-01-01,47,07:40,07:50,804.7576329999999,0.0,0.0,804.7576329999999,0.0,0.0,0.0,6000.0,6000.0
2025-01-01,48,07:50,08:00,953.952083,0.0,0.0,953.952083,0.0,0.0,0.0,6000.0,6000.0
2025-01-01,49,08:00,08:10,921.9955829999999,0.0,0.0,921.9955829999999,0.0,0.0,0.0,6000.0,6000.0
2025-01-01,50,08:10,08:20,833.4274829999999,0.0,0.0,833.4274829999999,0.0,0.0,0.0,6000.0,6000.0
2025-01-01,51,08:20,08:30,787.6695830000001,0.0,0.0,787.6695830000001,0.0,0.0,0.0,6000.0,6000.0
2025-01-01,52,08:30,08:40,755.8976336999999,0.0,0.0,755.8976336999999,0.0,0.0,0.0,6000.0,6000.0
2025-01-01,53,08:40,08:50,692.23025,0.0,0.0,692.23025,0.0,0.0,0.0,6000.0,6000.0
2025-01-01,54,08:50,09:00,621.054583,0.0,0.0,621.054583,0.0,0.0,0.0,6000.0,6000.0
2025-01-01,55,09:00,09:10,603.3464163,0.0,0.0,603.3464163,0.0,0.0,0.0,6000.0,6000.0
2025-01-01,56,09:10,09:20,558.986017,0.0,0.0,558.986017,0.0,0.0,0.0,6000.0,6000.0
2025-01-01,57,09:20,09:30,491.584167,0.0,0.0,491.584167,0.0,0.0,0.0,6000.0,6000.0
2025-01-01,58,09:30,09:40,482.2786503000001,0.0,0.0,482.2786503000001,0.0,0.0,0.0,6000.0,6000.0
2025-01-01,59,09:40,09:50,448.07084999999995,0.0,0.0,448.07084999999995,0.0,0.0,0.0,6000.0,6000.0
2025-01-01,60,09:50,10:00,377.13708299999985,0.0,0.0,377.13708299999985,0.0,0.0,0.0,6000.0,6000.0
2025-01-01,61,10:00,10:10,340.8031667,0.0,0.0,340.8031667,0.0,0.0,0.0,6000.0,6000.0
2025-01-01,62,10:10,10:20,292.9262666999999,0.0,0.0,292.9262666999999,0.0,0.0,0.0,6000.0,6000.0
2025-01-01,63,10:20,10:30,248.57416699999987,0.0,0.0,248.57416699999987,0.0,0.0,0.0,6000.0,6000.0
2025-01-01,64,10:30,10:40,276.83206670000015,0.0,0.0,276.83206670000015,0.0,0.0,0.0,6000.0,6000.0
2025-01-01,65,10:40,10:50,299.63006630000007,0.0,0.0,299.63006630000007,0.0,0.0,0.0,6000.0,6000.0
2025-01-01,66,10:50,11:00,293.8466669999999,0.0,0.0,293.8466669999999,0.0,0.0,0.0,6000.0,6000.0
2025-01-01,67,11:00,11:10,309.9957999999999,0.0,0.0,309.9957999999999,0.0,0.0,0.0,6000.0,6000.0
2025-01-01,68,11:10,11:20,322.94439969999996,0.0,0.0,322.94439969999996,0.0,0.0,0.0,6000.0,6000.0
2025-01-01,69,11:20,11:30,305.73249999999996,0.0,0.0,305.73249999999996,0.0,0.0,0.0,6000.0,6000.0
2025-01-01,70,11:30,11:40,256.04914970000004,0.0,0.0,256.04914970000004,0.0,0.0,0.0,6000.0,6000.0
2025-01-01,71,11:40,11:50,198.83209969999996,0.0,0.0,198.83209969999996,0.0,0.0,0.0,6000.0,6000.0
2025-01-01,72,11:50,12:00,189.92958299999998,0.0,0.0,189.92958299999998,0.0,0.0,0.0,6000.0,6000.0
2025-01-01,73,12:00,12:10,259.0887003,0.0,0.0,259.0887003,0.0,0.0,0.0,6000.0,6000.0
2025-01-01,74,12:10,12:20,244.46364970000002,0.0,0.0,244.46364970000002,0.0,0.0,0.0,6000.0,6000.0
2025-01-01,75,12:20,12:30,163.56583299999988,0.0,0.0,163.56583299999988,0.0,0.0,0.0,6000.0,6000.0
2025-01-01,76,12:30,12:40,191.35543299999995,0.0,0.0,191.35543299999995,0.0,0.0,0.0,6000.0,6000.0
2025-01-01,77,12:40,12:50,228.33834999999988,0.0,0.0,228.33834999999988,0.0,0.0,0.0,6000.0,6000.0
2025-01-01,78,12:50,13:00,236.7579169999999,0.0,0.0,236.7579169999999,0.0,0.0,0.0,6000.0,6000.0
2025-01-01,79,13:00,13:10,282.22439970000005,0.0,0.0,282.22439970000005,0.0,0.0,0.0,6000.0,6000.0
2025-01-01,80,13:10,13:20,314.4271837000001,0.0,0.0,314.4271837000001,0.0,0.0,0.0,6000.0,6000.0
2025-01-01,81,13:20,13:30,298.48625000000015,0.0,0.0,298.48625000000015,0.0,0.0,0.0,6000.0,6000.0
2025-01-01,82,13:30,13:40,262.15679969999985,0.0,0.0,262.15679969999985,0.0,0.0,0.0,6000.0,6000.0
2025-01-01,83,13:40,13:50,295.02009969999995,0.0,0.0,295.02009969999995,0.0,0.0,0.0,6000.0,6000.0
2025-01-01,84,13:50,14:00,382.5574999999999,0.0,0.0,382.5574999999999,0.0,0.0,0.0,6000.0,6000.0
2025-01-01,85,14:00,14:10,421.2368,0.0,0.0,421.2368,0.0,0.0,0.0,6000.0,6000.0
2025-01-01,86,14:10,14:20,427.15828299999987,0.0,0.0,427.15828299999987,0.0,0.0,0.0,6000.0,6000.0
2025-01-01,87,14:20,14:30,435.75916699999993,0.0,0.0,435.75916699999993,0.0,0.0,0.0,6000.0,6000.0
2025-01-01,88,14:30,14:40,458.40663369999993,0.0,0.0,458.40663369999993,0.0,0.0,0.0,6000.0,6000.0
2025-01-01,89,14:40,14:50,460.92816630000016,0.0,0.0,460.92816630000016,0.0,0.0,0.0,6000.0,6000.0
2025-01-01,90,14:50,15:00,471.225417,0.0,0.0,471.225417,0.0,0.0,0.0,6000.0,6000.0
2025-01-01,91,15:00,15:10,553.410717,0.0,0.0,553.410717,0.0,0.0,0.0,6000.0,6000.0
2025-01-01,92,15:10,15:20,627.0767329999999,0.0,0.0,627.0767329999999,0.0,0.0,0.0,6000.0,6000.0
2025-01-01,93,15:20,15:30,664.768333,0.0,0.0,664.768333,0.0,0.0,0.0,6000.0,6000.0
2025-01-01,94,15:30,15:40,714.2260999999999,0.0,0.0,714.2260999999999,0.0,0.0,0.0,6000.0,6000.0
2025-01-01,95,15:40,15:50,765.326133,0.0,0.0,765.326133,0.0,0.0,0.0,6000.0,6000.0
2025-01-01,96,15:50,16:00,813.075,0.0,0.0,813.075,0.0,0.0,0.0,6000.0,6000.0
2025-01-01,97,16:00,16:10,865.9615833,0.0,0.0,865.9615833,0.0,0.0,0.0,6000.0,6000.0
2025-01-01,98,16:10,16:20,905.2061163,0.0,0.0,905.2061163,0.0,0.0,0.0,6000.0,6000.0
2025-01-01,99,16:20,16:30,930.9229170000001,0.0,0.0,930.9229170000001,0.0,0.0,0.0,6000.0,6000.0
2025-01-01,100,16:30,16:40,966.07949967,0.0,0.0,966.07949967,0.0,0.0,0.0,6000.0,6000.0
2025-01-01,101,16:40,16:50,1019.8431169999999,0.0,0.0,1019.8431169999999,0.0,0.0,0.0,6000.0,6000.0
2025-01-01,102,16:50,17:00,1064.349583,0.0,0.0,1064.349583,0.0,0.0,0.0,6000.0,6000.0
2025-01-01,103,17:00,17:10,1054.197217,0.0,0.0,1054.197217,0.0,0.0,0.0,6000.0,6000.0
2025-01-01,104,17:10,17:20,1027.2526003332998,0.0,0.0,1027.2526003332998,0.0,0.0,0.0,6000.0,6000.0
2025-01-01,105,17:20,17:30,1031.998333,0.0,0.0,1031.998333,0.0,0.0,0.0,6000.0,6000.0
2025-01-01,106,17:30,17:40,1077.417783,0.0,0.0,1077.417783,0.0,0.0,0.0,6000.0,6000.0
2025-01-01,107,17:40,17:50,960.60053336667,0.0,0.0,960.60053336667,0.0,0.0,0.0,6000.0,6000.0
2025-01-01,108,17:50,18:00,754.9083333,0.0,0.0,754.9083333,0.0,0.0,0.0,6000.0,6000.0
2025-01-01,109,18:00,18:10,748.4221333,0.0,0.0,748.4221333,0.0,0.0,0.0,6000.0,6000.0
2025-01-01,110,18:10,18:20,773.9983166333329,0.0,0.0,773.9983166333329,0.0,0.0,0.0,6000.0,6000.0
2025-01-01,111,18:20,18:30,744.8683333,0.0,0.0,744.8683333,0.0,0.0,0.0,6000.0,6000.0
2025-01-01,112,18:30,18:40,745.0775,0.0,0.0,745.0775,0.0,0.0,0.0,6000.0,6000.0
2025-01-01,113,18:40,18:50,751.8122333333333,0.0,0.0,751.8122333333333,0.0,0.0,0.0,6000.0,6000.0
2025-01-01,114,18:50,19:00,747.695,0.0,0.0,747.695,0.0,0.0,0.0,6000.0,6000.0
2025-01-01,115,19:00,19:10,745.2882167,0.0,0.0,745.2882167,0.0,0.0,0.0,6000.0,6000.0
2025-01-01,116,19:10,19:20,739.9705833,0.0,0.0,739.9705833,0.0,0.0,0.0,6000.0,6000.0
2025-01-01,117,19:20,19:30,731.1983333,0.0,0.0,731.1983333,0.0,0.0,0.0,6000.0,6000.0
2025-01-01,118,19:30,19:40,724.66275,0.0,0.0,724.66275,0.0,0.0,0.0,6000.0,6000.0
2025-01-01,119,19:40,19:50,716.7724167,0.0,0.0,716.7724167,0.0,0.0,0.0,6000.0,6000.0
2025-01-01,120,19:50,20:00,719.3316667,0.0,0.0,719.3316667,0.0,0.0,0.0,6000.0,6000.0
2025-01-01,121,20:00,20:10,747.2124,0.0,0.0,747.2124,0.0,0.0,0.0,6000.0,6000.0
2025-01-01,122,20:10,20:20,758.6176667,0.0,0.0,758.6176667,0.0,0.0,0.0,6000.0,6000.0
2025-01-01,123,20:20,20:30,749.9666667,0.0,0.0,749.9666667,0.0,0.0,0.0,6000.0,6000.0
2025-01-01,124,20:30,20:40,755.8489167,0.0,0.0,755.8489167,0.0,0.0,0.0,6000.0,6000.0
2025-01-01,125,20:40,20:50,754.8193333,0.0,0.0,754.8193333,0.0,0.0,0.0,6000.0,6000.0
2025-01-01,126,20:50,21:00,747.2516667,0.0,0.0,747.2516667,0.0,0.0,0.0,6000.0,6000.0
2025-01-01,127,21:00,21:10,758.0383667,0.0,0.0,758.0383667,0.0,0.0,0.0,6000.0,6000.0
2025-01-01,128,21:10,21:20,765.94735,0.0,0.0,765.94735,0.0,0.0,0.0,6000.0,6000.0
2025-01-01,129,21:20,21:30,770.15,0.0,0.0,770.15,0.0,0.0,0.0,6000.0,6000.0
2025-01-01,130,21:30,21:40,775.6191333,0.0,0.0,775.6191333,0.0,0.0,0.0,6000.0,6000.0
2025-01-01,131,21:40,21:50,688.6640833,0.0,0.0,688.6640833,0.0,0.0,0.0,6000.0,6000.0
2025-01-01,132,21:50,22:00,560.5,0.0,0.0,560.5,0.0,0.0,0.0,6000.0,6000.0
2025-01-01,133,22:00,22:10,550.9598,0.0,0.0,550.9598,0.0,0.0,0.0,6000.0,6000.0
2025-01-01,134,22:10,22:20,578.4886667,0.0,0.0,578.4886667,0.0,0.0,0.0,6000.0,6000.0
2025-01-01,135,22:20,22:30,586.895,0.0,0.0,586.895,0.0,0.0,0.0,6000.0,6000.0
2025-01-01,136,22:30,22:40,593.5879833,0.0,0.0,593.5879833,0.0,0.0,0.0,6000.0,6000.0
2025-01-01,137,22:40,22:50,564.3446667,0.0,0.0,564.3446667,0.0,0.0,0.0,6000.0,6000.0
2025-01-01,138,22:50,23:00,548.3316667,0.0,0.0,548.3316667,0.0,0.0,0.0,6000.0,6000.0
2025-01-01,139,23:00,23:10,629.0425333,0.0,0.0,629.0425333,0.0,0.0,0.0,6000.0,6000.0
2025-01-01,140,23:10,23:20,647.27,0.0,0.0,647.27,0.0,0.0,0.0,6000.0,6000.0
2025-01-01,141,23:20,23:30,587.5233333,0.0,0.0,587.5233333,0.0,0.0,0.0,6000.0,6000.0
2025-01-01,142,23:30,23:40,592.26515,0.0,0.0,592.26515,0.0,0.0,0.0,6000.0,6000.0
2025-01-01,143,23:40,23:50,616.1856833,0.0,0.0,616.1856833,0.0,0.0,0.0,6000.0,6000.0
2025-01-01,144,23:50,24:00,616.1166667,0.0,0.0,616.1166667,0.0,0.0,0.0,6000.0,6000.0
2025-01-02,1,00:00,00:10,603.7584833,588.2882667,588.2882667,15.470216599999958,0.0,0.0,0.0,6000.0,6000.0
2025-01-02,2,00:10,00:20,603.7935167,601.5881167,601.5881167,2.205400000000054,0.0,0.0,0.0,6000.0,6000.0
2025-01-02,3,00:20,00:30,618.0383333,621.0933333,618.0383333,0.0,0.0,0.0,0.0,6000.0,6000.0
2025-01-02,4,00:30,00:40,625.0871,585.1051833,585.1051833,39.98191669999994,0.0,0.0,0.0,6000.0,6000.0
2025-01-02,5,00:40,00:50,614.1506333,583.7604167,583.7604167,30.39021660000003,0.0,0.0,0.0,6000.0,6000.0
2025-01-02,6,00:50,01:00,607.3566667,631.1683333,607.3566667,0.0,0.0,0.0,0.0,6000.0,6000.0
2025-01-02,7,01:00,01:10,634.883,650.0534167,634.883,0.0,0.0,0.0,0.0,6000.0,6000.0
2025-01-02,8,01:10,01:20,642.5204333,652.8062667,642.5204333,0.0,0.0,0.0,0.0,6000.0,6000.0
2025-01-02,9,01:20,01:30,630.63,636.2133333,630.63,0.0,0.0,0.0,0.0,6000.0,6000.0
2025-01-02,10,01:30,01:40,651.2308167,588.8356,588.8356,62.39521669999999,0.0,0.0,0.0,6000.0,6000.0
2025-01-02,11,01:40,01:50,661.3733,615.7768833,615.7768833,45.59641669999996,0.0,0.0,0.0,6000.0,6000.0
2025-01-02,12,01:50,02:00,647.795,677.455,647.795,0.0,0.0,0.0,0.0,6000.0,6000.0
2025-01-02,13,02:00,02:10,644.2316833,635.1118333,635.1118333,9.119850000000042,0.0,0.0,0.0,6000.0,6000.0
2025-01-02,14,02:10,02:20,655.2810167,640.8249167,640.8249167,14.456099999999992,0.0,0.0,0.0,6000.0,6000.0
2025-01-02,15,02:20,02:30,675.9966667,705.77,675.9966667,0.0,0.0,0.0,0.0,6000.0,6000.0
2025-01-02,16,02:30,02:40,694.1636667,684.9959167,684.9959167,9.16775000000007,0.0,0.0,0.0,6000.0,6000.0
2025-01-02,17,02:40,02:50,677.9054333,666.1490833,666.1490833,11.756349999999998,0.0,0.0,0.0,6000.0,6000.0
2025-01-02,18,02:50,03:00,653.24,683.6983333,653.24,0.0,0.0,0.0,0.0,6000.0,6000.0
2025-01-02,19,03:00,03:10,678.0538333,681.0096167,678.0538333,0.0,0.0,0.0,0.0,6000.0,6000.0
2025-01-02,20,03:10,03:20,690.0798667,688.9604333,688.9604333,1.119433400000048,0.0,0.0,0.0,6000.0,6000.0
2025-01-02,21,03:20,03:30,676.8533333,696.53,676.8533333,0.0,0.0,0.0,0.0,6000.0,6000.0
2025-01-02,22,03:30,03:40,689.7840167,658.8951833,658.8951833,30.888833400000067,0.0,0.0,0.0,6000.0,6000.0
2025-01-02,23,03:40,03:50,713.8835167,651.7916,651.7916,62.091916699999956,0.0,0.0,0.0,6000.0,6000.0
2025-01-02,24,03:50,04:00,721.83,683.2183333,683.2183333,38.6116667,0.0,0.0,0.0,6000.0,6000.0
2025-01-02,25,04:00,04:10,704.1930833,687.3103833,687.3103833,16.8827,0.0,0.0,0.0,6000.0,6000.0
2025-01-02,26,04:10,04:20,700.3315,694.8344667,694.8344667,5.497033299999998,0.0,0.0,0.0,6000.0,6000.0
2025-01-02,27,04:20,04:30,712.3166667,710.04,710.04,2.276666700000078,0.0,0.0,0.0,6000.0,6000.0
2025-01-02,28,04:30,04:40,703.1725333,702.8703667,702.8703667,0.3021666000000778,0.0,0.0,0.0,6000.0,6000.0
2025-01-02,29,04:40,04:50,678.2314167,710.3095,678.2314167,0.0,0.0,0.0,0.0,6000.0,6000.0
2025-01-02,30,04:50,05:00,671.825,723.65,671.825,0.0,0.0,0.0,0.0,6000.0,6000.0
2025-01-02,31,05:00,05:10,710.4921833333334,701.3697833,701.3697833,9.122400033333406,0.0,0.0,0.0,6000.0,6000.0
2025-01-02,32,05:10,05:20,721.7514333,717.02055,717.02055,4.730883300000073,0.0,0.0,0.0,6000.0,6000.0
2025-01-02,33,05:20,05:30,691.5216667,742.765,691.5216667,0.0,0.0,0.0,0.0,6000.0,6000.0
2025-01-02,34,05:30,05:40,688.3839833333329,691.4345166666669,688.3839833333329,0.0,0.0,0.0,0.0,6000.0,6000.0
2025-01-02,35,05:40,05:50,773.6214333,749.6888833,749.6888833,23.932549999999992,0.0,0.0,0.0,6000.0,6000.0
2025-01-02,36,05:50,06:00,901.9316667,894.8966667,894.8966667,7.035000000000082,0.0,0.0,0.0,6000.0,6000.0
2025-01-02,37,06:00,06:10,956.39553333333,906.7470333666699,906.7470333666699,49.6484999666601,0.0,0.0,0.0,6000.0,6000.0
2025-01-02,38,06:10,06:20,949.2315167,886.1488333,886.1488333,63.082683400000064,0.0,0.0,0.0,6000.0,6000.0
2025-01-02,39,06:20,06:30,922.9433333,899.97,899.97,22.973333299999922,0.0,0.0,0.0,6000.0,6000.0
2025-01-02,40,06:30,06:40,909.2691666333,906.9324167,906.9324167,2.336749933299984,0.0,0.0,0.0,6000.0,6000.0
2025-01-02,41,06:40,06:50,913.9334167,907.4001667,907.4001667,6.533249999999953,0.0,0.0,0.0,6000.0,6000.0
2025-01-02,42,06:50,07:00,922.37375,905.0925,905.0925,17.28125,0.0,0.0,0.0,6000.0,6000.0
2025-01-02,43,07:00,07:10,897.1297333,878.91441663,878.91441663,18.215316669999993,0.0,0.0,0.0,6000.0,6000.0
2025-01-02,44,07:10,07:20,870.72351663,848.08469997,848.08469997,22.638816659999975,0.0,0.0,0.0,6000.0,6000.0
2025-01-02,45,07:20,07:30,810.8829167,799.8166666999999,799.8166666999999,11.066250000000082,0.0,0.0,0.0,6000.0,6000.0
2025-01-02,46,07:30,07:40,684.2293167,729.7683834000001,684.2293167,0.0,0.0,0.0,0.0,6000.0,6000.0
2025-01-02,47,07:40,07:50,746.6174667,804.7576329999999,746.6174667,0.0,0.0,0.0,0.0,6000.0,6000.0
2025-01-02,48,07:50,08:00,944.9020830000001,953.952083,944.9020830000001,0.0,0.0,0.0,0.0,6000.0,6000.0
2025-01-02,49,08:00,08:10,949.8879162999999,921.9955829999999,921.9955829999999,27.89233330000002,0.0,0.0,0.0,6000.0,6000.0
2025-01-02,50,08:10,08:20,853.4746163,833.4274829999999,833.4274829999999,20.04713330000004,0.0,0.0,0.0,6000.0,6000.0
2025-01-02,51,08:20,08:30,780.81375,787.6695830000001,780.81375,0.0,0.0,0.0,0.0,6000.0,6000.0
2025-01-02,52,08:30,08:40,759.0293670000001,755.8976336999999,755.8976336999999,3.131733300000178,0.0,0.0,0.0,6000.0,6000.0
2025-01-02,53,08:40,08:50,730.4140503000001,692.23025,692.23025,38.183800300000144,0.0,0.0,0.0,6000.0,6000.0
2025-01-02,54,08:50,09:00,671.33125,621.054583,621.054583,50.276666999999975,0.0,0.0,0.0,6000.0,6000.0
2025-01-02,55,09:00,09:10,610.1347332999999,603.3464163,603.3464163,6.788316999999893,0.0,0.0,0.0,6000.0,6000.0
2025-01-02,56,09:10,09:20,564.5322497000001,558.986017,558.986017,5.546232700000132,0.0,0.0,0.0,6000.0,6000.0
2025-01-02,57,09:20,09:30,529.81375,491.584167,491.584167,38.22958300000005,0.0,0.0,0.0,6000.0,6000.0
2025-01-02,58,09:30,09:40,491.93515030000003,482.2786503000001,482.2786503000001,9.656499999999937,0.0,0.0,0.0,6000.0,6000.0
2025-01-02,59,09:40,09:50,474.2261333,448.07084999999995,448.07084999999995,26.155283300000065,0.0,0.0,0.0,6000.0,6000.0
2025-01-02,60,09:50,10:00,465.83124999999995,377.13708299999985,377.13708299999985,88.6941670000001,0.0,0.0,0.0,6000.0,6000.0
2025-01-02,61,10:00,10:10,426.9711666999999,340.8031667,340.8031667,86.16799999999989,0.0,0.0,0.0,6000.0,6000.0
2025-01-02,62,10:10,10:20,377.06359999999984,292.9262666999999,292.9262666999999,84.13733329999991,0.0,0.0,0.0,6000.0,6000.0
2025-01-02,63,10:20,10:30,349.3483329999999,248.57416699999987,248.57416699999987,100.77416600000004,0.0,0.0,0.0,6000.0,6000.0
2025-01-02,64,10:30,10:40,356.48984999999993,276.83206670000015,276.83206670000015,79.65778329999978,0.0,0.0,0.0,6000.0,6000.0
2025-01-02,65,10:40,10:50,337.7988836999999,299.63006630000007,299.63006630000007,38.16881739999985,0.0,0.0,0.0,6000.0,6000.0
2025-01-02,66,10:50,11:00,285.147917,293.8466669999999,285.147917,0.0,0.0,0.0,0.0,6000.0,6000.0
2025-01-02,67,11:00,11:10,252.58943329999988,309.9957999999999,252.58943329999988,0.0,0.0,0.0,0.0,6000.0,6000.0
2025-01-02,68,11:10,11:20,258.3222667,322.94439969999996,258.3222667,0.0,0.0,0.0,0.0,6000.0,6000.0
2025-01-02,69,11:20,11:30,287.2437500000001,305.73249999999996,287.2437500000001,0.0,0.0,0.0,0.0,6000.0,6000.0
2025-01-02,70,11:30,11:40,301.93401629999994,256.04914970000004,256.04914970000004,45.884866599999896,0.0,0.0,0.0,6000.0,6000.0
2025-01-02,71,11:40,11:50,272.02591629999984,198.83209969999996,198.83209969999996,73.19381659999988,0.0,0.0,0.0,6000.0,6000.0
2025-01-02,72,11:50,12:00,216.59666700000002,189.92958299999998,189.92958299999998,26.667084000000045,0.0,0.0,0.0,6000.0,6000.0
2025-01-02,73,12:00,12:10,189.43033329999992,259.0887003,189.43033329999992,0.0,0.0,0.0,0.0,6000.0,6000.0
2025-01-02,74,12:10,12:20,193.35159969999995,244.46364970000002,193.35159969999995,0.0,0.0,0.0,0.0,6000.0,6000.0
2025-01-02,75,12:20,12:30,215.70500000000004,163.56583299999988,163.56583299999988,52.13916700000016,0.0,0.0,0.0,6000.0,6000.0
2025-01-02,76,12:30,12:40,239.18693299999995,191.35543299999995,191.35543299999995,47.831500000000005,0.0,0.0,0.0,6000.0,6000.0
2025-01-02,77,12:40,12:50,238.68365000000006,228.33834999999988,228.33834999999988,10.34530000000018,0.0,0.0,0.0,6000.0,6000.0
2025-01-02,78,12:50,13:00,230.50041700000008,236.7579169999999,230.50041700000008,0.0,0.0,0.0,0.0,6000.0,6000.0
2025-01-02,79,13:00,13:10,251.66346699999997,282.22439970000005,251.66346699999997,0.0,0.0,0.0,0.0,6000.0,6000.0
2025-01-02,80,13:10,13:20,252.29825030000006,314.4271837000001,252.29825030000006,0.0,0.0,0.0,0.0,6000.0,6000.0
2025-01-02,81,13:20,13:30,242.32291700000007,298.48625000000015,242.32291700000007,0.0,0.0,0.0,0.0,6000.0,6000.0
2025-01-02,82,13:30,13:40,282.37601700000005,262.15679969999985,262.15679969999985,20.219217300000196,0.0,0.0,0.0,6000.0,6000.0
2025-01-02,83,13:40,13:50,311.96256629999993,295.02009969999995,295.02009969999995,16.94246659999999,0.0,0.0,0.0,6000.0,6000.0
2025-01-02,84,13:50,14:00,329.54666699999984,382.5574999999999,329.54666699999984,0.0,0.0,0.0,0.0,6000.0,6000.0
2025-01-02,85,14:00,14:10,390.8357503,421.2368,390.8357503,0.0,0.0,0.0,0.0,6000.0,6000.0
2025-01-02,86,14:10,14:20,424.74876700000004,427.15828299999987,424.74876700000004,0.0,0.0,0.0,0.0,6000.0,6000.0
2025-01-02,87,14:20,14:30,436.99041699999987,435.75916699999993,435.75916699999993,1.2312499999999318,0.0,0.0,0.0,6000.0,6000.0
2025-01-02,88,14:30,14:40,504.4937000000001,458.40663369999993,458.40663369999993,46.087066300000174,0.0,0.0,0.0,6000.0,6000.0
2025-01-02,89,14:40,14:50,555.6006503000001,460.92816630000016,460.92816630000016,94.67248399999994,0.0,0.0,0.0,6000.0,6000.0
2025-01-02,90,14:50,15:00,580.1608330000001,471.225417,471.225417,108.93541600000015,0.0,0.0,0.0,6000.0,6000.0
2025-01-02,91,15:00,15:10,634.7300833000002,553.410717,553.410717,81.31936630000018,0.0,0.0,0.0,6000.0,6000.0
2025-01-02,92,15:10,15:20,648.7390837,627.0767329999999,627.0767329999999,21.66235070000016,0.0,0.0,0.0,6000.0,6000.0
2025-01-02,93,15:20,15:30,643.467083,664.768333,643.467083,0.0,0.0,0.0,0.0,6000.0,6000.0
2025-01-02,94,15:30,15:40,714.4864836999999,714.2260999999999,714.2260999999999,0.26038370000003397,0.0,0.0,0.0,6000.0,6000.0
2025-01-02,95,15:40,15:50,761.64585,765.326133,761.64585,0.0,0.0,0.0,0.0,6000.0,6000.0
2025-01-02,96,15:50,16:00,771.273333,813.075,771.273333,0.0,0.0,0.0,0.0,6000.0,6000.0
2025-01-02,97,16:00,16:10,830.204233,865.9615833,830.204233,0.0,0.0,0.0,0.0,6000.0,6000.0
2025-01-02,98,16:10,16:20,883.45285,905.2061163,883.45285,0.0,0.0,0.0,0.0,6000.0,6000.0
2025-01-02,99,16:20,16:30,913.5925000000001,930.9229170000001,913.5925000000001,0.0,0.0,0.0,0.0,6000.0,6000.0
2025-01-02,100,16:30,16:40,963.65384967,966.07949967,963.65384967,0.0,0.0,0.0,0.0,6000.0,6000.0
2025-01-02,101,16:40,16:50,1020.279917,1019.8431169999999,1019.8431169999999,0.436800000000062,0.0,0.0,0.0,6000.0,6000.0
2025-01-02,102,16:50,17:00,1051.845833,1064.349583,1051.845833,0.0,0.0,0.0,0.0,6000.0,6000.0
2025-01-02,103,17:00,17:10,1035.95475,1054.197217,1035.95475,0.0,0.0,0.0,0.0,6000.0,6000.0
2025-01-02,104,17:10,17:20,1021.728533333,1027.2526003332998,1021.728533333,0.0,0.0,0.0,0.0,6000.0,6000.0
2025-01-02,105,17:20,17:30,1030.871667,1031.998333,1030.871667,0.0,0.0,0.0,0.0,6000.0,6000.0
2025-01-02,106,17:30,17:40,1045.998867,1077.417783,1045.998867,0.0,0.0,0.0,0.0,6000.0,6000.0
2025-01-02,107,17:40,17:50,958.15028333333,960.60053336667,958.15028333333,0.0,0.0,0.0,0.0,6000.0,6000.0
2025-01-02,108,17:50,18:00,804.215,754.9083333,754.9083333,49.30666670000005,0.0,0.0,0.0,6000.0,6000.0
2025-01-02,109,18:00,18:10,743.7868,748.4221333,743.7868,0.0,0.0,0.0,0.0,6000.0,6000.0
2025-01-02,110,18:10,18:20,747.926883366667,773.9983166333329,747.926883366667,0.0,0.0,0.0,0.0,6000.0,6000.0
2025-01-02,111,18:20,18:30,755.225,744.8683333,744.8683333,10.356666700000005,0.0,0.0,0.0,6000.0,6000.0
2025-01-02,112,18:30,18:40,738.8777833,745.0775,738.8777833,0.0,0.0,0.0,0.0,6000.0,6000.0
2025-01-02,113,18:40,18:50,741.0313333333332,751.8122333333333,741.0313333333332,0.0,0.0,0.0,0.0,6000.0,6000.0
2025-01-02,114,18:50,19:00,753.7816667,747.695,747.695,6.08666669999991,0.0,0.0,0.0,6000.0,6000.0
2025-01-02,115,19:00,19:10,727.5680167,745.2882167,727.5680167,0.0,0.0,0.0,0.0,6000.0,6000.0
2025-01-02,116,19:10,19:20,712.1621167,739.9705833,712.1621167,0.0,0.0,0.0,0.0,6000.0,6000.0
2025-01-02,117,19:20,19:30,727.6233333,731.1983333,727.6233333,0.0,0.0,0.0,0.0,6000.0,6000.0
2025-01-02,118,19:30,19:40,743.2633167,724.66275,724.66275,18.60056670000006,0.0,0.0,0.0,6000.0,6000.0
2025-01-02,119,19:40,19:50,747.32795,716.7724167,716.7724167,30.55553329999998,0.0,0.0,0.0,6000.0,6000.0
2025-01-02,120,19:50,20:00,751.5433333,719.3316667,719.3316667,32.211666599999944,0.0,0.0,0.0,6000.0,6000.0
2025-01-02,121,20:00,20:10,770.4769167,747.2124,747.2124,23.264516699999945,0.0,0.0,0.0,6000.0,6000.0
2025-01-02,122,20:10,20:20,760.1001,758.6176667,758.6176667,1.4824333000000252,0.0,0.0,0.0,6000.0,6000.0
2025-01-02,123,20:20,20:30,720.5766667,749.9666667,720.5766667,0.0,0.0,0.0,0.0,6000.0,6000.0
2025-01-02,124,20:30,20:40,704.1293,755.8489167,704.1293,0.0,0.0,0.0,0.0,6000.0,6000.0
2025-01-02,125,20:40,20:50,733.0050833,754.8193333,733.0050833,0.0,0.0,0.0,0.0,6000.0,6000.0
2025-01-02,126,20:50,21:00,774.7116667,747.2516667,747.2516667,27.460000000000036,0.0,0.0,0.0,6000.0,6000.0
2025-01-02,127,21:00,21:10,772.2666667,758.0383667,758.0383667,14.22829999999999,0.0,0.0,0.0,6000.0,6000.0
2025-01-02,128,21:10,21:20,756.4289667,765.94735,756.4289667,0.0,0.0,0.0,0.0,6000.0,6000.0
2025-01-02,129,21:20,21:30,764.8116667,770.15,764.8116667,0.0,0.0,0.0,0.0,6000.0,6000.0
2025-01-02,130,21:30,21:40,792.1586333,775.6191333,775.6191333,16.539499999999975,0.0,0.0,0.0,6000.0,6000.0
2025-01-02,131,21:40,21:50,731.3947167,688.6640833,688.6640833,42.73063339999999,0.0,0.0,0.0,6000.0,6000.0
2025-01-02,132,21:50,22:00,615.9116667,560.5,560.5,55.411666699999955,0.0,0.0,0.0,6000.0,6000.0
2025-01-02,133,22:00,22:10,591.5881,550.9598,550.9598,40.62830000000008,0.0,0.0,0.0,6000.0,6000.0
2025-01-02,134,22:10,22:20,594.7761,578.4886667,578.4886667,16.28743330000009,0.0,0.0,0.0,6000.0,6000.0
2025-01-02,135,22:20,22:30,587.8716667,586.895,586.895,0.9766667000000098,0.0,0.0,0.0,6000.0,6000.0
2025-01-02,136,22:30,22:40,596.2832333,593.5879833,593.5879833,2.6952499999999873,0.0,0.0,0.0,6000.0,6000.0
2025-01-02,137,22:40,22:50,579.7073333,564.3446667,564.3446667,15.362666600000011,0.0,0.0,0.0,6000.0,6000.0
2025-01-02,138,22:50,23:00,553.935,548.3316667,548.3316667,5.6033332999999175,0.0,0.0,0.0,6000.0,6000.0
2025-01-02,139,23:00,23:10,579.7343833,629.0425333,579.7343833,0.0,0.0,0.0,0.0,6000.0,6000.0
2025-01-02,140,23:10,23:20,606.82325,647.27,606.82325,0.0,0.0,0.0,0.0,6000.0,6000.0
2025-01-02,141,23:20,23:30,616.8266667,587.5233333,587.5233333,29.303333400000042,0.0,0.0,0.0,6000.0,6000.0
2025-01-02,142,23:30,23:40,628.2881667,592.26515,592.26515,36.023016700000085,0.0,0.0,0.0,6000.0,6000.0
2025-01-02,143,23:40,23:50,571.367,616.1856833,571.367,0.0,0.0,0.0,0.0,6000.0,6000.0
2025-01-02,144,23:50,24:00,486.52,616.1166667,486.52,0.0,0.0,0.0,0.0,6000.0,6000.0
2025-01-03,1,00:00,00:10,492.3918167,603.7584833,492.3918167,0.0,0.0,0.0,0.0,6000.0,6000.0
2025-01-03,2,00:10,00:20,493.4350333,603.7935167,493.4350333,0.0,0.0,0.0,0.0,6000.0,6000.0
2025-01-03,3,00:20,00:30,459.4183333,618.0383333,459.4183333,0.0,0.0,0.0,0.0,6000.0,6000.0
2025-01-03,4,00:30,00:40,454.1775667,625.0871,454.1775667,0.0,0.0,0.0,0.0,6000.0,6000.0
2025-01-03,5,00:40,00:50,439.9556833,614.1506333,439.9556833,0.0,0.0,0.0,0.0,6000.0,6000.0
2025-01-03,6,00:50,01:00,430.6266667,607.3566667,430.6266667,0.0,0.0,0.0,0.0,6000.0,6000.0
2025-01-03,7,01:00,01:10,483.7801833,634.883,483.7801833,0.0,0.0,0.0,0.0,6000.0,6000.0
2025-01-03,8,01:10,01:20,521.8418333,642.5204333,521.8418333,0.0,0.0,0.0,0.0,6000.0,6000.0
2025-01-03,9,01:20,01:30,509.47,630.63,509.47,0.0,0.0,0.0,0.0,6000.0,6000.0
2025-01-03,10,01:30,01:40,487.2568667,651.2308167,487.2568667,0.0,0.0,0.0,0.0,6000.0,6000.0
2025-01-03,11,01:40,01:50,490.1092167,661.3733,490.1092167,0.0,0.0,0.0,0.0,6000.0,6000.0
2025-01-03,12,01:50,02:00,507.8683333,647.795,507.8683333,0.0,0.0,0.0,0.0,6000.0,6000.0
2025-01-03,13,02:00,02:10,500.10395,644.2316833,500.10395,0.0,0.0,0.0,0.0,6000.0,6000.0
2025-01-03,14,02:10,02:20,476.7545833,655.2810167,476.7545833,0.0,0.0,0.0,0.0,6000.0,6000.0
2025-01-03,15,02:20,02:30,466.6833333,675.9966667,466.6833333,0.0,0.0,0.0,0.0,6000.0,6000.0
2025-01-03,16,02:30,02:40,492.2153833,694.1636667,492.2153833,0.0,0.0,0.0,0.0,6000.0,6000.0
2025-01-03,17,02:40,02:50,526.83435,677.9054333,526.83435,0.0,0.0,0.0,0.0,6000.0,6000.0
2025-01-03,18,02:50,03:00,549.0,653.24,549.0,0.0,0.0,0.0,0.0,6000.0,6000.0
2025-01-03,19,03:00,03:10,557.7891667,678.0538333,557.7891667,0.0,0.0,0.0,0.0,6000.0,6000.0
2025-01-03,20,03:10,03:20,565.0962833,690.0798667,565.0962833,0.0,0.0,0.0,0.0,6000.0,6000.0
2025-01-03,21,03:20,03:30,571.1033333,676.8533333,571.1033333,0.0,0.0,0.0,0.0,6000.0,6000.0
2025-01-03,22,03:30,03:40,562.64675,689.7840167,562.64675,0.0,0.0,0.0,0.0,6000.0,6000.0
2025-01-03,23,03:40,03:50,534.0349333,713.8835167,534.0349333,0.0,0.0,0.0,0.0,6000.0,6000.0
2025-01-03,24,03:50,04:00,525.8566667,721.83,525.8566667,0.0,0.0,0.0,0.0,6000.0,6000.0
2025-01-03,25,04:00,04:10,578.3907167,704.1930833,578.3907167,0.0,0.0,0.0,0.0,6000.0,6000.0
2025-01-03,26,04:10,04:20,561.9044333,700.3315,561.9044333,0.0,0.0,0.0,0.0,6000.0,6000.0
2025-01-03,27,04:20,04:30,490.93,712.3166667,490.93,0.0,0.0,0.0,0.0,6000.0,6000.0
2025-01-03,28,04:30,04:40,512.4968167,703.1725333,512.4968167,0.0,0.0,0.0,0.0,6000.0,6000.0
2025-01-03,29,04:40,04:50,557.1438333,678.2314167,557.1438333,0.0,0.0,0.0,0.0,6000.0,6000.0
2025-01-03,30,04:50,05:00,556.925,671.825,556.925,0.0,0.0,0.0,0.0,6000.0,6000.0
2025-01-03,31,05:00,05:10,521.7390833333334,710.4921833333334,521.7390833333334,0.0,0.0,0.0,0.0,6000.0,6000.0
2025-01-03,32,05:10,05:20,537.3937833,721.7514333,537.3937833,0.0,0.0,0.0,0.0,6000.0,6000.0
2025-01-03,33,05:20,05:30,601.3083333,691.5216667,601.3083333,0.0,0.0,0.0,0.0,6000.0,6000.0
2025-01-03,34,05:30,05:40,622.278666633333,688.3839833333329,622.278666633333,0.0,0.0,0.0,0.0,6000.0,6000.0
2025-01-03,35,05:40,05:50,583.8953,773.6214333,583.8953,0.0,0.0,0.0,0.0,6000.0,6000.0
2025-01-03,36,05:50,06:00,542.7966667,901.9316667,542.7966667,0.0,0.0,0.0,0.0,6000.0,6000.0
2025-01-03,37,06:00,06:10,570.1454666333301,956.39553333333,570.1454666333301,0.0,0.0,0.0,0.0,6000.0,6000.0
2025-01-03,38,06:10,06:20,586.61005,949.2315167,586.61005,0.0,0.0,0.0,0.0,6000.0,6000.0
2025-01-03,39,06:20,06:30,560.9833333,922.9433333,560.9833333,0.0,0.0,0.0,0.0,6000.0,6000.0
2025-01-03,40,06:30,06:40,544.8054166667,909.2691666333,544.8054166667,0.0,0.0,0.0,0.0,6000.0,6000.0
2025-01-03,41,06:40,06:50,577.0283167,913.9334167,577.0283167,0.0,0.0,0.0,0.0,6000.0,6000.0
2025-01-03,42,06:50,07:00,629.5079167,922.37375,629.5079167,0.0,0.0,0.0,0.0,6000.0,6000.0
2025-01-03,43,07:00,07:10,617.66429997,897.1297333,617.66429997,0.0,0.0,0.0,0.0,6000.0,6000.0
2025-01-03,44,07:10,07:20,577.1520000300001,870.72351663,577.1520000300001,0.0,0.0,0.0,0.0,6000.0,6000.0
2025-01-03,45,07:20,07:30,535.0779167000001,810.8829167,535.0779167000001,0.0,0.0,0.0,0.0,6000.0,6000.0
2025-01-03,46,07:30,07:40,487.4857167,684.2293167,487.4857167,0.0,0.0,0.0,0.0,6000.0,6000.0
2025-01-03,47,07:40,07:50,446.07304999999997,746.6174667,446.07304999999997,0.0,0.0,0.0,0.0,6000.0,6000.0
2025-01-03,48,07:50,08:00,416.0487499999999,944.9020830000001,416.0487499999999,0.0,0.0,0.0,0.0,6000.0,6000.0
2025-01-03,49,08:00,08:10,383.29803330000004,949.8879162999999,383.29803330000004,0.0,0.0,0.0,0.0,6000.0,6000.0
2025-01-03,50,08:10,08:20,303.15746669999993,853.4746163,303.15746669999993,0.0,0.0,0.0,0.0,6000.0,6000.0
2025-01-03,51,08:20,08:30,205.21375,780.81375,205.21375,0.0,0.0,0.0,0.0,6000.0,6000.0
2025-01-03,52,08:30,08:40,178.20001670000005,759.0293670000001,178.20001670000005,0.0,0.0,0.0,0.0,6000.0,6000.0
2025-01-03,53,08:40,08:50,218.21000000000004,730.4140503000001,218.21000000000004,0.0,0.0,0.0,0.0,6000.0,6000.0
2025-01-03,54,08:50,09:00,248.38166669999998,671.33125,248.38166669999998,0.0,0.0,0.0,0.0,6000.0,6000.0
2025-01-03,55,09:00,09:10,186.6202333,610.1347332999999,186.6202333,0.0,0.0,0.0,0.0,6000.0,6000.0
2025-01-03,56,09:10,09:20,121.66100000000006,564.5322497000001,121.66100000000006,0.0,0.0,0.0,0.0,6000.0,6000.0
2025-01-03,57,09:20,09:30,98.37333330000001,529.81375,98.37333330000001,0.0,0.0,0.0,0.0,6000.0,6000.0
2025-01-03,58,09:30,09:40,72.61686659999998,491.93515030000003,72.61686659999998,0.0,0.0,0.0,0.0,6000.0,6000.0
2025-01-03,59,09:40,09:50,-3.521166600000015,474.2261333,0.0,0.0,3.521166600000015,0.0,0.0,6000.0,6000.0
2025-01-03,60,09:50,10:00,-90.96000000000004,465.83124999999995,0.0,0.0,90.96000000000004,0.0,0.0,6000.0,6000.0
2025-01-03,61,10:00,10:10,-96.41628330000003,426.9711666999999,0.0,0.0,96.41628330000003,0.0,0.0,6000.0,6000.0
2025-01-03,62,10:10,10:20,-58.01743339999996,377.06359999999984,0.0,0.0,58.01743339999996,0.0,0.0,6000.0,6000.0
2025-01-03,63,10:20,10:30,-54.61500000000001,349.3483329999999,0.0,0.0,54.61500000000001,0.0,0.0,6000.0,6000.0
2025-01-03,64,10:30,10:40,-131.1922667,356.48984999999993,0.0,0.0,131.1922667,0.0,0.0,6000.0,6000.0
2025-01-03,65,10:40,10:50,-175.0116167,337.7988836999999,0.0,0.0,175.0116167,0.0,0.0,6000.0,6000.0
2025-01-03,66,10:50,11:00,-157.0029166999999,285.147917,0.0,0.0,157.0029166999999,0.0,0.0,6000.0,6000.0
2025-01-03,67,11:00,11:10,-156.55923330000007,252.58943329999988,0.0,0.0,156.55923330000007,0.0,0.0,6000.0,6000.0
2025-01-03,68,11:10,11:20,-192.95111669999994,258.3222667,0.0,0.0,192.95111669999994,0.0,0.0,6000.0,6000.0
2025-01-03,69,11:20,11:30,-239.9375,287.2437500000001,0.0,0.0,239.9375,0.0,0.0,6000.0,6000.0
2025-01-03,70,11:30,11:40,-258.73064999999997,301.93401629999994,0.0,0.0,258.73064999999997,0.0,0.0,6000.0,6000.0
2025-01-03,71,11:40,11:50,-275.58828330000006,272.02591629999984,0.0,0.0,275.58828330000006,0.0,0.0,6000.0,6000.0
2025-01-03,72,11:50,12:00,-304.2779167000001,216.59666700000002,0.0,0.0,304.2779167000001,0.0,0.0,6000.0,6000.0
2025-01-03,73,12:00,12:10,-327.1508163,189.43033329999992,0.0,0.0,327.1508163,0.0,0.0,6000.0,6000.0
2025-01-03,74,12:10,12:20,-318.9817333,193.35159969999995,0.0,0.0,318.9817333,0.0,0.0,6000.0,6000.0
2025-01-03,75,12:20,12:30,-293.9575,215.70500000000004,0.0,0.0,293.9575,0.0,0.0,6000.0,6000.0
2025-01-03,76,12:30,12:40,-288.2357333,239.18693299999995,0.0,0.0,288.2357333,0.0,0.0,6000.0,6000.0
2025-01-03,77,12:40,12:50,-264.63818330000004,238.68365000000006,0.0,0.0,264.63818330000004,0.0,0.0,6000.0,6000.0
2025-01-03,78,12:50,13:00,-229.26874999999995,230.50041700000008,0.0,0.0,229.26874999999995,0.0,0.0,6000.0,6000.0
2025-01-03,79,13:00,13:10,-229.45415000000003,251.66346699999997,0.0,0.0,229.45415000000003,0.0,0.0,6000.0,6000.0
2025-01-03,80,13:10,13:20,-231.25699999999995,252.29825030000006,0.0,0.0,231.25699999999995,0.0,0.0,6000.0,6000.0
2025-01-03,81,13:20,13:30,-227.74749999999995,242.32291700000007,0.0,0.0,227.74749999999995,0.0,0.0,6000.0,6000.0
2025-01-03,82,13:30,13:40,-238.26988340000003,282.37601700000005,0.0,0.0,238.26988340000003,0.0,0.0,6000.0,6000.0
2025-01-03,83,13:40,13:50,-199.70119999999997,311.96256629999993,0.0,0.0,199.70119999999997,0.0,0.0,6000.0,6000.0
2025-01-03,84,13:50,14:00,-129.23833330000002,329.54666699999984,0.0,0.0,129.23833330000002,0.0,0.0,6000.0,6000.0
2025-01-03,85,14:00,14:10,-111.97544999999991,390.8357503,0.0,0.0,111.97544999999991,0.0,0.0,6000.0,6000.0
2025-01-03,86,14:10,14:20,-100.98011669999994,424.74876700000004,0.0,0.0,100.98011669999994,0.0,0.0,6000.0,6000.0
2025-01-03,87,14:20,14:30,-66.17541670000003,436.99041699999987,0.0,0.0,66.17541670000003,0.0,0.0,6000.0,6000.0
2025-01-03,88,14:30,14:40,-22.501333299999942,504.4937000000001,0.0,0.0,22.501333299999942,0.0,0.0,6000.0,6000.0
2025-01-03,89,14:40,14:50,37.318899999999985,555.6006503000001,37.318899999999985,0.0,0.0,0.0,0.0,6000.0,6000.0
2025-01-03,90,14:50,15:00,89.71916670000007,580.1608330000001,89.71916670000007,0.0,0.0,0.0,0.0,6000.0,6000.0
2025-01-03,91,15:00,15:10,103.9850667,634.7300833000002,103.9850667,0.0,0.0,0.0,0.0,6000.0,6000.0
2025-01-03,92,15:10,15:20,162.90866670000003,648.7390837,162.90866670000003,0.0,0.0,0.0,0.0,6000.0,6000.0
2025-01-03,93,15:20,15:30,247.72583330000003,643.467083,247.72583330000003,0.0,0.0,0.0,0.0,6000.0,6000.0
2025-01-03,94,15:30,15:40,260.7288167,714.4864836999999,260.7288167,0.0,0.0,0.0,0.0,6000.0,6000.0
2025-01-03,95,15:40,15:50,303.6390334,761.64585,303.6390334,0.0,0.0,0.0,0.0,6000.0,6000.0
2025-01-03,96,15:50,16:00,389.50625,771.273333,389.50625,0.0,0.0,0.0,0.0,6000.0,6000.0
2025-01-03,97,16:00,16:10,421.49653329999995,830.204233,421.49653329999995,0.0,0.0,0.0,0.0,6000.0,6000.0
2025-01-03,98,16:10,16:20,422.99210000000005,883.45285,422.99210000000005,0.0,0.0,0.0,0.0,6000.0,6000.0
2025-01-03,99,16:20,16:30,446.81625,913.5925000000001,446.81625,0.0,0.0,0.0,0.0,6000.0,6000.0
2025-01-03,100,16:30,16:40,513.81771667,963.65384967,513.81771667,0.0,0.0,0.0,0.0,6000.0,6000.0
2025-01-03,101,16:40,16:50,530.8856667,1020.279917,530.8856667,0.0,0.0,0.0,0.0,6000.0,6000.0
2025-01-03,102,16:50,17:00,497.7983333,1051.845833,497.7983333,0.0,0.0,0.0,0.0,6000.0,6000.0
2025-01-03,103,17:00,17:10,499.0824833,1035.95475,499.0824833,0.0,0.0,0.0,0.0,6000.0,6000.0
2025-01-03,104,17:10,17:20,495.1730167,1021.728533333,495.1730167,0.0,0.0,0.0,0.0,6000.0,6000.0
2025-01-03,105,17:20,17:30,474.5366667,1030.871667,474.5366667,0.0,0.0,0.0,0.0,6000.0,6000.0
2025-01-03,106,17:30,17:40,488.4798667,1045.998867,488.4798667,0.0,0.0,0.0,0.0,6000.0,6000.0
2025-01-03,107,17:40,17:50,495.0548667,958.15028333333,495.0548667,0.0,0.0,0.0,0.0,6000.0,6000.0
2025-01-03,108,17:50,18:00,476.505,804.215,476.505,0.0,0.0,0.0,0.0,6000.0,6000.0
2025-01-03,109,18:00,18:10,461.3111,743.7868,461.3111,0.0,0.0,0.0,0.0,6000.0,6000.0
2025-01-03,110,18:10,18:20,463.1135167,747.926883366667,463.1135167,0.0,0.0,0.0,0.0,6000.0,6000.0
2025-01-03,111,18:20,18:30,468.3133333,755.225,468.3133333,0.0,0.0,0.0,0.0,6000.0,6000.0
2025-01-03,112,18:30,18:40,451.9949667,738.8777833,451.9949667,0.0,0.0,0.0,0.0,6000.0,6000.0
2025-01-03,113,18:40,18:50,434.9129167,741.0313333333332,434.9129167,0.0,0.0,0.0,0.0,6000.0,6000.0
2025-01-03,114,18:50,19:00,434.82,753.7816667,434.82,0.0,0.0,0.0,0.0,6000.0,6000.0
2025-01-03,115,19:00,19:10,448.21465,727.5680167,448.21465,0.0,0.0,0.0,0.0,6000.0,6000.0
2025-01-03,116,19:10,19:20,447.5198167,712.1621167,447.5198167,0.0,0.0,0.0,0.0,6000.0,6000.0
2025-01-03,117,19:20,19:30,451.2666667,727.6233333,451.2666667,0.0,0.0,0.0,0.0,6000.0,6000.0
2025-01-03,118,19:30,19:40,498.0395333,743.2633167,498.0395333,0.0,0.0,0.0,0.0,6000.0,6000.0
2025-01-03,119,19:40,19:50,503.7479167,747.32795,503.7479167,0.0,0.0,0.0,0.0,6000.0,6000.0
2025-01-03,120,19:50,20:00,466.3433333,751.5433333,466.3433333,0.0,0.0,0.0,0.0,6000.0,6000.0
2025-01-03,121,20:00,20:10,466.8901667,770.4769167,466.8901667,0.0,0.0,0.0,0.0,6000.0,6000.0
2025-01-03,122,20:10,20:20,468.33415,760.1001,468.33415,0.0,0.0,0.0,0.0,6000.0,6000.0
2025-01-03,123,20:20,20:30,461.0333333,720.5766667,461.0333333,0.0,0.0,0.0,0.0,6000.0,6000.0
2025-01-03,124,20:30,20:40,477.62715,704.1293,477.62715,0.0,0.0,0.0,0.0,6000.0,6000.0
2025-01-03,125,20:40,20:50,488.6862,733.0050833,488.6862,0.0,0.0,0.0,0.0,6000.0,6000.0
2025-01-03,126,20:50,21:00,483.95,774.7116667,483.95,0.0,0.0,0.0,0.0,6000.0,6000.0
2025-01-03,127,21:00,21:10,479.3476833,772.2666667,479.3476833,0.0,0.0,0.0,0.0,6000.0,6000.0
2025-01-03,128,21:10,21:20,456.5820667,756.4289667,456.5820667,0.0,0.0,0.0,0.0,6000.0,6000.0
2025-01-03,129,21:20,21:30,441.1266667,764.8116667,441.1266667,0.0,0.0,0.0,0.0,6000.0,6000.0
2025-01-03,130,21:30,21:40,475.7172167,792.1586333,475.7172167,0.0,0.0,0.0,0.0,6000.0,6000.0
2025-01-03,131,21:40,21:50,466.8642333,731.3947167,466.8642333,0.0,0.0,0.0,0.0,6000.0,6000.0
2025-01-03,132,21:50,22:00,413.5733333,615.9116667,413.5733333,0.0,0.0,0.0,0.0,6000.0,6000.0
2025-01-03,133,22:00,22:10,408.95865,591.5881,408.95865,0.0,0.0,0.0,0.0,6000.0,6000.0
2025-01-03,134,22:10,22:20,416.0794,594.7761,416.0794,0.0,0.0,0.0,0.0,6000.0,6000.0
2025-01-03,135,22:20,22:30,410.3433333,587.8716667,410.3433333,0.0,0.0,0.0,0.0,6000.0,6000.0
2025-01-03,136,22:30,22:40,409.15795,596.2832333,409.15795,0.0,0.0,0.0,0.0,6000.0,6000.0
2025-01-03,137,22:40,22:50,413.0683333,579.7073333,413.0683333,0.0,0.0,0.0,0.0,6000.0,6000.0
2025-01-03,138,22:50,23:00,421.9066667,553.935,421.9066667,0.0,0.0,0.0,0.0,6000.0,6000.0
2025-01-03,139,23:00,23:10,436.4597333,579.7343833,436.4597333,0.0,0.0,0.0,0.0,6000.0,6000.0
2025-01-03,140,23:10,23:20,445.81815,606.82325,445.81815,0.0,0.0,0.0,0.0,6000.0,6000.0
2025-01-03,141,23:20,23:30,448.1566667,616.8266667,448.1566667,0.0,0.0,0.0,0.0,6000.0,6000.0
2025-01-03,142,23:30,23:40,452.06315,628.2881667,452.06315,0.0,0.0,0.0,0.0,6000.0,6000.0
2025-01-03,143,23:40,23:50,459.1861333,571.367,459.1861333,0.0,0.0,0.0,0.0,6000.0,6000.0
2025-01-03,144,23:50,24:00,460.59,486.52,460.59,0.0,0.0,0.0,0.0,6000.0,6000.0
2025-01-04,1,00:00,00:10,449.4657167,492.3918167,449.4657167,0.0,0.0,0.0,0.0,6000.0,6000.0
2025-01-04,2,00:10,00:20,459.69795,493.4350333,459.69795,0.0,0.0,0.0,0.0,6000.0,6000.0
2025-01-04,3,00:20,00:30,474.4666667,459.4183333,459.4183333,15.048333400000047,0.0,0.0,0.0,6000.0,6000.0
2025-01-04,4,00:30,00:40,443.8067,454.1775667,443.8067,0.0,0.0,0.0,0.0,6000.0,6000.0
2025-01-04,5,00:40,00:50,426.7045833,439.9556833,426.7045833,0.0,0.0,0.0,0.0,6000.0,6000.0
2025-01-04,6,00:50,01:00,456.285,430.6266667,430.6266667,25.658333300000038,0.0,0.0,0.0,6000.0,6000.0
2025-01-04,7,01:00,01:10,501.7836333,483.7801833,483.7801833,18.003450000000043,0.0,0.0,0.0,6000.0,6000.0
2025-01-04,8,01:10,01:20,496.2863667,521.8418333,496.2863667,0.0,0.0,0.0,0.0,6000.0,6000.0
2025-01-04,9,01:20,01:30,462.8683333,509.47,462.8683333,0.0,0.0,0.0,0.0,6000.0,6000.0
2025-01-04,10,01:30,01:40,484.0436833,487.2568667,484.0436833,0.0,0.0,0.0,0.0,6000.0,6000.0
2025-01-04,11,01:40,01:50,490.6734333,490.1092167,490.1092167,0.5642166000000088,0.0,0.0,0.0,6000.0,6000.0
2025-01-04,12,01:50,02:00,473.2333333,507.8683333,473.2333333,0.0,0.0,0.0,0.0,6000.0,6000.0
2025-01-04,13,02:00,02:10,493.5947167,500.10395,493.5947167,0.0,0.0,0.0,0.0,6000.0,6000.0
2025-01-04,14,02:10,02:20,507.4181,476.7545833,476.7545833,30.663516700000002,0.0,0.0,0.0,6000.0,6000.0
2025-01-04,15,02:20,02:30,502.92,466.6833333,466.6833333,36.2366667,0.0,0.0,0.0,6000.0,6000.0
2025-01-04,16,02:30,02:40,514.7361833,492.2153833,492.2153833,22.52080000000001,0.0,0.0,0.0,6000.0,6000.0
2025-01-04,17,02:40,02:50,523.4828,526.83435,523.4828,0.0,0.0,0.0,0.0,6000.0,6000.0
2025-01-04,18,02:50,03:00,520.01,549.0,520.01,0.0,0.0,0.0,0.0,6000.0,6000.0
2025-01-04,19,03:00,03:10,518.6503,557.7891667,518.6503,0.0,0.0,0.0,0.0,6000.0,6000.0
2025-01-04,20,03:10,03:20,529.0792833,565.0962833,529.0792833,0.0,0.0,0.0,0.0,6000.0,6000.0
2025-01-04,21,03:20,03:30,537.1383333,571.1033333,537.1383333,0.0,0.0,0.0,0.0,6000.0,6000.0
2025-01-04,22,03:30,03:40,523.4585333,562.64675,523.4585333,0.0,0.0,0.0,0.0,6000.0,6000.0
2025-01-04,23,03:40,03:50,533.9196,534.0349333,533.9196,0.0,0.0,0.0,0.0,6000.0,6000.0
2025-01-04,24,03:50,04:00,550.9366667,525.8566667,525.8566667,25.08000000000004,0.0,0.0,0.0,6000.0,6000.0
2025-01-04,25,04:00,04:10,513.8285167,578.3907167,513.8285167,0.0,0.0,0.0,0.0,6000.0,6000.0
2025-01-04,26,04:10,04:20,504.9363833,561.9044333,504.9363833,0.0,0.0,0.0,0.0,6000.0,6000.0
2025-01-04,27,04:20,04:30,536.675,490.93,490.93,45.74499999999995,0.0,0.0,0.0,6000.0,6000.0
2025-01-04,28,04:30,04:40,540.0349333,512.4968167,512.4968167,27.53811660000008,0.0,0.0,0.0,6000.0,6000.0
2025-01-04,29,04:40,04:50,544.7534333,557.1438333,544.7534333,0.0,0.0,0.0,0.0,6000.0,6000.0
2025-01-04,30,04:50,05:00,565.4033333,556.925,556.925,8.478333300000031,0.0,0.0,0.0,6000.0,6000.0
2025-01-04,31,05:00,05:10,577.4900000333333,521.7390833333334,521.7390833333334,55.75091669999995,0.0,0.0,0.0,6000.0,6000.0
2025-01-04,32,05:10,05:20,565.6305333,537.3937833,537.3937833,28.23675000000003,0.0,0.0,0.0,6000.0,6000.0
2025-01-04,33,05:20,05:30,546.5266667,601.3083333,546.5266667,0.0,0.0,0.0,0.0,6000.0,6000.0
2025-01-04,34,05:30,05:40,552.1763000000001,622.278666633333,552.1763000000001,0.0,0.0,0.0,0.0,6000.0,6000.0
2025-01-04,35,05:40,05:50,559.3708167,583.8953,559.3708167,0.0,0.0,0.0,0.0,6000.0,6000.0
2025-01-04,36,05:50,06:00,553.65,542.7966667,542.7966667,10.853333300000031,0.0,0.0,0.0,6000.0,6000.0
2025-01-04,37,06:00,06:10,546.8596333666701,570.1454666333301,546.8596333666701,0.0,0.0,0.0,0.0,6000.0,6000.0
2025-01-04,38,06:10,06:20,562.7097333,586.61005,562.7097333,0.0,0.0,0.0,0.0,6000.0,6000.0
2025-01-04,39,06:20,06:30,576.7116667,560.9833333,560.9833333,15.728333399999997,0.0,0.0,0.0,6000.0,6000.0
2025-01-04,40,06:30,06:40,547.608550033,544.8054166667,544.8054166667,2.803133366300017,0.0,0.0,0.0,6000.0,6000.0
2025-01-04,41,06:40,06:50,569.9849833,577.0283167,569.9849833,0.0,0.0,0.0,0.0,6000.0,6000.0
2025-01-04,42,06:50,07:00,636.76375,629.5079167,629.5079167,7.255833299999949,0.0,0.0,0.0,6000.0,6000.0
2025-01-04,43,07:00,07:10,620.3881667,617.66429997,617.66429997,2.7238667300000543,0.0,0.0,0.0,6000.0,6000.0
2025-01-04,44,07:10,07:20,563.11426667,577.1520000300001,563.11426667,0.0,0.0,0.0,0.0,6000.0,6000.0
2025-01-04,45,07:20,07:30,497.8458333,535.0779167000001,497.8458333,0.0,0.0,0.0,0.0,6000.0,6000.0
2025-01-04,46,07:30,07:40,422.1020333,487.4857167,422.1020333,0.0,0.0,0.0,0.0,6000.0,6000.0
2025-01-04,47,07:40,07:50,382.79395,446.07304999999997,382.79395,0.0,0.0,0.0,0.0,6000.0,6000.0
2025-01-04,48,07:50,08:00,370.0004167000001,416.0487499999999,370.0004167000001,0.0,0.0,0.0,0.0,6000.0,6000.0
2025-01-04,49,08:00,08:10,324.62521669999995,383.29803330000004,324.62521669999995,0.0,0.0,0.0,0.0,6000.0,6000.0
2025-01-04,50,08:10,08:20,268.5614667,303.15746669999993,268.5614667,0.0,0.0,0.0,0.0,6000.0,6000.0
2025-01-04,51,08:20,08:30,218.26583330000005,205.21375,205.21375,13.05208330000005,0.0,0.0,0.0,6000.0,6000.0
2025-01-04,52,08:30,08:40,174.91918330000004,178.20001670000005,174.91918330000004,0.0,0.0,0.0,0.0,6000.0,6000.0
2025-01-04,53,08:40,08:50,180.74971670000002,218.21000000000004,180.74971670000002,0.0,0.0,0.0,0.0,6000.0,6000.0
2025-01-04,54,08:50,09:00,205.53375000000005,248.38166669999998,205.53375000000005,0.0,0.0,0.0,0.0,6000.0,6000.0
2025-01-04,55,09:00,09:10,169.25805000000003,186.6202333,169.25805000000003,0.0,0.0,0.0,0.0,6000.0,6000.0
2025-01-04,56,09:10,09:20,121.8073167,121.66100000000006,121.66100000000006,0.146316699999943,0.0,0.0,0.0,6000.0,6000.0
2025-01-04,57,09:20,09:30,79.05791669999996,98.37333330000001,79.05791669999996,0.0,0.0,0.0,0.0,6000.0,6000.0
2025-01-04,58,09:30,09:40,13.765566700000022,72.61686659999998,13.765566700000022,0.0,0.0,0.0,0.0,6000.0,6000.0
2025-01-04,59,09:40,09:50,-8.364049999999907,0.0,0.0,0.0,8.364049999999907,0.0,0.0,6000.0,6000.0
2025-01-04,60,09:50,10:00,8.014583299999913,0.0,0.0,8.014583299999913,0.0,0.0,0.0,6000.0,6000.0
2025-01-04,61,10:00,10:10,-19.02286670000001,0.0,0.0,0.0,19.02286670000001,0.0,0.0,6000.0,6000.0
2025-01-04,62,10:10,10:20,-100.5143167,0.0,0.0,0.0,100.5143167,0.0,0.0,6000.0,6000.0
2025-01-04,63,10:20,10:30,-169.30166670000006,0.0,0.0,0.0,169.30166670000006,0.0,0.0,6000.0,6000.0
2025-01-04,64,10:30,10:40,-150.79243329999997,0.0,0.0,0.0,150.79243329999997,0.0,0.0,6000.0,6000.0
2025-01-04,65,10:40,10:50,-171.55920000000003,0.0,0.0,0.0,171.55920000000003,0.0,0.0,6000.0,6000.0
2025-01-04,66,10:50,11:00,-253.32000000000005,0.0,0.0,0.0,253.32000000000005,0.0,0.0,6000.0,6000.0
2025-01-04,67,11:00,11:10,-291.8950333,0.0,0.0,0.0,291.8950333,0.0,0.0,6000.0,6000.0
2025-01-04,68,11:10,11:20,-301.8863503,0.0,0.0,0.0,301.8863503,0.0,0.0,6000.0,6000.0
2025-01-04,69,11:20,11:30,-310.5725,0.0,0.0,0.0,310.5725,0.0,0.0,6000.0,6000.0
2025-01-04,70,11:30,11:40,-321.02376630000003,0.0,0.0,0.0,321.02376630000003,0.0,0.0,6000.0,6000.0
2025-01-04,71,11:40,11:50,-316.77885000000003,0.0,0.0,0.0,316.77885000000003,0.0,0.0,6000.0,6000.0
2025-01-04,72,11:50,12:00,-330.78041669999993,0.0,0.0,0.0,330.78041669999993,0.0,0.0,6000.0,6000.0
2025-01-04,73,12:00,12:10,-405.0037503000001,0.0,0.0,0.0,405.0037503000001,0.0,0.0,6000.0,6000.0
2025-01-04,74,12:10,12:20,-409.0231003,0.0,0.0,0.0,409.0231003,0.0,0.0,6000.0,6000.0
2025-01-04,75,12:20,12:30,-346.0062499999999,0.0,0.0,0.0,346.0062499999999,0.0,0.0,6000.0,6000.0
2025-01-04,76,12:30,12:40,-343.57876629999987,0.0,0.0,0.0,343.57876629999987,0.0,0.0,6000.0,6000.0
2025-01-04,77,12:40,12:50,-323.01623329999995,0.0,0.0,0.0,323.01623329999995,0.0,0.0,6000.0,6000.0
2025-01-04,78,12:50,13:00,-265.14,0.0,0.0,0.0,265.14,0.0,0.0,6000.0,6000.0
2025-01-04,79,13:00,13:10,-233.97605,0.0,0.0,0.0,233.97605,0.0,0.0,6000.0,6000.0
2025-01-04,80,13:10,13:20,-178.50343329999998,0.0,0.0,0.0,178.50343329999998,0.0,0.0,6000.0,6000.0
2025-01-04,81,13:20,13:30,-119.19416669999998,0.0,0.0,0.0,119.19416669999998,0.0,0.0,6000.0,6000.0
2025-01-04,82,13:30,13:40,-139.56733329999997,0.0,0.0,0.0,139.56733329999997,0.0,0.0,6000.0,6000.0
2025-01-04,83,13:40,13:50,-171.31939999999997,0.0,0.0,0.0,171.31939999999997,0.0,0.0,6000.0,6000.0
2025-01-04,84,13:50,14:00,-152.08375,0.0,0.0,0.0,152.08375,0.0,0.0,6000.0,6000.0
2025-01-04,85,14:00,14:10,-84.99829999999997,0.0,0.0,0.0,84.99829999999997,0.0,0.0,6000.0,6000.0
2025-01-04,86,14:10,14:20,-50.56290000000001,0.0,0.0,0.0,50.56290000000001,0.0,0.0,6000.0,6000.0
2025-01-04,87,14:20,14:30,-42.900833300000045,0.0,0.0,0.0,42.900833300000045,0.0,0.0,6000.0,6000.0
2025-01-04,88,14:30,14:40,13.45413330000008,0.0,0.0,13.45413330000008,0.0,0.0,0.0,6000.0,6000.0
2025-01-04,89,14:40,14:50,55.338949999999954,37.318899999999985,37.318899999999985,18.02004999999997,0.0,0.0,0.0,6000.0,6000.0
2025-01-04,90,14:50,15:00,72.55000000000007,89.71916670000007,72.55000000000007,0.0,0.0,0.0,0.0,6000.0,6000.0
2025-01-04,91,15:00,15:10,122.03826660000004,103.9850667,103.9850667,18.05319990000004,0.0,0.0,0.0,6000.0,6000.0
2025-01-04,92,15:10,15:20,175.7842667,162.90866670000003,162.90866670000003,12.875599999999963,0.0,0.0,0.0,6000.0,6000.0
2025-01-04,93,15:20,15:30,217.75874999999996,247.72583330000003,217.75874999999996,0.0,0.0,0.0,0.0,6000.0,6000.0
2025-01-04,94,15:30,15:40,266.8070167000001,260.7288167,260.7288167,6.078200000000095,0.0,0.0,0.0,6000.0,6000.0
2025-01-04,95,15:40,15:50,342.09700000000004,303.6390334,303.6390334,38.45796660000002,0.0,0.0,0.0,6000.0,6000.0
2025-01-04,96,15:50,16:00,409.22333330000004,389.50625,389.50625,19.717083300000013,0.0,0.0,0.0,6000.0,6000.0
2025-01-04,97,16:00,16:10,415.1458832999999,421.49653329999995,415.1458832999999,0.0,0.0,0.0,0.0,6000.0,6000.0
2025-01-04,98,16:10,16:20,441.0276832999999,422.99210000000005,422.99210000000005,18.03558329999987,0.0,0.0,0.0,6000.0,6000.0
2025-01-04,99,16:20,16:30,502.75750000000005,446.81625,446.81625,55.941250000000025,0.0,0.0,0.0,6000.0,6000.0
2025-01-04,100,16:30,16:40,529.74963337,513.81771667,513.81771667,15.931916699999988,0.0,0.0,0.0,6000.0,6000.0
2025-01-04,101,16:40,16:50,505.0684,530.8856667,505.0684,0.0,0.0,0.0,0.0,6000.0,6000.0
2025-01-04,102,16:50,17:00,469.65208329999996,497.7983333,469.65208329999996,0.0,0.0,0.0,0.0,6000.0,6000.0
2025-01-04,103,17:00,17:10,479.1987,499.0824833,479.1987,0.0,0.0,0.0,0.0,6000.0,6000.0
2025-01-04,104,17:10,17:20,493.5437833667,495.1730167,493.5437833667,0.0,0.0,0.0,0.0,6000.0,6000.0
2025-01-04,105,17:20,17:30,482.665,474.5366667,474.5366667,8.128333300000008,0.0,0.0,0.0,6000.0,6000.0
2025-01-04,106,17:30,17:40,471.033,488.4798667,471.033,0.0,0.0,0.0,0.0,6000.0,6000.0
2025-01-04,107,17:40,17:50,470.95661666666996,495.0548667,470.95661666666996,0.0,0.0,0.0,0.0,6000.0,6000.0
2025-01-04,108,17:50,18:00,475.8683333,476.505,475.8683333,0.0,0.0,0.0,0.0,6000.0,6000.0
2025-01-04,109,18:00,18:10,475.7942167,461.3111,461.3111,14.483116699999982,0.0,0.0,0.0,6000.0,6000.0
2025-01-04,110,18:10,18:20,500.5514,463.1135167,463.1135167,37.43788330000001,0.0,0.0,0.0,6000.0,6000.0
2025-01-04,111,18:20,18:30,521.475,468.3133333,468.3133333,53.16166670000001,0.0,0.0,0.0,6000.0,6000.0
2025-01-04,112,18:30,18:40,475.4203,451.9949667,451.9949667,23.425333299999977,0.0,0.0,0.0,6000.0,6000.0
2025-01-04,113,18:40,18:50,432.61226663333326,434.9129167,432.61226663333326,0.0,0.0,0.0,0.0,6000.0,6000.0
2025-01-04,114,18:50,19:00,434.9933333,434.82,434.82,0.17333330000002434,0.0,0.0,0.0,6000.0,6000.0
2025-01-04,115,19:00,19:10,461.89075,448.21465,448.21465,13.67610000000002,0.0,0.0,0.0,6000.0,6000.0
2025-01-04,116,19:10,19:20,491.3777333,447.5198167,447.5198167,43.85791660000001,0.0,0.0,0.0,6000.0,6000.0
2025-01-04,117,19:20,19:30,495.47,451.2666667,451.2666667,44.203333300000054,0.0,0.0,0.0,6000.0,6000.0
2025-01-04,118,19:30,19:40,460.3988833,498.0395333,460.3988833,0.0,0.0,0.0,0.0,6000.0,6000.0
2025-01-04,119,19:40,19:50,451.6471667,503.7479167,451.6471667,0.0,0.0,0.0,0.0,6000.0,6000.0
2025-01-04,120,19:50,20:00,478.9233333,466.3433333,466.3433333,12.580000000000041,0.0,0.0,0.0,6000.0,6000.0
2025-01-04,121,20:00,20:10,489.2799333,466.8901667,466.8901667,22.389766599999973,0.0,0.0,0.0,6000.0,6000.0
2025-01-04,122,20:10,20:20,481.7081,468.33415,468.33415,13.37394999999998,0.0,0.0,0.0,6000.0,6000.0
2025-01-04,123,20:20,20:30,467.4533333,461.0333333,461.0333333,6.420000000000016,0.0,0.0,0.0,6000.0,6000.0
2025-01-04,124,20:30,20:40,460.99605,477.62715,460.99605,0.0,0.0,0.0,0.0,6000.0,6000.0
2025-01-04,125,20:40,20:50,493.0272167,488.6862,488.6862,4.3410167000000115,0.0,0.0,0.0,6000.0,6000.0
2025-01-04,126,20:50,21:00,530.5933333,483.95,483.95,46.64333330000005,0.0,0.0,0.0,6000.0,6000.0
2025-01-04,127,21:00,21:10,507.2419833,479.3476833,479.3476833,27.894299999999987,0.0,0.0,0.0,6000.0,6000.0
2025-01-04,128,21:10,21:20,490.1867333,456.5820667,456.5820667,33.60466660000003,0.0,0.0,0.0,6000.0,6000.0
2025-01-04,129,21:20,21:30,508.1133333,441.1266667,441.1266667,66.98666660000004,0.0,0.0,0.0,6000.0,6000.0
2025-01-04,130,21:30,21:40,514.89855,475.7172167,475.7172167,39.181333300000006,0.0,0.0,0.0,6000.0,6000.0
2025-01-04,131,21:40,21:50,460.3778,466.8642333,460.3778,0.0,0.0,0.0,0.0,6000.0,6000.0
2025-01-04,132,21:50,22:00,395.195,413.5733333,395.195,0.0,0.0,0.0,0.0,6000.0,6000.0
2025-01-04,133,22:00,22:10,419.8485667,408.95865,408.95865,10.889916700000015,0.0,0.0,0.0,6000.0,6000.0
2025-01-04,134,22:10,22:20,435.6417667,416.0794,416.0794,19.562366699999984,0.0,0.0,0.0,6000.0,6000.0
2025-01-04,135,22:20,22:30,417.3466667,410.3433333,410.3433333,7.003333400000031,0.0,0.0,0.0,6000.0,6000.0
2025-01-04,136,22:30,22:40,431.3325333,409.15795,409.15795,22.174583299999995,0.0,0.0,0.0,6000.0,6000.0
2025-01-04,137,22:40,22:50,417.6806167,413.0683333,413.0683333,4.612283399999967,0.0,0.0,0.0,6000.0,6000.0
2025-01-04,138,22:50,23:00,393.4916667,421.9066667,393.4916667,0.0,0.0,0.0,0.0,6000.0,6000.0
2025-01-04,139,23:00,23:10,442.7318833,436.4597333,436.4597333,6.2721500000000106,0.0,0.0,0.0,6000.0,6000.0
2025-01-04,140,23:10,23:20,480.42425,445.81815,445.81815,34.60609999999997,0.0,0.0,0.0,6000.0,6000.0
2025-01-04,141,23:20,23:30,456.1483333,448.1566667,448.1566667,7.991666599999974,0.0,0.0,0.0,6000.0,6000.0
2025-01-04,142,23:30,23:40,416.6579333,452.06315,416.6579333,0.0,0.0,0.0,0.0,6000.0,6000.0
2025-01-04,143,23:40,23:50,477.8123667,459.1861333,459.1861333,18.62623339999999,0.0,0.0,0.0,6000.0,6000.0
2025-01-04,144,23:50,24:00,599.25,460.59,460.59,138.66000000000003,0.0,0.0,0.0,6000.0,6000.0
2025-01-05,1,00:00,00:10,624.85225,449.4657167,449.4657167,175.38653330000005,0.0,0.0,0.0,6000.0,6000.0
2025-01-05,2,00:10,00:20,622.4207333,459.69795,459.69795,162.72278330000006,0.0,0.0,0.0,6000.0,6000.0
2025-01-05,3,00:20,00:30,635.4433333,474.4666667,474.4666667,160.97666659999993,0.0,0.0,0.0,6000.0,6000.0
2025-01-05,4,00:30,00:40,633.6038333,443.8067,443.8067,189.79713330000004,0.0,0.0,0.0,6000.0,6000.0
2025-01-05,5,00:40,00:50,620.4684167,426.7045833,426.7045833,193.7638334,0.0,0.0,0.0,6000.0,6000.0
2025-01-05,6,00:50,01:00,616.5916667,456.285,456.285,160.3066667,0.0,0.0,0.0,6000.0,6000.0
2025-01-05,7,01:00,01:10,637.8484333,501.7836333,501.7836333,136.0648,0.0,0.0,0.0,6000.0,6000.0
2025-01-05,8,01:10,01:20,652.1511333,496.2863667,496.2863667,155.8647666,0.0,0.0,0.0,6000.0,6000.0
2025-01-05,9,01:20,01:30,642.9883333,462.8683333,462.8683333,180.12,0.0,0.0,0.0,6000.0,6000.0
2025-01-05,10,01:30,01:40,623.8896,484.0436833,484.0436833,139.84591669999998,0.0,0.0,0.0,6000.0,6000.0
2025-01-05,11,01:40,01:50,617.5666333,490.6734333,490.6734333,126.89320000000004,0.0,0.0,0.0,6000.0,6000.0
2025-01-05,12,01:50,02:00,640.0783333,473.2333333,473.2333333,166.84500000000003,0.0,0.0,0.0,6000.0,6000.0
2025-01-05,13,02:00,02:10,685.192,493.5947167,493.5947167,191.59728330000002,0.0,0.0,0.0,6000.0,6000.0
2025-01-05,14,02:10,02:20,695.5783333,507.4181,507.4181,188.16023330000007,0.0,0.0,0.0,6000.0,6000.0
2025-01-05,15,02:20,02:30,680.6666667,502.92,502.92,177.74666669999993,0.0,0.0,0.0,6000.0,6000.0
2025-01-05,16,02:30,02:40,701.0110333,514.7361833,514.7361833,186.27485000000001,0.0,0.0,0.0,6000.0,6000.0
2025-01-05,17,02:40,02:50,706.62255,523.4828,523.4828,183.13975000000005,0.0,0.0,0.0,6000.0,6000.0
2025-01-05,18,02:50,03:00,680.6533333,520.01,520.01,160.6433333,0.0,0.0,0.0,6000.0,6000.0
2025-01-05,19,03:00,03:10,663.0113,518.6503,518.6503,144.361,0.0,0.0,0.0,6000.0,6000.0
2025-01-05,20,03:10,03:20,672.56565,529.0792833,529.0792833,143.48636669999996,0.0,0.0,0.0,6000.0,6000.0
2025-01-05,21,03:20,03:30,688.965,537.1383333,537.1383333,151.82666670000003,0.0,0.0,0.0,6000.0,6000.0
2025-01-05,22,03:30,03:40,678.7183833,523.4585333,523.4585333,155.25985000000003,0.0,0.0,0.0,6000.0,6000.0
2025-01-05,23,03:40,03:50,686.2090667,533.9196,533.9196,152.28946670000005,0.0,0.0,0.0,6000.0,6000.0
2025-01-05,24,03:50,04:00,714.1933333,550.9366667,550.9366667,163.2566665999999,0.0,0.0,0.0,6000.0,6000.0
2025-01-05,25,04:00,04:10,713.8311,513.8285167,513.8285167,200.00258329999997,0.0,0.0,0.0,6000.0,6000.0
2025-01-05,26,04:10,04:20,677.7742,504.9363833,504.9363833,172.83781669999996,0.0,0.0,0.0,6000.0,6000.0
2025-01-05,27,04:20,04:30,655.9483333,536.675,536.675,119.27333329999999,0.0,0.0,0.0,6000.0,6000.0
2025-01-05,28,04:30,04:40,708.1278333,540.0349333,540.0349333,168.0929,0.0,0.0,0.0,6000.0,6000.0
2025-01-05,29,04:40,04:50,751.5082,544.7534333,544.7534333,206.7547667,0.0,0.0,0.0,6000.0,6000.0
2025-01-05,30,04:50,05:00,733.755,565.4033333,565.4033333,168.3516667,0.0,0.0,0.0,6000.0,6000.0
2025-01-05,31,05:00,05:10,681.1277499666667,577.4900000333333,577.4900000333333,103.63774993333334,0.0,0.0,0.0,6000.0,6000.0
2025-01-05,32,05:10,05:20,664.0997833,565.6305333,565.6305333,98.46924999999999,0.0,0.0,0.0,6000.0,6000.0
2025-01-05,33,05:20,05:30,679.895,546.5266667,546.5266667,133.36833330000002,0.0,0.0,0.0,6000.0,6000.0
2025-01-05,34,05:30,05:40,682.9434333666669,552.1763000000001,552.1763000000001,130.76713336666683,0.0,0.0,0.0,6000.0,6000.0
2025-01-05,35,05:40,05:50,782.12805,559.3708167,559.3708167,222.75723330000005,0.0,0.0,0.0,6000.0,6000.0
2025-01-05,36,05:50,06:00,928.5183333,553.65,553.65,374.8683333,0.0,0.0,0.0,6000.0,6000.0
2025-01-05,37,06:00,06:10,942.3571499999999,546.8596333666701,546.8596333666701,395.49751663332984,0.0,0.0,0.0,6000.0,6000.0
2025-01-05,38,06:10,06:20,906.98685,562.7097333,562.7097333,344.27711669999997,0.0,0.0,0.0,6000.0,6000.0
2025-01-05,39,06:20,06:30,899.6033333,576.7116667,576.7116667,322.8916666,0.0,0.0,0.0,6000.0,6000.0
2025-01-05,40,06:30,06:40,912.1922667,547.608550033,547.608550033,364.583716667,0.0,0.0,0.0,6000.0,6000.0
2025-01-05,41,06:40,06:50,899.52805,569.9849833,569.9849833,329.54306670000005,0.0,0.0,0.0,6000.0,6000.0
2025-01-05,42,06:50,07:00,881.2425000000001,636.76375,636.76375,244.4787500000001,0.0,0.0,0.0,6000.0,6000.0
2025-01-05,43,07:00,07:10,898.4366,620.3881667,620.3881667,278.04843329999994,0.0,0.0,0.0,6000.0,6000.0
2025-01-05,44,07:10,07:20,871.21316667,563.11426667,563.11426667,308.09889999999996,0.0,0.0,0.0,6000.0,6000.0
2025-01-05,45,07:20,07:30,780.7645833,497.8458333,497.8458333,282.91875000000005,0.0,0.0,0.0,6000.0,6000.0
2025-01-05,46,07:30,07:40,718.7308,422.1020333,422.1020333,296.6287667,0.0,0.0,0.0,6000.0,6000.0
2025-01-05,47,07:40,07:50,824.0041996999998,382.79395,382.79395,441.21024969999985,0.0,0.0,0.0,6000.0,6000.0
2025-01-05,48,07:50,08:00,985.399167,370.0004167000001,370.0004167000001,615.3987503,0.0,0.0,0.0,6000.0,6000.0
2025-01-05,49,08:00,08:10,939.3144167,324.62521669999995,324.62521669999995,614.6892,0.0,0.0,0.0,6000.0,6000.0
2025-01-05,50,08:10,08:20,847.9624337,268.5614667,268.5614667,579.400967,0.0,0.0,0.0,6000.0,6000.0
2025-01-05,51,08:20,08:30,803.639167,218.26583330000005,218.26583330000005,585.3733337,0.0,0.0,0.0,6000.0,6000.0
2025-01-05,52,08:30,08:40,742.2636497000001,174.91918330000004,174.91918330000004,567.3444664000001,0.0,0.0,0.0,6000.0,6000.0
2025-01-05,53,08:40,08:50,689.4749499999999,180.74971670000002,180.74971670000002,508.7252332999999,0.0,0.0,0.0,6000.0,6000.0
2025-01-05,54,08:50,09:00,656.2441670000001,205.53375000000005,205.53375000000005,450.710417,0.0,0.0,0.0,6000.0,6000.0
2025-01-05,55,09:00,09:10,623.425267,169.25805000000003,169.25805000000003,454.16721699999994,0.0,0.0,0.0,6000.0,6000.0
2025-01-05,56,09:10,09:20,605.4450162999999,121.8073167,121.8073167,483.6376995999999,0.0,0.0,0.0,6000.0,6000.0
2025-01-05,57,09:20,09:30,574.828333,79.05791669999996,79.05791669999996,495.7704163000001,0.0,0.0,0.0,6000.0,6000.0
2025-01-05,58,09:30,09:40,484.07743330000005,13.765566700000022,13.765566700000022,470.31186660000003,0.0,0.0,0.0,6000.0,6000.0
2025-01-05,59,09:40,09:50,405.47645,0.0,0.0,405.47645,0.0,0.0,0.0,6000.0,6000.0
2025-01-05,60,09:50,10:00,373.02416700000003,8.014583299999913,8.014583299999913,365.0095837000001,0.0,0.0,0.0,6000.0,6000.0
2025-01-05,61,10:00,10:10,356.3847167000001,0.0,0.0,356.3847167000001,0.0,0.0,0.0,6000.0,6000.0
2025-01-05,62,10:10,10:20,343.0039170000001,0.0,0.0,343.0039170000001,0.0,0.0,0.0,6000.0,6000.0
2025-01-05,63,10:20,10:30,324.78499999999985,0.0,0.0,324.78499999999985,0.0,0.0,0.0,6000.0,6000.0
2025-01-05,64,10:30,10:40,296.70759969999995,0.0,0.0,296.70759969999995,0.0,0.0,0.0,6000.0,6000.0
2025-01-05,65,10:40,10:50,269.48646669999994,0.0,0.0,269.48646669999994,0.0,0.0,0.0,6000.0,6000.0
2025-01-05,66,10:50,11:00,268.1070829999999,0.0,0.0,268.1070829999999,0.0,0.0,0.0,6000.0,6000.0
2025-01-05,67,11:00,11:10,306.5857669999999,0.0,0.0,306.5857669999999,0.0,0.0,0.0,6000.0,6000.0
2025-01-05,68,11:10,11:20,316.3361503,0.0,0.0,316.3361503,0.0,0.0,0.0,6000.0,6000.0
2025-01-05,69,11:20,11:30,266.89875000000006,0.0,0.0,266.89875000000006,0.0,0.0,0.0,6000.0,6000.0
2025-01-05,70,11:30,11:40,189.98934999999994,0.0,0.0,189.98934999999994,0.0,0.0,0.0,6000.0,6000.0
2025-01-05,71,11:40,11:50,129.40764999999988,0.0,0.0,129.40764999999988,0.0,0.0,0.0,6000.0,6000.0
2025-01-05,72,11:50,12:00,107.38208299999997,0.0,0.0,107.38208299999997,0.0,0.0,0.0,6000.0,6000.0
2025-01-05,73,12:00,12:10,110.9271839999999,0.0,0.0,110.9271839999999,0.0,0.0,0.0,6000.0,6000.0
2025-01-05,74,12:10,12:20,85.42158299999994,0.0,0.0,85.42158299999994,0.0,0.0,0.0,6000.0,6000.0
2025-01-05,75,12:20,12:30,44.351667000000134,0.0,0.0,44.351667000000134,0.0,0.0,0.0,6000.0,6000.0
2025-01-05,76,12:30,12:40,57.375400300000024,0.0,0.0,57.375400300000024,0.0,0.0,0.0,6000.0,6000.0
2025-01-05,77,12:40,12:50,106.01071669999999,0.0,0.0,106.01071669999999,0.0,0.0,0.0,6000.0,6000.0
2025-01-05,78,12:50,13:00,153.14125000000013,0.0,0.0,153.14125000000013,0.0,0.0,0.0,6000.0,6000.0
2025-01-05,79,13:00,13:10,174.55216699999994,0.0,0.0,174.55216699999994,0.0,0.0,0.0,6000.0,6000.0
2025-01-05,80,13:10,13:20,180.7664003000001,0.0,0.0,180.7664003000001,0.0,0.0,0.0,6000.0,6000.0
2025-01-05,81,13:20,13:30,194.9112500000001,0.0,0.0,194.9112500000001,0.0,0.0,0.0,6000.0,6000.0
2025-01-05,82,13:30,13:40,238.31225030000007,0.0,0.0,238.31225030000007,0.0,0.0,0.0,6000.0,6000.0
2025-01-05,83,13:40,13:50,308.29576699999996,0.0,0.0,308.29576699999996,0.0,0.0,0.0,6000.0,6000.0
2025-01-05,84,13:50,14:00,375.116667,0.0,0.0,375.116667,0.0,0.0,0.0,6000.0,6000.0
2025-01-05,85,14:00,14:10,397.2347,0.0,0.0,397.2347,0.0,0.0,0.0,6000.0,6000.0
2025-01-05,86,14:10,14:20,372.94685029999994,0.0,0.0,372.94685029999994,0.0,0.0,0.0,6000.0,6000.0
2025-01-05,87,14:20,14:30,376.8520829999999,0.0,0.0,376.8520829999999,0.0,0.0,0.0,6000.0,6000.0
2025-01-05,88,14:30,14:40,486.3736503,13.45413330000008,13.45413330000008,472.9195169999999,0.0,0.0,0.0,6000.0,6000.0
2025-01-05,89,14:40,14:50,535.4869163,55.338949999999954,55.338949999999954,480.1479663,0.0,0.0,0.0,6000.0,6000.0
2025-01-05,90,14:50,15:00,517.2820830000001,72.55000000000007,72.55000000000007,444.732083,0.0,0.0,0.0,6000.0,6000.0
2025-01-05,91,15:00,15:10,581.0020829999999,122.03826660000004,122.03826660000004,458.9638163999998,0.0,0.0,0.0,6000.0,6000.0
2025-01-05,92,15:10,15:20,624.4223996999999,175.7842667,175.7842667,448.6381329999999,0.0,0.0,0.0,6000.0,6000.0
2025-01-05,93,15:20,15:30,633.2495829999999,217.75874999999996,217.75874999999996,415.49083299999995,0.0,0.0,0.0,6000.0,6000.0
2025-01-05,94,15:30,15:40,704.9091,266.8070167000001,266.8070167000001,438.1020832999999,0.0,0.0,0.0,6000.0,6000.0
2025-01-05,95,15:40,15:50,774.1835337,342.09700000000004,342.09700000000004,432.08653369999996,0.0,0.0,0.0,6000.0,6000.0
2025-01-05,96,15:50,16:00,810.269583,409.22333330000004,409.22333330000004,401.0462497,0.0,0.0,0.0,6000.0,6000.0
2025-01-05,97,16:00,16:10,848.0725503000001,415.1458832999999,415.1458832999999,432.9266670000002,0.0,0.0,0.0,6000.0,6000.0
2025-01-05,98,16:10,16:20,879.5995336999999,441.0276832999999,441.0276832999999,438.5718504,0.0,0.0,0.0,6000.0,6000.0
2025-01-05,99,16:20,16:30,914.902083,502.75750000000005,502.75750000000005,412.1445829999999,0.0,0.0,0.0,6000.0,6000.0
2025-01-05,100,16:30,16:40,977.3812999999999,529.74963337,529.74963337,447.6316666299999,0.0,0.0,0.0,6000.0,6000.0
2025-01-05,101,16:40,16:50,1027.15683367,505.0684,505.0684,522.08843367,0.0,0.0,0.0,6000.0,6000.0
2025-01-05,102,16:50,17:00,1048.491667,469.65208329999996,469.65208329999996,578.8395837,0.0,0.0,0.0,6000.0,6000.0
2025-01-05,103,17:00,17:10,1057.137733,479.1987,479.1987,577.9390330000001,0.0,0.0,0.0,6000.0,6000.0
2025-01-05,104,17:10,17:20,1049.3406,493.5437833667,493.5437833667,555.7968166333001,0.0,0.0,0.0,6000.0,6000.0
2025-01-05,105,17:20,17:30,1051.86,482.665,482.665,569.1949999999999,0.0,0.0,0.0,6000.0,6000.0
2025-01-05,106,17:30,17:40,1086.962467,471.033,471.033,615.929467,0.0,0.0,0.0,6000.0,6000.0
2025-01-05,107,17:40,17:50,954.88215003333,470.95661666666996,470.95661666666996,483.9255333666601,0.0,0.0,0.0,6000.0,6000.0
2025-01-05,108,17:50,18:00,734.0416667,475.8683333,475.8683333,258.17333339999993,0.0,0.0,0.0,6000.0,6000.0
2025-01-05,109,18:00,18:10,723.1414167,475.7942167,475.7942167,247.34720000000004,0.0,0.0,0.0,6000.0,6000.0
2025-01-05,110,18:10,18:20,767.9374167,500.5514,500.5514,267.38601669999997,0.0,0.0,0.0,6000.0,6000.0
2025-01-05,111,18:20,18:30,754.365,521.475,521.475,232.89,0.0,0.0,0.0,6000.0,6000.0
2025-01-05,112,18:30,18:40,726.7196667,475.4203,475.4203,251.29936669999995,0.0,0.0,0.0,6000.0,6000.0
2025-01-05,113,18:40,18:50,731.6927000333334,432.61226663333326,432.61226663333326,299.0804334000001,0.0,0.0,0.0,6000.0,6000.0
2025-01-05,114,18:50,19:00,760.5666667,434.9933333,434.9933333,325.5733334,0.0,0.0,0.0,6000.0,6000.0
2025-01-05,115,19:00,19:10,762.6943833,461.89075,461.89075,300.8036333,0.0,0.0,0.0,6000.0,6000.0
2025-01-05,116,19:10,19:20,737.8425833,491.3777333,491.3777333,246.46485,0.0,0.0,0.0,6000.0,6000.0
2025-01-05,117,19:20,19:30,722.3916667,495.47,495.47,226.92166669999995,0.0,0.0,0.0,6000.0,6000.0
2025-01-05,118,19:30,19:40,750.8413167,460.3988833,460.3988833,290.44243339999997,0.0,0.0,0.0,6000.0,6000.0
2025-01-05,119,19:40,19:50,759.4042333,451.6471667,451.6471667,307.7570666,0.0,0.0,0.0,6000.0,6000.0
2025-01-05,120,19:50,20:00,725.275,478.9233333,478.9233333,246.35166669999995,0.0,0.0,0.0,6000.0,6000.0
2025-01-05,121,20:00,20:10,693.43795,489.2799333,489.2799333,204.15801670000002,0.0,0.0,0.0,6000.0,6000.0
2025-01-05,122,20:10,20:20,713.2406833,481.7081,481.7081,231.5325833,0.0,0.0,0.0,6000.0,6000.0
2025-01-05,123,20:20,20:30,753.5883333,467.4533333,467.4533333,286.13500000000005,0.0,0.0,0.0,6000.0,6000.0
2025-01-05,124,20:30,20:40,738.7772667,460.99605,460.99605,277.7812167,0.0,0.0,0.0,6000.0,6000.0
2025-01-05,125,20:40,20:50,734.1457,493.0272167,493.0272167,241.11848330000004,0.0,0.0,0.0,6000.0,6000.0
2025-01-05,126,20:50,21:00,755.5666667,530.5933333,530.5933333,224.9733334,0.0,0.0,0.0,6000.0,6000.0
2025-01-05,127,21:00,21:10,752.2540333,507.2419833,507.2419833,245.01204999999993,0.0,0.0,0.0,6000.0,6000.0
2025-01-05,128,21:10,21:20,748.3642333,490.1867333,490.1867333,258.1775,0.0,0.0,0.0,6000.0,6000.0
2025-01-05,129,21:20,21:30,767.81,508.1133333,508.1133333,259.6966666999999,0.0,0.0,0.0,6000.0,6000.0
2025-01-05,130,21:30,21:40,788.7005167,514.89855,514.89855,273.8019667,0.0,0.0,0.0,6000.0,6000.0
2025-01-05,131,21:40,21:50,694.5243333,460.3778,460.3778,234.1465333,0.0,0.0,0.0,6000.0,6000.0
2025-01-05,132,21:50,22:00,548.0883333,395.195,395.195,152.89333330000005,0.0,0.0,0.0,6000.0,6000.0
2025-01-05,133,22:00,22:10,539.5484167,419.8485667,419.8485667,119.69984999999997,0.0,0.0,0.0,6000.0,6000.0
2025-01-05,134,22:10,22:20,563.05595,435.6417667,435.6417667,127.41418330000005,0.0,0.0,0.0,6000.0,6000.0
2025-01-05,135,22:20,22:30,564.3383333,417.3466667,417.3466667,146.99166660000003,0.0,0.0,0.0,6000.0,6000.0
2025-01-05,136,22:30,22:40,589.8358,431.3325333,431.3325333,158.50326669999993,0.0,0.0,0.0,6000.0,6000.0
2025-01-05,137,22:40,22:50,582.0661833,417.6806167,417.6806167,164.38556660000006,0.0,0.0,0.0,6000.0,6000.0
2025-01-05,138,22:50,23:00,557.335,393.4916667,393.4916667,163.84333330000004,0.0,0.0,0.0,6000.0,6000.0
2025-01-05,139,23:00,23:10,592.1239833,442.7318833,442.7318833,149.39209999999997,0.0,0.0,0.0,6000.0,6000.0
2025-01-05,140,23:10,23:20,604.0571167,480.42425,480.42425,123.63286670000008,0.0,0.0,0.0,6000.0,6000.0
2025-01-05,141,23:20,23:30,586.6166667,456.1483333,456.1483333,130.4683334,0.0,0.0,0.0,6000.0,6000.0
2025-01-05,142,23:30,23:40,614.9030667,416.6579333,416.6579333,198.24513339999993,0.0,0.0,0.0,6000.0,6000.0
2025-01-05,143,23:40,23:50,627.32955,477.8123667,477.8123667,149.51718330000006,0.0,0.0,0.0,6000.0,6000.0
2025-01-05,144,23:50,24:00,608.2516667,599.25,599.25,9.001666699999987,0.0,0.0,0.0,6000.0,6000.0
2025-01-06,1,00:00,00:10,607.3944667,624.85225,607.3944667,0.0,0.0,0.0,0.0,6000.0,6000.0
2025-01-06,2,00:10,00:20,611.2273833,622.4207333,611.2273833,0.0,0.0,0.0,0.0,6000.0,6000.0
2025-01-06,3,00:20,00:30,608.8933333,635.4433333,608.8933333,0.0,0.0,0.0,0.0,6000.0,6000.0
2025-01-06,4,00:30,00:40,609.8078333,633.6038333,609.8078333,0.0,0.0,0.0,0.0,6000.0,6000.0
2025-01-06,5,00:40,00:50,625.6360167,620.4684167,620.4684167,5.167599999999993,0.0,0.0,0.0,6000.0,6000.0
2025-01-06,6,00:50,01:00,638.5166667,616.5916667,616.5916667,21.924999999999955,0.0,0.0,0.0,6000.0,6000.0
2025-01-06,7,01:00,01:10,623.8103333,637.8484333,623.8103333,0.0,0.0,0.0,0.0,6000.0,6000.0
2025-01-06,8,01:10,01:20,644.55665,652.1511333,644.55665,0.0,0.0,0.0,0.0,6000.0,6000.0
2025-01-06,9,01:20,01:30,678.8683333,642.9883333,642.9883333,35.879999999999995,0.0,0.0,0.0,6000.0,6000.0
2025-01-06,10,01:30,01:40,643.4593333,623.8896,623.8896,19.569733300000053,0.0,0.0,0.0,6000.0,6000.0
2025-01-06,11,01:40,01:50,632.8780833,617.5666333,617.5666333,15.311449999999923,0.0,0.0,0.0,6000.0,6000.0
2025-01-06,12,01:50,02:00,667.4083333,640.0783333,640.0783333,27.329999999999927,0.0,0.0,0.0,6000.0,6000.0
2025-01-06,13,02:00,02:10,672.91,685.192,672.91,0.0,0.0,0.0,0.0,6000.0,6000.0
2025-01-06,14,02:10,02:20,675.2263167,695.5783333,675.2263167,0.0,0.0,0.0,0.0,6000.0,6000.0
2025-01-06,15,02:20,02:30,682.6966667,680.6666667,680.6666667,2.0300000000000864,0.0,0.0,0.0,6000.0,6000.0
2025-01-06,16,02:30,02:40,669.3242833,701.0110333,669.3242833,0.0,0.0,0.0,0.0,6000.0,6000.0
2025-01-06,17,02:40,02:50,647.2983333,706.62255,647.2983333,0.0,0.0,0.0,0.0,6000.0,6000.0
2025-01-06,18,02:50,03:00,644.795,680.6533333,644.795,0.0,0.0,0.0,0.0,6000.0,6000.0
2025-01-06,19,03:00,03:10,679.2211667,663.0113,663.0113,16.20986670000002,0.0,0.0,0.0,6000.0,6000.0
2025-01-06,20,03:10,03:20,703.0744,672.56565,672.56565,30.508749999999964,0.0,0.0,0.0,6000.0,6000.0
2025-01-06,21,03:20,03:30,698.15,688.965,688.965,9.184999999999945,0.0,0.0,0.0,6000.0,6000.0
2025-01-06,22,03:30,03:40,690.0639333,678.7183833,678.7183833,11.345550000000003,0.0,0.0,0.0,6000.0,6000.0
2025-01-06,23,03:40,03:50,696.3363,686.2090667,686.2090667,10.127233300000057,0.0,0.0,0.0,6000.0,6000.0
2025-01-06,24,03:50,04:00,708.8283333,714.1933333,708.8283333,0.0,0.0,0.0,0.0,6000.0,6000.0
2025-01-06,25,04:00,04:10,707.1996333,713.8311,707.1996333,0.0,0.0,0.0,0.0,6000.0,6000.0
2025-01-06,26,04:10,04:20,713.0952,677.7742,677.7742,35.321000000000026,0.0,0.0,0.0,6000.0,6000.0
2025-01-06,27,04:20,04:30,719.2283333,655.9483333,655.9483333,63.280000000000086,0.0,0.0,0.0,6000.0,6000.0
2025-01-06,28,04:30,04:40,695.8064167,708.1278333,695.8064167,0.0,0.0,0.0,0.0,6000.0,6000.0
2025-01-06,29,04:40,04:50,680.2819167,751.5082,680.2819167,0.0,0.0,0.0,0.0,6000.0,6000.0
2025-01-06,30,04:50,05:00,694.1416667,733.755,694.1416667,0.0,0.0,0.0,0.0,6000.0,6000.0
2025-01-06,31,05:00,05:10,720.0059833666667,681.1277499666667,681.1277499666667,38.8782334,0.0,0.0,0.0,6000.0,6000.0
2025-01-06,32,05:10,05:20,719.7377,664.0997833,664.0997833,55.637916700000005,0.0,0.0,0.0,6000.0,6000.0
2025-01-06,33,05:20,05:30,692.5566667,679.895,679.895,12.661666700000069,0.0,0.0,0.0,6000.0,6000.0
2025-01-06,34,05:30,05:40,687.006116633333,682.9434333666669,682.9434333666669,4.062683266666113,0.0,0.0,0.0,6000.0,6000.0
2025-01-06,35,05:40,05:50,774.3374833,782.12805,774.3374833,0.0,0.0,0.0,0.0,6000.0,6000.0
2025-01-06,36,05:50,06:00,897.25,928.5183333,897.25,0.0,0.0,0.0,0.0,6000.0,6000.0
2025-01-06,37,06:00,06:10,917.17878333333,942.3571499999999,917.17878333333,0.0,0.0,0.0,0.0,6000.0,6000.0
2025-01-06,38,06:10,06:20,902.8541667,906.98685,902.8541667,0.0,0.0,0.0,0.0,6000.0,6000.0
2025-01-06,39,06:20,06:30,908.235,899.6033333,899.6033333,8.631666699999982,0.0,0.0,0.0,6000.0,6000.0
2025-01-06,40,06:30,06:40,917.5286167,912.1922667,912.1922667,5.336350000000039,0.0,0.0,0.0,6000.0,6000.0
2025-01-06,41,06:40,06:50,912.7377833,899.52805,899.52805,13.209733300000039,0.0,0.0,0.0,6000.0,6000.0
2025-01-06,42,06:50,07:00,886.6779167,881.2425000000001,881.2425000000001,5.435416699999905,0.0,0.0,0.0,6000.0,6000.0
2025-01-06,43,07:00,07:10,835.2608000299999,898.4366,835.2608000299999,0.0,0.0,0.0,0.0,6000.0,6000.0
2025-01-06,44,07:10,07:20,800.9834333700001,871.21316667,800.9834333700001,0.0,0.0,0.0,0.0,6000.0,6000.0
2025-01-06,45,07:20,07:30,756.9804167,780.7645833,756.9804167,0.0,0.0,0.0,0.0,6000.0,6000.0
2025-01-06,46,07:30,07:40,668.5745334,718.7308,668.5745334,0.0,0.0,0.0,0.0,6000.0,6000.0
2025-01-06,47,07:40,07:50,762.8221167,824.0041996999998,762.8221167,0.0,0.0,0.0,0.0,6000.0,6000.0
2025-01-06,48,07:50,08:00,958.0141669999999,985.399167,958.0141669999999,0.0,0.0,0.0,0.0,6000.0,6000.0
2025-01-06,49,08:00,08:10,928.7578162999998,939.3144167,928.7578162999998,0.0,0.0,0.0,0.0,6000.0,6000.0
2025-01-06,50,08:10,08:20,864.859183,847.9624337,847.9624337,16.89674930000001,0.0,0.0,0.0,6000.0,6000.0
2025-01-06,51,08:20,08:30,855.6070829999999,803.639167,803.639167,51.96791599999983,0.0,0.0,0.0,6000.0,6000.0
2025-01-06,52,08:30,08:40,794.5913169999999,742.2636497000001,742.2636497000001,52.3276672999998,0.0,0.0,0.0,6000.0,6000.0
2025-01-06,53,08:40,08:50,724.3538497,689.4749499999999,689.4749499999999,34.878899700000034,0.0,0.0,0.0,6000.0,6000.0
2025-01-06,54,08:50,09:00,681.6095829999999,656.2441670000001,656.2441670000001,25.36541599999987,0.0,0.0,0.0,6000.0,6000.0
2025-01-06,55,09:00,09:10,654.2722663,623.425267,623.425267,30.846999299999993,0.0,0.0,0.0,6000.0,6000.0
2025-01-06,56,09:10,09:20,618.4300670000001,605.4450162999999,605.4450162999999,12.985050700000215,0.0,0.0,0.0,6000.0,6000.0
2025-01-06,57,09:20,09:30,567.2337500000001,574.828333,567.2337500000001,0.0,0.0,0.0,0.0,6000.0,6000.0
2025-01-06,58,09:30,09:40,511.97858369999994,484.07743330000005,484.07743330000005,27.901150399999892,0.0,0.0,0.0,6000.0,6000.0
2025-01-06,59,09:40,09:50,458.84926629999995,405.47645,405.47645,53.372816299999954,0.0,0.0,0.0,6000.0,6000.0
2025-01-06,60,09:50,10:00,421.2154169999999,373.02416700000003,373.02416700000003,48.191249999999854,0.0,0.0,0.0,6000.0,6000.0
2025-01-06,61,10:00,10:10,410.78006670000013,356.3847167000001,356.3847167000001,54.39535000000001,0.0,0.0,0.0,6000.0,6000.0
2025-01-06,62,10:10,10:20,398.97410030000003,343.0039170000001,343.0039170000001,55.97018329999992,0.0,0.0,0.0,6000.0,6000.0
2025-01-06,63,10:20,10:30,372.13291700000013,324.78499999999985,324.78499999999985,47.34791700000028,0.0,0.0,0.0,6000.0,6000.0
2025-01-06,64,10:30,10:40,342.459967,296.70759969999995,296.70759969999995,45.75236730000006,0.0,0.0,0.0,6000.0,6000.0
2025-01-06,65,10:40,10:50,324.8615003000001,269.48646669999994,269.48646669999994,55.375033600000165,0.0,0.0,0.0,6000.0,6000.0
2025-01-06,66,10:50,11:00,323.32375000000013,268.1070829999999,268.1070829999999,55.21666700000026,0.0,0.0,0.0,6000.0,6000.0
2025-01-06,67,11:00,11:10,322.612433,306.5857669999999,306.5857669999999,16.02666600000009,0.0,0.0,0.0,6000.0,6000.0
2025-01-06,68,11:10,11:20,279.08220000000006,316.3361503,279.08220000000006,0.0,0.0,0.0,0.0,6000.0,6000.0
2025-01-06,69,11:20,11:30,214.679167,266.89875000000006,214.679167,0.0,0.0,0.0,0.0,6000.0,6000.0
2025-01-06,70,11:30,11:40,194.84266700000012,189.98934999999994,189.98934999999994,4.853317000000175,0.0,0.0,0.0,6000.0,6000.0
2025-01-06,71,11:40,11:50,171.58541630000002,129.40764999999988,129.40764999999988,42.177766300000144,0.0,0.0,0.0,6000.0,6000.0
2025-01-06,72,11:50,12:00,133.29041699999993,107.38208299999997,107.38208299999997,25.908333999999968,0.0,0.0,0.0,6000.0,6000.0
2025-01-06,73,12:00,12:10,117.91561630000001,110.9271839999999,110.9271839999999,6.988432300000113,0.0,0.0,0.0,6000.0,6000.0
2025-01-06,74,12:10,12:20,100.78225000000009,85.42158299999994,85.42158299999994,15.360667000000149,0.0,0.0,0.0,6000.0,6000.0
2025-01-06,75,12:20,12:30,67.22958300000005,44.351667000000134,44.351667000000134,22.877915999999914,0.0,0.0,0.0,6000.0,6000.0
2025-01-06,76,12:30,12:40,37.04419999999993,57.375400300000024,37.04419999999993,0.0,0.0,0.0,0.0,6000.0,6000.0
2025-01-06,77,12:40,12:50,59.03328299999998,106.01071669999999,59.03328299999998,0.0,0.0,0.0,0.0,6000.0,6000.0
2025-01-06,78,12:50,13:00,116.6412499999999,153.14125000000013,116.6412499999999,0.0,0.0,0.0,0.0,6000.0,6000.0
2025-01-06,79,13:00,13:10,147.6093003000001,174.55216699999994,147.6093003000001,0.0,0.0,0.0,0.0,6000.0,6000.0
2025-01-06,80,13:10,13:20,192.723567,180.7664003000001,180.7664003000001,11.957166699999902,0.0,0.0,0.0,6000.0,6000.0
2025-01-06,81,13:20,13:30,240.7545829999999,194.9112500000001,194.9112500000001,45.8433329999998,0.0,0.0,0.0,6000.0,6000.0
2025-01-06,82,13:30,13:40,236.58593330000008,238.31225030000007,236.58593330000008,0.0,0.0,0.0,0.0,6000.0,6000.0
2025-01-06,83,13:40,13:50,258.8000663,308.29576699999996,258.8000663,0.0,0.0,0.0,0.0,6000.0,6000.0
2025-01-06,84,13:50,14:00,305.6,375.116667,305.6,0.0,0.0,0.0,0.0,6000.0,6000.0
2025-01-06,85,14:00,14:10,303.27861630000007,397.2347,303.27861630000007,0.0,0.0,0.0,0.0,6000.0,6000.0
2025-01-06,86,14:10,14:20,342.9386003000001,372.94685029999994,342.9386003000001,0.0,0.0,0.0,0.0,6000.0,6000.0
2025-01-06,87,14:20,14:30,416.646667,376.8520829999999,376.8520829999999,39.7945840000001,0.0,0.0,0.0,6000.0,6000.0
2025-01-06,88,14:30,14:40,421.5397996999999,486.3736503,421.5397996999999,0.0,0.0,0.0,0.0,6000.0,6000.0
2025-01-06,89,14:40,14:50,437.2506169999999,535.4869163,437.2506169999999,0.0,0.0,0.0,0.0,6000.0,6000.0
2025-01-06,90,14:50,15:00,504.6187500000001,517.2820830000001,504.6187500000001,0.0,0.0,0.0,0.0,6000.0,6000.0
2025-01-06,91,15:00,15:10,576.1157663,581.0020829999999,576.1157663,0.0,0.0,0.0,0.0,6000.0,6000.0
2025-01-06,92,15:10,15:20,598.4558003000001,624.4223996999999,598.4558003000001,0.0,0.0,0.0,0.0,6000.0,6000.0
2025-01-06,93,15:20,15:30,604.9324999999999,633.2495829999999,604.9324999999999,0.0,0.0,0.0,0.0,6000.0,6000.0
2025-01-06,94,15:30,15:40,674.4579666999999,704.9091,674.4579666999999,0.0,0.0,0.0,0.0,6000.0,6000.0
2025-01-06,95,15:40,15:50,725.2985337,774.1835337,725.2985337,0.0,0.0,0.0,0.0,6000.0,6000.0
2025-01-06,96,15:50,16:00,752.361667,810.269583,752.361667,0.0,0.0,0.0,0.0,6000.0,6000.0
2025-01-06,97,16:00,16:10,832.1239662999999,848.0725503000001,832.1239662999999,0.0,0.0,0.0,0.0,6000.0,6000.0
2025-01-06,98,16:10,16:20,899.7092167,879.5995336999999,879.5995336999999,20.109683000000018,0.0,0.0,0.0,6000.0,6000.0
2025-01-06,99,16:20,16:30,931.142083,914.902083,914.902083,16.24000000000001,0.0,0.0,0.0,6000.0,6000.0
2025-01-06,100,16:30,16:40,969.8612336699999,977.3812999999999,969.8612336699999,0.0,0.0,0.0,0.0,6000.0,6000.0
2025-01-06,101,16:40,16:50,1018.30163333,1027.15683367,1018.30163333,0.0,0.0,0.0,0.0,6000.0,6000.0
2025-01-06,102,16:50,17:00,1055.7979169999999,1048.491667,1048.491667,7.306249999999864,0.0,0.0,0.0,6000.0,6000.0
2025-01-06,103,17:00,17:10,1056.33155,1057.137733,1056.33155,0.0,0.0,0.0,0.0,6000.0,6000.0
2025-01-06,104,17:10,17:20,1034.5905003333,1049.3406,1034.5905003333,0.0,0.0,0.0,0.0,6000.0,6000.0
2025-01-06,105,17:20,17:30,1025.566667,1051.86,1025.566667,0.0,0.0,0.0,0.0,6000.0,6000.0
2025-01-06,106,17:30,17:40,1047.066617,1086.962467,1047.066617,0.0,0.0,0.0,0.0,6000.0,6000.0
2025-01-06,107,17:40,17:50,945.4252167000001,954.88215003333,945.4252167000001,0.0,0.0,0.0,0.0,6000.0,6000.0
2025-01-06,108,17:50,18:00,759.2116667,734.0416667,734.0416667,25.170000000000073,0.0,0.0,0.0,6000.0,6000.0
2025-01-06,109,18:00,18:10,698.3793333,723.1414167,698.3793333,0.0,0.0,0.0,0.0,6000.0,6000.0
2025-01-06,110,18:10,18:20,715.221116666667,767.9374167,715.221116666667,0.0,0.0,0.0,0.0,6000.0,6000.0
2025-01-06,111,18:20,18:30,746.9366667,754.365,746.9366667,0.0,0.0,0.0,0.0,6000.0,6000.0
2025-01-06,112,18:30,18:40,775.4515,726.7196667,726.7196667,48.73183330000006,0.0,0.0,0.0,6000.0,6000.0
2025-01-06,113,18:40,18:50,756.7278833333334,731.6927000333334,731.6927000333334,25.03518329999997,0.0,0.0,0.0,6000.0,6000.0
2025-01-06,114,18:50,19:00,709.5566667,760.5666667,709.5566667,0.0,0.0,0.0,0.0,6000.0,6000.0
2025-01-06,115,19:00,19:10,703.2557333,762.6943833,703.2557333,0.0,0.0,0.0,0.0,6000.0,6000.0
2025-01-06,116,19:10,19:20,729.3862,737.8425833,729.3862,0.0,0.0,0.0,0.0,6000.0,6000.0
2025-01-06,117,19:20,19:30,752.8483333,722.3916667,722.3916667,30.456666600000062,0.0,0.0,0.0,6000.0,6000.0
2025-01-06,118,19:30,19:40,748.1271833,750.8413167,748.1271833,0.0,0.0,0.0,0.0,6000.0,6000.0
2025-01-06,119,19:40,19:50,751.6427,759.4042333,751.6427,0.0,0.0,0.0,0.0,6000.0,6000.0
2025-01-06,120,19:50,20:00,764.9416667,725.275,725.275,39.666666700000064,0.0,0.0,0.0,6000.0,6000.0
2025-01-06,121,20:00,20:10,751.5444167,693.43795,693.43795,58.106466700000055,0.0,0.0,0.0,6000.0,6000.0
2025-01-06,122,20:10,20:20,724.6834,713.2406833,713.2406833,11.442716700000005,0.0,0.0,0.0,6000.0,6000.0
2025-01-06,123,20:20,20:30,713.01,753.5883333,713.01,0.0,0.0,0.0,0.0,6000.0,6000.0
2025-01-06,124,20:30,20:40,735.1451167,738.7772667,735.1451167,0.0,0.0,0.0,0.0,6000.0,6000.0
2025-01-06,125,20:40,20:50,760.8267167,734.1457,734.1457,26.681016699999986,0.0,0.0,0.0,6000.0,6000.0
2025-01-06,126,20:50,21:00,769.9816667,755.5666667,755.5666667,14.414999999999964,0.0,0.0,0.0,6000.0,6000.0
2025-01-06,127,21:00,21:10,763.4571167,752.2540333,752.2540333,11.203083400000082,0.0,0.0,0.0,6000.0,6000.0
2025-01-06,128,21:10,21:20,737.8627833,748.3642333,737.8627833,0.0,0.0,0.0,0.0,6000.0,6000.0
2025-01-06,129,21:20,21:30,730.0516667,767.81,730.0516667,0.0,0.0,0.0,0.0,6000.0,6000.0
2025-01-06,130,21:30,21:40,771.5217167,788.7005167,771.5217167,0.0,0.0,0.0,0.0,6000.0,6000.0
2025-01-06,131,21:40,21:50,715.6154,694.5243333,694.5243333,21.091066700000056,0.0,0.0,0.0,6000.0,6000.0
2025-01-06,132,21:50,22:00,585.9316667,548.0883333,548.0883333,37.843333400000006,0.0,0.0,0.0,6000.0,6000.0
2025-01-06,133,22:00,22:10,559.69595,539.5484167,539.5484167,20.147533300000077,0.0,0.0,0.0,6000.0,6000.0
2025-01-06,134,22:10,22:20,570.9604,563.05595,563.05595,7.904449999999997,0.0,0.0,0.0,6000.0,6000.0
2025-01-06,135,22:20,22:30,566.3416667,564.3383333,564.3383333,2.003333399999974,0.0,0.0,0.0,6000.0,6000.0
2025-01-06,136,22:30,22:40,563.5174333,589.8358,563.5174333,0.0,0.0,0.0,0.0,6000.0,6000.0
2025-01-06,137,22:40,22:50,562.2307167,582.0661833,562.2307167,0.0,0.0,0.0,0.0,6000.0,6000.0
2025-01-06,138,22:50,23:00,573.1433333,557.335,557.335,15.808333299999958,0.0,0.0,0.0,6000.0,6000.0
2025-01-06,139,23:00,23:10,607.9602167,592.1239833,592.1239833,15.836233400000083,0.0,0.0,0.0,6000.0,6000.0
2025-01-06,140,23:10,23:20,619.9824333,604.0571167,604.0571167,15.925316599999974,0.0,0.0,0.0,6000.0,6000.0
2025-01-06,141,23:20,23:30,601.48,586.6166667,586.6166667,14.863333300000022,0.0,0.0,0.0,6000.0,6000.0
2025-01-06,142,23:30,23:40,586.9800333,614.9030667,586.9800333,0.0,0.0,0.0,0.0,6000.0,6000.0
2025-01-06,143,23:40,23:50,567.1116167,627.32955,567.1116167,0.0,0.0,0.0,0.0,6000.0,6000.0
2025-01-06,144,23:50,24:00,567.9683333,608.2516667,567.9683333,0.0,0.0,0.0,0.0,6000.0,6000.0
2025-01-07,1,00:00,00:10,623.5018333,607.3944667,607.3944667,16.10736660000009,0.0,0.0,0.0,6000.0,6000.0
2025-01-07,2,00:10,00:20,618.4973,611.2273833,611.2273833,7.269916699999953,0.0,0.0,0.0,6000.0,6000.0
2025-01-07,3,00:20,00:30,571.0066667,608.8933333,571.0066667,0.0,0.0,0.0,0.0,6000.0,6000.0
2025-01-07,4,00:30,00:40,613.1864667,609.8078333,609.8078333,3.3786334000000124,0.0,0.0,0.0,6000.0,6000.0
2025-01-07,5,00:40,00:50,654.0969833,625.6360167,625.6360167,28.460966600000006,0.0,0.0,0.0,6000.0,6000.0
2025-01-07,6,00:50,01:00,654.025,638.5166667,638.5166667,15.508333300000004,0.0,0.0,0.0,6000.0,6000.0
2025-01-07,7,01:00,01:10,661.0716833,623.8103333,623.8103333,37.26134999999999,0.0,0.0,0.0,6000.0,6000.0
2025-01-07,8,01:10,01:20,641.8623,644.55665,641.8623,0.0,0.0,0.0,0.0,6000.0,6000.0
2025-01-07,9,01:20,01:30,604.89,678.8683333,604.89,0.0,0.0,0.0,0.0,6000.0,6000.0
2025-01-07,10,01:30,01:40,605.5048667,643.4593333,605.5048667,0.0,0.0,0.0,0.0,6000.0,6000.0
2025-01-07,11,01:40,01:50,632.82515,632.8780833,632.82515,0.0,0.0,0.0,0.0,6000.0,6000.0
2025-01-07,12,01:50,02:00,660.4033333,667.4083333,660.4033333,0.0,0.0,0.0,0.0,6000.0,6000.0
2025-01-07,13,02:00,02:10,670.6950167,672.91,670.6950167,0.0,0.0,0.0,0.0,6000.0,6000.0
2025-01-07,14,02:10,02:20,674.4618,675.2263167,674.4618,0.0,0.0,0.0,0.0,6000.0,6000.0
2025-01-07,15,02:20,02:30,677.03,682.6966667,677.03,0.0,0.0,0.0,0.0,6000.0,6000.0
2025-01-07,16,02:30,02:40,672.16295,669.3242833,669.3242833,2.838666699999976,0.0,0.0,0.0,6000.0,6000.0
2025-01-07,17,02:40,02:50,657.8791167,647.2983333,647.2983333,10.580783400000087,0.0,0.0,0.0,6000.0,6000.0
2025-01-07,18,02:50,03:00,645.55,644.795,644.795,0.7549999999999955,0.0,0.0,0.0,6000.0,6000.0
2025-01-07,19,03:00,03:10,649.4781167,679.2211667,649.4781167,0.0,0.0,0.0,0.0,6000.0,6000.0
2025-01-07,20,03:10,03:20,648.51725,703.0744,648.51725,0.0,0.0,0.0,0.0,6000.0,6000.0
2025-01-07,21,03:20,03:30,645.1716667,698.15,645.1716667,0.0,0.0,0.0,0.0,6000.0,6000.0
2025-01-07,22,03:30,03:40,661.4518167,690.0639333,661.4518167,0.0,0.0,0.0,0.0,6000.0,6000.0
2025-01-07,23,03:40,03:50,668.7802333,696.3363,668.7802333,0.0,0.0,0.0,0.0,6000.0,6000.0
2025-01-07,24,03:50,04:00,670.45,708.8283333,670.45,0.0,0.0,0.0,0.0,6000.0,6000.0
2025-01-07,25,04:00,04:10,695.564,707.1996333,695.564,0.0,0.0,0.0,0.0,6000.0,6000.0
2025-01-07,26,04:10,04:20,699.6988,713.0952,699.6988,0.0,0.0,0.0,0.0,6000.0,6000.0
2025-01-07,27,04:20,04:30,681.8783333,719.2283333,681.8783333,0.0,0.0,0.0,0.0,6000.0,6000.0
2025-01-07,28,04:30,04:40,689.5033333,695.8064167,689.5033333,0.0,0.0,0.0,0.0,6000.0,6000.0
2025-01-07,29,04:40,04:50,714.2354667,680.2819167,680.2819167,33.95354999999995,0.0,0.0,0.0,6000.0,6000.0
2025-01-07,30,04:50,05:00,734.0783333,694.1416667,694.1416667,39.93666660000008,0.0,0.0,0.0,6000.0,6000.0
2025-01-07,31,05:00,05:10,731.4114833666667,720.0059833666667,720.0059833666667,11.405500000000075,0.0,0.0,0.0,6000.0,6000.0
2025-01-07,32,05:10,05:20,703.3788,719.7377,703.3788,0.0,0.0,0.0,0.0,6000.0,6000.0
2025-01-07,33,05:20,05:30,675.9316667,692.5566667,675.9316667,0.0,0.0,0.0,0.0,6000.0,6000.0
2025-01-07,34,05:30,05:40,696.558916666667,687.006116633333,687.006116633333,9.552800033333938,0.0,0.0,0.0,6000.0,6000.0
2025-01-07,35,05:40,05:50,794.0757667,774.3374833,774.3374833,19.7382834,0.0,0.0,0.0,6000.0,6000.0
2025-01-07,36,05:50,06:00,893.795,897.25,893.795,0.0,0.0,0.0,0.0,6000.0,6000.0
2025-01-07,37,06:00,06:10,883.31618333333,917.17878333333,883.31618333333,0.0,0.0,0.0,0.0,6000.0,6000.0
2025-01-07,38,06:10,06:20,887.00905,902.8541667,887.00905,0.0,0.0,0.0,0.0,6000.0,6000.0
2025-01-07,39,06:20,06:30,933.8866667,908.235,908.235,25.651666699999964,0.0,0.0,0.0,6000.0,6000.0
2025-01-07,40,06:30,06:40,929.46075,917.5286167,917.5286167,11.932133299999919,0.0,0.0,0.0,6000.0,6000.0
2025-01-07,41,06:40,06:50,909.1203167,912.7377833,909.1203167,0.0,0.0,0.0,0.0,6000.0,6000.0
2025-01-07,42,06:50,07:00,894.5741667,886.6779167,886.6779167,7.896250000000009,0.0,0.0,0.0,6000.0,6000.0
2025-01-07,43,07:00,07:10,858.89591667,835.2608000299999,835.2608000299999,23.635116640000092,0.0,0.0,0.0,6000.0,6000.0
2025-01-07,44,07:10,07:20,832.58945003,800.9834333700001,800.9834333700001,31.60601665999991,0.0,0.0,0.0,6000.0,6000.0
2025-01-07,45,07:20,07:30,791.1416667,756.9804167,756.9804167,34.161249999999995,0.0,0.0,0.0,6000.0,6000.0
2025-01-07,46,07:30,07:40,706.2535,668.5745334,668.5745334,37.67896660000008,0.0,0.0,0.0,6000.0,6000.0
2025-01-07,47,07:40,07:50,787.5185997,762.8221167,762.8221167,24.696482999999944,0.0,0.0,0.0,6000.0,6000.0
2025-01-07,48,07:50,08:00,954.94625,958.0141669999999,954.94625,0.0,0.0,0.0,0.0,6000.0,6000.0
2025-01-07,49,08:00,08:10,904.6934167000001,928.7578162999998,904.6934167000001,0.0,0.0,0.0,0.0,6000.0,6000.0
2025-01-07,50,08:10,08:20,826.9297167,864.859183,826.9297167,0.0,0.0,0.0,0.0,6000.0,6000.0
2025-01-07,51,08:20,08:30,817.1800000000001,855.6070829999999,817.1800000000001,0.0,0.0,0.0,0.0,6000.0,6000.0
2025-01-07,52,08:30,08:40,773.210183,794.5913169999999,773.210183,0.0,0.0,0.0,0.0,6000.0,6000.0
2025-01-07,53,08:40,08:50,690.524833,724.3538497,690.524833,0.0,0.0,0.0,0.0,6000.0,6000.0
2025-01-07,54,08:50,09:00,609.8583330000001,681.6095829999999,609.8583330000001,0.0,0.0,0.0,0.0,6000.0,6000.0
2025-01-07,55,09:00,09:10,575.8504999999999,654.2722663,575.8504999999999,0.0,0.0,0.0,0.0,6000.0,6000.0
2025-01-07,56,09:10,09:20,574.7612,618.4300670000001,574.7612,0.0,0.0,0.0,0.0,6000.0,6000.0
2025-01-07,57,09:20,09:30,564.8670830000001,567.2337500000001,564.8670830000001,0.0,0.0,0.0,0.0,6000.0,6000.0
2025-01-07,58,09:30,09:40,510.5735333000001,511.97858369999994,510.5735333000001,0.0,0.0,0.0,0.0,6000.0,6000.0
2025-01-07,59,09:40,09:50,452.14429999999993,458.84926629999995,452.14429999999993,0.0,0.0,0.0,0.0,6000.0,6000.0
2025-01-07,60,09:50,10:00,417.0579170000001,421.2154169999999,417.0579170000001,0.0,0.0,0.0,0.0,6000.0,6000.0
2025-01-07,61,10:00,10:10,393.373433,410.78006670000013,393.373433,0.0,0.0,0.0,0.0,6000.0,6000.0
2025-01-07,62,10:10,10:20,342.12345029999994,398.97410030000003,342.12345029999994,0.0,0.0,0.0,0.0,6000.0,6000.0
2025-01-07,63,10:20,10:30,287.82666699999993,372.13291700000013,287.82666699999993,0.0,0.0,0.0,0.0,6000.0,6000.0
2025-01-07,64,10:30,10:40,296.68738299999995,342.459967,296.68738299999995,0.0,0.0,0.0,0.0,6000.0,6000.0
2025-01-07,65,10:40,10:50,323.03888369999993,324.8615003000001,323.03888369999993,0.0,0.0,0.0,0.0,6000.0,6000.0
2025-01-07,66,10:50,11:00,314.21333300000003,323.32375000000013,314.21333300000003,0.0,0.0,0.0,0.0,6000.0,6000.0
2025-01-07,67,11:00,11:10,265.00991669999996,322.612433,265.00991669999996,0.0,0.0,0.0,0.0,6000.0,6000.0
2025-01-07,68,11:10,11:20,267.7131163,279.08220000000006,267.7131163,0.0,0.0,0.0,0.0,6000.0,6000.0
2025-01-07,69,11:20,11:30,314.8883330000001,214.679167,214.679167,100.2091660000001,0.0,0.0,0.0,6000.0,6000.0
2025-01-07,70,11:30,11:40,303.443267,194.84266700000012,194.84266700000012,108.60059999999987,0.0,0.0,0.0,6000.0,6000.0
2025-01-07,71,11:40,11:50,243.71159970000008,171.58541630000002,171.58541630000002,72.12618340000006,0.0,0.0,0.0,6000.0,6000.0
2025-01-07,72,11:50,12:00,190.56458300000008,133.29041699999993,133.29041699999993,57.27416600000015,0.0,0.0,0.0,6000.0,6000.0
2025-01-07,73,12:00,12:10,193.106183,117.91561630000001,117.91561630000001,75.19056669999998,0.0,0.0,0.0,6000.0,6000.0
2025-01-07,74,12:10,12:20,219.31473370000003,100.78225000000009,100.78225000000009,118.53248369999994,0.0,0.0,0.0,6000.0,6000.0
2025-01-07,75,12:20,12:30,244.564167,67.22958300000005,67.22958300000005,177.33458399999995,0.0,0.0,0.0,6000.0,6000.0
2025-01-07,76,12:30,12:40,274.25874969999995,37.04419999999993,37.04419999999993,237.21454970000002,0.0,0.0,0.0,6000.0,6000.0
2025-01-07,77,12:40,12:50,320.64883370000007,59.03328299999998,59.03328299999998,261.6155507000001,0.0,0.0,0.0,6000.0,6000.0
2025-01-07,78,12:50,13:00,353.8074999999999,116.6412499999999,116.6412499999999,237.16625,0.0,0.0,0.0,6000.0,6000.0
2025-01-07,79,13:00,13:10,331.85386630000005,147.6093003000001,147.6093003000001,184.24456599999996,0.0,0.0,0.0,6000.0,6000.0
2025-01-07,80,13:10,13:20,334.4933337,192.723567,192.723567,141.7697667,0.0,0.0,0.0,6000.0,6000.0
2025-01-07,81,13:20,13:30,360.1550000000001,240.7545829999999,240.7545829999999,119.40041700000017,0.0,0.0,0.0,6000.0,6000.0
2025-01-07,82,13:30,13:40,333.68679969999994,236.58593330000008,236.58593330000008,97.10086639999986,0.0,0.0,0.0,6000.0,6000.0
2025-01-07,83,13:40,13:50,330.00226699999996,258.8000663,258.8000663,71.20220069999993,0.0,0.0,0.0,6000.0,6000.0
2025-01-07,84,13:50,14:00,366.82833300000004,305.6,305.6,61.22833300000002,0.0,0.0,0.0,6000.0,6000.0
2025-01-07,85,14:00,14:10,388.3822003,303.27861630000007,303.27861630000007,85.10358399999996,0.0,0.0,0.0,6000.0,6000.0
2025-01-07,86,14:10,14:20,426.2385499999999,342.9386003000001,342.9386003000001,83.29994969999984,0.0,0.0,0.0,6000.0,6000.0
2025-01-07,87,14:20,14:30,481.5087500000001,416.646667,416.646667,64.8620830000001,0.0,0.0,0.0,6000.0,6000.0
2025-01-07,88,14:30,14:40,515.7464003,421.5397996999999,421.5397996999999,94.20660060000012,0.0,0.0,0.0,6000.0,6000.0
2025-01-07,89,14:40,14:50,544.4579999999999,437.2506169999999,437.2506169999999,107.20738299999994,0.0,0.0,0.0,6000.0,6000.0
2025-01-07,90,14:50,15:00,568.933333,504.6187500000001,504.6187500000001,64.31458299999986,0.0,0.0,0.0,6000.0,6000.0
2025-01-07,91,15:00,15:10,574.1079167,576.1157663,574.1079167,0.0,0.0,0.0,0.0,6000.0,6000.0
2025-01-07,92,15:10,15:20,591.5862167,598.4558003000001,591.5862167,0.0,0.0,0.0,0.0,6000.0,6000.0
2025-01-07,93,15:20,15:30,640.4112500000001,604.9324999999999,604.9324999999999,35.47875000000022,0.0,0.0,0.0,6000.0,6000.0
2025-01-07,94,15:30,15:40,710.9495670000001,674.4579666999999,674.4579666999999,36.49160030000019,0.0,0.0,0.0,6000.0,6000.0
2025-01-07,95,15:40,15:50,777.6891337000001,725.2985337,725.2985337,52.39060000000006,0.0,0.0,0.0,6000.0,6000.0
2025-01-07,96,15:50,16:00,826.643333,752.361667,752.361667,74.28166599999997,0.0,0.0,0.0,6000.0,6000.0
2025-01-07,97,16:00,16:10,861.1705663,832.1239662999999,832.1239662999999,29.046600000000126,0.0,0.0,0.0,6000.0,6000.0
2025-01-07,98,16:10,16:20,893.5202162999999,899.7092167,893.5202162999999,0.0,0.0,0.0,0.0,6000.0,6000.0
2025-01-07,99,16:20,16:30,947.369167,931.142083,931.142083,16.22708399999999,0.0,0.0,0.0,6000.0,6000.0
2025-01-07,100,16:30,16:40,1031.6136669999999,969.8612336699999,969.8612336699999,61.75243332999992,0.0,0.0,0.0,6000.0,6000.0
2025-01-07,101,16:40,16:50,1062.85168333,1018.30163333,1018.30163333,44.550050000000056,0.0,0.0,0.0,6000.0,6000.0
2025-01-07,102,16:50,17:00,1032.602917,1055.7979169999999,1032.602917,0.0,0.0,0.0,0.0,6000.0,6000.0
2025-01-07,103,17:00,17:10,1013.456967,1056.33155,1013.456967,0.0,0.0,0.0,0.0,6000.0,6000.0
2025-01-07,104,17:10,17:20,1022.063633,1034.5905003333,1022.063633,0.0,0.0,0.0,0.0,6000.0,6000.0
2025-01-07,105,17:20,17:30,1058.555,1025.566667,1025.566667,32.98833300000001,0.0,0.0,0.0,6000.0,6000.0
2025-01-07,106,17:30,17:40,1095.1346,1047.066617,1047.066617,48.06798300000014,0.0,0.0,0.0,6000.0,6000.0
2025-01-07,107,17:40,17:50,946.9503667,945.4252167000001,945.4252167000001,1.5251499999999396,0.0,0.0,0.0,6000.0,6000.0
2025-01-07,108,17:50,18:00,712.1733333,759.2116667,712.1733333,0.0,0.0,0.0,0.0,6000.0,6000.0
2025-01-07,109,18:00,18:10,694.2027667,698.3793333,694.2027667,0.0,0.0,0.0,0.0,6000.0,6000.0
2025-01-07,110,18:10,18:20,732.0862,715.221116666667,715.221116666667,16.86508333333302,0.0,0.0,0.0,6000.0,6000.0
2025-01-07,111,18:20,18:30,729.9816667,746.9366667,729.9816667,0.0,0.0,0.0,0.0,6000.0,6000.0
2025-01-07,112,18:30,18:40,750.15395,775.4515,750.15395,0.0,0.0,0.0,0.0,6000.0,6000.0
2025-01-07,113,18:40,18:50,751.1370667,756.7278833333334,751.1370667,0.0,0.0,0.0,0.0,6000.0,6000.0
2025-01-07,114,18:50,19:00,733.7933333,709.5566667,709.5566667,24.23666659999992,0.0,0.0,0.0,6000.0,6000.0
2025-01-07,115,19:00,19:10,747.6879333,703.2557333,703.2557333,44.43220000000008,0.0,0.0,0.0,6000.0,6000.0
2025-01-07,116,19:10,19:20,757.6117333,729.3862,729.3862,28.225533299999938,0.0,0.0,0.0,6000.0,6000.0
2025-01-07,117,19:20,19:30,742.7633333,752.8483333,742.7633333,0.0,0.0,0.0,0.0,6000.0,6000.0
2025-01-07,118,19:30,19:40,717.8656667,748.1271833,717.8656667,0.0,0.0,0.0,0.0,6000.0,6000.0
2025-01-07,119,19:40,19:50,694.6878833,751.6427,694.6878833,0.0,0.0,0.0,0.0,6000.0,6000.0
2025-01-07,120,19:50,20:00,694.0033333,764.9416667,694.0033333,0.0,0.0,0.0,0.0,6000.0,6000.0
2025-01-07,121,20:00,20:10,729.1727167,751.5444167,729.1727167,0.0,0.0,0.0,0.0,6000.0,6000.0
2025-01-07,122,20:10,20:20,746.2967333,724.6834,724.6834,21.613333300000022,0.0,0.0,0.0,6000.0,6000.0
2025-01-07,123,20:20,20:30,741.8833333,713.01,713.01,28.873333300000013,0.0,0.0,0.0,6000.0,6000.0
2025-01-07,124,20:30,20:40,756.4752333,735.1451167,735.1451167,21.330116599999997,0.0,0.0,0.0,6000.0,6000.0
2025-01-07,125,20:40,20:50,741.1413,760.8267167,741.1413,0.0,0.0,0.0,0.0,6000.0,6000.0
2025-01-07,126,20:50,21:00,708.505,769.9816667,708.505,0.0,0.0,0.0,0.0,6000.0,6000.0
2025-01-07,127,21:00,21:10,724.1612,763.4571167,724.1612,0.0,0.0,0.0,0.0,6000.0,6000.0
2025-01-07,128,21:10,21:20,731.1408,737.8627833,731.1408,0.0,0.0,0.0,0.0,6000.0,6000.0
2025-01-07,129,21:20,21:30,736.515,730.0516667,730.0516667,6.463333299999931,0.0,0.0,0.0,6000.0,6000.0
2025-01-07,130,21:30,21:40,786.3264667,771.5217167,771.5217167,14.804750000000013,0.0,0.0,0.0,6000.0,6000.0
2025-01-07,131,21:40,21:50,711.90145,715.6154,711.90145,0.0,0.0,0.0,0.0,6000.0,6000.0
2025-01-07,132,21:50,22:00,559.2916667,585.9316667,559.2916667,0.0,0.0,0.0,0.0,6000.0,6000.0
2025-01-07,133,22:00,22:10,555.71955,559.69595,555.71955,0.0,0.0,0.0,0.0,6000.0,6000.0
2025-01-07,134,22:10,22:20,581.2701833,570.9604,570.9604,10.309783299999935,0.0,0.0,0.0,6000.0,6000.0
2025-01-07,135,22:20,22:30,562.8116667,566.3416667,562.8116667,0.0,0.0,0.0,0.0,6000.0,6000.0
2025-01-07,136,22:30,22:40,551.3763833,563.5174333,551.3763833,0.0,0.0,0.0,0.0,6000.0,6000.0
2025-01-07,137,22:40,22:50,549.1314833,562.2307167,549.1314833,0.0,0.0,0.0,0.0,6000.0,6000.0
2025-01-07,138,22:50,23:00,557.9616667,573.1433333,557.9616667,0.0,0.0,0.0,0.0,6000.0,6000.0
2025-01-07,139,23:00,23:10,583.5299333,607.9602167,583.5299333,0.0,0.0,0.0,0.0,6000.0,6000.0
2025-01-07,140,23:10,23:20,594.66525,619.9824333,594.66525,0.0,0.0,0.0,0.0,6000.0,6000.0
2025-01-07,141,23:20,23:30,591.5566667,601.48,591.5566667,0.0,0.0,0.0,0.0,6000.0,6000.0
2025-01-07,142,23:30,23:40,602.1643333,586.9800333,586.9800333,15.184300000000007,0.0,0.0,0.0,6000.0,6000.0
2025-01-07,143,23:40,23:50,604.4895833,567.1116167,567.1116167,37.377966600000036,0.0,0.0,0.0,6000.0,6000.0
2025-01-07,144,23:50,24:00,605.035,567.9683333,567.9683333,37.06666669999993,0.0,0.0,0.0,6000.0,6000.0
2025-01-08,1,00:00,00:10,634.1137833,623.5018333,623.5018333,10.611949999999979,0.0,0.0,0.0,6000.0,6000.0
2025-01-08,2,00:10,00:20,652.5348833,618.4973,618.4973,34.03758330000005,0.0,0.0,0.0,6000.0,6000.0
2025-01-08,3,00:20,00:30,626.1716667,571.0066667,571.0066667,55.164999999999964,0.0,0.0,0.0,6000.0,6000.0
2025-01-08,4,00:30,00:40,566.1060167,613.1864667,566.1060167,0.0,0.0,0.0,0.0,6000.0,6000.0
2025-01-08,5,00:40,00:50,567.17295,654.0969833,567.17295,0.0,0.0,0.0,0.0,6000.0,6000.0
2025-01-08,6,00:50,01:00,619.8166667,654.025,619.8166667,0.0,0.0,0.0,0.0,6000.0,6000.0
2025-01-08,7,01:00,01:10,621.4441333,661.0716833,621.4441333,0.0,0.0,0.0,0.0,6000.0,6000.0
2025-01-08,8,01:10,01:20,597.452,641.8623,597.452,0.0,0.0,0.0,0.0,6000.0,6000.0
2025-01-08,9,01:20,01:30,602.7116667,604.89,602.7116667,0.0,0.0,0.0,0.0,6000.0,6000.0
2025-01-08,10,01:30,01:40,655.6580667,605.5048667,605.5048667,50.15319999999997,0.0,0.0,0.0,6000.0,6000.0
2025-01-08,11,01:40,01:50,651.8044167,632.82515,632.82515,18.97926670000004,0.0,0.0,0.0,6000.0,6000.0
2025-01-08,12,01:50,02:00,620.58,660.4033333,620.58,0.0,0.0,0.0,0.0,6000.0,6000.0
2025-01-08,13,02:00,02:10,684.2158333,670.6950167,670.6950167,13.52081659999999,0.0,0.0,0.0,6000.0,6000.0
2025-01-08,14,02:10,02:20,687.6279,674.4618,674.4618,13.166099999999915,0.0,0.0,0.0,6000.0,6000.0
2025-01-08,15,02:20,02:30,629.6633333,677.03,629.6633333,0.0,0.0,0.0,0.0,6000.0,6000.0
2025-01-08,16,02:30,02:40,667.8491,672.16295,667.8491,0.0,0.0,0.0,0.0,6000.0,6000.0
2025-01-08,17,02:40,02:50,699.57645,657.8791167,657.8791167,41.69733329999997,0.0,0.0,0.0,6000.0,6000.0
2025-01-08,18,02:50,03:00,678.0283333,645.55,645.55,32.47833330000003,0.0,0.0,0.0,6000.0,6000.0
2025-01-08,19,03:00,03:10,667.9764667,649.4781167,649.4781167,18.49834999999996,0.0,0.0,0.0,6000.0,6000.0
2025-01-08,20,03:10,03:20,686.3080333,648.51725,648.51725,37.790783300000044,0.0,0.0,0.0,6000.0,6000.0
2025-01-08,21,03:20,03:30,712.835,645.1716667,645.1716667,67.66333330000009,0.0,0.0,0.0,6000.0,6000.0
2025-01-08,22,03:30,03:40,717.4963167,661.4518167,661.4518167,56.04449999999997,0.0,0.0,0.0,6000.0,6000.0
2025-01-08,23,03:40,03:50,724.3644667,668.7802333,668.7802333,55.584233400000016,0.0,0.0,0.0,6000.0,6000.0
2025-01-08,24,03:50,04:00,740.1066667,670.45,670.45,69.65666669999996,0.0,0.0,0.0,6000.0,6000.0
2025-01-08,25,04:00,04:10,741.62825,695.564,695.564,46.064250000000015,0.0,0.0,0.0,6000.0,6000.0
2025-01-08,26,04:10,04:20,713.5997333,699.6988,699.6988,13.90093330000002,0.0,0.0,0.0,6000.0,6000.0
2025-01-08,27,04:20,04:30,688.8083333,681.8783333,681.8783333,6.92999999999995,0.0,0.0,0.0,6000.0,6000.0
2025-01-08,28,04:30,04:40,715.7632667,689.5033333,689.5033333,26.259933400000023,0.0,0.0,0.0,6000.0,6000.0
2025-01-08,29,04:40,04:50,726.0193833,714.2354667,714.2354667,11.783916599999998,0.0,0.0,0.0,6000.0,6000.0
2025-01-08,30,04:50,05:00,700.7333333,734.0783333,700.7333333,0.0,0.0,0.0,0.0,6000.0,6000.0
2025-01-08,31,05:00,05:10,688.2134833,731.4114833666667,688.2134833,0.0,0.0,0.0,0.0,6000.0,6000.0
2025-01-08,32,05:10,05:20,688.1272667,703.3788,688.1272667,0.0,0.0,0.0,0.0,6000.0,6000.0
2025-01-08,33,05:20,05:30,690.0316667,675.9316667,675.9316667,14.099999999999909,0.0,0.0,0.0,6000.0,6000.0
2025-01-08,34,05:30,05:40,705.6203833,696.558916666667,696.558916666667,9.061466633332998,0.0,0.0,0.0,6000.0,6000.0
2025-01-08,35,05:40,05:50,815.7728833,794.0757667,794.0757667,21.69711659999996,0.0,0.0,0.0,6000.0,6000.0
2025-01-08,36,05:50,06:00,943.6016667,893.795,893.795,49.80666670000005,0.0,0.0,0.0,6000.0,6000.0
2025-01-08,37,06:00,06:10,920.92346663333,883.31618333333,883.31618333333,37.60728330000006,0.0,0.0,0.0,6000.0,6000.0
2025-01-08,38,06:10,06:20,905.84575,887.00905,887.00905,18.83669999999995,0.0,0.0,0.0,6000.0,6000.0
2025-01-08,39,06:20,06:30,939.4583333,933.8866667,933.8866667,5.571666600000071,0.0,0.0,0.0,6000.0,6000.0
2025-01-08,40,06:30,06:40,910.5718667,929.46075,910.5718667,0.0,0.0,0.0,0.0,6000.0,6000.0
2025-01-08,41,06:40,06:50,898.1154167,909.1203167,898.1154167,0.0,0.0,0.0,0.0,6000.0,6000.0
2025-01-08,42,06:50,07:00,909.525,894.5741667,894.5741667,14.9508333,0.0,0.0,0.0,6000.0,6000.0
2025-01-08,43,07:00,07:10,862.64945003,858.89591667,858.89591667,3.753533360000006,0.0,0.0,0.0,6000.0,6000.0
2025-01-08,44,07:10,07:20,837.02161663,832.58945003,832.58945003,4.432166600000073,0.0,0.0,0.0,6000.0,6000.0
2025-01-08,45,07:20,07:30,821.1679167000001,791.1416667,791.1416667,30.02625000000012,0.0,0.0,0.0,6000.0,6000.0
2025-01-08,46,07:30,07:40,743.4246166999999,706.2535,706.2535,37.17111669999986,0.0,0.0,0.0,6000.0,6000.0
2025-01-08,47,07:40,07:50,801.3860996999999,787.5185997,787.5185997,13.86749999999995,0.0,0.0,0.0,6000.0,6000.0
2025-01-08,48,07:50,08:00,947.345417,954.94625,947.345417,0.0,0.0,0.0,0.0,6000.0,6000.0
2025-01-08,49,08:00,08:10,918.1005497000001,904.6934167000001,904.6934167000001,13.407133000000044,0.0,0.0,0.0,6000.0,6000.0
2025-01-08,50,08:10,08:20,838.6870337,826.9297167,826.9297167,11.757317000000057,0.0,0.0,0.0,6000.0,6000.0
2025-01-08,51,08:20,08:30,798.111667,817.1800000000001,798.111667,0.0,0.0,0.0,0.0,6000.0,6000.0
2025-01-08,52,08:30,08:40,755.9928500000001,773.210183,755.9928500000001,0.0,0.0,0.0,0.0,6000.0,6000.0
2025-01-08,53,08:40,08:50,701.2669163,690.524833,690.524833,10.742083300000104,0.0,0.0,0.0,6000.0,6000.0
2025-01-08,54,08:50,09:00,647.9499999999999,609.8583330000001,609.8583330000001,38.0916669999998,0.0,0.0,0.0,6000.0,6000.0
2025-01-08,55,09:00,09:10,613.7929169999999,575.8504999999999,575.8504999999999,37.94241699999998,0.0,0.0,0.0,6000.0,6000.0
2025-01-08,56,09:10,09:20,568.2369836999999,574.7612,568.2369836999999,0.0,0.0,0.0,0.0,6000.0,6000.0
2025-01-08,57,09:20,09:30,508.30666700000006,564.8670830000001,508.30666700000006,0.0,0.0,0.0,0.0,6000.0,6000.0
2025-01-08,58,09:30,09:40,466.5101666999999,510.5735333000001,466.5101666999999,0.0,0.0,0.0,0.0,6000.0,6000.0
2025-01-08,59,09:40,09:50,456.19139970000003,452.14429999999993,452.14429999999993,4.047099700000103,0.0,0.0,0.0,6000.0,6000.0
2025-01-08,60,09:50,10:00,445.81791699999997,417.0579170000001,417.0579170000001,28.759999999999877,0.0,0.0,0.0,6000.0,6000.0
2025-01-08,61,10:00,10:10,392.71481629999994,393.373433,392.71481629999994,0.0,0.0,0.0,0.0,6000.0,6000.0
2025-01-08,62,10:10,10:20,364.23894970000015,342.12345029999994,342.12345029999994,22.115499400000203,0.0,0.0,0.0,6000.0,6000.0
2025-01-08,63,10:20,10:30,364.9541670000001,287.82666699999993,287.82666699999993,77.12750000000017,0.0,0.0,0.0,6000.0,6000.0
2025-01-08,64,10:30,10:40,330.3875663,296.68738299999995,296.68738299999995,33.70018330000005,0.0,0.0,0.0,6000.0,6000.0
2025-01-08,65,10:40,10:50,282.12116630000014,323.03888369999993,282.12116630000014,0.0,0.0,0.0,0.0,6000.0,6000.0
2025-01-08,66,10:50,11:00,247.30833300000006,314.21333300000003,247.30833300000006,0.0,0.0,0.0,0.0,6000.0,6000.0
2025-01-08,67,11:00,11:10,226.02713329999995,265.00991669999996,226.02713329999995,0.0,0.0,0.0,0.0,6000.0,6000.0
2025-01-08,68,11:10,11:20,180.17958369999997,267.7131163,180.17958369999997,0.0,0.0,0.0,0.0,6000.0,6000.0
2025-01-08,69,11:20,11:30,116.15416700000014,314.8883330000001,116.15416700000014,0.0,0.0,0.0,0.0,6000.0,6000.0
2025-01-08,70,11:30,11:40,84.39863400000013,303.443267,84.39863400000013,0.0,0.0,0.0,0.0,6000.0,6000.0
2025-01-08,71,11:40,11:50,94.69476600000007,243.71159970000008,94.69476600000007,0.0,0.0,0.0,0.0,6000.0,6000.0
2025-01-08,72,11:50,12:00,111.3604170000001,190.56458300000008,111.3604170000001,0.0,0.0,0.0,0.0,6000.0,6000.0
2025-01-08,73,12:00,12:10,84.7484159999999,193.106183,84.7484159999999,0.0,0.0,0.0,0.0,6000.0,6000.0
2025-01-08,74,12:10,12:20,47.02794999999992,219.31473370000003,47.02794999999992,0.0,0.0,0.0,0.0,6000.0,6000.0
2025-01-08,75,12:20,12:30,25.13124999999991,244.564167,25.13124999999991,0.0,0.0,0.0,0.0,6000.0,6000.0
2025-01-08,76,12:30,12:40,21.555699999999888,274.25874969999995,21.555699999999888,0.0,0.0,0.0,0.0,6000.0,6000.0
2025-01-08,77,12:40,12:50,44.68509999999992,320.64883370000007,44.68509999999992,0.0,0.0,0.0,0.0,6000.0,6000.0
2025-01-08,78,12:50,13:00,89.564167,353.8074999999999,89.564167,0.0,0.0,0.0,0.0,6000.0,6000.0
2025-01-08,79,13:00,13:10,139.94991629999993,331.85386630000005,139.94991629999993,0.0,0.0,0.0,0.0,6000.0,6000.0
2025-01-08,80,13:10,13:20,193.8917503,334.4933337,193.8917503,0.0,0.0,0.0,0.0,6000.0,6000.0
2025-01-08,81,13:20,13:30,231.6545829999999,360.1550000000001,231.6545829999999,0.0,0.0,0.0,0.0,6000.0,6000.0
2025-01-08,82,13:30,13:40,229.56566629999986,333.68679969999994,229.56566629999986,0.0,0.0,0.0,0.0,6000.0,6000.0
2025-01-08,83,13:40,13:50,232.41666669999995,330.00226699999996,232.41666669999995,0.0,0.0,0.0,0.0,6000.0,6000.0
2025-01-08,84,13:50,14:00,259.60416699999996,366.82833300000004,259.60416699999996,0.0,0.0,0.0,0.0,6000.0,6000.0
2025-01-08,85,14:00,14:10,295.06553370000006,388.3822003,295.06553370000006,0.0,0.0,0.0,0.0,6000.0,6000.0
2025-01-08,86,14:10,14:20,350.8947830000001,426.2385499999999,350.8947830000001,0.0,0.0,0.0,0.0,6000.0,6000.0
2025-01-08,87,14:20,14:30,424.01125,481.5087500000001,424.01125,0.0,0.0,0.0,0.0,6000.0,6000.0
2025-01-08,88,14:30,14:40,489.6167663,515.7464003,489.6167663,0.0,0.0,0.0,0.0,6000.0,6000.0
2025-01-08,89,14:40,14:50,527.890467,544.4579999999999,527.890467,0.0,0.0,0.0,0.0,6000.0,6000.0
2025-01-08,90,14:50,15:00,545.8354170000001,568.933333,545.8354170000001,0.0,0.0,0.0,0.0,6000.0,6000.0
2025-01-08,91,15:00,15:10,569.2448996999999,574.1079167,569.2448996999999,0.0,0.0,0.0,0.0,6000.0,6000.0
2025-01-08,92,15:10,15:20,598.0536,591.5862167,591.5862167,6.467383299999938,0.0,0.0,0.0,6000.0,6000.0
2025-01-08,93,15:20,15:30,632.3083330000001,640.4112500000001,632.3083330000001,0.0,0.0,0.0,0.0,6000.0,6000.0
2025-01-08,94,15:30,15:40,681.591767,710.9495670000001,681.591767,0.0,0.0,0.0,0.0,6000.0,6000.0
2025-01-08,95,15:40,15:50,763.3409503,777.6891337000001,763.3409503,0.0,0.0,0.0,0.0,6000.0,6000.0
2025-01-08,96,15:50,16:00,831.6400000000001,826.643333,826.643333,4.996667000000116,0.0,0.0,0.0,6000.0,6000.0
2025-01-08,97,16:00,16:10,819.169567,861.1705663,819.169567,0.0,0.0,0.0,0.0,6000.0,6000.0
2025-01-08,98,16:10,16:20,829.2338500000001,893.5202162999999,829.2338500000001,0.0,0.0,0.0,0.0,6000.0,6000.0
2025-01-08,99,16:20,16:30,900.9420830000001,947.369167,900.9420830000001,0.0,0.0,0.0,0.0,6000.0,6000.0
2025-01-08,100,16:30,16:40,970.9777170000001,1031.6136669999999,970.9777170000001,0.0,0.0,0.0,0.0,6000.0,6000.0
2025-01-08,101,16:40,16:50,999.50011633,1062.85168333,999.50011633,0.0,0.0,0.0,0.0,6000.0,6000.0
2025-01-08,102,16:50,17:00,1019.871667,1032.602917,1019.871667,0.0,0.0,0.0,0.0,6000.0,6000.0
2025-01-08,103,17:00,17:10,1086.1207,1013.456967,1013.456967,72.66373299999998,0.0,0.0,0.0,6000.0,6000.0
2025-01-08,104,17:10,17:20,1087.979917,1022.063633,1022.063633,65.9162839999999,0.0,0.0,0.0,6000.0,6000.0
2025-01-08,105,17:20,17:30,1039.153333,1058.555,1039.153333,0.0,0.0,0.0,0.0,6000.0,6000.0
2025-01-08,106,17:30,17:40,1050.873267,1095.1346,1050.873267,0.0,0.0,0.0,0.0,6000.0,6000.0
2025-01-08,107,17:40,17:50,920.99438333333,946.9503667,920.99438333333,0.0,0.0,0.0,0.0,6000.0,6000.0
2025-01-08,108,17:50,18:00,704.9683333,712.1733333,704.9683333,0.0,0.0,0.0,0.0,6000.0,6000.0
2025-01-08,109,18:00,18:10,688.5141,694.2027667,688.5141,0.0,0.0,0.0,0.0,6000.0,6000.0
2025-01-08,110,18:10,18:20,730.1845333666671,732.0862,730.1845333666671,0.0,0.0,0.0,0.0,6000.0,6000.0
2025-01-08,111,18:20,18:30,730.135,729.9816667,729.9816667,0.15333329999998568,0.0,0.0,0.0,6000.0,6000.0
2025-01-08,112,18:30,18:40,728.8338,750.15395,728.8338,0.0,0.0,0.0,0.0,6000.0,6000.0
2025-01-08,113,18:40,18:50,720.3679333333333,751.1370667,720.3679333333333,0.0,0.0,0.0,0.0,6000.0,6000.0
2025-01-08,114,18:50,19:00,709.36,733.7933333,709.36,0.0,0.0,0.0,0.0,6000.0,6000.0
2025-01-08,115,19:00,19:10,715.7542667,747.6879333,715.7542667,0.0,0.0,0.0,0.0,6000.0,6000.0
2025-01-08,116,19:10,19:20,725.89945,757.6117333,725.89945,0.0,0.0,0.0,0.0,6000.0,6000.0
2025-01-08,117,19:20,19:30,725.3383333,742.7633333,725.3383333,0.0,0.0,0.0,0.0,6000.0,6000.0
2025-01-08,118,19:30,19:40,716.5708,717.8656667,716.5708,0.0,0.0,0.0,0.0,6000.0,6000.0
2025-01-08,119,19:40,19:50,735.6900667,694.6878833,694.6878833,41.002183400000035,0.0,0.0,0.0,6000.0,6000.0
2025-01-08,120,19:50,20:00,763.0566667,694.0033333,694.0033333,69.05333340000004,0.0,0.0,0.0,6000.0,6000.0
2025-01-08,121,20:00,20:10,741.1062833,729.1727167,729.1727167,11.93356659999995,0.0,0.0,0.0,6000.0,6000.0
2025-01-08,122,20:10,20:20,715.34615,746.2967333,715.34615,0.0,0.0,0.0,0.0,6000.0,6000.0
2025-01-08,123,20:20,20:30,725.73,741.8833333,725.73,0.0,0.0,0.0,0.0,6000.0,6000.0
2025-01-08,124,20:30,20:40,765.65875,756.4752333,756.4752333,9.183516700000041,0.0,0.0,0.0,6000.0,6000.0
2025-01-08,125,20:40,20:50,773.9437,741.1413,741.1413,32.802400000000034,0.0,0.0,0.0,6000.0,6000.0
2025-01-08,126,20:50,21:00,756.2033333,708.505,708.505,47.69833330000006,0.0,0.0,0.0,6000.0,6000.0
2025-01-08,127,21:00,21:10,767.8431833,724.1612,724.1612,43.681983299999956,0.0,0.0,0.0,6000.0,6000.0
2025-01-08,128,21:10,21:20,748.1819833,731.1408,731.1408,17.041183299999943,0.0,0.0,0.0,6000.0,6000.0
2025-01-08,129,21:20,21:30,724.3933333,736.515,724.3933333,0.0,0.0,0.0,0.0,6000.0,6000.0
2025-01-08,130,21:30,21:40,771.7817333,786.3264667,771.7817333,0.0,0.0,0.0,0.0,6000.0,6000.0
2025-01-08,131,21:40,21:50,699.6481667,711.90145,699.6481667,0.0,0.0,0.0,0.0,6000.0,6000.0
2025-01-08,132,21:50,22:00,533.8833333,559.2916667,533.8833333,0.0,0.0,0.0,0.0,6000.0,6000.0
2025-01-08,133,22:00,22:10,506.9141167,555.71955,506.9141167,0.0,0.0,0.0,0.0,6000.0,6000.0
2025-01-08,134,22:10,22:20,542.7825167,581.2701833,542.7825167,0.0,0.0,0.0,0.0,6000.0,6000.0
2025-01-08,135,22:20,22:30,553.7533333,562.8116667,553.7533333,0.0,0.0,0.0,0.0,6000.0,6000.0
2025-01-08,136,22:30,22:40,537.2946833,551.3763833,537.2946833,0.0,0.0,0.0,0.0,6000.0,6000.0
2025-01-08,137,22:40,22:50,553.9089167,549.1314833,549.1314833,4.77743339999995,0.0,0.0,0.0,6000.0,6000.0
2025-01-08,138,22:50,23:00,588.045,557.9616667,557.9616667,30.083333299999936,0.0,0.0,0.0,6000.0,6000.0
2025-01-08,139,23:00,23:10,568.9827667,583.5299333,568.9827667,0.0,0.0,0.0,0.0,6000.0,6000.0
2025-01-08,140,23:10,23:20,565.6843,594.66525,565.6843,0.0,0.0,0.0,0.0,6000.0,6000.0
2025-01-08,141,23:20,23:30,594.7416667,591.5566667,591.5566667,3.1849999999999454,0.0,0.0,0.0,6000.0,6000.0
2025-01-08,142,23:30,23:40,602.7068667,602.1643333,602.1643333,0.5425334000000248,0.0,0.0,0.0,6000.0,6000.0
2025-01-08,143,23:40,23:50,607.5747,604.4895833,604.4895833,3.0851166999999577,0.0,0.0,0.0,6000.0,6000.0
2025-01-08,144,23:50,24:00,610.64,605.035,605.035,5.605000000000018,0.0,0.0,0.0,6000.0,6000.0
2025-01-09,1,00:00,00:10,593.6329,634.1137833,593.6329,0.0,0.0,0.0,0.0,6000.0,6000.0
2025-01-09,2,00:10,00:20,599.5246833,652.5348833,599.5246833,0.0,0.0,0.0,0.0,6000.0,6000.0
2025-01-09,3,00:20,00:30,627.2983333,626.1716667,626.1716667,1.1266666000000214,0.0,0.0,0.0,6000.0,6000.0
2025-01-09,4,00:30,00:40,633.51145,566.1060167,566.1060167,67.40543329999991,0.0,0.0,0.0,6000.0,6000.0
2025-01-09,5,00:40,00:50,642.20275,567.17295,567.17295,75.02980000000002,0.0,0.0,0.0,6000.0,6000.0
2025-01-09,6,00:50,01:00,659.1383333,619.8166667,619.8166667,39.32166659999996,0.0,0.0,0.0,6000.0,6000.0
2025-01-09,7,01:00,01:10,662.83455,621.4441333,621.4441333,41.39041670000006,0.0,0.0,0.0,6000.0,6000.0
2025-01-09,8,01:10,01:20,664.9293333,597.452,597.452,67.47733330000005,0.0,0.0,0.0,6000.0,6000.0
2025-01-09,9,01:20,01:30,661.2866667,602.7116667,602.7116667,58.57499999999993,0.0,0.0,0.0,6000.0,6000.0
2025-01-09,10,01:30,01:40,640.2898167,655.6580667,640.2898167,0.0,0.0,0.0,0.0,6000.0,6000.0
2025-01-09,11,01:40,01:50,654.3395833,651.8044167,651.8044167,2.5351665999999113,0.0,0.0,0.0,6000.0,6000.0
2025-01-09,12,01:50,02:00,684.5016667,620.58,620.58,63.921666699999946,0.0,0.0,0.0,6000.0,6000.0
2025-01-09,13,02:00,02:10,661.4266667,684.2158333,661.4266667,0.0,0.0,0.0,0.0,6000.0,6000.0
2025-01-09,14,02:10,02:20,659.6080333,687.6279,659.6080333,0.0,0.0,0.0,0.0,6000.0,6000.0
2025-01-09,15,02:20,02:30,678.3316667,629.6633333,629.6633333,48.66833340000005,0.0,0.0,0.0,6000.0,6000.0
2025-01-09,16,02:30,02:40,646.8873167,667.8491,646.8873167,0.0,0.0,0.0,0.0,6000.0,6000.0
2025-01-09,17,02:40,02:50,657.0931333,699.57645,657.0931333,0.0,0.0,0.0,0.0,6000.0,6000.0
2025-01-09,18,02:50,03:00,705.88,678.0283333,678.0283333,27.85166670000001,0.0,0.0,0.0,6000.0,6000.0
2025-01-09,19,03:00,03:10,694.448,667.9764667,667.9764667,26.471533300000033,0.0,0.0,0.0,6000.0,6000.0
2025-01-09,20,03:10,03:20,684.30345,686.3080333,684.30345,0.0,0.0,0.0,0.0,6000.0,6000.0
2025-01-09,21,03:20,03:30,692.5983333,712.835,692.5983333,0.0,0.0,0.0,0.0,6000.0,6000.0
2025-01-09,22,03:30,03:40,672.86195,717.4963167,672.86195,0.0,0.0,0.0,0.0,6000.0,6000.0
2025-01-09,23,03:40,03:50,665.6706167,724.3644667,665.6706167,0.0,0.0,0.0,0.0,6000.0,6000.0
2025-01-09,24,03:50,04:00,684.3433333,740.1066667,684.3433333,0.0,0.0,0.0,0.0,6000.0,6000.0
2025-01-09,25,04:00,04:10,696.5685333,741.62825,696.5685333,0.0,0.0,0.0,0.0,6000.0,6000.0
2025-01-09,26,04:10,04:20,688.2587833,713.5997333,688.2587833,0.0,0.0,0.0,0.0,6000.0,6000.0
2025-01-09,27,04:20,04:30,670.7583333,688.8083333,670.7583333,0.0,0.0,0.0,0.0,6000.0,6000.0
2025-01-09,28,04:30,04:40,670.3511333,715.7632667,670.3511333,0.0,0.0,0.0,0.0,6000.0,6000.0
2025-01-09,29,04:40,04:50,691.0580333,726.0193833,691.0580333,0.0,0.0,0.0,0.0,6000.0,6000.0
2025-01-09,30,04:50,05:00,714.8266667,700.7333333,700.7333333,14.093333400000006,0.0,0.0,0.0,6000.0,6000.0
2025-01-09,31,05:00,05:10,719.9364167,688.2134833,688.2134833,31.722933399999988,0.0,0.0,0.0,6000.0,6000.0
2025-01-09,32,05:10,05:20,732.0131,688.1272667,688.1272667,43.88583330000006,0.0,0.0,0.0,6000.0,6000.0
2025-01-09,33,05:20,05:30,717.7866667,690.0316667,690.0316667,27.754999999999995,0.0,0.0,0.0,6000.0,6000.0
2025-01-09,34,05:30,05:40,643.6576667,705.6203833,643.6576667,0.0,0.0,0.0,0.0,6000.0,6000.0
2025-01-09,35,05:40,05:50,742.2176667,815.7728833,742.2176667,0.0,0.0,0.0,0.0,6000.0,6000.0
2025-01-09,36,05:50,06:00,945.8383333,943.6016667,943.6016667,2.236666600000035,0.0,0.0,0.0,6000.0,6000.0
2025-01-09,37,06:00,06:10,940.89735003333,920.92346663333,920.92346663333,19.973883399999977,0.0,0.0,0.0,6000.0,6000.0
2025-01-09,38,06:10,06:20,891.9264167,905.84575,891.9264167,0.0,0.0,0.0,0.0,6000.0,6000.0
2025-01-09,39,06:20,06:30,900.0183333,939.4583333,900.0183333,0.0,0.0,0.0,0.0,6000.0,6000.0
2025-01-09,40,06:30,06:40,897.7531000333,910.5718667,897.7531000333,0.0,0.0,0.0,0.0,6000.0,6000.0
2025-01-09,41,06:40,06:50,893.2302833,898.1154167,893.2302833,0.0,0.0,0.0,0.0,6000.0,6000.0
2025-01-09,42,06:50,07:00,891.1112499999999,909.525,891.1112499999999,0.0,0.0,0.0,0.0,6000.0,6000.0
2025-01-09,43,07:00,07:10,871.2836667,862.64945003,862.64945003,8.63421667,0.0,0.0,0.0,6000.0,6000.0
2025-01-09,44,07:10,07:20,848.7352833699999,837.02161663,837.02161663,11.713666739999894,0.0,0.0,0.0,6000.0,6000.0
2025-01-09,45,07:20,07:30,809.315,821.1679167000001,809.315,0.0,0.0,0.0,0.0,6000.0,6000.0
2025-01-09,46,07:30,07:40,747.9700667,743.4246166999999,743.4246166999999,4.5454500000000735,0.0,0.0,0.0,6000.0,6000.0
2025-01-09,47,07:40,07:50,828.8661669999999,801.3860996999999,801.3860996999999,27.480067299999973,0.0,0.0,0.0,6000.0,6000.0
2025-01-09,48,07:50,08:00,960.0899999999999,947.345417,947.345417,12.74458299999992,0.0,0.0,0.0,6000.0,6000.0
2025-01-09,49,08:00,08:10,875.6734337,918.1005497000001,875.6734337,0.0,0.0,0.0,0.0,6000.0,6000.0
2025-01-09,50,08:10,08:20,797.1376003,838.6870337,797.1376003,0.0,0.0,0.0,0.0,6000.0,6000.0
2025-01-09,51,08:20,08:30,811.1374999999999,798.111667,798.111667,13.02583299999992,0.0,0.0,0.0,6000.0,6000.0
2025-01-09,52,08:30,08:40,779.5016166999999,755.9928500000001,755.9928500000001,23.508766699999796,0.0,0.0,0.0,6000.0,6000.0
2025-01-09,53,08:40,08:50,705.2428497000001,701.2669163,701.2669163,3.975933400000031,0.0,0.0,0.0,6000.0,6000.0
2025-01-09,54,08:50,09:00,638.699583,647.9499999999999,638.699583,0.0,0.0,0.0,0.0,6000.0,6000.0
2025-01-09,55,09:00,09:10,614.206483,613.7929169999999,613.7929169999999,0.4135660000001735,0.0,0.0,0.0,6000.0,6000.0
2025-01-09,56,09:10,09:20,569.1749503,568.2369836999999,568.2369836999999,0.9379666000000952,0.0,0.0,0.0,6000.0,6000.0
2025-01-09,57,09:20,09:30,502.679583,508.30666700000006,502.679583,0.0,0.0,0.0,0.0,6000.0,6000.0
2025-01-09,58,09:30,09:40,477.70449969999993,466.5101666999999,466.5101666999999,11.194333000000029,0.0,0.0,0.0,6000.0,6000.0
2025-01-09,59,09:40,09:50,469.5129333000001,456.19139970000003,456.19139970000003,13.321533600000066,0.0,0.0,0.0,6000.0,6000.0
2025-01-09,60,09:50,10:00,444.5954169999999,445.81791699999997,444.5954169999999,0.0,0.0,0.0,0.0,6000.0,6000.0
2025-01-09,61,10:00,10:10,392.76279999999997,392.71481629999994,392.71481629999994,0.047983700000031604,0.0,0.0,0.0,6000.0,6000.0
2025-01-09,62,10:10,10:20,339.45048370000006,364.23894970000015,339.45048370000006,0.0,0.0,0.0,0.0,6000.0,6000.0
2025-01-09,63,10:20,10:30,290.48749999999995,364.9541670000001,290.48749999999995,0.0,0.0,0.0,0.0,6000.0,6000.0
2025-01-09,64,10:30,10:40,231.98289970000008,330.3875663,231.98289970000008,0.0,0.0,0.0,0.0,6000.0,6000.0
2025-01-09,65,10:40,10:50,184.30798299999992,282.12116630000014,184.30798299999992,0.0,0.0,0.0,0.0,6000.0,6000.0
2025-01-09,66,10:50,11:00,170.16166700000008,247.30833300000006,170.16166700000008,0.0,0.0,0.0,0.0,6000.0,6000.0
2025-01-09,67,11:00,11:10,191.82098329999997,226.02713329999995,191.82098329999997,0.0,0.0,0.0,0.0,6000.0,6000.0
2025-01-09,68,11:10,11:20,198.4974830000001,180.17958369999997,180.17958369999997,18.317899300000136,0.0,0.0,0.0,6000.0,6000.0
2025-01-09,69,11:20,11:30,181.33375000000012,116.15416700000014,116.15416700000014,65.17958299999998,0.0,0.0,0.0,6000.0,6000.0
2025-01-09,70,11:30,11:40,172.77621699999997,84.39863400000013,84.39863400000013,88.37758299999985,0.0,0.0,0.0,6000.0,6000.0
2025-01-09,71,11:40,11:50,151.23633299999995,94.69476600000007,94.69476600000007,56.54156699999987,0.0,0.0,0.0,6000.0,6000.0
2025-01-09,72,11:50,12:00,109.49958300000003,111.3604170000001,109.49958300000003,0.0,0.0,0.0,0.0,6000.0,6000.0
2025-01-09,73,12:00,12:10,78.29783399999997,84.7484159999999,78.29783399999997,0.0,0.0,0.0,0.0,6000.0,6000.0
2025-01-09,74,12:10,12:20,121.22564969999996,47.02794999999992,47.02794999999992,74.19769970000004,0.0,0.0,0.0,6000.0,6000.0
2025-01-09,75,12:20,12:30,196.74,25.13124999999991,25.13124999999991,171.6087500000001,0.0,0.0,0.0,6000.0,6000.0
2025-01-09,76,12:30,12:40,201.6345,21.555699999999888,21.555699999999888,180.07880000000011,0.0,0.0,0.0,6000.0,6000.0
2025-01-09,77,12:40,12:50,231.59291630000007,44.68509999999992,44.68509999999992,186.90781630000015,0.0,0.0,0.0,6000.0,6000.0
2025-01-09,78,12:50,13:00,282.728333,89.564167,89.564167,193.16416600000002,0.0,0.0,0.0,6000.0,6000.0
2025-01-09,79,13:00,13:10,252.07169999999996,139.94991629999993,139.94991629999993,112.12178370000004,0.0,0.0,0.0,6000.0,6000.0
2025-01-09,80,13:10,13:20,237.43124970000008,193.8917503,193.8917503,43.53949940000007,0.0,0.0,0.0,6000.0,6000.0
2025-01-09,81,13:20,13:30,273.8737500000001,231.6545829999999,231.6545829999999,42.2191670000002,0.0,0.0,0.0,6000.0,6000.0
2025-01-09,82,13:30,13:40,302.7640997,229.56566629999986,229.56566629999986,73.19843340000011,0.0,0.0,0.0,6000.0,6000.0
2025-01-09,83,13:40,13:50,346.3191667000001,232.41666669999995,232.41666669999995,113.90250000000015,0.0,0.0,0.0,6000.0,6000.0
2025-01-09,84,13:50,14:00,386.8004169999999,259.60416699999996,259.60416699999996,127.19624999999996,0.0,0.0,0.0,6000.0,6000.0
2025-01-09,85,14:00,14:10,377.17201699999987,295.06553370000006,295.06553370000006,82.10648329999981,0.0,0.0,0.0,6000.0,6000.0
2025-01-09,86,14:10,14:20,394.63729969999997,350.8947830000001,350.8947830000001,43.742516699999896,0.0,0.0,0.0,6000.0,6000.0
2025-01-09,87,14:20,14:30,450.72791700000005,424.01125,424.01125,26.71666700000003,0.0,0.0,0.0,6000.0,6000.0
2025-01-09,88,14:30,14:40,482.78806670000006,489.6167663,482.78806670000006,0.0,0.0,0.0,0.0,6000.0,6000.0
2025-01-09,89,14:40,14:50,519.5130336999999,527.890467,519.5130336999999,0.0,0.0,0.0,0.0,6000.0,6000.0
2025-01-09,90,14:50,15:00,578.8091669999999,545.8354170000001,545.8354170000001,32.97374999999977,0.0,0.0,0.0,6000.0,6000.0
2025-01-09,91,15:00,15:10,640.0978337000001,569.2448996999999,569.2448996999999,70.85293400000023,0.0,0.0,0.0,6000.0,6000.0
2025-01-09,92,15:10,15:20,669.83805,598.0536,598.0536,71.78444999999999,0.0,0.0,0.0,6000.0,6000.0
2025-01-09,93,15:20,15:30,681.427917,632.3083330000001,632.3083330000001,49.11958399999992,0.0,0.0,0.0,6000.0,6000.0
2025-01-09,94,15:30,15:40,721.9547003,681.591767,681.591767,40.36293330000001,0.0,0.0,0.0,6000.0,6000.0
2025-01-09,95,15:40,15:50,774.5626499999998,763.3409503,763.3409503,11.221699699999817,0.0,0.0,0.0,6000.0,6000.0
2025-01-09,96,15:50,16:00,817.095,831.6400000000001,817.095,0.0,0.0,0.0,0.0,6000.0,6000.0
2025-01-09,97,16:00,16:10,845.6971503,819.169567,819.169567,26.527583299999947,0.0,0.0,0.0,6000.0,6000.0
2025-01-09,98,16:10,16:20,883.3604169999999,829.2338500000001,829.2338500000001,54.126566999999795,0.0,0.0,0.0,6000.0,6000.0
2025-01-09,99,16:20,16:30,926.995,900.9420830000001,900.9420830000001,26.052916999999866,0.0,0.0,0.0,6000.0,6000.0
2025-01-09,100,16:30,16:40,954.80005,970.9777170000001,954.80005,0.0,0.0,0.0,0.0,6000.0,6000.0
2025-01-09,101,16:40,16:50,998.2101336699999,999.50011633,998.2101336699999,0.0,0.0,0.0,0.0,6000.0,6000.0
2025-01-09,102,16:50,17:00,1043.23625,1019.871667,1019.871667,23.364582999999925,0.0,0.0,0.0,6000.0,6000.0
2025-01-09,103,17:00,17:10,1040.658217,1086.1207,1040.658217,0.0,0.0,0.0,0.0,6000.0,6000.0
2025-01-09,104,17:10,17:20,1040.411817,1087.979917,1040.411817,0.0,0.0,0.0,0.0,6000.0,6000.0
2025-01-09,105,17:20,17:30,1057.898333,1039.153333,1039.153333,18.74500000000012,0.0,0.0,0.0,6000.0,6000.0
2025-01-09,106,17:30,17:40,1043.88335,1050.873267,1043.88335,0.0,0.0,0.0,0.0,6000.0,6000.0
2025-01-09,107,17:40,17:50,905.0050999666701,920.99438333333,905.0050999666701,0.0,0.0,0.0,0.0,6000.0,6000.0
2025-01-09,108,17:50,18:00,726.7866667,704.9683333,704.9683333,21.818333399999915,0.0,0.0,0.0,6000.0,6000.0
2025-01-09,109,18:00,18:10,708.26135,688.5141,688.5141,19.747250000000008,0.0,0.0,0.0,6000.0,6000.0
2025-01-09,110,18:10,18:20,746.7388666999999,730.1845333666671,730.1845333666671,16.554333333332806,0.0,0.0,0.0,6000.0,6000.0
2025-01-09,111,18:20,18:30,753.7033333,730.135,730.135,23.568333300000063,0.0,0.0,0.0,6000.0,6000.0
2025-01-09,112,18:30,18:40,738.3958667,728.8338,728.8338,9.56206670000006,0.0,0.0,0.0,6000.0,6000.0
2025-01-09,113,18:40,18:50,732.5549167,720.3679333333333,720.3679333333333,12.18698336666671,0.0,0.0,0.0,6000.0,6000.0
2025-01-09,114,18:50,19:00,735.8883333,709.36,709.36,26.528333299999986,0.0,0.0,0.0,6000.0,6000.0
2025-01-09,115,19:00,19:10,724.5254333,715.7542667,715.7542667,8.771166600000015,0.0,0.0,0.0,6000.0,6000.0
2025-01-09,116,19:10,19:20,725.2221333,725.89945,725.2221333,0.0,0.0,0.0,0.0,6000.0,6000.0
2025-01-09,117,19:20,19:30,740.72,725.3383333,725.3383333,15.381666699999982,0.0,0.0,0.0,6000.0,6000.0
2025-01-09,118,19:30,19:40,744.2487333,716.5708,716.5708,27.677933300000063,0.0,0.0,0.0,6000.0,6000.0
2025-01-09,119,19:40,19:50,738.9341667,735.6900667,735.6900667,3.244100000000003,0.0,0.0,0.0,6000.0,6000.0
2025-01-09,120,19:50,20:00,727.7816667,763.0566667,727.7816667,0.0,0.0,0.0,0.0,6000.0,6000.0
2025-01-09,121,20:00,20:10,712.6180333,741.1062833,712.6180333,0.0,0.0,0.0,0.0,6000.0,6000.0
2025-01-09,122,20:10,20:20,720.4747333,715.34615,715.34615,5.128583300000059,0.0,0.0,0.0,6000.0,6000.0
2025-01-09,123,20:20,20:30,737.265,725.73,725.73,11.534999999999968,0.0,0.0,0.0,6000.0,6000.0
2025-01-09,124,20:30,20:40,724.8512,765.65875,724.8512,0.0,0.0,0.0,0.0,6000.0,6000.0
2025-01-09,125,20:40,20:50,735.8116833,773.9437,735.8116833,0.0,0.0,0.0,0.0,6000.0,6000.0
2025-01-09,126,20:50,21:00,775.1783333,756.2033333,756.2033333,18.97499999999991,0.0,0.0,0.0,6000.0,6000.0
2025-01-09,127,21:00,21:10,786.89825,767.8431833,767.8431833,19.055066699999998,0.0,0.0,0.0,6000.0,6000.0
2025-01-09,128,21:10,21:20,756.1267167,748.1819833,748.1819833,7.944733400000018,0.0,0.0,0.0,6000.0,6000.0
2025-01-09,129,21:20,21:30,737.28,724.3933333,724.3933333,12.886666699999978,0.0,0.0,0.0,6000.0,6000.0
2025-01-09,130,21:30,21:40,781.5158833,771.7817333,771.7817333,9.73415,0.0,0.0,0.0,6000.0,6000.0
2025-01-09,131,21:40,21:50,706.2948333,699.6481667,699.6481667,6.646666600000003,0.0,0.0,0.0,6000.0,6000.0
2025-01-09,132,21:50,22:00,544.4316667,533.8833333,533.8833333,10.548333400000047,0.0,0.0,0.0,6000.0,6000.0
2025-01-09,133,22:00,22:10,521.8748167,506.9141167,506.9141167,14.960699999999974,0.0,0.0,0.0,6000.0,6000.0
2025-01-09,134,22:10,22:20,544.5650667,542.7825167,542.7825167,1.7825500000000147,0.0,0.0,0.0,6000.0,6000.0
2025-01-09,135,22:20,22:30,552.1366667,553.7533333,552.1366667,0.0,0.0,0.0,0.0,6000.0,6000.0
2025-01-09,136,22:30,22:40,584.8221333,537.2946833,537.2946833,47.527450000000044,0.0,0.0,0.0,6000.0,6000.0
2025-01-09,137,22:40,22:50,618.6851167,553.9089167,553.9089167,64.77620000000002,0.0,0.0,0.0,6000.0,6000.0
2025-01-09,138,22:50,23:00,618.87,588.045,588.045,30.825000000000045,0.0,0.0,0.0,6000.0,6000.0
2025-01-09,139,23:00,23:10,577.9995667,568.9827667,568.9827667,9.01679999999999,0.0,0.0,0.0,6000.0,6000.0
2025-01-09,140,23:10,23:20,569.48735,565.6843,565.6843,3.8030499999999847,0.0,0.0,0.0,6000.0,6000.0
2025-01-09,141,23:20,23:30,607.2316667,594.7416667,594.7416667,12.490000000000009,0.0,0.0,0.0,6000.0,6000.0
2025-01-09,142,23:30,23:40,624.5394833,602.7068667,602.7068667,21.83261660000005,0.0,0.0,0.0,6000.0,6000.0
2025-01-09,143,23:40,23:50,555.9524167,607.5747,555.9524167,0.0,0.0,0.0,0.0,6000.0,6000.0
2025-01-09,144,23:50,24:00,451.63,610.64,451.63,0.0,0.0,0.0,0.0,6000.0,6000.0
2025-01-10,1,00:00,00:10,431.89035,593.6329,431.89035,0.0,0.0,0.0,0.0,6000.0,6000.0
2025-01-10,2,00:10,00:20,442.5772167,599.5246833,442.5772167,0.0,0.0,0.0,0.0,6000.0,6000.0
2025-01-10,3,00:20,00:30,444.43,627.2983333,444.43,0.0,0.0,0.0,0.0,6000.0,6000.0
2025-01-10,4,00:30,00:40,450.3699,633.51145,450.3699,0.0,0.0,0.0,0.0,6000.0,6000.0
2025-01-10,5,00:40,00:50,444.6617167,642.20275,444.6617167,0.0,0.0,0.0,0.0,6000.0,6000.0
2025-01-10,6,00:50,01:00,442.505,659.1383333,442.505,0.0,0.0,0.0,0.0,6000.0,6000.0
2025-01-10,7,01:00,01:10,474.3875167,662.83455,474.3875167,0.0,0.0,0.0,0.0,6000.0,6000.0
2025-01-10,8,01:10,01:20,480.7295167,664.9293333,480.7295167,0.0,0.0,0.0,0.0,6000.0,6000.0
2025-01-10,9,01:20,01:30,465.505,661.2866667,465.505,0.0,0.0,0.0,0.0,6000.0,6000.0
2025-01-10,10,01:30,01:40,491.04435,640.2898167,491.04435,0.0,0.0,0.0,0.0,6000.0,6000.0
2025-01-10,11,01:40,01:50,509.2910833,654.3395833,509.2910833,0.0,0.0,0.0,0.0,6000.0,6000.0
2025-01-10,12,01:50,02:00,493.0966667,684.5016667,493.0966667,0.0,0.0,0.0,0.0,6000.0,6000.0
2025-01-10,13,02:00,02:10,469.2202667,661.4266667,469.2202667,0.0,0.0,0.0,0.0,6000.0,6000.0
2025-01-10,14,02:10,02:20,479.66675,659.6080333,479.66675,0.0,0.0,0.0,0.0,6000.0,6000.0
2025-01-10,15,02:20,02:30,511.3616667,678.3316667,511.3616667,0.0,0.0,0.0,0.0,6000.0,6000.0
2025-01-10,16,02:30,02:40,511.3307833,646.8873167,511.3307833,0.0,0.0,0.0,0.0,6000.0,6000.0
2025-01-10,17,02:40,02:50,500.0067333,657.0931333,500.0067333,0.0,0.0,0.0,0.0,6000.0,6000.0
2025-01-10,18,02:50,03:00,508.1033333,705.88,508.1033333,0.0,0.0,0.0,0.0,6000.0,6000.0
2025-01-10,19,03:00,03:10,541.6630167,694.448,541.6630167,0.0,0.0,0.0,0.0,6000.0,6000.0
2025-01-10,20,03:10,03:20,545.4906833,684.30345,545.4906833,0.0,0.0,0.0,0.0,6000.0,6000.0
2025-01-10,21,03:20,03:30,508.355,692.5983333,508.355,0.0,0.0,0.0,0.0,6000.0,6000.0
2025-01-10,22,03:30,03:40,478.1484,672.86195,478.1484,0.0,0.0,0.0,0.0,6000.0,6000.0
2025-01-10,23,03:40,03:50,499.49885,665.6706167,499.49885,0.0,0.0,0.0,0.0,6000.0,6000.0
2025-01-10,24,03:50,04:00,546.195,684.3433333,546.195,0.0,0.0,0.0,0.0,6000.0,6000.0
2025-01-10,25,04:00,04:10,544.99455,696.5685333,544.99455,0.0,0.0,0.0,0.0,6000.0,6000.0
2025-01-10,26,04:10,04:20,512.7320333,688.2587833,512.7320333,0.0,0.0,0.0,0.0,6000.0,6000.0
2025-01-10,27,04:20,04:30,505.6516667,670.7583333,505.6516667,0.0,0.0,0.0,0.0,6000.0,6000.0
2025-01-10,28,04:30,04:40,561.8098167,670.3511333,561.8098167,0.0,0.0,0.0,0.0,6000.0,6000.0
2025-01-10,29,04:40,04:50,586.96135,691.0580333,586.96135,0.0,0.0,0.0,0.0,6000.0,6000.0
2025-01-10,30,04:50,05:00,566.5133333,714.8266667,566.5133333,0.0,0.0,0.0,0.0,6000.0,6000.0
2025-01-10,31,05:00,05:10,573.4412667,719.9364167,573.4412667,0.0,0.0,0.0,0.0,6000.0,6000.0
2025-01-10,32,05:10,05:20,580.8068667,732.0131,580.8068667,0.0,0.0,0.0,0.0,6000.0,6000.0
2025-01-10,33,05:20,05:30,568.0233333,717.7866667,568.0233333,0.0,0.0,0.0,0.0,6000.0,6000.0
2025-01-10,34,05:30,05:40,550.044900033333,643.6576667,550.044900033333,0.0,0.0,0.0,0.0,6000.0,6000.0
2025-01-10,35,05:40,05:50,552.3874833,742.2176667,552.3874833,0.0,0.0,0.0,0.0,6000.0,6000.0
2025-01-10,36,05:50,06:00,572.4733333,945.8383333,572.4733333,0.0,0.0,0.0,0.0,6000.0,6000.0
2025-01-10,37,06:00,06:10,582.68755003333,940.89735003333,582.68755003333,0.0,0.0,0.0,0.0,6000.0,6000.0
2025-01-10,38,06:10,06:20,577.2782333,891.9264167,577.2782333,0.0,0.0,0.0,0.0,6000.0,6000.0
2025-01-10,39,06:20,06:30,564.99,900.0183333,564.99,0.0,0.0,0.0,0.0,6000.0,6000.0
2025-01-10,40,06:30,06:40,562.0498833333,897.7531000333,562.0498833333,0.0,0.0,0.0,0.0,6000.0,6000.0
2025-01-10,41,06:40,06:50,580.9321833,893.2302833,580.9321833,0.0,0.0,0.0,0.0,6000.0,6000.0
2025-01-10,42,06:50,07:00,609.4725,891.1112499999999,609.4725,0.0,0.0,0.0,0.0,6000.0,6000.0
2025-01-10,43,07:00,07:10,613.0143667,871.2836667,613.0143667,0.0,0.0,0.0,0.0,6000.0,6000.0
2025-01-10,44,07:10,07:20,584.53983337,848.7352833699999,584.53983337,0.0,0.0,0.0,0.0,6000.0,6000.0
2025-01-10,45,07:20,07:30,525.85375,809.315,525.85375,0.0,0.0,0.0,0.0,6000.0,6000.0
2025-01-10,46,07:30,07:40,447.29238330000004,747.9700667,447.29238330000004,0.0,0.0,0.0,0.0,6000.0,6000.0
2025-01-10,47,07:40,07:50,381.2929333,828.8661669999999,381.2929333,0.0,0.0,0.0,0.0,6000.0,6000.0
2025-01-10,48,07:50,08:00,335.8654167,960.0899999999999,335.8654167,0.0,0.0,0.0,0.0,6000.0,6000.0
2025-01-10,49,08:00,08:10,295.41828339999995,875.6734337,295.41828339999995,0.0,0.0,0.0,0.0,6000.0,6000.0
2025-01-10,50,08:10,08:20,268.42975,797.1376003,268.42975,0.0,0.0,0.0,0.0,6000.0,6000.0
2025-01-10,51,08:20,08:30,242.05333330000002,811.1374999999999,242.05333330000002,0.0,0.0,0.0,0.0,6000.0,6000.0
2025-01-10,52,08:30,08:40,195.05133329999995,779.5016166999999,195.05133329999995,0.0,0.0,0.0,0.0,6000.0,6000.0
2025-01-10,53,08:40,08:50,179.9629,705.2428497000001,179.9629,0.0,0.0,0.0,0.0,6000.0,6000.0
2025-01-10,54,08:50,09:00,192.04583330000003,638.699583,192.04583330000003,0.0,0.0,0.0,0.0,6000.0,6000.0
2025-01-10,55,09:00,09:10,170.20081670000002,614.206483,170.20081670000002,0.0,0.0,0.0,0.0,6000.0,6000.0
2025-01-10,56,09:10,09:20,130.97801660000005,569.1749503,130.97801660000005,0.0,0.0,0.0,0.0,6000.0,6000.0
2025-01-10,57,09:20,09:30,87.49124999999992,502.679583,87.49124999999992,0.0,0.0,0.0,0.0,6000.0,6000.0
2025-01-10,58,09:30,09:40,35.173083399999996,477.70449969999993,35.173083399999996,0.0,0.0,0.0,0.0,6000.0,6000.0
2025-01-10,59,09:40,09:50,-7.378516600000012,469.5129333000001,0.0,0.0,7.378516600000012,0.0,0.0,6000.0,6000.0
2025-01-10,60,09:50,10:00,-34.765416699999946,444.5954169999999,0.0,0.0,34.765416699999946,0.0,0.0,6000.0,6000.0
2025-01-10,61,10:00,10:10,-56.54956660000005,392.76279999999997,0.0,0.0,56.54956660000005,0.0,0.0,6000.0,6000.0
2025-01-10,62,10:10,10:20,-66.52466670000001,339.45048370000006,0.0,0.0,66.52466670000001,0.0,0.0,6000.0,6000.0
2025-01-10,63,10:20,10:30,-86.12583329999995,290.48749999999995,0.0,0.0,86.12583329999995,0.0,0.0,6000.0,6000.0
2025-01-10,64,10:30,10:40,-146.80846670000005,231.98289970000008,0.0,0.0,146.80846670000005,0.0,0.0,6000.0,6000.0
2025-01-10,65,10:40,10:50,-195.47778340000002,184.30798299999992,0.0,0.0,195.47778340000002,0.0,0.0,6000.0,6000.0
2025-01-10,66,10:50,11:00,-215.5283333000001,170.16166700000008,0.0,0.0,215.5283333000001,0.0,0.0,6000.0,6000.0
2025-01-10,67,11:00,11:10,-235.62231669999994,191.82098329999997,0.0,0.0,235.62231669999994,0.0,0.0,6000.0,6000.0
2025-01-10,68,11:10,11:20,-235.36485000000005,198.4974830000001,0.0,0.0,235.36485000000005,0.0,0.0,6000.0,6000.0
2025-01-10,69,11:20,11:30,-221.89708329999996,181.33375000000012,0.0,0.0,221.89708329999996,0.0,0.0,6000.0,6000.0
2025-01-10,70,11:30,11:40,-229.96328330000006,172.77621699999997,0.0,0.0,229.96328330000006,0.0,0.0,6000.0,6000.0
2025-01-10,71,11:40,11:50,-243.53228339999998,151.23633299999995,0.0,0.0,243.53228339999998,0.0,0.0,6000.0,6000.0
2025-01-10,72,11:50,12:00,-246.21458329999996,109.49958300000003,0.0,0.0,246.21458329999996,0.0,0.0,6000.0,6000.0
2025-01-10,73,12:00,12:10,-237.14583340000001,78.29783399999997,0.0,0.0,237.14583340000001,0.0,0.0,6000.0,6000.0
2025-01-10,74,12:10,12:20,-226.32015,121.22564969999996,0.0,0.0,226.32015,0.0,0.0,6000.0,6000.0
2025-01-10,75,12:20,12:30,-223.4966667,196.74,0.0,0.0,223.4966667,0.0,0.0,6000.0,6000.0
2025-01-10,76,12:30,12:40,-229.7604,201.6345,0.0,0.0,229.7604,0.0,0.0,6000.0,6000.0
2025-01-10,77,12:40,12:50,-224.39371659999995,231.59291630000007,0.0,0.0,224.39371659999995,0.0,0.0,6000.0,6000.0
2025-01-10,78,12:50,13:00,-218.95875,282.728333,0.0,0.0,218.95875,0.0,0.0,6000.0,6000.0
2025-01-10,79,13:00,13:10,-243.93576660000008,252.07169999999996,0.0,0.0,243.93576660000008,0.0,0.0,6000.0,6000.0
2025-01-10,80,13:10,13:20,-255.64618340000004,237.43124970000008,0.0,0.0,255.64618340000004,0.0,0.0,6000.0,6000.0
2025-01-10,81,13:20,13:30,-213.46375,273.8737500000001,0.0,0.0,213.46375,0.0,0.0,6000.0,6000.0
2025-01-10,82,13:30,13:40,-123.82886659999997,302.7640997,0.0,0.0,123.82886659999997,0.0,0.0,6000.0,6000.0
2025-01-10,83,13:40,13:50,-87.41909999999996,346.3191667000001,0.0,0.0,87.41909999999996,0.0,0.0,6000.0,6000.0
2025-01-10,84,13:50,14:00,-91.62625000000003,386.8004169999999,0.0,0.0,91.62625000000003,0.0,0.0,6000.0,6000.0
2025-01-10,85,14:00,14:10,-28.854600000000005,377.17201699999987,0.0,0.0,28.854600000000005,0.0,0.0,6000.0,6000.0
2025-01-10,86,14:10,14:20,43.93439999999998,394.63729969999997,43.93439999999998,0.0,0.0,0.0,0.0,6000.0,6000.0
2025-01-10,87,14:20,14:30,70.49416669999994,450.72791700000005,70.49416669999994,0.0,0.0,0.0,0.0,6000.0,6000.0
2025-01-10,88,14:30,14:40,56.49973339999997,482.78806670000006,56.49973339999997,0.0,0.0,0.0,0.0,6000.0,6000.0
2025-01-10,89,14:40,14:50,77.29616670000007,519.5130336999999,77.29616670000007,0.0,0.0,0.0,0.0,6000.0,6000.0
2025-01-10,90,14:50,15:00,120.62874999999997,578.8091669999999,120.62874999999997,0.0,0.0,0.0,0.0,6000.0,6000.0
2025-01-10,91,15:00,15:10,113.13666669999998,640.0978337000001,113.13666669999998,0.0,0.0,0.0,0.0,6000.0,6000.0
2025-01-10,92,15:10,15:20,148.84211669999996,669.83805,148.84211669999996,0.0,0.0,0.0,0.0,6000.0,6000.0
2025-01-10,93,15:20,15:30,220.17583329999997,681.427917,220.17583329999997,0.0,0.0,0.0,0.0,6000.0,6000.0
2025-01-10,94,15:30,15:40,228.5789166,721.9547003,228.5789166,0.0,0.0,0.0,0.0,6000.0,6000.0
2025-01-10,95,15:40,15:50,282.75039999999996,774.5626499999998,282.75039999999996,0.0,0.0,0.0,0.0,6000.0,6000.0
2025-01-10,96,15:50,16:00,382.63166670000004,817.095,382.63166670000004,0.0,0.0,0.0,0.0,6000.0,6000.0
2025-01-10,97,16:00,16:10,408.7022666,845.6971503,408.7022666,0.0,0.0,0.0,0.0,6000.0,6000.0
2025-01-10,98,16:10,16:20,410.8059666,883.3604169999999,410.8059666,0.0,0.0,0.0,0.0,6000.0,6000.0
2025-01-10,99,16:20,16:30,450.33916669999996,926.995,450.33916669999996,0.0,0.0,0.0,0.0,6000.0,6000.0
2025-01-10,100,16:30,16:40,526.34948333,954.80005,526.34948333,0.0,0.0,0.0,0.0,6000.0,6000.0
2025-01-10,101,16:40,16:50,525.72854997,998.2101336699999,525.72854997,0.0,0.0,0.0,0.0,6000.0,6000.0
2025-01-10,102,16:50,17:00,465.9770833,1043.23625,465.9770833,0.0,0.0,0.0,0.0,6000.0,6000.0
2025-01-10,103,17:00,17:10,474.0867333,1040.658217,474.0867333,0.0,0.0,0.0,0.0,6000.0,6000.0
2025-01-10,104,17:10,17:20,489.5365833,1040.411817,489.5365833,0.0,0.0,0.0,0.0,6000.0,6000.0
2025-01-10,105,17:20,17:30,476.03,1057.898333,476.03,0.0,0.0,0.0,0.0,6000.0,6000.0
2025-01-10,106,17:30,17:40,469.9139333,1043.88335,469.9139333,0.0,0.0,0.0,0.0,6000.0,6000.0
2025-01-10,107,17:40,17:50,481.67246663333003,905.0050999666701,481.67246663333003,0.0,0.0,0.0,0.0,6000.0,6000.0
2025-01-10,108,17:50,18:00,485.0533333,726.7866667,485.0533333,0.0,0.0,0.0,0.0,6000.0,6000.0
2025-01-10,109,18:00,18:10,448.6376667,708.26135,448.6376667,0.0,0.0,0.0,0.0,6000.0,6000.0
2025-01-10,110,18:10,18:20,432.738899966667,746.7388666999999,432.738899966667,0.0,0.0,0.0,0.0,6000.0,6000.0
2025-01-10,111,18:20,18:30,449.5783333,753.7033333,449.5783333,0.0,0.0,0.0,0.0,6000.0,6000.0
2025-01-10,112,18:30,18:40,454.0385667,738.3958667,454.0385667,0.0,0.0,0.0,0.0,6000.0,6000.0
2025-01-10,113,18:40,18:50,456.2948167,732.5549167,456.2948167,0.0,0.0,0.0,0.0,6000.0,6000.0
2025-01-10,114,18:50,19:00,467.475,735.8883333,467.475,0.0,0.0,0.0,0.0,6000.0,6000.0
2025-01-10,115,19:00,19:10,483.5374667,724.5254333,483.5374667,0.0,0.0,0.0,0.0,6000.0,6000.0
2025-01-10,116,19:10,19:20,494.6097,725.2221333,494.6097,0.0,0.0,0.0,0.0,6000.0,6000.0
2025-01-10,117,19:20,19:30,495.09,740.72,495.09,0.0,0.0,0.0,0.0,6000.0,6000.0
2025-01-10,118,19:30,19:40,484.6943167,744.2487333,484.6943167,0.0,0.0,0.0,0.0,6000.0,6000.0
2025-01-10,119,19:40,19:50,462.9375667,738.9341667,462.9375667,0.0,0.0,0.0,0.0,6000.0,6000.0
2025-01-10,120,19:50,20:00,448.3833333,727.7816667,448.3833333,0.0,0.0,0.0,0.0,6000.0,6000.0
2025-01-10,121,20:00,20:10,462.0856,712.6180333,462.0856,0.0,0.0,0.0,0.0,6000.0,6000.0
2025-01-10,122,20:10,20:20,461.1358667,720.4747333,461.1358667,0.0,0.0,0.0,0.0,6000.0,6000.0
2025-01-10,123,20:20,20:30,448.235,737.265,448.235,0.0,0.0,0.0,0.0,6000.0,6000.0
2025-01-10,124,20:30,20:40,466.7966833,724.8512,466.7966833,0.0,0.0,0.0,0.0,6000.0,6000.0
2025-01-10,125,20:40,20:50,477.6273333,735.8116833,477.6273333,0.0,0.0,0.0,0.0,6000.0,6000.0
2025-01-10,126,20:50,21:00,460.78,775.1783333,460.78,0.0,0.0,0.0,0.0,6000.0,6000.0
2025-01-10,127,21:00,21:10,442.33865,786.89825,442.33865,0.0,0.0,0.0,0.0,6000.0,6000.0
2025-01-10,128,21:10,21:20,467.10475,756.1267167,467.10475,0.0,0.0,0.0,0.0,6000.0,6000.0
2025-01-10,129,21:20,21:30,513.695,737.28,513.695,0.0,0.0,0.0,0.0,6000.0,6000.0
2025-01-10,130,21:30,21:40,512.2294333,781.5158833,512.2294333,0.0,0.0,0.0,0.0,6000.0,6000.0
2025-01-10,131,21:40,21:50,479.7482,706.2948333,479.7482,0.0,0.0,0.0,0.0,6000.0,6000.0
2025-01-10,132,21:50,22:00,438.37,544.4316667,438.37,0.0,0.0,0.0,0.0,6000.0,6000.0
2025-01-10,133,22:00,22:10,398.58505,521.8748167,398.58505,0.0,0.0,0.0,0.0,6000.0,6000.0
2025-01-10,134,22:10,22:20,392.1527667,544.5650667,392.1527667,0.0,0.0,0.0,0.0,6000.0,6000.0
2025-01-10,135,22:20,22:30,412.705,552.1366667,412.705,0.0,0.0,0.0,0.0,6000.0,6000.0
2025-01-10,136,22:30,22:40,419.4448,584.8221333,419.4448,0.0,0.0,0.0,0.0,6000.0,6000.0
2025-01-10,137,22:40,22:50,409.3870333,618.6851167,409.3870333,0.0,0.0,0.0,0.0,6000.0,6000.0
2025-01-10,138,22:50,23:00,411.81,618.87,411.81,0.0,0.0,0.0,0.0,6000.0,6000.0
2025-01-10,139,23:00,23:10,451.7669667,577.9995667,451.7669667,0.0,0.0,0.0,0.0,6000.0,6000.0
2025-01-10,140,23:10,23:20,452.4115,569.48735,452.4115,0.0,0.0,0.0,0.0,6000.0,6000.0
2025-01-10,141,23:20,23:30,409.55,607.2316667,409.55,0.0,0.0,0.0,0.0,6000.0,6000.0
2025-01-10,142,23:30,23:40,397.4082167,624.5394833,397.4082167,0.0,0.0,0.0,0.0,6000.0,6000.0
2025-01-10,143,23:40,23:50,410.5744667,555.9524167,410.5744667,0.0,0.0,0.0,0.0,6000.0,6000.0
2025-01-10,144,23:50,24:00,426.705,451.63,426.705,0.0,0.0,0.0,0.0,6000.0,6000.0
2025-01-11,1,00:00,00:10,435.7626167,431.89035,431.89035,3.8722667000000115,0.0,0.0,0.0,6000.0,6000.0
2025-01-11,2,00:10,00:20,458.7089167,442.5772167,442.5772167,16.131699999999967,0.0,0.0,0.0,6000.0,6000.0
2025-01-11,3,00:20,00:30,478.845,444.43,444.43,34.41500000000002,0.0,0.0,0.0,6000.0,6000.0
2025-01-11,4,00:30,00:40,456.7406,450.3699,450.3699,6.370699999999999,0.0,0.0,0.0,6000.0,6000.0
2025-01-11,5,00:40,00:50,441.4707167,444.6617167,441.4707167,0.0,0.0,0.0,0.0,6000.0,6000.0
2025-01-11,6,00:50,01:00,458.5083333,442.505,442.505,16.00333330000001,0.0,0.0,0.0,6000.0,6000.0
2025-01-11,7,01:00,01:10,485.1034,474.3875167,474.3875167,10.71588330000003,0.0,0.0,0.0,6000.0,6000.0
2025-01-11,8,01:10,01:20,492.0435667,480.7295167,480.7295167,11.314050000000009,0.0,0.0,0.0,6000.0,6000.0
2025-01-11,9,01:20,01:30,483.6466667,465.505,465.505,18.14166670000003,0.0,0.0,0.0,6000.0,6000.0
2025-01-11,10,01:30,01:40,490.3176,491.04435,490.3176,0.0,0.0,0.0,0.0,6000.0,6000.0
2025-01-11,11,01:40,01:50,507.9439833,509.2910833,507.9439833,0.0,0.0,0.0,0.0,6000.0,6000.0
2025-01-11,12,01:50,02:00,516.2383333,493.0966667,493.0966667,23.141666600000008,0.0,0.0,0.0,6000.0,6000.0
2025-01-11,13,02:00,02:10,501.4458667,469.2202667,469.2202667,32.225599999999986,0.0,0.0,0.0,6000.0,6000.0
2025-01-11,14,02:10,02:20,502.2613167,479.66675,479.66675,22.59456670000003,0.0,0.0,0.0,6000.0,6000.0
2025-01-11,15,02:20,02:30,517.2916667,511.3616667,511.3616667,5.92999999999995,0.0,0.0,0.0,6000.0,6000.0
2025-01-11,16,02:30,02:40,510.4945667,511.3307833,510.4945667,0.0,0.0,0.0,0.0,6000.0,6000.0
2025-01-11,17,02:40,02:50,517.7448167,500.0067333,500.0067333,17.738083399999994,0.0,0.0,0.0,6000.0,6000.0
2025-01-11,18,02:50,03:00,534.32,508.1033333,508.1033333,26.216666700000076,0.0,0.0,0.0,6000.0,6000.0
2025-01-11,19,03:00,03:10,521.9542,541.6630167,521.9542,0.0,0.0,0.0,0.0,6000.0,6000.0
2025-01-11,20,03:10,03:20,540.2833667,545.4906833,540.2833667,0.0,0.0,0.0,0.0,6000.0,6000.0
2025-01-11,21,03:20,03:30,570.0533333,508.355,508.355,61.698333299999945,0.0,0.0,0.0,6000.0,6000.0
2025-01-11,22,03:30,03:40,529.7007833,478.1484,478.1484,51.55238330000003,0.0,0.0,0.0,6000.0,6000.0
2025-01-11,23,03:40,03:50,500.6021333,499.49885,499.49885,1.1032832999999869,0.0,0.0,0.0,6000.0,6000.0
2025-01-11,24,03:50,04:00,517.6033333,546.195,517.6033333,0.0,0.0,0.0,0.0,6000.0,6000.0
2025-01-11,25,04:00,04:10,534.56545,544.99455,534.56545,0.0,0.0,0.0,0.0,6000.0,6000.0
2025-01-11,26,04:10,04:20,535.60875,512.7320333,512.7320333,22.876716699999974,0.0,0.0,0.0,6000.0,6000.0
2025-01-11,27,04:20,04:30,526.2316667,505.6516667,505.6516667,20.579999999999984,0.0,0.0,0.0,6000.0,6000.0
2025-01-11,28,04:30,04:40,523.0082167,561.8098167,523.0082167,0.0,0.0,0.0,0.0,6000.0,6000.0
2025-01-11,29,04:40,04:50,534.4376,586.96135,534.4376,0.0,0.0,0.0,0.0,6000.0,6000.0
2025-01-11,30,04:50,05:00,543.8766667,566.5133333,543.8766667,0.0,0.0,0.0,0.0,6000.0,6000.0
2025-01-11,31,05:00,05:10,531.2656833,573.4412667,531.2656833,0.0,0.0,0.0,0.0,6000.0,6000.0
2025-01-11,32,05:10,05:20,551.0474,580.8068667,551.0474,0.0,0.0,0.0,0.0,6000.0,6000.0
2025-01-11,33,05:20,05:30,590.9633333,568.0233333,568.0233333,22.940000000000055,0.0,0.0,0.0,6000.0,6000.0
2025-01-11,34,05:30,05:40,578.847949966667,550.044900033333,550.044900033333,28.803049933334023,0.0,0.0,0.0,6000.0,6000.0
2025-01-11,35,05:40,05:50,544.82515,552.3874833,544.82515,0.0,0.0,0.0,0.0,6000.0,6000.0
2025-01-11,36,05:50,06:00,536.1866667,572.4733333,536.1866667,0.0,0.0,0.0,0.0,6000.0,6000.0
2025-01-11,37,06:00,06:10,568.3923,582.68755003333,568.3923,0.0,0.0,0.0,0.0,6000.0,6000.0
2025-01-11,38,06:10,06:20,571.3024833,577.2782333,571.3024833,0.0,0.0,0.0,0.0,6000.0,6000.0
2025-01-11,39,06:20,06:30,550.245,564.99,550.245,0.0,0.0,0.0,0.0,6000.0,6000.0
2025-01-11,40,06:30,06:40,576.8973166333,562.0498833333,562.0498833333,14.84743329999992,0.0,0.0,0.0,6000.0,6000.0
2025-01-11,41,06:40,06:50,605.1416833,580.9321833,580.9321833,24.209499999999935,0.0,0.0,0.0,6000.0,6000.0
2025-01-11,42,06:50,07:00,606.705,609.4725,606.705,0.0,0.0,0.0,0.0,6000.0,6000.0
2025-01-11,43,07:00,07:10,593.57793333,613.0143667,593.57793333,0.0,0.0,0.0,0.0,6000.0,6000.0
2025-01-11,44,07:10,07:20,559.68194997,584.53983337,559.68194997,0.0,0.0,0.0,0.0,6000.0,6000.0
2025-01-11,45,07:20,07:30,517.3229167000001,525.85375,517.3229167000001,0.0,0.0,0.0,0.0,6000.0,6000.0
2025-01-11,46,07:30,07:40,489.88884999999993,447.29238330000004,447.29238330000004,42.596466699999894,0.0,0.0,0.0,6000.0,6000.0
2025-01-11,47,07:40,07:50,450.4913,381.2929333,381.2929333,69.19836670000001,0.0,0.0,0.0,6000.0,6000.0
2025-01-11,48,07:50,08:00,393.42875,335.8654167,335.8654167,57.563333299999954,0.0,0.0,0.0,6000.0,6000.0
2025-01-11,49,08:00,08:10,339.71273329999997,295.41828339999995,295.41828339999995,44.29444990000002,0.0,0.0,0.0,6000.0,6000.0
2025-01-11,50,08:10,08:20,281.6246333,268.42975,268.42975,13.194883300000015,0.0,0.0,0.0,6000.0,6000.0
2025-01-11,51,08:20,08:30,215.21583330000004,242.05333330000002,215.21583330000004,0.0,0.0,0.0,0.0,6000.0,6000.0
2025-01-11,52,08:30,08:40,153.30158339999997,195.05133329999995,153.30158339999997,0.0,0.0,0.0,0.0,6000.0,6000.0
2025-01-11,53,08:40,08:50,128.61013330000003,179.9629,128.61013330000003,0.0,0.0,0.0,0.0,6000.0,6000.0
2025-01-11,54,08:50,09:00,136.9558333,192.04583330000003,136.9558333,0.0,0.0,0.0,0.0,6000.0,6000.0
2025-01-11,55,09:00,09:10,138.30518330000007,170.20081670000002,138.30518330000007,0.0,0.0,0.0,0.0,6000.0,6000.0
2025-01-11,56,09:10,09:20,117.29816660000006,130.97801660000005,117.29816660000006,0.0,0.0,0.0,0.0,6000.0,6000.0
2025-01-11,57,09:20,09:30,87.80375000000004,87.49124999999992,87.49124999999992,0.3125000000001137,0.0,0.0,0.0,6000.0,6000.0
2025-01-11,58,09:30,09:40,70.59483339999997,35.173083399999996,35.173083399999996,35.421749999999975,0.0,0.0,0.0,6000.0,6000.0
2025-01-11,59,09:40,09:50,26.5747834,0.0,0.0,26.5747834,0.0,0.0,0.0,6000.0,6000.0
2025-01-11,60,09:50,10:00,-32.09916670000007,0.0,0.0,0.0,32.09916670000007,0.0,0.0,6000.0,6000.0
2025-01-11,61,10:00,10:10,-51.13735000000008,0.0,0.0,0.0,51.13735000000008,0.0,0.0,6000.0,6000.0
2025-01-11,62,10:10,10:20,-71.96701670000004,0.0,0.0,0.0,71.96701670000004,0.0,0.0,6000.0,6000.0
2025-01-11,63,10:20,10:30,-123.56541670000001,0.0,0.0,0.0,123.56541670000001,0.0,0.0,6000.0,6000.0
2025-01-11,64,10:30,10:40,-191.53558329999998,0.0,0.0,0.0,191.53558329999998,0.0,0.0,6000.0,6000.0
2025-01-11,65,10:40,10:50,-237.79819999999995,0.0,0.0,0.0,237.79819999999995,0.0,0.0,6000.0,6000.0
2025-01-11,66,10:50,11:00,-250.07291669999995,0.0,0.0,0.0,250.07291669999995,0.0,0.0,6000.0,6000.0
2025-01-11,67,11:00,11:10,-252.11490000000003,0.0,0.0,0.0,252.11490000000003,0.0,0.0,6000.0,6000.0
2025-01-11,68,11:10,11:20,-283.458133,0.0,0.0,0.0,283.458133,0.0,0.0,6000.0,6000.0
2025-01-11,69,11:20,11:30,-316.3554167,0.0,0.0,0.0,316.3554167,0.0,0.0,6000.0,6000.0
2025-01-11,70,11:30,11:40,-288.894767,0.0,0.0,0.0,288.894767,0.0,0.0,6000.0,6000.0
2025-01-11,71,11:40,11:50,-281.2739663,0.0,0.0,0.0,281.2739663,0.0,0.0,6000.0,6000.0
2025-01-11,72,11:50,12:00,-301.7529167,0.0,0.0,0.0,301.7529167,0.0,0.0,6000.0,6000.0
2025-01-11,73,12:00,12:10,-280.40776659999995,0.0,0.0,0.0,280.40776659999995,0.0,0.0,6000.0,6000.0
2025-01-11,74,12:10,12:20,-265.03499999999997,0.0,0.0,0.0,265.03499999999997,0.0,0.0,6000.0,6000.0
2025-01-11,75,12:20,12:30,-276.6791667,0.0,0.0,0.0,276.6791667,0.0,0.0,6000.0,6000.0
2025-01-11,76,12:30,12:40,-288.60738330000004,0.0,0.0,0.0,288.60738330000004,0.0,0.0,6000.0,6000.0
2025-01-11,77,12:40,12:50,-310.660883,0.0,0.0,0.0,310.660883,0.0,0.0,6000.0,6000.0
2025-01-11,78,12:50,13:00,-321.45875,0.0,0.0,0.0,321.45875,0.0,0.0,6000.0,6000.0
2025-01-11,79,13:00,13:10,-281.5195332999999,0.0,0.0,0.0,281.5195332999999,0.0,0.0,6000.0,6000.0
2025-01-11,80,13:10,13:20,-240.1152833,0.0,0.0,0.0,240.1152833,0.0,0.0,6000.0,6000.0
2025-01-11,81,13:20,13:30,-204.80708330000004,0.0,0.0,0.0,204.80708330000004,0.0,0.0,6000.0,6000.0
2025-01-11,82,13:30,13:40,-142.6015,0.0,0.0,0.0,142.6015,0.0,0.0,6000.0,6000.0
2025-01-11,83,13:40,13:50,-111.85220000000004,0.0,0.0,0.0,111.85220000000004,0.0,0.0,6000.0,6000.0
2025-01-11,84,13:50,14:00,-107.22250000000008,0.0,0.0,0.0,107.22250000000008,0.0,0.0,6000.0,6000.0
2025-01-11,85,14:00,14:10,-64.08851670000001,0.0,0.0,0.0,64.08851670000001,0.0,0.0,6000.0,6000.0
2025-01-11,86,14:10,14:20,-26.894750000000045,43.93439999999998,0.0,0.0,26.894750000000045,0.0,0.0,6000.0,6000.0
2025-01-11,87,14:20,14:30,-6.441250000000082,70.49416669999994,0.0,0.0,6.441250000000082,0.0,0.0,6000.0,6000.0
2025-01-11,88,14:30,14:40,34.98464999999999,56.49973339999997,34.98464999999999,0.0,0.0,0.0,0.0,6000.0,6000.0
2025-01-11,89,14:40,14:50,82.106,77.29616670000007,77.29616670000007,4.809833299999923,0.0,0.0,0.0,6000.0,6000.0
2025-01-11,90,14:50,15:00,115.73791670000003,120.62874999999997,115.73791670000003,0.0,0.0,0.0,0.0,6000.0,6000.0
2025-01-11,91,15:00,15:10,136.9455833,113.13666669999998,113.13666669999998,23.808916600000032,0.0,0.0,0.0,6000.0,6000.0
2025-01-11,92,15:10,15:20,184.79551669999995,148.84211669999996,148.84211669999996,35.95339999999999,0.0,0.0,0.0,6000.0,6000.0
2025-01-11,93,15:20,15:30,241.27041670000006,220.17583329999997,220.17583329999997,21.09458340000009,0.0,0.0,0.0,6000.0,6000.0
2025-01-11,94,15:30,15:40,251.4025833,228.5789166,228.5789166,22.82366669999999,0.0,0.0,0.0,6000.0,6000.0
2025-01-11,95,15:40,15:50,274.7196334,282.75039999999996,274.7196334,0.0,0.0,0.0,0.0,6000.0,6000.0
2025-01-11,96,15:50,16:00,318.20083329999994,382.63166670000004,318.20083329999994,0.0,0.0,0.0,0.0,6000.0,6000.0
2025-01-11,97,16:00,16:10,333.5423167,408.7022666,333.5423167,0.0,0.0,0.0,0.0,6000.0,6000.0
2025-01-11,98,16:10,16:20,375.7370167,410.8059666,375.7370167,0.0,0.0,0.0,0.0,6000.0,6000.0
2025-01-11,99,16:20,16:30,454.13833330000006,450.33916669999996,450.33916669999996,3.799166600000092,0.0,0.0,0.0,6000.0,6000.0
2025-01-11,100,16:30,16:40,509.07013336999995,526.34948333,509.07013336999995,0.0,0.0,0.0,0.0,6000.0,6000.0
2025-01-11,101,16:40,16:50,497.32686663000004,525.72854997,497.32686663000004,0.0,0.0,0.0,0.0,6000.0,6000.0
2025-01-11,102,16:50,17:00,451.90999999999997,465.9770833,451.90999999999997,0.0,0.0,0.0,0.0,6000.0,6000.0
2025-01-11,103,17:00,17:10,452.2771333,474.0867333,452.2771333,0.0,0.0,0.0,0.0,6000.0,6000.0
2025-01-11,104,17:10,17:20,480.9127666667,489.5365833,480.9127666667,0.0,0.0,0.0,0.0,6000.0,6000.0
2025-01-11,105,17:20,17:30,501.7416667,476.03,476.03,25.711666700000023,0.0,0.0,0.0,6000.0,6000.0
2025-01-11,106,17:30,17:40,495.5366167,469.9139333,469.9139333,25.622683400000028,0.0,0.0,0.0,6000.0,6000.0
2025-01-11,107,17:40,17:50,473.95131666667,481.67246663333003,473.95131666667,0.0,0.0,0.0,0.0,6000.0,6000.0
2025-01-11,108,17:50,18:00,463.6616667,485.0533333,463.6616667,0.0,0.0,0.0,0.0,6000.0,6000.0
2025-01-11,109,18:00,18:10,480.8428667,448.6376667,448.6376667,32.20519999999999,0.0,0.0,0.0,6000.0,6000.0
2025-01-11,110,18:10,18:20,471.9503167,432.738899966667,432.738899966667,39.21141673333295,0.0,0.0,0.0,6000.0,6000.0
2025-01-11,111,18:20,18:30,448.6416667,449.5783333,448.6416667,0.0,0.0,0.0,0.0,6000.0,6000.0
2025-01-11,112,18:30,18:40,472.5880167,454.0385667,454.0385667,18.549450000000036,0.0,0.0,0.0,6000.0,6000.0
2025-01-11,113,18:40,18:50,478.332,456.2948167,456.2948167,22.03718329999998,0.0,0.0,0.0,6000.0,6000.0
2025-01-11,114,18:50,19:00,453.7866667,467.475,453.7866667,0.0,0.0,0.0,0.0,6000.0,6000.0
2025-01-11,115,19:00,19:10,454.0116833,483.5374667,454.0116833,0.0,0.0,0.0,0.0,6000.0,6000.0
2025-01-11,116,19:10,19:20,460.0325,494.6097,460.0325,0.0,0.0,0.0,0.0,6000.0,6000.0
2025-01-11,117,19:20,19:30,470.67,495.09,470.67,0.0,0.0,0.0,0.0,6000.0,6000.0
2025-01-11,118,19:30,19:40,502.2483333,484.6943167,484.6943167,17.55401660000001,0.0,0.0,0.0,6000.0,6000.0
2025-01-11,119,19:40,19:50,495.7262167,462.9375667,462.9375667,32.78865000000002,0.0,0.0,0.0,6000.0,6000.0
2025-01-11,120,19:50,20:00,455.1716667,448.3833333,448.3833333,6.788333399999999,0.0,0.0,0.0,6000.0,6000.0
2025-01-11,121,20:00,20:10,447.7202833,462.0856,447.7202833,0.0,0.0,0.0,0.0,6000.0,6000.0
2025-01-11,122,20:10,20:20,463.75645,461.1358667,461.1358667,2.6205832999999643,0.0,0.0,0.0,6000.0,6000.0
2025-01-11,123,20:20,20:30,483.09,448.235,448.235,34.85499999999996,0.0,0.0,0.0,6000.0,6000.0
2025-01-11,124,20:30,20:40,496.2437333,466.7966833,466.7966833,29.44704999999999,0.0,0.0,0.0,6000.0,6000.0
2025-01-11,125,20:40,20:50,498.80275,477.6273333,477.6273333,21.175416700000028,0.0,0.0,0.0,6000.0,6000.0
2025-01-11,126,20:50,21:00,493.9716667,460.78,460.78,33.19166670000004,0.0,0.0,0.0,6000.0,6000.0
2025-01-11,127,21:00,21:10,488.9876167,442.33865,442.33865,46.64896670000002,0.0,0.0,0.0,6000.0,6000.0
2025-01-11,128,21:10,21:20,482.1296667,467.10475,467.10475,15.024916699999949,0.0,0.0,0.0,6000.0,6000.0
2025-01-11,129,21:20,21:30,486.3416667,513.695,486.3416667,0.0,0.0,0.0,0.0,6000.0,6000.0
2025-01-11,130,21:30,21:40,508.4937,512.2294333,508.4937,0.0,0.0,0.0,0.0,6000.0,6000.0
2025-01-11,131,21:40,21:50,468.5596833,479.7482,468.5596833,0.0,0.0,0.0,0.0,6000.0,6000.0
2025-01-11,132,21:50,22:00,385.1816667,438.37,385.1816667,0.0,0.0,0.0,0.0,6000.0,6000.0
2025-01-11,133,22:00,22:10,369.3645167,398.58505,369.3645167,0.0,0.0,0.0,0.0,6000.0,6000.0
2025-01-11,134,22:10,22:20,417.6178167,392.1527667,392.1527667,25.46505000000002,0.0,0.0,0.0,6000.0,6000.0
2025-01-11,135,22:20,22:30,459.385,412.705,412.705,46.68000000000001,0.0,0.0,0.0,6000.0,6000.0
2025-01-11,136,22:30,22:40,427.79895,419.4448,419.4448,8.354150000000004,0.0,0.0,0.0,6000.0,6000.0
2025-01-11,137,22:40,22:50,414.0708333,409.3870333,409.3870333,4.683800000000019,0.0,0.0,0.0,6000.0,6000.0
2025-01-11,138,22:50,23:00,432.2066667,411.81,411.81,20.396666700000026,0.0,0.0,0.0,6000.0,6000.0
2025-01-11,139,23:00,23:10,411.1607333,451.7669667,411.1607333,0.0,0.0,0.0,0.0,6000.0,6000.0
2025-01-11,140,23:10,23:20,404.9495333,452.4115,404.9495333,0.0,0.0,0.0,0.0,6000.0,6000.0
2025-01-11,141,23:20,23:30,425.9533333,409.55,409.55,16.403333299999986,0.0,0.0,0.0,6000.0,6000.0
2025-01-11,142,23:30,23:40,438.4365833,397.4082167,397.4082167,41.02836659999997,0.0,0.0,0.0,6000.0,6000.0
2025-01-11,143,23:40,23:50,506.28425,410.5744667,410.5744667,95.70978329999997,0.0,0.0,0.0,6000.0,6000.0
2025-01-11,144,23:50,24:00,612.8033333,426.705,426.705,186.09833329999998,0.0,0.0,0.0,6000.0,6000.0
2025-01-12,1,00:00,00:10,657.94785,435.7626167,435.7626167,222.1852333,0.0,0.0,0.0,6000.0,6000.0
2025-01-12,2,00:10,00:20,635.2535167,458.7089167,458.7089167,176.5446,0.0,0.0,0.0,6000.0,6000.0
2025-01-12,3,00:20,00:30,603.7666667,478.845,478.845,124.92166669999995,0.0,0.0,0.0,6000.0,6000.0
2025-01-12,4,00:30,00:40,627.08245,456.7406,456.7406,170.34185000000002,0.0,0.0,0.0,6000.0,6000.0
2025-01-12,5,00:40,00:50,627.7096,441.4707167,441.4707167,186.2388833,0.0,0.0,0.0,6000.0,6000.0
2025-01-12,6,00:50,01:00,594.9616667,458.5083333,458.5083333,136.45333340000002,0.0,0.0,0.0,6000.0,6000.0
2025-01-12,7,01:00,01:10,601.4366167,485.1034,485.1034,116.33321669999992,0.0,0.0,0.0,6000.0,6000.0
2025-01-12,8,01:10,01:20,642.1397167,492.0435667,492.0435667,150.09615000000002,0.0,0.0,0.0,6000.0,6000.0
2025-01-12,9,01:20,01:30,677.345,483.6466667,483.6466667,193.6983333,0.0,0.0,0.0,6000.0,6000.0
2025-01-12,10,01:30,01:40,667.3810167,490.3176,490.3176,177.0634167,0.0,0.0,0.0,6000.0,6000.0
2025-01-12,11,01:40,01:50,630.0515667,507.9439833,507.9439833,122.10758339999995,0.0,0.0,0.0,6000.0,6000.0
2025-01-12,12,01:50,02:00,607.5016667,516.2383333,516.2383333,91.26333339999996,0.0,0.0,0.0,6000.0,6000.0
2025-01-12,13,02:00,02:10,630.0756833,501.4458667,501.4458667,128.62981660000003,0.0,0.0,0.0,6000.0,6000.0
2025-01-12,14,02:10,02:20,644.9068667,502.2613167,502.2613167,142.64555000000001,0.0,0.0,0.0,6000.0,6000.0
2025-01-12,15,02:20,02:30,652.3116667,517.2916667,517.2916667,135.0200000000001,0.0,0.0,0.0,6000.0,6000.0
2025-01-12,16,02:30,02:40,698.7637167,510.4945667,510.4945667,188.26915000000002,0.0,0.0,0.0,6000.0,6000.0
2025-01-12,17,02:40,02:50,721.79125,517.7448167,517.7448167,204.0464333,0.0,0.0,0.0,6000.0,6000.0
2025-01-12,18,02:50,03:00,694.5933333,534.32,534.32,160.2733333,0.0,0.0,0.0,6000.0,6000.0
2025-01-12,19,03:00,03:10,658.6037333,521.9542,521.9542,136.64953330000003,0.0,0.0,0.0,6000.0,6000.0
2025-01-12,20,03:10,03:20,669.47555,540.2833667,540.2833667,129.1921833,0.0,0.0,0.0,6000.0,6000.0
2025-01-12,21,03:20,03:30,698.5016667,570.0533333,570.0533333,128.44833340000002,0.0,0.0,0.0,6000.0,6000.0
2025-01-12,22,03:30,03:40,668.2077333,529.7007833,529.7007833,138.50694999999996,0.0,0.0,0.0,6000.0,6000.0
2025-01-12,23,03:40,03:50,651.30355,500.6021333,500.6021333,150.70141669999998,0.0,0.0,0.0,6000.0,6000.0
2025-01-12,24,03:50,04:00,676.9583333,517.6033333,517.6033333,159.35500000000002,0.0,0.0,0.0,6000.0,6000.0
2025-01-12,25,04:00,04:10,700.0366,534.56545,534.56545,165.47114999999997,0.0,0.0,0.0,6000.0,6000.0
2025-01-12,26,04:10,04:20,706.6536333,535.60875,535.60875,171.04488330000004,0.0,0.0,0.0,6000.0,6000.0
2025-01-12,27,04:20,04:30,698.2233333,526.2316667,526.2316667,171.99166660000003,0.0,0.0,0.0,6000.0,6000.0
2025-01-12,28,04:30,04:40,685.6066833,523.0082167,523.0082167,162.59846659999994,0.0,0.0,0.0,6000.0,6000.0
2025-01-12,29,04:40,04:50,689.7339667,534.4376,534.4376,155.29636670000002,0.0,0.0,0.0,6000.0,6000.0
2025-01-12,30,04:50,05:00,702.54,543.8766667,543.8766667,158.66333329999998,0.0,0.0,0.0,6000.0,6000.0
2025-01-12,31,05:00,05:10,700.4579667,531.2656833,531.2656833,169.19228340000006,0.0,0.0,0.0,6000.0,6000.0
2025-01-12,32,05:10,05:20,720.06335,551.0474,551.0474,169.01594999999998,0.0,0.0,0.0,6000.0,6000.0
2025-01-12,33,05:20,05:30,731.1216667,590.9633333,590.9633333,140.15833339999995,0.0,0.0,0.0,6000.0,6000.0
2025-01-12,34,05:30,05:40,681.1305333,578.847949966667,578.847949966667,102.28258333333304,0.0,0.0,0.0,6000.0,6000.0
2025-01-12,35,05:40,05:50,745.8919,544.82515,544.82515,201.06674999999996,0.0,0.0,0.0,6000.0,6000.0
2025-01-12,36,05:50,06:00,900.1083333,536.1866667,536.1866667,363.9216666,0.0,0.0,0.0,6000.0,6000.0
2025-01-12,37,06:00,06:10,931.6757833,568.3923,568.3923,363.28348330000006,0.0,0.0,0.0,6000.0,6000.0
2025-01-12,38,06:10,06:20,914.0460333,571.3024833,571.3024833,342.74355,0.0,0.0,0.0,6000.0,6000.0
2025-01-12,39,06:20,06:30,914.2883333,550.245,550.245,364.0433333,0.0,0.0,0.0,6000.0,6000.0
2025-01-12,40,06:30,06:40,916.4748833,576.8973166333,576.8973166333,339.5775666667,0.0,0.0,0.0,6000.0,6000.0
2025-01-12,41,06:40,06:50,896.5318,605.1416833,605.1416833,291.3901167,0.0,0.0,0.0,6000.0,6000.0
2025-01-12,42,06:50,07:00,856.9291667,606.705,606.705,250.22416669999996,0.0,0.0,0.0,6000.0,6000.0
2025-01-12,43,07:00,07:10,826.32583337,593.57793333,593.57793333,232.7479000400001,0.0,0.0,0.0,6000.0,6000.0
2025-01-12,44,07:10,07:20,824.56509997,559.68194997,559.68194997,264.88315,0.0,0.0,0.0,6000.0,6000.0
2025-01-12,45,07:20,07:30,806.0516666999999,517.3229167000001,517.3229167000001,288.7287499999999,0.0,0.0,0.0,6000.0,6000.0
2025-01-12,46,07:30,07:40,726.28305,489.88884999999993,489.88884999999993,236.39420000000007,0.0,0.0,0.0,6000.0,6000.0
2025-01-12,47,07:40,07:50,783.116383,450.4913,450.4913,332.625083,0.0,0.0,0.0,6000.0,6000.0
2025-01-12,48,07:50,08:00,923.2866669999999,393.42875,393.42875,529.8579169999998,0.0,0.0,0.0,6000.0,6000.0
2025-01-12,49,08:00,08:10,884.7335163,339.71273329999997,339.71273329999997,545.020783,0.0,0.0,0.0,6000.0,6000.0
2025-01-12,50,08:10,08:20,812.5011663,281.6246333,281.6246333,530.876533,0.0,0.0,0.0,6000.0,6000.0
2025-01-12,51,08:20,08:30,790.1175000000001,215.21583330000004,215.21583330000004,574.9016667000001,0.0,0.0,0.0,6000.0,6000.0
2025-01-12,52,08:30,08:40,752.8625829999999,153.30158339999997,153.30158339999997,599.5609995999998,0.0,0.0,0.0,6000.0,6000.0
2025-01-12,53,08:40,08:50,708.7740003000001,128.61013330000003,128.61013330000003,580.1638670000001,0.0,0.0,0.0,6000.0,6000.0
2025-01-12,54,08:50,09:00,659.668333,136.9558333,136.9558333,522.7124997,0.0,0.0,0.0,6000.0,6000.0
2025-01-12,55,09:00,09:10,593.3076833,138.30518330000007,138.30518330000007,455.00249999999994,0.0,0.0,0.0,6000.0,6000.0
2025-01-12,56,09:10,09:20,544.7308670000001,117.29816660000006,117.29816660000006,427.43270040000004,0.0,0.0,0.0,6000.0,6000.0
2025-01-12,57,09:20,09:30,527.5300000000001,87.80375000000004,87.80375000000004,439.72625000000005,0.0,0.0,0.0,6000.0,6000.0
2025-01-12,58,09:30,09:40,521.2397167,70.59483339999997,70.59483339999997,450.64488330000006,0.0,0.0,0.0,6000.0,6000.0
2025-01-12,59,09:40,09:50,503.79933330000006,26.5747834,26.5747834,477.22454990000006,0.0,0.0,0.0,6000.0,6000.0
2025-01-12,60,09:50,10:00,462.6166669999999,0.0,0.0,462.6166669999999,0.0,0.0,0.0,6000.0,6000.0
2025-01-12,61,10:00,10:10,404.58719999999994,0.0,0.0,404.58719999999994,0.0,0.0,0.0,6000.0,6000.0
2025-01-12,62,10:10,10:20,373.72360000000003,0.0,0.0,373.72360000000003,0.0,0.0,0.0,6000.0,6000.0
2025-01-12,63,10:20,10:30,358.621667,0.0,0.0,358.621667,0.0,0.0,0.0,6000.0,6000.0
2025-01-12,64,10:30,10:40,311.95529969999996,0.0,0.0,311.95529969999996,0.0,0.0,0.0,6000.0,6000.0
2025-01-12,65,10:40,10:50,296.56246669999996,0.0,0.0,296.56246669999996,0.0,0.0,0.0,6000.0,6000.0
2025-01-12,66,10:50,11:00,300.81125,0.0,0.0,300.81125,0.0,0.0,0.0,6000.0,6000.0
2025-01-12,67,11:00,11:10,253.5355169999999,0.0,0.0,253.5355169999999,0.0,0.0,0.0,6000.0,6000.0
2025-01-12,68,11:10,11:20,249.89704970000014,0.0,0.0,249.89704970000014,0.0,0.0,0.0,6000.0,6000.0
2025-01-12,69,11:20,11:30,281.75416699999994,0.0,0.0,281.75416699999994,0.0,0.0,0.0,6000.0,6000.0
2025-01-12,70,11:30,11:40,236.8570329999999,0.0,0.0,236.8570329999999,0.0,0.0,0.0,6000.0,6000.0
2025-01-12,71,11:40,11:50,169.27094970000007,0.0,0.0,169.27094970000007,0.0,0.0,0.0,6000.0,6000.0
2025-01-12,72,11:50,12:00,146.48458300000004,0.0,0.0,146.48458300000004,0.0,0.0,0.0,6000.0,6000.0
2025-01-12,73,12:00,12:10,182.1572,0.0,0.0,182.1572,0.0,0.0,0.0,6000.0,6000.0
2025-01-12,74,12:10,12:20,196.97138300000006,0.0,0.0,196.97138300000006,0.0,0.0,0.0,6000.0,6000.0
2025-01-12,75,12:20,12:30,163.792917,0.0,0.0,163.792917,0.0,0.0,0.0,6000.0,6000.0
2025-01-12,76,12:30,12:40,132.87503330000004,0.0,0.0,132.87503330000004,0.0,0.0,0.0,6000.0,6000.0
2025-01-12,77,12:40,12:50,159.74135000000012,0.0,0.0,159.74135000000012,0.0,0.0,0.0,6000.0,6000.0
2025-01-12,78,12:50,13:00,212.18624999999997,0.0,0.0,212.18624999999997,0.0,0.0,0.0,6000.0,6000.0
2025-01-12,79,13:00,13:10,205.7276996999999,0.0,0.0,205.7276996999999,0.0,0.0,0.0,6000.0,6000.0
2025-01-12,80,13:10,13:20,197.40111669999987,0.0,0.0,197.40111669999987,0.0,0.0,0.0,6000.0,6000.0
2025-01-12,81,13:20,13:30,229.09916700000008,0.0,0.0,229.09916700000008,0.0,0.0,0.0,6000.0,6000.0
2025-01-12,82,13:30,13:40,282.7492832999999,0.0,0.0,282.7492832999999,0.0,0.0,0.0,6000.0,6000.0
2025-01-12,83,13:40,13:50,308.9925167,0.0,0.0,308.9925167,0.0,0.0,0.0,6000.0,6000.0
2025-01-12,84,13:50,14:00,310.554167,0.0,0.0,310.554167,0.0,0.0,0.0,6000.0,6000.0
2025-01-12,85,14:00,14:10,336.455883,0.0,0.0,336.455883,0.0,0.0,0.0,6000.0,6000.0
2025-01-12,86,14:10,14:20,383.125583,0.0,0.0,383.125583,0.0,0.0,0.0,6000.0,6000.0
2025-01-12,87,14:20,14:30,423.6524999999999,0.0,0.0,423.6524999999999,0.0,0.0,0.0,6000.0,6000.0
2025-01-12,88,14:30,14:40,436.1959999999999,34.98464999999999,34.98464999999999,401.2113499999999,0.0,0.0,0.0,6000.0,6000.0
2025-01-12,89,14:40,14:50,455.82550030000004,82.106,82.106,373.71950030000005,0.0,0.0,0.0,6000.0,6000.0
2025-01-12,90,14:50,15:00,497.2912500000001,115.73791670000003,115.73791670000003,381.5533333000001,0.0,0.0,0.0,6000.0,6000.0
2025-01-12,91,15:00,15:10,544.04195,136.9455833,136.9455833,407.09636670000003,0.0,0.0,0.0,6000.0,6000.0
2025-01-12,92,15:10,15:20,593.1528000000001,184.79551669999995,184.79551669999995,408.3572833000001,0.0,0.0,0.0,6000.0,6000.0
2025-01-12,93,15:20,15:30,650.63625,241.27041670000006,241.27041670000006,409.36583329999996,0.0,0.0,0.0,6000.0,6000.0
2025-01-12,94,15:30,15:40,716.1477663000001,251.4025833,251.4025833,464.74518300000005,0.0,0.0,0.0,6000.0,6000.0
2025-01-12,95,15:40,15:50,746.5944830000001,274.7196334,274.7196334,471.87484960000006,0.0,0.0,0.0,6000.0,6000.0
2025-01-12,96,15:50,16:00,762.7475000000001,318.20083329999994,318.20083329999994,444.5466667000001,0.0,0.0,0.0,6000.0,6000.0
2025-01-12,97,16:00,16:10,829.0708167,333.5423167,333.5423167,495.5285,0.0,0.0,0.0,6000.0,6000.0
2025-01-12,98,16:10,16:20,889.1067329999998,375.7370167,375.7370167,513.3697162999998,0.0,0.0,0.0,6000.0,6000.0
2025-01-12,99,16:20,16:30,917.6245829999999,454.13833330000006,454.13833330000006,463.48624969999986,0.0,0.0,0.0,6000.0,6000.0
2025-01-12,100,16:30,16:40,948.203417,509.07013336999995,509.07013336999995,439.13328363,0.0,0.0,0.0,6000.0,6000.0
2025-01-12,101,16:40,16:50,999.10655,497.32686663000004,497.32686663000004,501.77968336999993,0.0,0.0,0.0,6000.0,6000.0
2025-01-12,102,16:50,17:00,1051.20125,451.90999999999997,451.90999999999997,599.2912500000001,0.0,0.0,0.0,6000.0,6000.0
2025-01-12,103,17:00,17:10,1065.9176163333,452.2771333,452.2771333,613.6404830332999,0.0,0.0,0.0,6000.0,6000.0
2025-01-12,104,17:10,17:20,1058.4806666667,480.9127666667,480.9127666667,577.5679,0.0,0.0,0.0,6000.0,6000.0
2025-01-12,105,17:20,17:30,1058.201667,501.7416667,501.7416667,556.4600003,0.0,0.0,0.0,6000.0,6000.0
2025-01-12,106,17:30,17:40,1061.67985,495.5366167,495.5366167,566.1432333,0.0,0.0,0.0,6000.0,6000.0
2025-01-12,107,17:40,17:50,943.060883333333,473.95131666667,473.95131666667,469.109566666663,0.0,0.0,0.0,6000.0,6000.0
2025-01-12,108,17:50,18:00,757.6983333,463.6616667,463.6616667,294.03666659999993,0.0,0.0,0.0,6000.0,6000.0
2025-01-12,109,18:00,18:10,704.8200333,480.8428667,480.8428667,223.97716659999998,0.0,0.0,0.0,6000.0,6000.0
2025-01-12,110,18:10,18:20,714.4136833,471.9503167,471.9503167,242.46336660000003,0.0,0.0,0.0,6000.0,6000.0
2025-01-12,111,18:20,18:30,727.9783333,448.6416667,448.6416667,279.33666660000006,0.0,0.0,0.0,6000.0,6000.0
2025-01-12,112,18:30,18:40,756.3149167,472.5880167,472.5880167,283.7269,0.0,0.0,0.0,6000.0,6000.0
2025-01-12,113,18:40,18:50,764.5870333,478.332,478.332,286.25503330000004,0.0,0.0,0.0,6000.0,6000.0
2025-01-12,114,18:50,19:00,746.7983333,453.7866667,453.7866667,293.01166659999996,0.0,0.0,0.0,6000.0,6000.0
2025-01-12,115,19:00,19:10,733.5685833,454.0116833,454.0116833,279.5569,0.0,0.0,0.0,6000.0,6000.0
2025-01-12,116,19:10,19:20,736.2062,460.0325,460.0325,276.17369999999994,0.0,0.0,0.0,6000.0,6000.0
2025-01-12,117,19:20,19:30,733.32,470.67,470.67,262.65000000000003,0.0,0.0,0.0,6000.0,6000.0
2025-01-12,118,19:30,19:40,698.284,502.2483333,502.2483333,196.03566669999998,0.0,0.0,0.0,6000.0,6000.0
2025-01-12,119,19:40,19:50,690.1758167,495.7262167,495.7262167,194.44960000000003,0.0,0.0,0.0,6000.0,6000.0
2025-01-12,120,19:50,20:00,720.7266667,455.1716667,455.1716667,265.555,0.0,0.0,0.0,6000.0,6000.0
2025-01-12,121,20:00,20:10,740.9029167,447.7202833,447.7202833,293.1826334,0.0,0.0,0.0,6000.0,6000.0
2025-01-12,122,20:10,20:20,735.99085,463.75645,463.75645,272.23440000000005,0.0,0.0,0.0,6000.0,6000.0
2025-01-12,123,20:20,20:30,725.305,483.09,483.09,242.21499999999997,0.0,0.0,0.0,6000.0,6000.0
2025-01-12,124,20:30,20:40,740.11265,496.2437333,496.2437333,243.86891670000006,0.0,0.0,0.0,6000.0,6000.0
2025-01-12,125,20:40,20:50,760.9584,498.80275,498.80275,262.15565,0.0,0.0,0.0,6000.0,6000.0
2025-01-12,126,20:50,21:00,760.51,493.9716667,493.9716667,266.5383333,0.0,0.0,0.0,6000.0,6000.0
2025-01-12,127,21:00,21:10,731.4806333,488.9876167,488.9876167,242.49301660000003,0.0,0.0,0.0,6000.0,6000.0
2025-01-12,128,21:10,21:20,724.0906167,482.1296667,482.1296667,241.96095000000008,0.0,0.0,0.0,6000.0,6000.0
2025-01-12,129,21:20,21:30,748.8716667,486.3416667,486.3416667,262.53,0.0,0.0,0.0,6000.0,6000.0
2025-01-12,130,21:30,21:40,755.8918333,508.4937,508.4937,247.39813330000004,0.0,0.0,0.0,6000.0,6000.0
2025-01-12,131,21:40,21:50,675.1566833,468.5596833,468.5596833,206.59700000000004,0.0,0.0,0.0,6000.0,6000.0
2025-01-12,132,21:50,22:00,563.14,385.1816667,385.1816667,177.9583333,0.0,0.0,0.0,6000.0,6000.0
2025-01-12,133,22:00,22:10,553.7117833,369.3645167,369.3645167,184.34726659999995,0.0,0.0,0.0,6000.0,6000.0
2025-01-12,134,22:10,22:20,570.6167667,417.6178167,417.6178167,152.99894999999998,0.0,0.0,0.0,6000.0,6000.0
2025-01-12,135,22:20,22:30,571.2466667,459.385,459.385,111.8616667,0.0,0.0,0.0,6000.0,6000.0
2025-01-12,136,22:30,22:40,585.1130667,427.79895,427.79895,157.3141167,0.0,0.0,0.0,6000.0,6000.0
2025-01-12,137,22:40,22:50,582.4459667,414.0708333,414.0708333,168.37513339999998,0.0,0.0,0.0,6000.0,6000.0
2025-01-12,138,22:50,23:00,579.2483333,432.2066667,432.2066667,147.04166659999999,0.0,0.0,0.0,6000.0,6000.0
2025-01-12,139,23:00,23:10,616.8086833,411.1607333,411.1607333,205.64794999999998,0.0,0.0,0.0,6000.0,6000.0
2025-01-12,140,23:10,23:20,598.4355833,404.9495333,404.9495333,193.48604999999998,0.0,0.0,0.0,6000.0,6000.0
2025-01-12,141,23:20,23:30,553.85,425.9533333,425.9533333,127.89666670000003,0.0,0.0,0.0,6000.0,6000.0
2025-01-12,142,23:30,23:40,606.16115,438.4365833,438.4365833,167.72456670000003,0.0,0.0,0.0,6000.0,6000.0
2025-01-12,143,23:40,23:50,614.5357333,506.28425,506.28425,108.25148329999996,0.0,0.0,0.0,6000.0,6000.0
2025-01-12,144,23:50,24:00,571.4866667,612.8033333,571.4866667,0.0,0.0,0.0,0.0,6000.0,6000.0
2025-01-13,1,00:00,00:10,610.8037667,657.94785,610.8037667,0.0,0.0,0.0,0.0,6000.0,6000.0
2025-01-13,2,00:10,00:20,632.6709,635.2535167,632.6709,0.0,0.0,0.0,0.0,6000.0,6000.0
2025-01-13,3,00:20,00:30,606.7016667,603.7666667,603.7666667,2.935000000000059,0.0,0.0,0.0,6000.0,6000.0
2025-01-13,4,00:30,00:40,603.7507167,627.08245,603.7507167,0.0,0.0,0.0,0.0,6000.0,6000.0
2025-01-13,5,00:40,00:50,583.70985,627.7096,583.70985,0.0,0.0,0.0,0.0,6000.0,6000.0
2025-01-13,6,00:50,01:00,573.7083333,594.9616667,573.7083333,0.0,0.0,0.0,0.0,6000.0,6000.0
2025-01-13,7,01:00,01:10,646.2420167,601.4366167,601.4366167,44.80540000000008,0.0,0.0,0.0,6000.0,6000.0
2025-01-13,8,01:10,01:20,676.3978333,642.1397167,642.1397167,34.258116599999994,0.0,0.0,0.0,6000.0,6000.0
2025-01-13,9,01:20,01:30,642.4933333,677.345,642.4933333,0.0,0.0,0.0,0.0,6000.0,6000.0
2025-01-13,10,01:30,01:40,642.4381167,667.3810167,642.4381167,0.0,0.0,0.0,0.0,6000.0,6000.0
2025-01-13,11,01:40,01:50,640.80015,630.0515667,630.0515667,10.748583300000064,0.0,0.0,0.0,6000.0,6000.0
2025-01-13,12,01:50,02:00,632.1683333,607.5016667,607.5016667,24.666666599999985,0.0,0.0,0.0,6000.0,6000.0
2025-01-13,13,02:00,02:10,653.3865333,630.0756833,630.0756833,23.31084999999996,0.0,0.0,0.0,6000.0,6000.0
2025-01-13,14,02:10,02:20,653.68165,644.9068667,644.9068667,8.774783299999967,0.0,0.0,0.0,6000.0,6000.0
2025-01-13,15,02:20,02:30,640.2383333,652.3116667,640.2383333,0.0,0.0,0.0,0.0,6000.0,6000.0
2025-01-13,16,02:30,02:40,672.0840167,698.7637167,672.0840167,0.0,0.0,0.0,0.0,6000.0,6000.0
2025-01-13,17,02:40,02:50,696.0026667,721.79125,696.0026667,0.0,0.0,0.0,0.0,6000.0,6000.0
2025-01-13,18,02:50,03:00,691.0883333,694.5933333,691.0883333,0.0,0.0,0.0,0.0,6000.0,6000.0
2025-01-13,19,03:00,03:10,687.9624667,658.6037333,658.6037333,29.358733400000006,0.0,0.0,0.0,6000.0,6000.0
2025-01-13,20,03:10,03:20,679.2885,669.47555,669.47555,9.81295,0.0,0.0,0.0,6000.0,6000.0
2025-01-13,21,03:20,03:30,669.3583333,698.5016667,669.3583333,0.0,0.0,0.0,0.0,6000.0,6000.0
2025-01-13,22,03:30,03:40,677.6823167,668.2077333,668.2077333,9.474583400000029,0.0,0.0,0.0,6000.0,6000.0
2025-01-13,23,03:40,03:50,697.26815,651.30355,651.30355,45.96460000000002,0.0,0.0,0.0,6000.0,6000.0
2025-01-13,24,03:50,04:00,709.425,676.9583333,676.9583333,32.466666699999905,0.0,0.0,0.0,6000.0,6000.0
2025-01-13,25,04:00,04:10,698.6765167,700.0366,698.6765167,0.0,0.0,0.0,0.0,6000.0,6000.0
2025-01-13,26,04:10,04:20,681.7081167,706.6536333,681.7081167,0.0,0.0,0.0,0.0,6000.0,6000.0
2025-01-13,27,04:20,04:30,682.6183333,698.2233333,682.6183333,0.0,0.0,0.0,0.0,6000.0,6000.0
2025-01-13,28,04:30,04:40,710.3667167,685.6066833,685.6066833,24.760033399999998,0.0,0.0,0.0,6000.0,6000.0
2025-01-13,29,04:40,04:50,718.9996333,689.7339667,689.7339667,29.26566660000003,0.0,0.0,0.0,6000.0,6000.0
2025-01-13,30,04:50,05:00,715.3016667,702.54,702.54,12.761666700000092,0.0,0.0,0.0,6000.0,6000.0
2025-01-13,31,05:00,05:10,745.5997833,700.4579667,700.4579667,45.14181659999997,0.0,0.0,0.0,6000.0,6000.0
2025-01-13,32,05:10,05:20,751.2672333,720.06335,720.06335,31.20388330000003,0.0,0.0,0.0,6000.0,6000.0
2025-01-13,33,05:20,05:30,708.4266667,731.1216667,708.4266667,0.0,0.0,0.0,0.0,6000.0,6000.0
2025-01-13,34,05:30,05:40,671.5013667,681.1305333,671.5013667,0.0,0.0,0.0,0.0,6000.0,6000.0
2025-01-13,35,05:40,05:50,753.0417333,745.8919,745.8919,7.1498333000000684,0.0,0.0,0.0,6000.0,6000.0
2025-01-13,36,05:50,06:00,892.835,900.1083333,892.835,0.0,0.0,0.0,0.0,6000.0,6000.0
2025-01-13,37,06:00,06:10,910.3188833,931.6757833,910.3188833,0.0,0.0,0.0,0.0,6000.0,6000.0
2025-01-13,38,06:10,06:20,886.6672666666667,914.0460333,886.6672666666667,0.0,0.0,0.0,0.0,6000.0,6000.0
2025-01-13,39,06:20,06:30,894.7183333,914.2883333,894.7183333,0.0,0.0,0.0,0.0,6000.0,6000.0
2025-01-13,40,06:30,06:40,919.2638833,916.4748833,916.4748833,2.7889999999999873,0.0,0.0,0.0,6000.0,6000.0
2025-01-13,41,06:40,06:50,900.1931500333,896.5318,896.5318,3.661350033299982,0.0,0.0,0.0,6000.0,6000.0
2025-01-13,42,06:50,07:00,857.9108332999999,856.9291667,856.9291667,0.9816665999999259,0.0,0.0,0.0,6000.0,6000.0
2025-01-13,43,07:00,07:10,866.57314997,826.32583337,826.32583337,40.24731659999998,0.0,0.0,0.0,6000.0,6000.0
2025-01-13,44,07:10,07:20,854.1046167,824.56509997,824.56509997,29.539516729999946,0.0,0.0,0.0,6000.0,6000.0
2025-01-13,45,07:20,07:30,766.4120833,806.0516666999999,766.4120833,0.0,0.0,0.0,0.0,6000.0,6000.0
2025-01-13,46,07:30,07:40,651.6025,726.28305,651.6025,0.0,0.0,0.0,0.0,6000.0,6000.0
2025-01-13,47,07:40,07:50,728.7990667,783.116383,728.7990667,0.0,0.0,0.0,0.0,6000.0,6000.0
2025-01-13,48,07:50,08:00,903.73,923.2866669999999,903.73,0.0,0.0,0.0,0.0,6000.0,6000.0
2025-01-13,49,08:00,08:10,852.7128499999999,884.7335163,852.7128499999999,0.0,0.0,0.0,0.0,6000.0,6000.0
2025-01-13,50,08:10,08:20,749.0165497,812.5011663,749.0165497,0.0,0.0,0.0,0.0,6000.0,6000.0
2025-01-13,51,08:20,08:30,722.0475,790.1175000000001,722.0475,0.0,0.0,0.0,0.0,6000.0,6000.0
2025-01-13,52,08:30,08:40,722.6707332999999,752.8625829999999,722.6707332999999,0.0,0.0,0.0,0.0,6000.0,6000.0
2025-01-13,53,08:40,08:50,679.5056503,708.7740003000001,679.5056503,0.0,0.0,0.0,0.0,6000.0,6000.0
2025-01-13,54,08:50,09:00,606.0075,659.668333,606.0075,0.0,0.0,0.0,0.0,6000.0,6000.0
2025-01-13,55,09:00,09:10,580.093767,593.3076833,580.093767,0.0,0.0,0.0,0.0,6000.0,6000.0
2025-01-13,56,09:10,09:20,582.6719,544.7308670000001,544.7308670000001,37.94103299999995,0.0,0.0,0.0,6000.0,6000.0
2025-01-13,57,09:20,09:30,550.518333,527.5300000000001,527.5300000000001,22.988332999999898,0.0,0.0,0.0,6000.0,6000.0
2025-01-13,58,09:30,09:40,444.32531630000005,521.2397167,444.32531630000005,0.0,0.0,0.0,0.0,6000.0,6000.0
2025-01-13,59,09:40,09:50,389.1233503000001,503.79933330000006,389.1233503000001,0.0,0.0,0.0,0.0,6000.0,6000.0
2025-01-13,60,09:50,10:00,393.14041699999996,462.6166669999999,393.14041699999996,0.0,0.0,0.0,0.0,6000.0,6000.0
2025-01-13,61,10:00,10:10,348.1663837000001,404.58719999999994,348.1663837000001,0.0,0.0,0.0,0.0,6000.0,6000.0
2025-01-13,62,10:10,10:20,308.82153299999993,373.72360000000003,308.82153299999993,0.0,0.0,0.0,0.0,6000.0,6000.0
2025-01-13,63,10:20,10:30,285.8004169999999,358.621667,285.8004169999999,0.0,0.0,0.0,0.0,6000.0,6000.0
2025-01-13,64,10:30,10:40,231.58043369999996,311.95529969999996,231.58043369999996,0.0,0.0,0.0,0.0,6000.0,6000.0
2025-01-13,65,10:40,10:50,208.49313370000004,296.56246669999996,208.49313370000004,0.0,0.0,0.0,0.0,6000.0,6000.0
2025-01-13,66,10:50,11:00,244.50416699999994,300.81125,244.50416699999994,0.0,0.0,0.0,0.0,6000.0,6000.0
2025-01-13,67,11:00,11:10,285.41059999999993,253.5355169999999,253.5355169999999,31.875083000000018,0.0,0.0,0.0,6000.0,6000.0
2025-01-13,68,11:10,11:20,209.57746669999995,249.89704970000014,209.57746669999995,0.0,0.0,0.0,0.0,6000.0,6000.0
2025-01-13,69,11:20,11:30,109.6400000000001,281.75416699999994,109.6400000000001,0.0,0.0,0.0,0.0,6000.0,6000.0
2025-01-13,70,11:30,11:40,187.6440502999999,236.8570329999999,187.6440502999999,0.0,0.0,0.0,0.0,6000.0,6000.0
2025-01-13,71,11:40,11:50,177.2657499999999,169.27094970000007,169.27094970000007,7.994800299999838,0.0,0.0,0.0,6000.0,6000.0
2025-01-13,72,11:50,12:00,50.67333300000007,146.48458300000004,50.67333300000007,0.0,0.0,0.0,0.0,6000.0,6000.0
2025-01-13,73,12:00,12:10,47.841049999999996,182.1572,47.841049999999996,0.0,0.0,0.0,0.0,6000.0,6000.0
2025-01-13,74,12:10,12:20,54.52091699999994,196.97138300000006,54.52091699999994,0.0,0.0,0.0,0.0,6000.0,6000.0
2025-01-13,75,12:20,12:30,23.704582999999957,163.792917,23.704582999999957,0.0,0.0,0.0,0.0,6000.0,6000.0
2025-01-13,76,12:30,12:40,38.57593299999985,132.87503330000004,38.57593299999985,0.0,0.0,0.0,0.0,6000.0,6000.0
2025-01-13,77,12:40,12:50,65.753017,159.74135000000012,65.753017,0.0,0.0,0.0,0.0,6000.0,6000.0
2025-01-13,78,12:50,13:00,77.06374999999991,212.18624999999997,77.06374999999991,0.0,0.0,0.0,0.0,6000.0,6000.0
2025-01-13,79,13:00,13:10,89.24943399999995,205.7276996999999,89.24943399999995,0.0,0.0,0.0,0.0,6000.0,6000.0
2025-01-13,80,13:10,13:20,150.19224969999993,197.40111669999987,150.19224969999993,0.0,0.0,0.0,0.0,6000.0,6000.0
2025-01-13,81,13:20,13:30,222.19166699999994,229.09916700000008,222.19166699999994,0.0,0.0,0.0,0.0,6000.0,6000.0
2025-01-13,82,13:30,13:40,220.072,282.7492832999999,220.072,0.0,0.0,0.0,0.0,6000.0,6000.0
2025-01-13,83,13:40,13:50,235.57216700000015,308.9925167,235.57216700000015,0.0,0.0,0.0,0.0,6000.0,6000.0
2025-01-13,84,13:50,14:00,290.3408330000001,310.554167,290.3408330000001,0.0,0.0,0.0,0.0,6000.0,6000.0
2025-01-13,85,14:00,14:10,313.4943167,336.455883,313.4943167,0.0,0.0,0.0,0.0,6000.0,6000.0
2025-01-13,86,14:10,14:20,325.3136666999999,383.125583,325.3136666999999,0.0,0.0,0.0,0.0,6000.0,6000.0
2025-01-13,87,14:20,14:30,368.60125000000005,423.6524999999999,368.60125000000005,0.0,0.0,0.0,0.0,6000.0,6000.0
2025-01-13,88,14:30,14:40,459.7185662999999,436.1959999999999,436.1959999999999,23.522566299999994,0.0,0.0,0.0,6000.0,6000.0
2025-01-13,89,14:40,14:50,518.9632163,455.82550030000004,455.82550030000004,63.137715999999955,0.0,0.0,0.0,6000.0,6000.0
2025-01-13,90,14:50,15:00,523.3891669999999,497.2912500000001,497.2912500000001,26.097916999999825,0.0,0.0,0.0,6000.0,6000.0
2025-01-13,91,15:00,15:10,525.8889,544.04195,525.8889,0.0,0.0,0.0,0.0,6000.0,6000.0
2025-01-13,92,15:10,15:20,558.4616166999999,593.1528000000001,558.4616166999999,0.0,0.0,0.0,0.0,6000.0,6000.0
2025-01-13,93,15:20,15:30,619.1033329999999,650.63625,619.1033329999999,0.0,0.0,0.0,0.0,6000.0,6000.0
2025-01-13,94,15:30,15:40,676.9179667000001,716.1477663000001,676.9179667000001,0.0,0.0,0.0,0.0,6000.0,6000.0
2025-01-13,95,15:40,15:50,700.0166002999999,746.5944830000001,700.0166002999999,0.0,0.0,0.0,0.0,6000.0,6000.0
2025-01-13,96,15:50,16:00,724.9583329999999,762.7475000000001,724.9583329999999,0.0,0.0,0.0,0.0,6000.0,6000.0
2025-01-13,97,16:00,16:10,817.7988836999999,829.0708167,817.7988836999999,0.0,0.0,0.0,0.0,6000.0,6000.0
2025-01-13,98,16:10,16:20,893.0787497000001,889.1067329999998,889.1067329999998,3.9720167000002675,0.0,0.0,0.0,6000.0,6000.0
2025-01-13,99,16:20,16:30,919.0120830000001,917.6245829999999,917.6245829999999,1.3875000000001592,0.0,0.0,0.0,6000.0,6000.0
2025-01-13,100,16:30,16:40,946.484717,948.203417,946.484717,0.0,0.0,0.0,0.0,6000.0,6000.0
2025-01-13,101,16:40,16:50,986.7290499999999,999.10655,986.7290499999999,0.0,0.0,0.0,0.0,6000.0,6000.0
2025-01-13,102,16:50,17:00,1014.452083,1051.20125,1014.452083,0.0,0.0,0.0,0.0,6000.0,6000.0
2025-01-13,103,17:00,17:10,1001.2693833333,1065.9176163333,1001.2693833333,0.0,0.0,0.0,0.0,6000.0,6000.0
2025-01-13,104,17:10,17:20,1006.0284,1058.4806666667,1006.0284,0.0,0.0,0.0,0.0,6000.0,6000.0
2025-01-13,105,17:20,17:30,1049.523333,1058.201667,1049.523333,0.0,0.0,0.0,0.0,6000.0,6000.0
2025-01-13,106,17:30,17:40,1070.2617503333302,1061.67985,1061.67985,8.581900333330168,0.0,0.0,0.0,6000.0,6000.0
2025-01-13,107,17:40,17:50,934.62385,943.060883333333,934.62385,0.0,0.0,0.0,0.0,6000.0,6000.0
2025-01-13,108,17:50,18:00,737.38,757.6983333,737.38,0.0,0.0,0.0,0.0,6000.0,6000.0
2025-01-13,109,18:00,18:10,722.372233366667,704.8200333,704.8200333,17.55220006666707,0.0,0.0,0.0,6000.0,6000.0
2025-01-13,110,18:10,18:20,752.2923167,714.4136833,714.4136833,37.87863340000001,0.0,0.0,0.0,6000.0,6000.0
2025-01-13,111,18:20,18:30,732.48,727.9783333,727.9783333,4.501666699999987,0.0,0.0,0.0,6000.0,6000.0
2025-01-13,112,18:30,18:40,705.1073833,756.3149167,705.1073833,0.0,0.0,0.0,0.0,6000.0,6000.0
2025-01-13,113,18:40,18:50,696.5728667,764.5870333,696.5728667,0.0,0.0,0.0,0.0,6000.0,6000.0
2025-01-13,114,18:50,19:00,716.3033333,746.7983333,716.3033333,0.0,0.0,0.0,0.0,6000.0,6000.0
2025-01-13,115,19:00,19:10,750.3626,733.5685833,733.5685833,16.794016700000043,0.0,0.0,0.0,6000.0,6000.0
2025-01-13,116,19:10,19:20,741.2495,736.2062,736.2062,5.043300000000045,0.0,0.0,0.0,6000.0,6000.0
2025-01-13,117,19:20,19:30,710.6816667,733.32,710.6816667,0.0,0.0,0.0,0.0,6000.0,6000.0
2025-01-13,118,19:30,19:40,734.5088833,698.284,698.284,36.22488329999999,0.0,0.0,0.0,6000.0,6000.0
2025-01-13,119,19:40,19:50,748.7718333,690.1758167,690.1758167,58.596016599999984,0.0,0.0,0.0,6000.0,6000.0
2025-01-13,120,19:50,20:00,735.4133333,720.7266667,720.7266667,14.686666599999967,0.0,0.0,0.0,6000.0,6000.0
2025-01-13,121,20:00,20:10,740.67225,740.9029167,740.67225,0.0,0.0,0.0,0.0,6000.0,6000.0
2025-01-13,122,20:10,20:20,742.0775,735.99085,735.99085,6.086649999999963,0.0,0.0,0.0,6000.0,6000.0
2025-01-13,123,20:20,20:30,732.735,725.305,725.305,7.430000000000064,0.0,0.0,0.0,6000.0,6000.0
2025-01-13,124,20:30,20:40,730.5805,740.11265,730.5805,0.0,0.0,0.0,0.0,6000.0,6000.0
2025-01-13,125,20:40,20:50,720.4999167,760.9584,720.4999167,0.0,0.0,0.0,0.0,6000.0,6000.0
2025-01-13,126,20:50,21:00,729.8433333,760.51,729.8433333,0.0,0.0,0.0,0.0,6000.0,6000.0
2025-01-13,127,21:00,21:10,795.8265167,731.4806333,731.4806333,64.34588339999993,0.0,0.0,0.0,6000.0,6000.0
2025-01-13,128,21:10,21:20,798.6658,724.0906167,724.0906167,74.57518329999994,0.0,0.0,0.0,6000.0,6000.0
2025-01-13,129,21:20,21:30,759.0166667,748.8716667,748.8716667,10.144999999999982,0.0,0.0,0.0,6000.0,6000.0
2025-01-13,130,21:30,21:40,796.3102167,755.8918333,755.8918333,40.418383399999925,0.0,0.0,0.0,6000.0,6000.0
2025-01-13,131,21:40,21:50,717.7106167,675.1566833,675.1566833,42.55393339999989,0.0,0.0,0.0,6000.0,6000.0
2025-01-13,132,21:50,22:00,560.4833333,563.14,560.4833333,0.0,0.0,0.0,0.0,6000.0,6000.0
2025-01-13,133,22:00,22:10,567.4424833,553.7117833,553.7117833,13.73070000000007,0.0,0.0,0.0,6000.0,6000.0
2025-01-13,134,22:10,22:20,572.8720167,570.6167667,570.6167667,2.2552500000000464,0.0,0.0,0.0,6000.0,6000.0
2025-01-13,135,22:20,22:30,530.0716667,571.2466667,530.0716667,0.0,0.0,0.0,0.0,6000.0,6000.0
2025-01-13,136,22:30,22:40,567.1485667,585.1130667,567.1485667,0.0,0.0,0.0,0.0,6000.0,6000.0
2025-01-13,137,22:40,22:50,615.53395,582.4459667,582.4459667,33.08798330000002,0.0,0.0,0.0,6000.0,6000.0
2025-01-13,138,22:50,23:00,607.8116667,579.2483333,579.2483333,28.563333400000033,0.0,0.0,0.0,6000.0,6000.0
2025-01-13,139,23:00,23:10,556.5846167,616.8086833,556.5846167,0.0,0.0,0.0,0.0,6000.0,6000.0
2025-01-13,140,23:10,23:20,576.4486167,598.4355833,576.4486167,0.0,0.0,0.0,0.0,6000.0,6000.0
2025-01-13,141,23:20,23:30,649.3583333,553.85,553.85,95.5083333,0.0,0.0,0.0,6000.0,6000.0
2025-01-13,142,23:30,23:40,644.1870833,606.16115,606.16115,38.02593330000002,0.0,0.0,0.0,6000.0,6000.0
2025-01-13,143,23:40,23:50,606.2679,614.5357333,606.2679,0.0,0.0,0.0,0.0,6000.0,6000.0
2025-01-13,144,23:50,24:00,593.7466667,571.4866667,571.4866667,22.25999999999999,0.0,0.0,0.0,6000.0,6000.0
2025-01-14,1,00:00,00:10,616.3293167,610.8037667,610.8037667,5.525550000000067,0.0,0.0,0.0,6000.0,6000.0
2025-01-14,2,00:10,00:20,624.6072,632.6709,624.6072,0.0,0.0,0.0,0.0,6000.0,6000.0
2025-01-14,3,00:20,00:30,611.875,606.7016667,606.7016667,5.1733332999999675,0.0,0.0,0.0,6000.0,6000.0
2025-01-14,4,00:30,00:40,614.5873167,603.7507167,603.7507167,10.836599999999976,0.0,0.0,0.0,6000.0,6000.0
2025-01-14,5,00:40,00:50,615.1157333,583.70985,583.70985,31.405883300000028,0.0,0.0,0.0,6000.0,6000.0
2025-01-14,6,00:50,01:00,621.575,573.7083333,573.7083333,47.866666699999996,0.0,0.0,0.0,6000.0,6000.0
2025-01-14,7,01:00,01:10,657.8858333,646.2420167,646.2420167,11.643816599999923,0.0,0.0,0.0,6000.0,6000.0
2025-01-14,8,01:10,01:20,656.1048667,676.3978333,656.1048667,0.0,0.0,0.0,0.0,6000.0,6000.0
2025-01-14,9,01:20,01:30,626.7583333,642.4933333,626.7583333,0.0,0.0,0.0,0.0,6000.0,6000.0
2025-01-14,10,01:30,01:40,649.6088833,642.4381167,642.4381167,7.170766599999979,0.0,0.0,0.0,6000.0,6000.0
2025-01-14,11,01:40,01:50,676.2656833,640.80015,640.80015,35.46553329999995,0.0,0.0,0.0,6000.0,6000.0
2025-01-14,12,01:50,02:00,679.7133333,632.1683333,632.1683333,47.54500000000007,0.0,0.0,0.0,6000.0,6000.0
2025-01-14,13,02:00,02:10,680.6354833,653.3865333,653.3865333,27.248950000000036,0.0,0.0,0.0,6000.0,6000.0
2025-01-14,14,02:10,02:20,673.19935,653.68165,653.68165,19.51769999999999,0.0,0.0,0.0,6000.0,6000.0
2025-01-14,15,02:20,02:30,663.005,640.2383333,640.2383333,22.766666699999973,0.0,0.0,0.0,6000.0,6000.0
2025-01-14,16,02:30,02:40,666.99085,672.0840167,666.99085,0.0,0.0,0.0,0.0,6000.0,6000.0
2025-01-14,17,02:40,02:50,673.3498167,696.0026667,673.3498167,0.0,0.0,0.0,0.0,6000.0,6000.0
2025-01-14,18,02:50,03:00,675.2933333,691.0883333,675.2933333,0.0,0.0,0.0,0.0,6000.0,6000.0
2025-01-14,19,03:00,03:10,680.1736667,687.9624667,680.1736667,0.0,0.0,0.0,0.0,6000.0,6000.0
2025-01-14,20,03:10,03:20,700.90325,679.2885,679.2885,21.614749999999958,0.0,0.0,0.0,6000.0,6000.0
2025-01-14,21,03:20,03:30,720.6316667,669.3583333,669.3583333,51.273333399999956,0.0,0.0,0.0,6000.0,6000.0
2025-01-14,22,03:30,03:40,708.8697167,677.6823167,677.6823167,31.187400000000025,0.0,0.0,0.0,6000.0,6000.0
2025-01-14,23,03:40,03:50,702.76555,697.26815,697.26815,5.4973999999999705,0.0,0.0,0.0,6000.0,6000.0
2025-01-14,24,03:50,04:00,714.0983333,709.425,709.425,4.673333300000081,0.0,0.0,0.0,6000.0,6000.0
2025-01-14,25,04:00,04:10,713.7702833,698.6765167,698.6765167,15.09376659999998,0.0,0.0,0.0,6000.0,6000.0
2025-01-14,26,04:10,04:20,682.0052,681.7081167,681.7081167,0.2970832999999402,0.0,0.0,0.0,6000.0,6000.0
2025-01-14,27,04:20,04:30,655.35,682.6183333,655.35,0.0,0.0,0.0,0.0,6000.0,6000.0
2025-01-14,28,04:30,04:40,692.9606167,710.3667167,692.9606167,0.0,0.0,0.0,0.0,6000.0,6000.0
2025-01-14,29,04:40,04:50,732.47305,718.9996333,718.9996333,13.473416699999916,0.0,0.0,0.0,6000.0,6000.0
2025-01-14,30,04:50,05:00,729.27,715.3016667,715.3016667,13.968333299999927,0.0,0.0,0.0,6000.0,6000.0
2025-01-14,31,05:00,05:10,698.7895833,745.5997833,698.7895833,0.0,0.0,0.0,0.0,6000.0,6000.0
2025-01-14,32,05:10,05:20,698.16495,751.2672333,698.16495,0.0,0.0,0.0,0.0,6000.0,6000.0
2025-01-14,33,05:20,05:30,711.0,708.4266667,708.4266667,2.5733332999999448,0.0,0.0,0.0,6000.0,6000.0
2025-01-14,34,05:30,05:40,687.6035667,671.5013667,671.5013667,16.10220000000004,0.0,0.0,0.0,6000.0,6000.0
2025-01-14,35,05:40,05:50,768.5742,753.0417333,753.0417333,15.532466699999986,0.0,0.0,0.0,6000.0,6000.0
2025-01-14,36,05:50,06:00,910.935,892.835,892.835,18.09999999999991,0.0,0.0,0.0,6000.0,6000.0
2025-01-14,37,06:00,06:10,915.5539666999999,910.3188833,910.3188833,5.235083399999894,0.0,0.0,0.0,6000.0,6000.0
2025-01-14,38,06:10,06:20,883.10115,886.6672666666667,883.10115,0.0,0.0,0.0,0.0,6000.0,6000.0
2025-01-14,39,06:20,06:30,904.085,894.7183333,894.7183333,9.366666699999996,0.0,0.0,0.0,6000.0,6000.0
2025-01-14,40,06:30,06:40,960.73618336667,919.2638833,919.2638833,41.47230006667007,0.0,0.0,0.0,6000.0,6000.0
2025-01-14,41,06:40,06:50,957.8220666333,900.1931500333,900.1931500333,57.628916600000025,0.0,0.0,0.0,6000.0,6000.0
2025-01-14,42,06:50,07:00,890.2041667,857.9108332999999,857.9108332999999,32.29333340000005,0.0,0.0,0.0,6000.0,6000.0
2025-01-14,43,07:00,07:10,842.47330003,866.57314997,842.47330003,0.0,0.0,0.0,0.0,6000.0,6000.0
2025-01-14,44,07:10,07:20,822.50704997,854.1046167,822.50704997,0.0,0.0,0.0,0.0,6000.0,6000.0
2025-01-14,45,07:20,07:30,781.3483333,766.4120833,766.4120833,14.936250000000086,0.0,0.0,0.0,6000.0,6000.0
2025-01-14,46,07:30,07:40,695.8232499999999,651.6025,651.6025,44.22074999999995,0.0,0.0,0.0,6000.0,6000.0
2025-01-14,47,07:40,07:50,776.2352167,728.7990667,728.7990667,47.43615,0.0,0.0,0.0,6000.0,6000.0
2025-01-14,48,07:50,08:00,938.7695829999999,903.73,903.73,35.03958299999988,0.0,0.0,0.0,6000.0,6000.0
2025-01-14,49,08:00,08:10,877.2185997,852.7128499999999,852.7128499999999,24.505749700000138,0.0,0.0,0.0,6000.0,6000.0
2025-01-14,50,08:10,08:20,796.4100662999999,749.0165497,749.0165497,47.393516599999884,0.0,0.0,0.0,6000.0,6000.0
2025-01-14,51,08:20,08:30,783.8191670000001,722.0475,722.0475,61.77166700000009,0.0,0.0,0.0,6000.0,6000.0
2025-01-14,52,08:30,08:40,723.7516,722.6707332999999,722.6707332999999,1.080866700000115,0.0,0.0,0.0,6000.0,6000.0
2025-01-14,53,08:40,08:50,679.5343337,679.5056503,679.5056503,0.028683400000090842,0.0,0.0,0.0,6000.0,6000.0
2025-01-14,54,08:50,09:00,665.1191670000001,606.0075,606.0075,59.11166700000001,0.0,0.0,0.0,6000.0,6000.0
2025-01-14,55,09:00,09:10,617.6939837,580.093767,580.093767,37.60021670000003,0.0,0.0,0.0,6000.0,6000.0
2025-01-14,56,09:10,09:20,554.7442837,582.6719,554.7442837,0.0,0.0,0.0,0.0,6000.0,6000.0
2025-01-14,57,09:20,09:30,512.3279170000001,550.518333,512.3279170000001,0.0,0.0,0.0,0.0,6000.0,6000.0
2025-01-14,58,09:30,09:40,504.730367,444.32531630000005,444.32531630000005,60.40505069999995,0.0,0.0,0.0,6000.0,6000.0
2025-01-14,59,09:40,09:50,472.5461170000001,389.1233503000001,389.1233503000001,83.42276670000001,0.0,0.0,0.0,6000.0,6000.0
2025-01-14,60,09:50,10:00,409.23625000000015,393.14041699999996,393.14041699999996,16.095833000000198,0.0,0.0,0.0,6000.0,6000.0
2025-01-14,61,10:00,10:10,363.0081997,348.1663837000001,348.1663837000001,14.84181599999988,0.0,0.0,0.0,6000.0,6000.0
2025-01-14,62,10:10,10:20,317.12321629999985,308.82153299999993,308.82153299999993,8.301683299999922,0.0,0.0,0.0,6000.0,6000.0
2025-01-14,63,10:20,10:30,263.15999999999997,285.8004169999999,263.15999999999997,0.0,0.0,0.0,0.0,6000.0,6000.0
2025-01-14,64,10:30,10:40,221.1648499999999,231.58043369999996,221.1648499999999,0.0,0.0,0.0,0.0,6000.0,6000.0
2025-01-14,65,10:40,10:50,220.8350170000001,208.49313370000004,208.49313370000004,12.341883300000063,0.0,0.0,0.0,6000.0,6000.0
2025-01-14,66,10:50,11:00,228.6891670000001,244.50416699999994,228.6891670000001,0.0,0.0,0.0,0.0,6000.0,6000.0
2025-01-14,67,11:00,11:10,183.02415029999997,285.41059999999993,183.02415029999997,0.0,0.0,0.0,0.0,6000.0,6000.0
2025-01-14,68,11:10,11:20,166.05993369999987,209.57746669999995,166.05993369999987,0.0,0.0,0.0,0.0,6000.0,6000.0
2025-01-14,69,11:20,11:30,195.6545829999999,109.6400000000001,109.6400000000001,86.01458299999979,0.0,0.0,0.0,6000.0,6000.0
2025-01-14,70,11:30,11:40,192.78041699999994,187.6440502999999,187.6440502999999,5.136366700000053,0.0,0.0,0.0,6000.0,6000.0
2025-01-14,71,11:40,11:50,101.0606499999999,177.2657499999999,101.0606499999999,0.0,0.0,0.0,0.0,6000.0,6000.0
2025-01-14,72,11:50,12:00,6.320832999999993,50.67333300000007,6.320832999999993,0.0,0.0,0.0,0.0,6000.0,6000.0
2025-01-14,73,12:00,12:10,50.387432999999874,47.841049999999996,47.841049999999996,2.546382999999878,0.0,0.0,0.0,6000.0,6000.0
2025-01-14,74,12:10,12:20,66.51391699999988,54.52091699999994,54.52091699999994,11.992999999999938,0.0,0.0,0.0,6000.0,6000.0
2025-01-14,75,12:20,12:30,17.229583000000048,23.704582999999957,17.229583000000048,0.0,0.0,0.0,0.0,6000.0,6000.0
2025-01-14,76,12:30,12:40,32.519599999999855,38.57593299999985,32.519599999999855,0.0,0.0,0.0,0.0,6000.0,6000.0
2025-01-14,77,12:40,12:50,81.47600030000001,65.753017,65.753017,15.72298330000001,0.0,0.0,0.0,6000.0,6000.0
2025-01-14,78,12:50,13:00,111.44375000000002,77.06374999999991,77.06374999999991,34.38000000000011,0.0,0.0,0.0,6000.0,6000.0
2025-01-14,79,13:00,13:10,108.35424969999997,89.24943399999995,89.24943399999995,19.104815700000017,0.0,0.0,0.0,6000.0,6000.0
2025-01-14,80,13:10,13:20,126.88845029999993,150.19224969999993,126.88845029999993,0.0,0.0,0.0,0.0,6000.0,6000.0
2025-01-14,81,13:20,13:30,180.6099999999999,222.19166699999994,180.6099999999999,0.0,0.0,0.0,0.0,6000.0,6000.0
2025-01-14,82,13:30,13:40,235.6515670000001,220.072,220.072,15.579567000000111,0.0,0.0,0.0,6000.0,6000.0
2025-01-14,83,13:40,13:50,298.84805029999995,235.57216700000015,235.57216700000015,63.275883299999805,0.0,0.0,0.0,6000.0,6000.0
2025-01-14,84,13:50,14:00,345.08625000000006,290.3408330000001,290.3408330000001,54.745416999999975,0.0,0.0,0.0,6000.0,6000.0
2025-01-14,85,14:00,14:10,338.557233,313.4943167,313.4943167,25.062916299999983,0.0,0.0,0.0,6000.0,6000.0
2025-01-14,86,14:10,14:20,366.8466003,325.3136666999999,325.3136666999999,41.53293360000009,0.0,0.0,0.0,6000.0,6000.0
2025-01-14,87,14:20,14:30,438.07624999999985,368.60125000000005,368.60125000000005,69.4749999999998,0.0,0.0,0.0,6000.0,6000.0
2025-01-14,88,14:30,14:40,473.0110503000001,459.7185662999999,459.7185662999999,13.292484000000172,0.0,0.0,0.0,6000.0,6000.0
2025-01-14,89,14:40,14:50,486.0867167000001,518.9632163,486.0867167000001,0.0,0.0,0.0,0.0,6000.0,6000.0
2025-01-14,90,14:50,15:00,515.685833,523.3891669999999,515.685833,0.0,0.0,0.0,0.0,6000.0,6000.0
2025-01-14,91,15:00,15:10,578.8579502999999,525.8889,525.8889,52.96905029999982,0.0,0.0,0.0,6000.0,6000.0
2025-01-14,92,15:10,15:20,613.70245,558.4616166999999,558.4616166999999,55.24083330000008,0.0,0.0,0.0,6000.0,6000.0
2025-01-14,93,15:20,15:30,621.1391669999999,619.1033329999999,619.1033329999999,2.0358340000000226,0.0,0.0,0.0,6000.0,6000.0
2025-01-14,94,15:30,15:40,662.1873662999999,676.9179667000001,662.1873662999999,0.0,0.0,0.0,0.0,6000.0,6000.0
2025-01-14,95,15:40,15:50,709.7943997,700.0166002999999,700.0166002999999,9.777799400000049,0.0,0.0,0.0,6000.0,6000.0
2025-01-14,96,15:50,16:00,753.3883329999999,724.9583329999999,724.9583329999999,28.42999999999995,0.0,0.0,0.0,6000.0,6000.0
2025-01-14,97,16:00,16:10,812.491967,817.7988836999999,812.491967,0.0,0.0,0.0,0.0,6000.0,6000.0
2025-01-14,98,16:10,16:20,869.7370503000001,893.0787497000001,869.7370503000001,0.0,0.0,0.0,0.0,6000.0,6000.0
2025-01-14,99,16:20,16:30,906.145417,919.0120830000001,906.145417,0.0,0.0,0.0,0.0,6000.0,6000.0
2025-01-14,100,16:30,16:40,922.5770167000001,946.484717,922.5770167000001,0.0,0.0,0.0,0.0,6000.0,6000.0
2025-01-14,101,16:40,16:50,964.35998367,986.7290499999999,964.35998367,0.0,0.0,0.0,0.0,6000.0,6000.0
2025-01-14,102,16:50,17:00,1026.4012500000001,1014.452083,1014.452083,11.949167000000102,0.0,0.0,0.0,6000.0,6000.0
2025-01-14,103,17:00,17:10,1054.654983,1001.2693833333,1001.2693833333,53.38559966669993,0.0,0.0,0.0,6000.0,6000.0
2025-01-14,104,17:10,17:20,1046.19785,1006.0284,1006.0284,40.16944999999998,0.0,0.0,0.0,6000.0,6000.0
2025-01-14,105,17:20,17:30,1041.893333,1049.523333,1041.893333,0.0,0.0,0.0,0.0,6000.0,6000.0
2025-01-14,106,17:30,17:40,1061.613233,1070.2617503333302,1061.613233,0.0,0.0,0.0,0.0,6000.0,6000.0
2025-01-14,107,17:40,17:50,939.3711833,934.62385,934.62385,4.747333300000037,0.0,0.0,0.0,6000.0,6000.0
2025-01-14,108,17:50,18:00,733.5433333,737.38,733.5433333,0.0,0.0,0.0,0.0,6000.0,6000.0
2025-01-14,109,18:00,18:10,690.570933333333,722.372233366667,690.570933333333,0.0,0.0,0.0,0.0,6000.0,6000.0
2025-01-14,110,18:10,18:20,727.0593667,752.2923167,727.0593667,0.0,0.0,0.0,0.0,6000.0,6000.0
2025-01-14,111,18:20,18:30,749.4983333,732.48,732.48,17.018333299999995,0.0,0.0,0.0,6000.0,6000.0
2025-01-14,112,18:30,18:40,747.1676,705.1073833,705.1073833,42.060216699999955,0.0,0.0,0.0,6000.0,6000.0
2025-01-14,113,18:40,18:50,738.6843833,696.5728667,696.5728667,42.11151660000007,0.0,0.0,0.0,6000.0,6000.0
2025-01-14,114,18:50,19:00,738.6833333,716.3033333,716.3033333,22.379999999999995,0.0,0.0,0.0,6000.0,6000.0
2025-01-14,115,19:00,19:10,745.5719667,750.3626,745.5719667,0.0,0.0,0.0,0.0,6000.0,6000.0
2025-01-14,116,19:10,19:20,736.5813833,741.2495,736.5813833,0.0,0.0,0.0,0.0,6000.0,6000.0
2025-01-14,117,19:20,19:30,724.1216667,710.6816667,710.6816667,13.43999999999994,0.0,0.0,0.0,6000.0,6000.0
2025-01-14,118,19:30,19:40,741.2659333,734.5088833,734.5088833,6.757050000000049,0.0,0.0,0.0,6000.0,6000.0
2025-01-14,119,19:40,19:50,744.84535,748.7718333,744.84535,0.0,0.0,0.0,0.0,6000.0,6000.0
2025-01-14,120,19:50,20:00,729.9133333,735.4133333,729.9133333,0.0,0.0,0.0,0.0,6000.0,6000.0
2025-01-14,121,20:00,20:10,736.2915167,740.67225,736.2915167,0.0,0.0,0.0,0.0,6000.0,6000.0
2025-01-14,122,20:10,20:20,752.3925833,742.0775,742.0775,10.31508329999997,0.0,0.0,0.0,6000.0,6000.0
2025-01-14,123,20:20,20:30,762.7583333,732.735,732.735,30.02333329999999,0.0,0.0,0.0,6000.0,6000.0
2025-01-14,124,20:30,20:40,761.3228167,730.5805,730.5805,30.742316699999947,0.0,0.0,0.0,6000.0,6000.0
2025-01-14,125,20:40,20:50,742.1596667,720.4999167,720.4999167,21.65975000000003,0.0,0.0,0.0,6000.0,6000.0
2025-01-14,126,20:50,21:00,722.7983333,729.8433333,722.7983333,0.0,0.0,0.0,0.0,6000.0,6000.0
2025-01-14,127,21:00,21:10,730.6935833,795.8265167,730.6935833,0.0,0.0,0.0,0.0,6000.0,6000.0
2025-01-14,128,21:10,21:20,740.3137167,798.6658,740.3137167,0.0,0.0,0.0,0.0,6000.0,6000.0
2025-01-14,129,21:20,21:30,744.8966667,759.0166667,744.8966667,0.0,0.0,0.0,0.0,6000.0,6000.0
2025-01-14,130,21:30,21:40,745.9356,796.3102167,745.9356,0.0,0.0,0.0,0.0,6000.0,6000.0
2025-01-14,131,21:40,21:50,656.7318667,717.7106167,656.7318667,0.0,0.0,0.0,0.0,6000.0,6000.0
2025-01-14,132,21:50,22:00,547.5966667,560.4833333,547.5966667,0.0,0.0,0.0,0.0,6000.0,6000.0
2025-01-14,133,22:00,22:10,583.1007667,567.4424833,567.4424833,15.65828339999996,0.0,0.0,0.0,6000.0,6000.0
2025-01-14,134,22:10,22:20,596.5166333,572.8720167,572.8720167,23.64461659999995,0.0,0.0,0.0,6000.0,6000.0
2025-01-14,135,22:20,22:30,548.2033333,530.0716667,530.0716667,18.131666600000017,0.0,0.0,0.0,6000.0,6000.0
2025-01-14,136,22:30,22:40,567.5955333,567.1485667,567.1485667,0.4469666000001098,0.0,0.0,0.0,6000.0,6000.0
2025-01-14,137,22:40,22:50,614.1134333,615.53395,614.1134333,0.0,0.0,0.0,0.0,6000.0,6000.0
2025-01-14,138,22:50,23:00,629.9583333,607.8116667,607.8116667,22.146666600000003,0.0,0.0,0.0,6000.0,6000.0
2025-01-14,139,23:00,23:10,604.6275167,556.5846167,556.5846167,48.04290000000003,0.0,0.0,0.0,6000.0,6000.0
2025-01-14,140,23:10,23:20,602.7846167,576.4486167,576.4486167,26.336000000000013,0.0,0.0,0.0,6000.0,6000.0
2025-01-14,141,23:20,23:30,626.4616667,649.3583333,626.4616667,0.0,0.0,0.0,0.0,6000.0,6000.0
2025-01-14,142,23:30,23:40,618.9066333,644.1870833,618.9066333,0.0,0.0,0.0,0.0,6000.0,6000.0
2025-01-14,143,23:40,23:50,610.8013,606.2679,606.2679,4.533399999999915,0.0,0.0,0.0,6000.0,6000.0
2025-01-14,144,23:50,24:00,612.1483333,593.7466667,593.7466667,18.4016666,0.0,0.0,0.0,6000.0,6000.0
2025-01-15,1,00:00,00:10,603.4397667,616.3293167,603.4397667,0.0,0.0,0.0,0.0,6000.0,6000.0
2025-01-15,2,00:10,00:20,618.0562833,624.6072,618.0562833,0.0,0.0,0.0,0.0,6000.0,6000.0
2025-01-15,3,00:20,00:30,639.72,611.875,611.875,27.845000000000027,0.0,0.0,0.0,6000.0,6000.0
2025-01-15,4,00:30,00:40,616.2570833,614.5873167,614.5873167,1.6697666000000027,0.0,0.0,0.0,6000.0,6000.0
2025-01-15,5,00:40,00:50,602.7091833,615.1157333,602.7091833,0.0,0.0,0.0,0.0,6000.0,6000.0
2025-01-15,6,00:50,01:00,621.71,621.575,621.575,0.1349999999999909,0.0,0.0,0.0,6000.0,6000.0
2025-01-15,7,01:00,01:10,641.1512667,657.8858333,641.1512667,0.0,0.0,0.0,0.0,6000.0,6000.0
2025-01-15,8,01:10,01:20,649.754,656.1048667,649.754,0.0,0.0,0.0,0.0,6000.0,6000.0
2025-01-15,9,01:20,01:30,645.8683333,626.7583333,626.7583333,19.110000000000014,0.0,0.0,0.0,6000.0,6000.0
2025-01-15,10,01:30,01:40,635.8463333,649.6088833,635.8463333,0.0,0.0,0.0,0.0,6000.0,6000.0
2025-01-15,11,01:40,01:50,641.68255,676.2656833,641.68255,0.0,0.0,0.0,0.0,6000.0,6000.0
2025-01-15,12,01:50,02:00,659.4066667,679.7133333,659.4066667,0.0,0.0,0.0,0.0,6000.0,6000.0
2025-01-15,13,02:00,02:10,661.5856,680.6354833,661.5856,0.0,0.0,0.0,0.0,6000.0,6000.0
2025-01-15,14,02:10,02:20,646.9661,673.19935,646.9661,0.0,0.0,0.0,0.0,6000.0,6000.0
2025-01-15,15,02:20,02:30,636.9616667,663.005,636.9616667,0.0,0.0,0.0,0.0,6000.0,6000.0
2025-01-15,16,02:30,02:40,652.3050833,666.99085,652.3050833,0.0,0.0,0.0,0.0,6000.0,6000.0
2025-01-15,17,02:40,02:50,650.74815,673.3498167,650.74815,0.0,0.0,0.0,0.0,6000.0,6000.0
2025-01-15,18,02:50,03:00,640.5066667,675.2933333,640.5066667,0.0,0.0,0.0,0.0,6000.0,6000.0
2025-01-15,19,03:00,03:10,672.9660833,680.1736667,672.9660833,0.0,0.0,0.0,0.0,6000.0,6000.0
2025-01-15,20,03:10,03:20,707.83845,700.90325,700.90325,6.935200000000009,0.0,0.0,0.0,6000.0,6000.0
2025-01-15,21,03:20,03:30,708.0066667,720.6316667,708.0066667,0.0,0.0,0.0,0.0,6000.0,6000.0
2025-01-15,22,03:30,03:40,678.3172167,708.8697167,678.3172167,0.0,0.0,0.0,0.0,6000.0,6000.0
2025-01-15,23,03:40,03:50,680.6562833,702.76555,680.6562833,0.0,0.0,0.0,0.0,6000.0,6000.0
2025-01-15,24,03:50,04:00,710.3466667,714.0983333,710.3466667,0.0,0.0,0.0,0.0,6000.0,6000.0
2025-01-15,25,04:00,04:10,705.1456333,713.7702833,705.1456333,0.0,0.0,0.0,0.0,6000.0,6000.0
2025-01-15,26,04:10,04:20,693.1804667,682.0052,682.0052,11.175266700000066,0.0,0.0,0.0,6000.0,6000.0
2025-01-15,27,04:20,04:30,692.3333333,655.35,655.35,36.98333330000003,0.0,0.0,0.0,6000.0,6000.0
2025-01-15,28,04:30,04:40,691.5618667,692.9606167,691.5618667,0.0,0.0,0.0,0.0,6000.0,6000.0
2025-01-15,29,04:40,04:50,698.3777,732.47305,698.3777,0.0,0.0,0.0,0.0,6000.0,6000.0
2025-01-15,30,04:50,05:00,710.78,729.27,710.78,0.0,0.0,0.0,0.0,6000.0,6000.0
2025-01-15,31,05:00,05:10,718.7302167,698.7895833,698.7895833,19.940633400000024,0.0,0.0,0.0,6000.0,6000.0
2025-01-15,32,05:10,05:20,735.6531332999999,698.16495,698.16495,37.488183299999946,0.0,0.0,0.0,6000.0,6000.0
2025-01-15,33,05:20,05:30,724.77,711.0,711.0,13.769999999999982,0.0,0.0,0.0,6000.0,6000.0
2025-01-15,34,05:30,05:40,657.20925,687.6035667,657.20925,0.0,0.0,0.0,0.0,6000.0,6000.0
2025-01-15,35,05:40,05:50,745.733966633333,768.5742,745.733966633333,0.0,0.0,0.0,0.0,6000.0,6000.0
2025-01-15,36,05:50,06:00,924.7166667,910.935,910.935,13.781666700000073,0.0,0.0,0.0,6000.0,6000.0
2025-01-15,37,06:00,06:10,909.3155833,915.5539666999999,909.3155833,0.0,0.0,0.0,0.0,6000.0,6000.0
2025-01-15,38,06:10,06:20,885.4926333,883.10115,883.10115,2.3914833000000044,0.0,0.0,0.0,6000.0,6000.0
2025-01-15,39,06:20,06:30,929.8933333,904.085,904.085,25.80833329999996,0.0,0.0,0.0,6000.0,6000.0
2025-01-15,40,06:30,06:40,923.5810167,960.73618336667,923.5810167,0.0,0.0,0.0,0.0,6000.0,6000.0
2025-01-15,41,06:40,06:50,889.0256833330001,957.8220666333,889.0256833330001,0.0,0.0,0.0,0.0,6000.0,6000.0
2025-01-15,42,06:50,07:00,860.91,890.2041667,860.91,0.0,0.0,0.0,0.0,6000.0,6000.0
2025-01-15,43,07:00,07:10,845.69975,842.47330003,842.47330003,3.226449969999976,0.0,0.0,0.0,6000.0,6000.0
2025-01-15,44,07:10,07:20,822.48619997,822.50704997,822.48619997,0.0,0.0,0.0,0.0,6000.0,6000.0
2025-01-15,45,07:20,07:30,749.9758333,781.3483333,749.9758333,0.0,0.0,0.0,0.0,6000.0,6000.0
2025-01-15,46,07:30,07:40,637.6677167,695.8232499999999,637.6677167,0.0,0.0,0.0,0.0,6000.0,6000.0
2025-01-15,47,07:40,07:50,736.0577000000001,776.2352167,736.0577000000001,0.0,0.0,0.0,0.0,6000.0,6000.0
2025-01-15,48,07:50,08:00,952.8475000000001,938.7695829999999,938.7695829999999,14.077917000000184,0.0,0.0,0.0,6000.0,6000.0
2025-01-15,49,08:00,08:10,924.161867,877.2185997,877.2185997,46.9432673,0.0,0.0,0.0,6000.0,6000.0
2025-01-15,50,08:10,08:20,806.2742663,796.4100662999999,796.4100662999999,9.864200000000096,0.0,0.0,0.0,6000.0,6000.0
2025-01-15,51,08:20,08:30,745.9779169999999,783.8191670000001,745.9779169999999,0.0,0.0,0.0,0.0,6000.0,6000.0
2025-01-15,52,08:30,08:40,734.6204663000001,723.7516,723.7516,10.868866300000036,0.0,0.0,0.0,6000.0,6000.0
2025-01-15,53,08:40,08:50,719.3146833,679.5343337,679.5343337,39.78034959999991,0.0,0.0,0.0,6000.0,6000.0
2025-01-15,54,08:50,09:00,677.6191670000001,665.1191670000001,665.1191670000001,12.5,0.0,0.0,0.0,6000.0,6000.0
2025-01-15,55,09:00,09:10,628.3140999999999,617.6939837,617.6939837,10.62011629999995,0.0,0.0,0.0,6000.0,6000.0
2025-01-15,56,09:10,09:20,593.4609,554.7442837,554.7442837,38.716616300000055,0.0,0.0,0.0,6000.0,6000.0
2025-01-15,57,09:20,09:30,551.949167,512.3279170000001,512.3279170000001,39.62124999999992,0.0,0.0,0.0,6000.0,6000.0
2025-01-15,58,09:30,09:40,470.51213369999994,504.730367,470.51213369999994,0.0,0.0,0.0,0.0,6000.0,6000.0
2025-01-15,59,09:40,09:50,435.4282333000001,472.5461170000001,435.4282333000001,0.0,0.0,0.0,0.0,6000.0,6000.0
2025-01-15,60,09:50,10:00,425.85124999999994,409.23625000000015,409.23625000000015,16.61499999999978,0.0,0.0,0.0,6000.0,6000.0
2025-01-15,61,10:00,10:10,339.6524667000001,363.0081997,339.6524667000001,0.0,0.0,0.0,0.0,6000.0,6000.0
2025-01-15,62,10:10,10:20,292.9148003,317.12321629999985,292.9148003,0.0,0.0,0.0,0.0,6000.0,6000.0
2025-01-15,63,10:20,10:30,307.24875,263.15999999999997,263.15999999999997,44.088750000000005,0.0,0.0,0.0,6000.0,6000.0
2025-01-15,64,10:30,10:40,284.75786629999993,221.1648499999999,221.1648499999999,63.593016300000045,0.0,0.0,0.0,6000.0,6000.0
2025-01-15,65,10:40,10:50,250.6841167,220.8350170000001,220.8350170000001,29.849099699999897,0.0,0.0,0.0,6000.0,6000.0
2025-01-15,66,10:50,11:00,240.4570829999999,228.6891670000001,228.6891670000001,11.767915999999786,0.0,0.0,0.0,6000.0,6000.0
2025-01-15,67,11:00,11:10,253.82550029999993,183.02415029999997,183.02415029999997,70.80134999999996,0.0,0.0,0.0,6000.0,6000.0
2025-01-15,68,11:10,11:20,239.497617,166.05993369999987,166.05993369999987,73.43768330000012,0.0,0.0,0.0,6000.0,6000.0
2025-01-15,69,11:20,11:30,194.57958299999996,195.6545829999999,194.57958299999996,0.0,0.0,0.0,0.0,6000.0,6000.0
2025-01-15,70,11:30,11:40,164.04619999999989,192.78041699999994,164.04619999999989,0.0,0.0,0.0,0.0,6000.0,6000.0
2025-01-15,71,11:40,11:50,141.65011600000003,101.0606499999999,101.0606499999999,40.58946600000013,0.0,0.0,0.0,6000.0,6000.0
2025-01-15,72,11:50,12:00,129.46833299999992,6.320832999999993,6.320832999999993,123.14749999999992,0.0,0.0,0.0,6000.0,6000.0
2025-01-15,73,12:00,12:10,137.37826669999993,50.387432999999874,50.387432999999874,86.99083370000005,0.0,0.0,0.0,6000.0,6000.0
2025-01-15,74,12:10,12:20,121.548767,66.51391699999988,66.51391699999988,55.03485000000012,0.0,0.0,0.0,6000.0,6000.0
2025-01-15,75,12:20,12:30,76.49375000000009,17.229583000000048,17.229583000000048,59.26416700000004,0.0,0.0,0.0,6000.0,6000.0
2025-01-15,76,12:30,12:40,47.91830029999994,32.519599999999855,32.519599999999855,15.398700300000087,0.0,0.0,0.0,6000.0,6000.0
2025-01-15,77,12:40,12:50,76.538817,81.47600030000001,76.538817,0.0,0.0,0.0,0.0,6000.0,6000.0
2025-01-15,78,12:50,13:00,162.43000000000006,111.44375000000002,111.44375000000002,50.98625000000004,0.0,0.0,0.0,6000.0,6000.0
2025-01-15,79,13:00,13:10,258.9850503,108.35424969999997,108.35424969999997,150.63080060000004,0.0,0.0,0.0,6000.0,6000.0
2025-01-15,80,13:10,13:20,292.38808330000006,126.88845029999993,126.88845029999993,165.49963300000013,0.0,0.0,0.0,6000.0,6000.0
2025-01-15,81,13:20,13:30,278.56000000000006,180.6099999999999,180.6099999999999,97.95000000000016,0.0,0.0,0.0,6000.0,6000.0
2025-01-15,82,13:30,13:40,303.6686666999999,235.6515670000001,235.6515670000001,68.01709969999979,0.0,0.0,0.0,6000.0,6000.0
2025-01-15,83,13:40,13:50,350.7785997,298.84805029999995,298.84805029999995,51.93054940000002,0.0,0.0,0.0,6000.0,6000.0
2025-01-15,84,13:50,14:00,384.27916700000003,345.08625000000006,345.08625000000006,39.192916999999966,0.0,0.0,0.0,6000.0,6000.0
2025-01-15,85,14:00,14:10,390.4746997,338.557233,338.557233,51.91746669999998,0.0,0.0,0.0,6000.0,6000.0
2025-01-15,86,14:10,14:20,408.4932003,366.8466003,366.8466003,41.646600000000035,0.0,0.0,0.0,6000.0,6000.0
2025-01-15,87,14:20,14:30,440.32000000000005,438.07624999999985,438.07624999999985,2.2437500000002046,0.0,0.0,0.0,6000.0,6000.0
2025-01-15,88,14:30,14:40,455.66036699999995,473.0110503000001,455.66036699999995,0.0,0.0,0.0,0.0,6000.0,6000.0
2025-01-15,89,14:40,14:50,492.65468369999996,486.0867167000001,486.0867167000001,6.56796699999984,0.0,0.0,0.0,6000.0,6000.0
2025-01-15,90,14:50,15:00,527.939167,515.685833,515.685833,12.253333999999995,0.0,0.0,0.0,6000.0,6000.0
2025-01-15,91,15:00,15:10,503.22823300000005,578.8579502999999,503.22823300000005,0.0,0.0,0.0,0.0,6000.0,6000.0
2025-01-15,92,15:10,15:20,531.019083,613.70245,531.019083,0.0,0.0,0.0,0.0,6000.0,6000.0
2025-01-15,93,15:20,15:30,626.5266670000001,621.1391669999999,621.1391669999999,5.387500000000159,0.0,0.0,0.0,6000.0,6000.0
2025-01-15,94,15:30,15:40,689.0230502999999,662.1873662999999,662.1873662999999,26.835684000000015,0.0,0.0,0.0,6000.0,6000.0
2025-01-15,95,15:40,15:50,717.691333,709.7943997,709.7943997,7.896933300000001,0.0,0.0,0.0,6000.0,6000.0
2025-01-15,96,15:50,16:00,744.862083,753.3883329999999,744.862083,0.0,0.0,0.0,0.0,6000.0,6000.0
2025-01-15,97,16:00,16:10,798.7338166999999,812.491967,798.7338166999999,0.0,0.0,0.0,0.0,6000.0,6000.0
2025-01-15,98,16:10,16:20,864.6681500000001,869.7370503000001,864.6681500000001,0.0,0.0,0.0,0.0,6000.0,6000.0
2025-01-15,99,16:20,16:30,921.3199999999999,906.145417,906.145417,15.174582999999984,0.0,0.0,0.0,6000.0,6000.0
2025-01-15,100,16:30,16:40,960.3294667,922.5770167000001,922.5770167000001,37.75244999999995,0.0,0.0,0.0,6000.0,6000.0
2025-01-15,101,16:40,16:50,1007.1030169999999,964.35998367,964.35998367,42.74303332999989,0.0,0.0,0.0,6000.0,6000.0
2025-01-15,102,16:50,17:00,1052.827083,1026.4012500000001,1026.4012500000001,26.425832999999784,0.0,0.0,0.0,6000.0,6000.0
2025-01-15,103,17:00,17:10,1058.987700333,1054.654983,1054.654983,4.332717333000119,0.0,0.0,0.0,6000.0,6000.0
2025-01-15,104,17:10,17:20,1039.398183,1046.19785,1039.398183,0.0,0.0,0.0,0.0,6000.0,6000.0
2025-01-15,105,17:20,17:30,1046.026667,1041.893333,1041.893333,4.133334000000104,0.0,0.0,0.0,6000.0,6000.0
2025-01-15,106,17:30,17:40,1091.80100033333,1061.613233,1061.613233,30.18776733332993,0.0,0.0,0.0,6000.0,6000.0
2025-01-15,107,17:40,17:50,965.6812833,939.3711833,939.3711833,26.310100000000034,0.0,0.0,0.0,6000.0,6000.0
2025-01-15,108,17:50,18:00,734.79,733.5433333,733.5433333,1.2466666999999916,0.0,0.0,0.0,6000.0,6000.0
2025-01-15,109,18:00,18:10,694.8561500000001,690.570933333333,690.570933333333,4.285216666667111,0.0,0.0,0.0,6000.0,6000.0
2025-01-15,110,18:10,18:20,722.4920667,727.0593667,722.4920667,0.0,0.0,0.0,0.0,6000.0,6000.0
2025-01-15,111,18:20,18:30,717.2633333,749.4983333,717.2633333,0.0,0.0,0.0,0.0,6000.0,6000.0
2025-01-15,112,18:30,18:40,707.6477666666667,747.1676,707.6477666666667,0.0,0.0,0.0,0.0,6000.0,6000.0
2025-01-15,113,18:40,18:50,711.46075,738.6843833,711.46075,0.0,0.0,0.0,0.0,6000.0,6000.0
2025-01-15,114,18:50,19:00,730.2233333,738.6833333,730.2233333,0.0,0.0,0.0,0.0,6000.0,6000.0
2025-01-15,115,19:00,19:10,749.2222,745.5719667,745.5719667,3.6502333000000817,0.0,0.0,0.0,6000.0,6000.0
2025-01-15,116,19:10,19:20,739.8300333,736.5813833,736.5813833,3.248649999999998,0.0,0.0,0.0,6000.0,6000.0
2025-01-15,117,19:20,19:30,722.305,724.1216667,722.305,0.0,0.0,0.0,0.0,6000.0,6000.0
2025-01-15,118,19:30,19:40,743.1292667,741.2659333,741.2659333,1.8633333999999877,0.0,0.0,0.0,6000.0,6000.0
2025-01-15,119,19:40,19:50,748.2340333,744.84535,744.84535,3.3886832999999115,0.0,0.0,0.0,6000.0,6000.0
2025-01-15,120,19:50,20:00,736.8616667,729.9133333,729.9133333,6.948333400000024,0.0,0.0,0.0,6000.0,6000.0
2025-01-15,121,20:00,20:10,764.5076833,736.2915167,736.2915167,28.216166600000065,0.0,0.0,0.0,6000.0,6000.0
2025-01-15,122,20:10,20:20,796.3999833,752.3925833,752.3925833,44.007400000000075,0.0,0.0,0.0,6000.0,6000.0
2025-01-15,123,20:20,20:30,792.8,762.7583333,762.7583333,30.04166669999995,0.0,0.0,0.0,6000.0,6000.0
2025-01-15,124,20:30,20:40,752.6728667,761.3228167,752.6728667,0.0,0.0,0.0,0.0,6000.0,6000.0
2025-01-15,125,20:40,20:50,751.1731833,742.1596667,742.1596667,9.013516600000003,0.0,0.0,0.0,6000.0,6000.0
2025-01-15,126,20:50,21:00,774.2233333,722.7983333,722.7983333,51.42500000000007,0.0,0.0,0.0,6000.0,6000.0
2025-01-15,127,21:00,21:10,742.54675,730.6935833,730.6935833,11.853166699999974,0.0,0.0,0.0,6000.0,6000.0
2025-01-15,128,21:10,21:20,742.8491167,740.3137167,740.3137167,2.5353999999999814,0.0,0.0,0.0,6000.0,6000.0
2025-01-15,129,21:20,21:30,778.7483333,744.8966667,744.8966667,33.851666600000044,0.0,0.0,0.0,6000.0,6000.0
2025-01-15,130,21:30,21:40,752.3233833,745.9356,745.9356,6.387783300000024,0.0,0.0,0.0,6000.0,6000.0
2025-01-15,131,21:40,21:50,664.30005,656.7318667,656.7318667,7.568183300000101,0.0,0.0,0.0,6000.0,6000.0
2025-01-15,132,21:50,22:00,580.5366667,547.5966667,547.5966667,32.93999999999994,0.0,0.0,0.0,6000.0,6000.0
2025-01-15,133,22:00,22:10,573.7712167,583.1007667,573.7712167,0.0,0.0,0.0,0.0,6000.0,6000.0
2025-01-15,134,22:10,22:20,589.6589333,596.5166333,589.6589333,0.0,0.0,0.0,0.0,6000.0,6000.0
2025-01-15,135,22:20,22:30,581.5666667,548.2033333,548.2033333,33.36333339999999,0.0,0.0,0.0,6000.0,6000.0
2025-01-15,136,22:30,22:40,551.24755,567.5955333,551.24755,0.0,0.0,0.0,0.0,6000.0,6000.0
2025-01-15,137,22:40,22:50,533.1689333,614.1134333,533.1689333,0.0,0.0,0.0,0.0,6000.0,6000.0
2025-01-15,138,22:50,23:00,542.6066667,629.9583333,542.6066667,0.0,0.0,0.0,0.0,6000.0,6000.0
2025-01-15,139,23:00,23:10,565.7428,604.6275167,565.7428,0.0,0.0,0.0,0.0,6000.0,6000.0
2025-01-15,140,23:10,23:20,581.1533333,602.7846167,581.1533333,0.0,0.0,0.0,0.0,6000.0,6000.0
2025-01-15,141,23:20,23:30,589.5483333,626.4616667,589.5483333,0.0,0.0,0.0,0.0,6000.0,6000.0
2025-01-15,142,23:30,23:40,603.82045,618.9066333,603.82045,0.0,0.0,0.0,0.0,6000.0,6000.0
2025-01-15,143,23:40,23:50,593.1068333,610.8013,593.1068333,0.0,0.0,0.0,0.0,6000.0,6000.0
2025-01-15,144,23:50,24:00,571.6,612.1483333,571.6,0.0,0.0,0.0,0.0,6000.0,6000.0
2025-01-16,1,00:00,00:10,587.8245167,603.4397667,587.8245167,0.0,0.0,0.0,0.0,6000.0,6000.0
2025-01-16,2,00:10,00:20,604.4712,618.0562833,604.4712,0.0,0.0,0.0,0.0,6000.0,6000.0
2025-01-16,3,00:20,00:30,604.4316667,639.72,604.4316667,0.0,0.0,0.0,0.0,6000.0,6000.0
2025-01-16,4,00:30,00:40,606.8383167,616.2570833,606.8383167,0.0,0.0,0.0,0.0,6000.0,6000.0
2025-01-16,5,00:40,00:50,607.9121833,602.7091833,602.7091833,5.203000000000088,0.0,0.0,0.0,6000.0,6000.0
2025-01-16,6,00:50,01:00,625.785,621.71,621.71,4.074999999999932,0.0,0.0,0.0,6000.0,6000.0
2025-01-16,7,01:00,01:10,675.8950333,641.1512667,641.1512667,34.74376660000007,0.0,0.0,0.0,6000.0,6000.0
2025-01-16,8,01:10,01:20,657.8231833,649.754,649.754,8.069183299999963,0.0,0.0,0.0,6000.0,6000.0
2025-01-16,9,01:20,01:30,608.6233333,645.8683333,608.6233333,0.0,0.0,0.0,0.0,6000.0,6000.0
2025-01-16,10,01:30,01:40,658.57385,635.8463333,635.8463333,22.727516700000024,0.0,0.0,0.0,6000.0,6000.0
2025-01-16,11,01:40,01:50,653.84325,641.68255,641.68255,12.16070000000002,0.0,0.0,0.0,6000.0,6000.0
2025-01-16,12,01:50,02:00,594.715,659.4066667,594.715,0.0,0.0,0.0,0.0,6000.0,6000.0
2025-01-16,13,02:00,02:10,640.4675167,661.5856,640.4675167,0.0,0.0,0.0,0.0,6000.0,6000.0
2025-01-16,14,02:10,02:20,683.9615833,646.9661,646.9661,36.995483300000046,0.0,0.0,0.0,6000.0,6000.0
2025-01-16,15,02:20,02:30,674.1283333,636.9616667,636.9616667,37.166666599999985,0.0,0.0,0.0,6000.0,6000.0
2025-01-16,16,02:30,02:40,672.4852667,652.3050833,652.3050833,20.180183400000033,0.0,0.0,0.0,6000.0,6000.0
2025-01-16,17,02:40,02:50,689.0236833,650.74815,650.74815,38.275533300000006,0.0,0.0,0.0,6000.0,6000.0
2025-01-16,18,02:50,03:00,692.2783333,640.5066667,640.5066667,51.7716666,0.0,0.0,0.0,6000.0,6000.0
2025-01-16,19,03:00,03:10,654.2623667,672.9660833,654.2623667,0.0,0.0,0.0,0.0,6000.0,6000.0
2025-01-16,20,03:10,03:20,663.99055,707.83845,663.99055,0.0,0.0,0.0,0.0,6000.0,6000.0
2025-01-16,21,03:20,03:30,710.125,708.0066667,708.0066667,2.1183333000000175,0.0,0.0,0.0,6000.0,6000.0
2025-01-16,22,03:30,03:40,692.4751167,678.3172167,678.3172167,14.157899999999927,0.0,0.0,0.0,6000.0,6000.0
2025-01-16,23,03:40,03:50,671.6990167,680.6562833,671.6990167,0.0,0.0,0.0,0.0,6000.0,6000.0
2025-01-16,24,03:50,04:00,673.915,710.3466667,673.915,0.0,0.0,0.0,0.0,6000.0,6000.0
2025-01-16,25,04:00,04:10,666.2950333,705.1456333,666.2950333,0.0,0.0,0.0,0.0,6000.0,6000.0
2025-01-16,26,04:10,04:20,682.2612167,693.1804667,682.2612167,0.0,0.0,0.0,0.0,6000.0,6000.0
2025-01-16,27,04:20,04:30,711.5983333,692.3333333,692.3333333,19.264999999999986,0.0,0.0,0.0,6000.0,6000.0
2025-01-16,28,04:30,04:40,706.8581167,691.5618667,691.5618667,15.296249999999986,0.0,0.0,0.0,6000.0,6000.0
2025-01-16,29,04:40,04:50,712.7657,698.3777,698.3777,14.388000000000034,0.0,0.0,0.0,6000.0,6000.0
2025-01-16,30,04:50,05:00,728.5483333,710.78,710.78,17.768333299999995,0.0,0.0,0.0,6000.0,6000.0
2025-01-16,31,05:00,05:10,708.3519833,718.7302167,708.3519833,0.0,0.0,0.0,0.0,6000.0,6000.0
2025-01-16,32,05:10,05:20,700.0162166333333,735.6531332999999,700.0162166333333,0.0,0.0,0.0,0.0,6000.0,6000.0
2025-01-16,33,05:20,05:30,711.215,724.77,711.215,0.0,0.0,0.0,0.0,6000.0,6000.0
2025-01-16,34,05:30,05:40,714.5808833,657.20925,657.20925,57.371633299999985,0.0,0.0,0.0,6000.0,6000.0
2025-01-16,35,05:40,05:50,793.5334,745.733966633333,745.733966633333,47.79943336666702,0.0,0.0,0.0,6000.0,6000.0
2025-01-16,36,05:50,06:00,912.8583333,924.7166667,912.8583333,0.0,0.0,0.0,0.0,6000.0,6000.0
2025-01-16,37,06:00,06:10,939.9650333,909.3155833,909.3155833,30.64945,0.0,0.0,0.0,6000.0,6000.0
2025-01-16,38,06:10,06:20,937.4564333667,885.4926333,885.4926333,51.96380006670006,0.0,0.0,0.0,6000.0,6000.0
2025-01-16,39,06:20,06:30,934.4366667,929.8933333,929.8933333,4.543333400000051,0.0,0.0,0.0,6000.0,6000.0
2025-01-16,40,06:30,06:40,899.2186333,923.5810167,899.2186333,0.0,0.0,0.0,0.0,6000.0,6000.0
2025-01-16,41,06:40,06:50,892.087133367,889.0256833330001,889.0256833330001,3.061450033999904,0.0,0.0,0.0,6000.0,6000.0
2025-01-16,42,06:50,07:00,910.0683333000001,860.91,860.91,49.158333300000095,0.0,0.0,0.0,6000.0,6000.0
2025-01-16,43,07:00,07:10,890.0468167,845.69975,845.69975,44.34706670000003,0.0,0.0,0.0,6000.0,6000.0
2025-01-16,44,07:10,07:20,846.00235003,822.48619997,822.48619997,23.516150059999973,0.0,0.0,0.0,6000.0,6000.0
2025-01-16,45,07:20,07:30,773.9183333000001,749.9758333,749.9758333,23.94250000000011,0.0,0.0,0.0,6000.0,6000.0
2025-01-16,46,07:30,07:40,681.4765500000001,637.6677167,637.6677167,43.80883330000006,0.0,0.0,0.0,6000.0,6000.0
2025-01-16,47,07:40,07:50,762.76045,736.0577000000001,736.0577000000001,26.702749999999924,0.0,0.0,0.0,6000.0,6000.0
2025-01-16,48,07:50,08:00,945.8962500000001,952.8475000000001,945.8962500000001,0.0,0.0,0.0,0.0,6000.0,6000.0
2025-01-16,49,08:00,08:10,948.5538832999999,924.161867,924.161867,24.39201629999991,0.0,0.0,0.0,6000.0,6000.0
2025-01-16,50,08:10,08:20,891.7085167,806.2742663,806.2742663,85.4342504,0.0,0.0,0.0,6000.0,6000.0
2025-01-16,51,08:20,08:30,846.241667,745.9779169999999,745.9779169999999,100.26375000000007,0.0,0.0,0.0,6000.0,6000.0
2025-01-16,52,08:30,08:40,763.8242499999999,734.6204663000001,734.6204663000001,29.203783699999804,0.0,0.0,0.0,6000.0,6000.0
2025-01-16,53,08:40,08:50,730.0672663,719.3146833,719.3146833,10.752583000000072,0.0,0.0,0.0,6000.0,6000.0
2025-01-16,54,08:50,09:00,714.3795829999999,677.6191670000001,677.6191670000001,36.76041599999985,0.0,0.0,0.0,6000.0,6000.0
2025-01-16,55,09:00,09:10,605.3350497,628.3140999999999,605.3350497,0.0,0.0,0.0,0.0,6000.0,6000.0
2025-01-16,56,09:10,09:20,563.8210167,593.4609,563.8210167,0.0,0.0,0.0,0.0,6000.0,6000.0
2025-01-16,57,09:20,09:30,595.7045830000001,551.949167,551.949167,43.75541600000008,0.0,0.0,0.0,6000.0,6000.0
2025-01-16,58,09:30,09:40,543.7929667,470.51213369999994,470.51213369999994,73.28083300000003,0.0,0.0,0.0,6000.0,6000.0
2025-01-16,59,09:40,09:50,492.17148299999997,435.4282333000001,435.4282333000001,56.743249699999865,0.0,0.0,0.0,6000.0,6000.0
2025-01-16,60,09:50,10:00,461.88208299999997,425.85124999999994,425.85124999999994,36.03083300000003,0.0,0.0,0.0,6000.0,6000.0
2025-01-16,61,10:00,10:10,383.8386670000001,339.6524667000001,339.6524667000001,44.186200299999996,0.0,0.0,0.0,6000.0,6000.0
2025-01-16,62,10:10,10:20,328.261717,292.9148003,292.9148003,35.34691669999995,0.0,0.0,0.0,6000.0,6000.0
2025-01-16,63,10:20,10:30,321.66208299999994,307.24875,307.24875,14.413332999999966,0.0,0.0,0.0,6000.0,6000.0
2025-01-16,64,10:30,10:40,312.40221700000006,284.75786629999993,284.75786629999993,27.644350700000132,0.0,0.0,0.0,6000.0,6000.0
2025-01-16,65,10:40,10:50,258.86628369999994,250.6841167,250.6841167,8.182166999999936,0.0,0.0,0.0,6000.0,6000.0
2025-01-16,66,10:50,11:00,189.67916700000012,240.4570829999999,189.67916700000012,0.0,0.0,0.0,0.0,6000.0,6000.0
2025-01-16,67,11:00,11:10,171.48006670000007,253.82550029999993,171.48006670000007,0.0,0.0,0.0,0.0,6000.0,6000.0
2025-01-16,68,11:10,11:20,158.56626699999993,239.497617,158.56626699999993,0.0,0.0,0.0,0.0,6000.0,6000.0
2025-01-16,69,11:20,11:30,145.3337499999999,194.57958299999996,145.3337499999999,0.0,0.0,0.0,0.0,6000.0,6000.0
2025-01-16,70,11:30,11:40,168.92976629999998,164.04619999999989,164.04619999999989,4.883566300000098,0.0,0.0,0.0,6000.0,6000.0
2025-01-16,71,11:40,11:50,164.65300000000013,141.65011600000003,141.65011600000003,23.00288400000011,0.0,0.0,0.0,6000.0,6000.0
2025-01-16,72,11:50,12:00,105.77083299999993,129.46833299999992,105.77083299999993,0.0,0.0,0.0,0.0,6000.0,6000.0
2025-01-16,73,12:00,12:10,38.76459999999997,137.37826669999993,38.76459999999997,0.0,0.0,0.0,0.0,6000.0,6000.0
2025-01-16,74,12:10,12:20,41.00189999999998,121.548767,41.00189999999998,0.0,0.0,0.0,0.0,6000.0,6000.0
2025-01-16,75,12:20,12:30,78.18916700000011,76.49375000000009,76.49375000000009,1.6954170000000204,0.0,0.0,0.0,6000.0,6000.0
2025-01-16,76,12:30,12:40,53.43721699999992,47.91830029999994,47.91830029999994,5.518916699999977,0.0,0.0,0.0,6000.0,6000.0
2025-01-16,77,12:40,12:50,85.58473370000002,76.538817,76.538817,9.04591670000002,0.0,0.0,0.0,6000.0,6000.0
2025-01-16,78,12:50,13:00,153.08083299999998,162.43000000000006,153.08083299999998,0.0,0.0,0.0,0.0,6000.0,6000.0
2025-01-16,79,13:00,13:10,113.49734969999997,258.9850503,113.49734969999997,0.0,0.0,0.0,0.0,6000.0,6000.0
2025-01-16,80,13:10,13:20,114.91290000000004,292.38808330000006,114.91290000000004,0.0,0.0,0.0,0.0,6000.0,6000.0
2025-01-16,81,13:20,13:30,187.11374999999998,278.56000000000006,187.11374999999998,0.0,0.0,0.0,0.0,6000.0,6000.0
2025-01-16,82,13:30,13:40,207.378283,303.6686666999999,207.378283,0.0,0.0,0.0,0.0,6000.0,6000.0
2025-01-16,83,13:40,13:50,213.07508299999995,350.7785997,213.07508299999995,0.0,0.0,0.0,0.0,6000.0,6000.0
2025-01-16,84,13:50,14:00,234.71875,384.27916700000003,234.71875,0.0,0.0,0.0,0.0,6000.0,6000.0
2025-01-16,85,14:00,14:10,262.6649002999999,390.4746997,262.6649002999999,0.0,0.0,0.0,0.0,6000.0,6000.0
2025-01-16,86,14:10,14:20,319.62938369999995,408.4932003,319.62938369999995,0.0,0.0,0.0,0.0,6000.0,6000.0
2025-01-16,87,14:20,14:30,368.78541700000005,440.32000000000005,368.78541700000005,0.0,0.0,0.0,0.0,6000.0,6000.0
2025-01-16,88,14:30,14:40,349.829783,455.66036699999995,349.829783,0.0,0.0,0.0,0.0,6000.0,6000.0
2025-01-16,89,14:40,14:50,375.4308329999999,492.65468369999996,375.4308329999999,0.0,0.0,0.0,0.0,6000.0,6000.0
2025-01-16,90,14:50,15:00,470.14541700000007,527.939167,470.14541700000007,0.0,0.0,0.0,0.0,6000.0,6000.0
2025-01-16,91,15:00,15:10,544.4644166999999,503.22823300000005,503.22823300000005,41.236183699999856,0.0,0.0,0.0,6000.0,6000.0
2025-01-16,92,15:10,15:20,582.1318833,531.019083,531.019083,51.1128003,0.0,0.0,0.0,6000.0,6000.0
2025-01-16,93,15:20,15:30,611.7433329999999,626.5266670000001,611.7433329999999,0.0,0.0,0.0,0.0,6000.0,6000.0
2025-01-16,94,15:30,15:40,669.8192167,689.0230502999999,669.8192167,0.0,0.0,0.0,0.0,6000.0,6000.0
2025-01-16,95,15:40,15:50,726.1439997,717.691333,717.691333,8.452666700000009,0.0,0.0,0.0,6000.0,6000.0
2025-01-16,96,15:50,16:00,777.0133330000001,744.862083,744.862083,32.15125000000012,0.0,0.0,0.0,6000.0,6000.0
2025-01-16,97,16:00,16:10,843.8631,798.7338166999999,798.7338166999999,45.12928330000011,0.0,0.0,0.0,6000.0,6000.0
2025-01-16,98,16:10,16:20,878.1949667000001,864.6681500000001,864.6681500000001,13.52681670000004,0.0,0.0,0.0,6000.0,6000.0
2025-01-16,99,16:20,16:30,890.6279169999999,921.3199999999999,890.6279169999999,0.0,0.0,0.0,0.0,6000.0,6000.0
2025-01-16,100,16:30,16:40,946.295883,960.3294667,946.295883,0.0,0.0,0.0,0.0,6000.0,6000.0
2025-01-16,101,16:40,16:50,1019.45879967,1007.1030169999999,1007.1030169999999,12.355782670000053,0.0,0.0,0.0,6000.0,6000.0
2025-01-16,102,16:50,17:00,1046.729167,1052.827083,1046.729167,0.0,0.0,0.0,0.0,6000.0,6000.0
2025-01-16,103,17:00,17:10,994.038866667,1058.987700333,994.038866667,0.0,0.0,0.0,0.0,6000.0,6000.0
2025-01-16,104,17:10,17:20,993.4858,1039.398183,993.4858,0.0,0.0,0.0,0.0,6000.0,6000.0
2025-01-16,105,17:20,17:30,1066.273333,1046.026667,1046.026667,20.246666000000005,0.0,0.0,0.0,6000.0,6000.0
2025-01-16,106,17:30,17:40,1079.4260163333,1091.80100033333,1079.4260163333,0.0,0.0,0.0,0.0,6000.0,6000.0
2025-01-16,107,17:40,17:50,930.2628333,965.6812833,930.2628333,0.0,0.0,0.0,0.0,6000.0,6000.0
2025-01-16,108,17:50,18:00,727.42,734.79,727.42,0.0,0.0,0.0,0.0,6000.0,6000.0
2025-01-16,109,18:00,18:10,697.9625833666671,694.8561500000001,694.8561500000001,3.1064333666670336,0.0,0.0,0.0,6000.0,6000.0
2025-01-16,110,18:10,18:20,735.99495,722.4920667,722.4920667,13.502883300000008,0.0,0.0,0.0,6000.0,6000.0
2025-01-16,111,18:20,18:30,750.6783333,717.2633333,717.2633333,33.414999999999964,0.0,0.0,0.0,6000.0,6000.0
2025-01-16,112,18:30,18:40,748.7216166666667,707.6477666666667,707.6477666666667,41.07384999999999,0.0,0.0,0.0,6000.0,6000.0
2025-01-16,113,18:40,18:50,726.16315,711.46075,711.46075,14.702400000000011,0.0,0.0,0.0,6000.0,6000.0
2025-01-16,114,18:50,19:00,708.585,730.2233333,708.585,0.0,0.0,0.0,0.0,6000.0,6000.0
2025-01-16,115,19:00,19:10,734.0395667,749.2222,734.0395667,0.0,0.0,0.0,0.0,6000.0,6000.0
2025-01-16,116,19:10,19:20,758.7002667,739.8300333,739.8300333,18.870233400000075,0.0,0.0,0.0,6000.0,6000.0
2025-01-16,117,19:20,19:30,752.5583333,722.305,722.305,30.25333330000001,0.0,0.0,0.0,6000.0,6000.0
2025-01-16,118,19:30,19:40,728.09315,743.1292667,728.09315,0.0,0.0,0.0,0.0,6000.0,6000.0
2025-01-16,119,19:40,19:50,727.0870167,748.2340333,727.0870167,0.0,0.0,0.0,0.0,6000.0,6000.0
2025-01-16,120,19:50,20:00,751.95,736.8616667,736.8616667,15.088333300000045,0.0,0.0,0.0,6000.0,6000.0
2025-01-16,121,20:00,20:10,763.3121333,764.5076833,763.3121333,0.0,0.0,0.0,0.0,6000.0,6000.0
2025-01-16,122,20:10,20:20,741.8044333,796.3999833,741.8044333,0.0,0.0,0.0,0.0,6000.0,6000.0
2025-01-16,123,20:20,20:30,715.7083333,792.8,715.7083333,0.0,0.0,0.0,0.0,6000.0,6000.0
2025-01-16,124,20:30,20:40,733.7681167,752.6728667,733.7681167,0.0,0.0,0.0,0.0,6000.0,6000.0
2025-01-16,125,20:40,20:50,759.1978,751.1731833,751.1731833,8.024616700000024,0.0,0.0,0.0,6000.0,6000.0
2025-01-16,126,20:50,21:00,760.2783333,774.2233333,760.2783333,0.0,0.0,0.0,0.0,6000.0,6000.0
2025-01-16,127,21:00,21:10,739.4905333,742.54675,739.4905333,0.0,0.0,0.0,0.0,6000.0,6000.0
2025-01-16,128,21:10,21:20,727.8466,742.8491167,727.8466,0.0,0.0,0.0,0.0,6000.0,6000.0
2025-01-16,129,21:20,21:30,749.1466667,778.7483333,749.1466667,0.0,0.0,0.0,0.0,6000.0,6000.0
2025-01-16,130,21:30,21:40,779.7671833,752.3233833,752.3233833,27.44380000000001,0.0,0.0,0.0,6000.0,6000.0
2025-01-16,131,21:40,21:50,674.22085,664.30005,664.30005,9.920799999999986,0.0,0.0,0.0,6000.0,6000.0
2025-01-16,132,21:50,22:00,521.3916667,580.5366667,521.3916667,0.0,0.0,0.0,0.0,6000.0,6000.0
2025-01-16,133,22:00,22:10,564.4336167,573.7712167,564.4336167,0.0,0.0,0.0,0.0,6000.0,6000.0
2025-01-16,134,22:10,22:20,614.1435,589.6589333,589.6589333,24.484566700000073,0.0,0.0,0.0,6000.0,6000.0
2025-01-16,135,22:20,22:30,581.77,581.5666667,581.5666667,0.2033332999999402,0.0,0.0,0.0,6000.0,6000.0
2025-01-16,136,22:30,22:40,567.621,551.24755,551.24755,16.373449999999934,0.0,0.0,0.0,6000.0,6000.0
2025-01-16,137,22:40,22:50,581.6968333,533.1689333,533.1689333,48.52789999999993,0.0,0.0,0.0,6000.0,6000.0
2025-01-16,138,22:50,23:00,592.1416667,542.6066667,542.6066667,49.53499999999997,0.0,0.0,0.0,6000.0,6000.0
2025-01-16,139,23:00,23:10,573.2504667,565.7428,565.7428,7.507666699999959,0.0,0.0,0.0,6000.0,6000.0
2025-01-16,140,23:10,23:20,588.03735,581.1533333,581.1533333,6.884016699999961,0.0,0.0,0.0,6000.0,6000.0
2025-01-16,141,23:20,23:30,637.5533333,589.5483333,589.5483333,48.004999999999995,0.0,0.0,0.0,6000.0,6000.0
2025-01-16,142,23:30,23:40,645.6154,603.82045,603.82045,41.79494999999997,0.0,0.0,0.0,6000.0,6000.0
2025-01-16,143,23:40,23:50,567.7601667,593.1068333,567.7601667,0.0,0.0,0.0,0.0,6000.0,6000.0
2025-01-16,144,23:50,24:00,444.3383333,571.6,444.3383333,0.0,0.0,0.0,0.0,6000.0,6000.0
2025-01-17,1,00:00,00:10,376.2127667,587.8245167,376.2127667,0.0,0.0,0.0,0.0,6000.0,6000.0
2025-01-17,2,00:10,00:20,399.6171,604.4712,399.6171,0.0,0.0,0.0,0.0,6000.0,6000.0
2025-01-17,3,00:20,00:30,468.995,604.4316667,468.995,0.0,0.0,0.0,0.0,6000.0,6000.0
2025-01-17,4,00:30,00:40,492.8495833,606.8383167,492.8495833,0.0,0.0,0.0,0.0,6000.0,6000.0
2025-01-17,5,00:40,00:50,457.3827333,607.9121833,457.3827333,0.0,0.0,0.0,0.0,6000.0,6000.0
2025-01-17,6,00:50,01:00,420.545,625.785,420.545,0.0,0.0,0.0,0.0,6000.0,6000.0
2025-01-17,7,01:00,01:10,451.5339833,675.8950333,451.5339833,0.0,0.0,0.0,0.0,6000.0,6000.0
2025-01-17,8,01:10,01:20,463.21575,657.8231833,463.21575,0.0,0.0,0.0,0.0,6000.0,6000.0
2025-01-17,9,01:20,01:30,445.46,608.6233333,445.46,0.0,0.0,0.0,0.0,6000.0,6000.0
2025-01-17,10,01:30,01:40,470.9112667,658.57385,470.9112667,0.0,0.0,0.0,0.0,6000.0,6000.0
2025-01-17,11,01:40,01:50,480.5105833,653.84325,480.5105833,0.0,0.0,0.0,0.0,6000.0,6000.0
2025-01-17,12,01:50,02:00,467.7066667,594.715,467.7066667,0.0,0.0,0.0,0.0,6000.0,6000.0
2025-01-17,13,02:00,02:10,486.5762167,640.4675167,486.5762167,0.0,0.0,0.0,0.0,6000.0,6000.0
2025-01-17,14,02:10,02:20,490.0801167,683.9615833,490.0801167,0.0,0.0,0.0,0.0,6000.0,6000.0
2025-01-17,15,02:20,02:30,478.5116667,674.1283333,478.5116667,0.0,0.0,0.0,0.0,6000.0,6000.0
2025-01-17,16,02:30,02:40,500.5574333,672.4852667,500.5574333,0.0,0.0,0.0,0.0,6000.0,6000.0
2025-01-17,17,02:40,02:50,507.2777167,689.0236833,507.2777167,0.0,0.0,0.0,0.0,6000.0,6000.0
2025-01-17,18,02:50,03:00,494.0933333,692.2783333,494.0933333,0.0,0.0,0.0,0.0,6000.0,6000.0
2025-01-17,19,03:00,03:10,509.2471333,654.2623667,509.2471333,0.0,0.0,0.0,0.0,6000.0,6000.0
2025-01-17,20,03:10,03:20,534.38945,663.99055,534.38945,0.0,0.0,0.0,0.0,6000.0,6000.0
2025-01-17,21,03:20,03:30,543.3266667,710.125,543.3266667,0.0,0.0,0.0,0.0,6000.0,6000.0
2025-01-17,22,03:30,03:40,530.68945,692.4751167,530.68945,0.0,0.0,0.0,0.0,6000.0,6000.0
2025-01-17,23,03:40,03:50,534.3720667,671.6990167,534.3720667,0.0,0.0,0.0,0.0,6000.0,6000.0
2025-01-17,24,03:50,04:00,562.975,673.915,562.975,0.0,0.0,0.0,0.0,6000.0,6000.0
2025-01-17,25,04:00,04:10,583.4893833,666.2950333,583.4893833,0.0,0.0,0.0,0.0,6000.0,6000.0
2025-01-17,26,04:10,04:20,559.6822,682.2612167,559.6822,0.0,0.0,0.0,0.0,6000.0,6000.0
2025-01-17,27,04:20,04:30,527.635,711.5983333,527.635,0.0,0.0,0.0,0.0,6000.0,6000.0
2025-01-17,28,04:30,04:40,560.4015,706.8581167,560.4015,0.0,0.0,0.0,0.0,6000.0,6000.0
2025-01-17,29,04:40,04:50,591.14465,712.7657,591.14465,0.0,0.0,0.0,0.0,6000.0,6000.0
2025-01-17,30,04:50,05:00,584.2333333,728.5483333,584.2333333,0.0,0.0,0.0,0.0,6000.0,6000.0
2025-01-17,31,05:00,05:10,566.7357,708.3519833,566.7357,0.0,0.0,0.0,0.0,6000.0,6000.0
2025-01-17,32,05:10,05:20,549.1597666333333,700.0162166333333,549.1597666333333,0.0,0.0,0.0,0.0,6000.0,6000.0
2025-01-17,33,05:20,05:30,549.7133333,711.215,549.7133333,0.0,0.0,0.0,0.0,6000.0,6000.0
2025-01-17,34,05:30,05:40,579.4430333,714.5808833,579.4430333,0.0,0.0,0.0,0.0,6000.0,6000.0
2025-01-17,35,05:40,05:50,574.35021666667,793.5334,574.35021666667,0.0,0.0,0.0,0.0,6000.0,6000.0
2025-01-17,36,05:50,06:00,539.8566667,912.8583333,539.8566667,0.0,0.0,0.0,0.0,6000.0,6000.0
2025-01-17,37,06:00,06:10,544.4665833,939.9650333,544.4665833,0.0,0.0,0.0,0.0,6000.0,6000.0
2025-01-17,38,06:10,06:20,557.4414333000001,937.4564333667,557.4414333000001,0.0,0.0,0.0,0.0,6000.0,6000.0
2025-01-17,39,06:20,06:30,554.68,934.4366667,554.68,0.0,0.0,0.0,0.0,6000.0,6000.0
2025-01-17,40,06:30,06:40,550.8620333,899.2186333,550.8620333,0.0,0.0,0.0,0.0,6000.0,6000.0
2025-01-17,41,06:40,06:50,586.3811167,892.087133367,586.3811167,0.0,0.0,0.0,0.0,6000.0,6000.0
2025-01-17,42,06:50,07:00,624.2020832999999,910.0683333000001,624.2020832999999,0.0,0.0,0.0,0.0,6000.0,6000.0
2025-01-17,43,07:00,07:10,587.1015332999999,890.0468167,587.1015332999999,0.0,0.0,0.0,0.0,6000.0,6000.0
2025-01-17,44,07:10,07:20,533.6006833,846.00235003,533.6006833,0.0,0.0,0.0,0.0,6000.0,6000.0
2025-01-17,45,07:20,07:30,496.0433333,773.9183333000001,496.0433333,0.0,0.0,0.0,0.0,6000.0,6000.0
2025-01-17,46,07:30,07:40,453.6163166,681.4765500000001,453.6163166,0.0,0.0,0.0,0.0,6000.0,6000.0
2025-01-17,47,07:40,07:50,416.30588339999997,762.76045,416.30588339999997,0.0,0.0,0.0,0.0,6000.0,6000.0
2025-01-17,48,07:50,08:00,374.40166669999996,945.8962500000001,374.40166669999996,0.0,0.0,0.0,0.0,6000.0,6000.0
2025-01-17,49,08:00,08:10,304.69781670000003,948.5538832999999,304.69781670000003,0.0,0.0,0.0,0.0,6000.0,6000.0
2025-01-17,50,08:10,08:20,240.54960000000005,891.7085167,240.54960000000005,0.0,0.0,0.0,0.0,6000.0,6000.0
2025-01-17,51,08:20,08:30,190.37875000000003,846.241667,190.37875000000003,0.0,0.0,0.0,0.0,6000.0,6000.0
2025-01-17,52,08:30,08:40,142.2100666,763.8242499999999,142.2100666,0.0,0.0,0.0,0.0,6000.0,6000.0
2025-01-17,53,08:40,08:50,155.08498329999998,730.0672663,155.08498329999998,0.0,0.0,0.0,0.0,6000.0,6000.0
2025-01-17,54,08:50,09:00,194.18166669999994,714.3795829999999,194.18166669999994,0.0,0.0,0.0,0.0,6000.0,6000.0
2025-01-17,55,09:00,09:10,151.33335,605.3350497,151.33335,0.0,0.0,0.0,0.0,6000.0,6000.0
2025-01-17,56,09:10,09:20,71.77081670000007,563.8210167,71.77081670000007,0.0,0.0,0.0,0.0,6000.0,6000.0
2025-01-17,57,09:20,09:30,7.945833300000004,595.7045830000001,7.945833300000004,0.0,0.0,0.0,0.0,6000.0,6000.0
2025-01-17,58,09:30,09:40,-24.143400000000042,543.7929667,0.0,0.0,24.143400000000042,0.0,0.0,6000.0,6000.0
2025-01-17,59,09:40,09:50,-26.91020000000003,492.17148299999997,0.0,0.0,26.91020000000003,0.0,0.0,6000.0,6000.0
2025-01-17,60,09:50,10:00,-53.34333330000004,461.88208299999997,0.0,0.0,53.34333330000004,0.0,0.0,6000.0,6000.0
2025-01-17,61,10:00,10:10,-157.30316659999994,383.8386670000001,0.0,0.0,157.30316659999994,0.0,0.0,6000.0,6000.0
2025-01-17,62,10:10,10:20,-216.85926669999992,328.261717,0.0,0.0,216.85926669999992,0.0,0.0,6000.0,6000.0
2025-01-17,63,10:20,10:30,-202.92708329999994,321.66208299999994,0.0,0.0,202.92708329999994,0.0,0.0,6000.0,6000.0
2025-01-17,64,10:30,10:40,-200.9138165999999,312.40221700000006,0.0,0.0,200.9138165999999,0.0,0.0,6000.0,6000.0
2025-01-17,65,10:40,10:50,-206.47395000000006,258.86628369999994,0.0,0.0,206.47395000000006,0.0,0.0,6000.0,6000.0
2025-01-17,66,10:50,11:00,-225.23083330000009,189.67916700000012,0.0,0.0,225.23083330000009,0.0,0.0,6000.0,6000.0
2025-01-17,67,11:00,11:10,-275.63430000000005,171.48006670000007,0.0,0.0,275.63430000000005,0.0,0.0,6000.0,6000.0
2025-01-17,68,11:10,11:20,-294.54735000000005,158.56626699999993,0.0,0.0,294.54735000000005,0.0,0.0,6000.0,6000.0
2025-01-17,69,11:20,11:30,-261.0954167,145.3337499999999,0.0,0.0,261.0954167,0.0,0.0,6000.0,6000.0
2025-01-17,70,11:30,11:40,-220.95616660000007,168.92976629999998,0.0,0.0,220.95616660000007,0.0,0.0,6000.0,6000.0
2025-01-17,71,11:40,11:50,-230.0492667000001,164.65300000000013,0.0,0.0,230.0492667000001,0.0,0.0,6000.0,6000.0
2025-01-17,72,11:50,12:00,-258.82333330000006,105.77083299999993,0.0,0.0,258.82333330000006,0.0,0.0,6000.0,6000.0
2025-01-17,73,12:00,12:10,-236.6354334,38.76459999999997,0.0,0.0,236.6354334,0.0,0.0,6000.0,6000.0
2025-01-17,74,12:10,12:20,-270.5154334,41.00189999999998,0.0,0.0,270.5154334,0.0,0.0,6000.0,6000.0
2025-01-17,75,12:20,12:30,-346.4041667,78.18916700000011,0.0,0.0,346.4041667,0.0,0.0,6000.0,6000.0
2025-01-17,76,12:30,12:40,-334.4177333,53.43721699999992,0.0,0.0,334.4177333,0.0,0.0,6000.0,6000.0
2025-01-17,77,12:40,12:50,-303.63066660000004,85.58473370000002,0.0,0.0,303.63066660000004,0.0,0.0,6000.0,6000.0
2025-01-17,78,12:50,13:00,-292.5554167,153.08083299999998,0.0,0.0,292.5554167,0.0,0.0,6000.0,6000.0
2025-01-17,79,13:00,13:10,-269.5980667,113.49734969999997,0.0,0.0,269.5980667,0.0,0.0,6000.0,6000.0
2025-01-17,80,13:10,13:20,-250.2022333,114.91290000000004,0.0,0.0,250.2022333,0.0,0.0,6000.0,6000.0
2025-01-17,81,13:20,13:30,-238.33708330000002,187.11374999999998,0.0,0.0,238.33708330000002,0.0,0.0,6000.0,6000.0
2025-01-17,82,13:30,13:40,-218.14768330000004,207.378283,0.0,0.0,218.14768330000004,0.0,0.0,6000.0,6000.0
2025-01-17,83,13:40,13:50,-190.79063329999997,213.07508299999995,0.0,0.0,190.79063329999997,0.0,0.0,6000.0,6000.0
2025-01-17,84,13:50,14:00,-156.54666670000006,234.71875,0.0,0.0,156.54666670000006,0.0,0.0,6000.0,6000.0
2025-01-17,85,14:00,14:10,-116.23556659999997,262.6649002999999,0.0,0.0,116.23556659999997,0.0,0.0,6000.0,6000.0
2025-01-17,86,14:10,14:20,-92.69856660000005,319.62938369999995,0.0,0.0,92.69856660000005,0.0,0.0,6000.0,6000.0
2025-01-17,87,14:20,14:30,-75.41499999999996,368.78541700000005,0.0,0.0,75.41499999999996,0.0,0.0,6000.0,6000.0
2025-01-17,88,14:30,14:40,-30.978483300000107,349.829783,0.0,0.0,30.978483300000107,0.0,0.0,6000.0,6000.0
2025-01-17,89,14:40,14:50,11.81586660000005,375.4308329999999,11.81586660000005,0.0,0.0,0.0,0.0,6000.0,6000.0
2025-01-17,90,14:50,15:00,52.817083300000036,470.14541700000007,52.817083300000036,0.0,0.0,0.0,0.0,6000.0,6000.0
2025-01-17,91,15:00,15:10,118.02858330000004,544.4644166999999,118.02858330000004,0.0,0.0,0.0,0.0,6000.0,6000.0
2025-01-17,92,15:10,15:20,161.91646660000004,582.1318833,161.91646660000004,0.0,0.0,0.0,0.0,6000.0,6000.0
2025-01-17,93,15:20,15:30,173.68458330000004,611.7433329999999,173.68458330000004,0.0,0.0,0.0,0.0,6000.0,6000.0
2025-01-17,94,15:30,15:40,191.64319999999998,669.8192167,191.64319999999998,0.0,0.0,0.0,0.0,6000.0,6000.0
2025-01-17,95,15:40,15:50,236.65148339999996,726.1439997,236.65148339999996,0.0,0.0,0.0,0.0,6000.0,6000.0
2025-01-17,96,15:50,16:00,292.14333329999994,777.0133330000001,292.14333329999994,0.0,0.0,0.0,0.0,6000.0,6000.0
2025-01-17,97,16:00,16:10,326.4414667000001,843.8631,326.4414667000001,0.0,0.0,0.0,0.0,6000.0,6000.0
2025-01-17,98,16:10,16:20,375.4289166,878.1949667000001,375.4289166,0.0,0.0,0.0,0.0,6000.0,6000.0
2025-01-17,99,16:20,16:30,448.7841667,890.6279169999999,448.7841667,0.0,0.0,0.0,0.0,6000.0,6000.0
2025-01-17,100,16:30,16:40,505.0151,946.295883,505.0151,0.0,0.0,0.0,0.0,6000.0,6000.0
2025-01-17,101,16:40,16:50,477.30406667,1019.45879967,477.30406667,0.0,0.0,0.0,0.0,6000.0,6000.0
2025-01-17,102,16:50,17:00,419.2716667,1046.729167,419.2716667,0.0,0.0,0.0,0.0,6000.0,6000.0
2025-01-17,103,17:00,17:10,452.241066667,994.038866667,452.241066667,0.0,0.0,0.0,0.0,6000.0,6000.0
2025-01-17,104,17:10,17:20,468.4820833,993.4858,468.4820833,0.0,0.0,0.0,0.0,6000.0,6000.0
2025-01-17,105,17:20,17:30,443.0183333,1066.273333,443.0183333,0.0,0.0,0.0,0.0,6000.0,6000.0
2025-01-17,106,17:30,17:40,453.4147,1079.4260163333,453.4147,0.0,0.0,0.0,0.0,6000.0,6000.0
2025-01-17,107,17:40,17:50,459.0084,930.2628333,459.0084,0.0,0.0,0.0,0.0,6000.0,6000.0
2025-01-17,108,17:50,18:00,449.0483333,727.42,449.0483333,0.0,0.0,0.0,0.0,6000.0,6000.0
2025-01-17,109,18:00,18:10,458.5479667,697.9625833666671,458.5479667,0.0,0.0,0.0,0.0,6000.0,6000.0
2025-01-17,110,18:10,18:20,459.5538167,735.99495,459.5538167,0.0,0.0,0.0,0.0,6000.0,6000.0
2025-01-17,111,18:20,18:30,443.6916667,750.6783333,443.6916667,0.0,0.0,0.0,0.0,6000.0,6000.0
2025-01-17,112,18:30,18:40,436.72858333333335,748.7216166666667,436.72858333333335,0.0,0.0,0.0,0.0,6000.0,6000.0
2025-01-17,113,18:40,18:50,455.2967667,726.16315,455.2967667,0.0,0.0,0.0,0.0,6000.0,6000.0
2025-01-17,114,18:50,19:00,481.145,708.585,481.145,0.0,0.0,0.0,0.0,6000.0,6000.0
2025-01-17,115,19:00,19:10,480.78665,734.0395667,480.78665,0.0,0.0,0.0,0.0,6000.0,6000.0
2025-01-17,116,19:10,19:20,486.3923667,758.7002667,486.3923667,0.0,0.0,0.0,0.0,6000.0,6000.0
2025-01-17,117,19:20,19:30,496.9866667,752.5583333,496.9866667,0.0,0.0,0.0,0.0,6000.0,6000.0
2025-01-17,118,19:30,19:40,480.1208333,728.09315,480.1208333,0.0,0.0,0.0,0.0,6000.0,6000.0
2025-01-17,119,19:40,19:50,474.5281833,727.0870167,474.5281833,0.0,0.0,0.0,0.0,6000.0,6000.0
2025-01-17,120,19:50,20:00,478.5116667,751.95,478.5116667,0.0,0.0,0.0,0.0,6000.0,6000.0
2025-01-17,121,20:00,20:10,451.8723333,763.3121333,451.8723333,0.0,0.0,0.0,0.0,6000.0,6000.0
2025-01-17,122,20:10,20:20,434.0012333,741.8044333,434.0012333,0.0,0.0,0.0,0.0,6000.0,6000.0
2025-01-17,123,20:20,20:30,450.72,715.7083333,450.72,0.0,0.0,0.0,0.0,6000.0,6000.0
2025-01-17,124,20:30,20:40,484.6296833,733.7681167,484.6296833,0.0,0.0,0.0,0.0,6000.0,6000.0
2025-01-17,125,20:40,20:50,485.1780333,759.1978,485.1780333,0.0,0.0,0.0,0.0,6000.0,6000.0
2025-01-17,126,20:50,21:00,468.4716667,760.2783333,468.4716667,0.0,0.0,0.0,0.0,6000.0,6000.0
2025-01-17,127,21:00,21:10,490.4889667,739.4905333,490.4889667,0.0,0.0,0.0,0.0,6000.0,6000.0
2025-01-17,128,21:10,21:20,474.6709167,727.8466,474.6709167,0.0,0.0,0.0,0.0,6000.0,6000.0
2025-01-17,129,21:20,21:30,453.02,749.1466667,453.02,0.0,0.0,0.0,0.0,6000.0,6000.0
2025-01-17,130,21:30,21:40,525.5826333,779.7671833,525.5826333,0.0,0.0,0.0,0.0,6000.0,6000.0
2025-01-17,131,21:40,21:50,506.1753,674.22085,506.1753,0.0,0.0,0.0,0.0,6000.0,6000.0
2025-01-17,132,21:50,22:00,400.655,521.3916667,400.655,0.0,0.0,0.0,0.0,6000.0,6000.0
2025-01-17,133,22:00,22:10,403.7712,564.4336167,403.7712,0.0,0.0,0.0,0.0,6000.0,6000.0
2025-01-17,134,22:10,22:20,411.2597167,614.1435,411.2597167,0.0,0.0,0.0,0.0,6000.0,6000.0
2025-01-17,135,22:20,22:30,379.3533333,581.77,379.3533333,0.0,0.0,0.0,0.0,6000.0,6000.0
2025-01-17,136,22:30,22:40,385.0471,567.621,385.0471,0.0,0.0,0.0,0.0,6000.0,6000.0
2025-01-17,137,22:40,22:50,433.85195,581.6968333,433.85195,0.0,0.0,0.0,0.0,6000.0,6000.0
2025-01-17,138,22:50,23:00,469.2083333,592.1416667,469.2083333,0.0,0.0,0.0,0.0,6000.0,6000.0
2025-01-17,139,23:00,23:10,433.62255,573.2504667,433.62255,0.0,0.0,0.0,0.0,6000.0,6000.0
2025-01-17,140,23:10,23:20,430.4817167,588.03735,430.4817167,0.0,0.0,0.0,0.0,6000.0,6000.0
2025-01-17,141,23:20,23:30,464.91,637.5533333,464.91,0.0,0.0,0.0,0.0,6000.0,6000.0
2025-01-17,142,23:30,23:40,442.9361167,645.6154,442.9361167,0.0,0.0,0.0,0.0,6000.0,6000.0
2025-01-17,143,23:40,23:50,426.6559833,567.7601667,426.6559833,0.0,0.0,0.0,0.0,6000.0,6000.0
2025-01-17,144,23:50,24:00,442.2833333,444.3383333,442.2833333,0.0,0.0,0.0,0.0,6000.0,6000.0
2025-01-18,1,00:00,00:10,449.5711333,376.2127667,376.2127667,73.35836660000001,0.0,0.0,0.0,6000.0,6000.0
2025-01-18,2,00:10,00:20,448.0010667,399.6171,399.6171,48.38396670000003,0.0,0.0,0.0,6000.0,6000.0
2025-01-18,3,00:20,00:30,444.8233333,468.995,444.8233333,0.0,0.0,0.0,0.0,6000.0,6000.0
2025-01-18,4,00:30,00:40,449.5483833,492.8495833,449.5483833,0.0,0.0,0.0,0.0,6000.0,6000.0
2025-01-18,5,00:40,00:50,489.4189,457.3827333,457.3827333,32.036166700000024,0.0,0.0,0.0,6000.0,6000.0
2025-01-18,6,00:50,01:00,520.5583333,420.545,420.545,100.01333329999994,0.0,0.0,0.0,6000.0,6000.0
2025-01-18,7,01:00,01:10,467.77285,451.5339833,451.5339833,16.238866700000017,0.0,0.0,0.0,6000.0,6000.0
2025-01-18,8,01:10,01:20,428.3751333,463.21575,428.3751333,0.0,0.0,0.0,0.0,6000.0,6000.0
2025-01-18,9,01:20,01:30,439.76,445.46,439.76,0.0,0.0,0.0,0.0,6000.0,6000.0
2025-01-18,10,01:30,01:40,454.17875,470.9112667,454.17875,0.0,0.0,0.0,0.0,6000.0,6000.0
2025-01-18,11,01:40,01:50,495.4059333,480.5105833,480.5105833,14.895350000000008,0.0,0.0,0.0,6000.0,6000.0
2025-01-18,12,01:50,02:00,528.8266667,467.7066667,467.7066667,61.120000000000005,0.0,0.0,0.0,6000.0,6000.0
2025-01-18,13,02:00,02:10,486.7074167,486.5762167,486.5762167,0.1312000000000353,0.0,0.0,0.0,6000.0,6000.0
2025-01-18,14,02:10,02:20,472.8311333,490.0801167,472.8311333,0.0,0.0,0.0,0.0,6000.0,6000.0
2025-01-18,15,02:20,02:30,506.0483333,478.5116667,478.5116667,27.536666600000046,0.0,0.0,0.0,6000.0,6000.0
2025-01-18,16,02:30,02:40,505.2827,500.5574333,500.5574333,4.725266699999963,0.0,0.0,0.0,6000.0,6000.0
2025-01-18,17,02:40,02:50,502.44605,507.2777167,502.44605,0.0,0.0,0.0,0.0,6000.0,6000.0
2025-01-18,18,02:50,03:00,514.6616667,494.0933333,494.0933333,20.568333399999972,0.0,0.0,0.0,6000.0,6000.0
2025-01-18,19,03:00,03:10,517.6518667,509.2471333,509.2471333,8.404733400000055,0.0,0.0,0.0,6000.0,6000.0
2025-01-18,20,03:10,03:20,500.3651833,534.38945,500.3651833,0.0,0.0,0.0,0.0,6000.0,6000.0
2025-01-18,21,03:20,03:30,479.045,543.3266667,479.045,0.0,0.0,0.0,0.0,6000.0,6000.0
2025-01-18,22,03:30,03:40,487.6805833,530.68945,487.6805833,0.0,0.0,0.0,0.0,6000.0,6000.0
2025-01-18,23,03:40,03:50,535.1377167,534.3720667,534.3720667,0.7656500000000506,0.0,0.0,0.0,6000.0,6000.0
2025-01-18,24,03:50,04:00,575.8,562.975,562.975,12.824999999999932,0.0,0.0,0.0,6000.0,6000.0
2025-01-18,25,04:00,04:10,547.8964333,583.4893833,547.8964333,0.0,0.0,0.0,0.0,6000.0,6000.0
2025-01-18,26,04:10,04:20,514.735,559.6822,514.735,0.0,0.0,0.0,0.0,6000.0,6000.0
2025-01-18,27,04:20,04:30,524.2083333,527.635,524.2083333,0.0,0.0,0.0,0.0,6000.0,6000.0
2025-01-18,28,04:30,04:40,563.8148667,560.4015,560.4015,3.413366699999983,0.0,0.0,0.0,6000.0,6000.0
2025-01-18,29,04:40,04:50,571.79945,591.14465,571.79945,0.0,0.0,0.0,0.0,6000.0,6000.0
2025-01-18,30,04:50,05:00,553.6783333,584.2333333,553.6783333,0.0,0.0,0.0,0.0,6000.0,6000.0
2025-01-18,31,05:00,05:10,566.90295,566.7357,566.7357,0.16725000000008095,0.0,0.0,0.0,6000.0,6000.0
2025-01-18,32,05:10,05:20,563.5095333333329,549.1597666333333,549.1597666333333,14.349766699999577,0.0,0.0,0.0,6000.0,6000.0
2025-01-18,33,05:20,05:30,539.0433333,549.7133333,539.0433333,0.0,0.0,0.0,0.0,6000.0,6000.0
2025-01-18,34,05:30,05:40,542.8813667,579.4430333,542.8813667,0.0,0.0,0.0,0.0,6000.0,6000.0
2025-01-18,35,05:40,05:50,557.47983333333,574.35021666667,557.47983333333,0.0,0.0,0.0,0.0,6000.0,6000.0
2025-01-18,36,05:50,06:00,562.5783333,539.8566667,539.8566667,22.72166660000005,0.0,0.0,0.0,6000.0,6000.0
2025-01-18,37,06:00,06:10,554.8842833,544.4665833,544.4665833,10.417699999999968,0.0,0.0,0.0,6000.0,6000.0
2025-01-18,38,06:10,06:20,540.4622833,557.4414333000001,540.4622833,0.0,0.0,0.0,0.0,6000.0,6000.0
2025-01-18,39,06:20,06:30,533.31,554.68,533.31,0.0,0.0,0.0,0.0,6000.0,6000.0
2025-01-18,40,06:30,06:40,548.3691167,550.8620333,548.3691167,0.0,0.0,0.0,0.0,6000.0,6000.0
2025-01-18,41,06:40,06:50,585.921100033,586.3811167,585.921100033,0.0,0.0,0.0,0.0,6000.0,6000.0
2025-01-18,42,06:50,07:00,621.1975,624.2020832999999,621.1975,0.0,0.0,0.0,0.0,6000.0,6000.0
2025-01-18,43,07:00,07:10,620.92541667,587.1015332999999,587.1015332999999,33.82388337000009,0.0,0.0,0.0,6000.0,6000.0
2025-01-18,44,07:10,07:20,556.7550667,533.6006833,533.6006833,23.15438340000003,0.0,0.0,0.0,6000.0,6000.0
2025-01-18,45,07:20,07:30,460.1175,496.0433333,460.1175,0.0,0.0,0.0,0.0,6000.0,6000.0
2025-01-18,46,07:30,07:40,400.04751669999996,453.6163166,400.04751669999996,0.0,0.0,0.0,0.0,6000.0,6000.0
2025-01-18,47,07:40,07:50,363.6219833,416.30588339999997,363.6219833,0.0,0.0,0.0,0.0,6000.0,6000.0
2025-01-18,48,07:50,08:00,319.87916670000004,374.40166669999996,319.87916670000004,0.0,0.0,0.0,0.0,6000.0,6000.0
2025-01-18,49,08:00,08:10,255.78180000000003,304.69781670000003,255.78180000000003,0.0,0.0,0.0,0.0,6000.0,6000.0
2025-01-18,50,08:10,08:20,214.62181670000007,240.54960000000005,214.62181670000007,0.0,0.0,0.0,0.0,6000.0,6000.0
2025-01-18,51,08:20,08:30,185.25374999999997,190.37875000000003,185.25374999999997,0.0,0.0,0.0,0.0,6000.0,6000.0
2025-01-18,52,08:30,08:40,123.05580000000009,142.2100666,123.05580000000009,0.0,0.0,0.0,0.0,6000.0,6000.0
2025-01-18,53,08:40,08:50,117.70326669999997,155.08498329999998,117.70326669999997,0.0,0.0,0.0,0.0,6000.0,6000.0
2025-01-18,54,08:50,09:00,162.60375,194.18166669999994,162.60375,0.0,0.0,0.0,0.0,6000.0,6000.0
2025-01-18,55,09:00,09:10,147.63051669999993,151.33335,147.63051669999993,0.0,0.0,0.0,0.0,6000.0,6000.0
2025-01-18,56,09:10,09:20,72.46601669999995,71.77081670000007,71.77081670000007,0.6951999999998861,0.0,0.0,0.0,6000.0,6000.0
2025-01-18,57,09:20,09:30,1.3700000000000045,7.945833300000004,1.3700000000000045,0.0,0.0,0.0,0.0,6000.0,6000.0
2025-01-18,58,09:30,09:40,-2.147833300000002,0.0,0.0,0.0,2.147833300000002,0.0,0.0,6000.0,6000.0
2025-01-18,59,09:40,09:50,-16.432866699999977,0.0,0.0,0.0,16.432866699999977,0.0,0.0,6000.0,6000.0
2025-01-18,60,09:50,10:00,-66.84166670000002,0.0,0.0,0.0,66.84166670000002,0.0,0.0,6000.0,6000.0
2025-01-18,61,10:00,10:10,-99.56333329999995,0.0,0.0,0.0,99.56333329999995,0.0,0.0,6000.0,6000.0
2025-01-18,62,10:10,10:20,-101.17611669999997,0.0,0.0,0.0,101.17611669999997,0.0,0.0,6000.0,6000.0
2025-01-18,63,10:20,10:30,-107.55916669999999,0.0,0.0,0.0,107.55916669999999,0.0,0.0,6000.0,6000.0
2025-01-18,64,10:30,10:40,-163.90906670000004,0.0,0.0,0.0,163.90906670000004,0.0,0.0,6000.0,6000.0
2025-01-18,65,10:40,10:50,-202.5888,0.0,0.0,0.0,202.5888,0.0,0.0,6000.0,6000.0
2025-01-18,66,10:50,11:00,-191.1712500000001,0.0,0.0,0.0,191.1712500000001,0.0,0.0,6000.0,6000.0
2025-01-18,67,11:00,11:10,-170.58786669999995,0.0,0.0,0.0,170.58786669999995,0.0,0.0,6000.0,6000.0
2025-01-18,68,11:10,11:20,-214.27835000000005,0.0,0.0,0.0,214.27835000000005,0.0,0.0,6000.0,6000.0
2025-01-18,69,11:20,11:30,-276.33124999999995,0.0,0.0,0.0,276.33124999999995,0.0,0.0,6000.0,6000.0
2025-01-18,70,11:30,11:40,-239.26911659999996,0.0,0.0,0.0,239.26911659999996,0.0,0.0,6000.0,6000.0
2025-01-18,71,11:40,11:50,-202.14208329999997,0.0,0.0,0.0,202.14208329999997,0.0,0.0,6000.0,6000.0
2025-01-18,72,11:50,12:00,-221.36083329999997,0.0,0.0,0.0,221.36083329999997,0.0,0.0,6000.0,6000.0
2025-01-18,73,12:00,12:10,-259.26509999999996,0.0,0.0,0.0,259.26509999999996,0.0,0.0,6000.0,6000.0
2025-01-18,74,12:10,12:20,-294.8729833,0.0,0.0,0.0,294.8729833,0.0,0.0,6000.0,6000.0
2025-01-18,75,12:20,12:30,-319.36916669999994,0.0,0.0,0.0,319.36916669999994,0.0,0.0,6000.0,6000.0
2025-01-18,76,12:30,12:40,-328.87464969999996,0.0,0.0,0.0,328.87464969999996,0.0,0.0,6000.0,6000.0
2025-01-18,77,12:40,12:50,-313.30100000000004,0.0,0.0,0.0,313.30100000000004,0.0,0.0,6000.0,6000.0
2025-01-18,78,12:50,13:00,-300.0145833,0.0,0.0,0.0,300.0145833,0.0,0.0,6000.0,6000.0
2025-01-18,79,13:00,13:10,-327.1063663,0.0,0.0,0.0,327.1063663,0.0,0.0,6000.0,6000.0
2025-01-18,80,13:10,13:20,-322.73365,0.0,0.0,0.0,322.73365,0.0,0.0,6000.0,6000.0
2025-01-18,81,13:20,13:30,-266.765,0.0,0.0,0.0,266.765,0.0,0.0,6000.0,6000.0
2025-01-18,82,13:30,13:40,-209.92319999999995,0.0,0.0,0.0,209.92319999999995,0.0,0.0,6000.0,6000.0
2025-01-18,83,13:40,13:50,-167.7348833000001,0.0,0.0,0.0,167.7348833000001,0.0,0.0,6000.0,6000.0
2025-01-18,84,13:50,14:00,-143.4275,0.0,0.0,0.0,143.4275,0.0,0.0,6000.0,6000.0
2025-01-18,85,14:00,14:10,-135.94765000000007,0.0,0.0,0.0,135.94765000000007,0.0,0.0,6000.0,6000.0
2025-01-18,86,14:10,14:20,-136.81844999999998,0.0,0.0,0.0,136.81844999999998,0.0,0.0,6000.0,6000.0
2025-01-18,87,14:20,14:30,-117.52625,0.0,0.0,0.0,117.52625,0.0,0.0,6000.0,6000.0
2025-01-18,88,14:30,14:40,-54.59013330000005,0.0,0.0,0.0,54.59013330000005,0.0,0.0,6000.0,6000.0
2025-01-18,89,14:40,14:50,-13.585333399999968,11.81586660000005,0.0,0.0,13.585333399999968,0.0,0.0,6000.0,6000.0
2025-01-18,90,14:50,15:00,6.49208329999999,52.817083300000036,6.49208329999999,0.0,0.0,0.0,0.0,6000.0,6000.0
2025-01-18,91,15:00,15:10,68.29493329999991,118.02858330000004,68.29493329999991,0.0,0.0,0.0,0.0,6000.0,6000.0
2025-01-18,92,15:10,15:20,127.93239999999997,161.91646660000004,127.93239999999997,0.0,0.0,0.0,0.0,6000.0,6000.0
2025-01-18,93,15:20,15:30,182.90583329999993,173.68458330000004,173.68458330000004,9.221249999999884,0.0,0.0,0.0,6000.0,6000.0
2025-01-18,94,15:30,15:40,272.82615,191.64319999999998,191.64319999999998,81.18295,0.0,0.0,0.0,6000.0,6000.0
2025-01-18,95,15:40,15:50,333.0100666,236.65148339999996,236.65148339999996,96.35858320000006,0.0,0.0,0.0,6000.0,6000.0
2025-01-18,96,15:50,16:00,346.8704167,292.14333329999994,292.14333329999994,54.72708340000008,0.0,0.0,0.0,6000.0,6000.0
2025-01-18,97,16:00,16:10,367.07955000000004,326.4414667000001,326.4414667000001,40.63808329999995,0.0,0.0,0.0,6000.0,6000.0
2025-01-18,98,16:10,16:20,421.67335,375.4289166,375.4289166,46.24443340000005,0.0,0.0,0.0,6000.0,6000.0
2025-01-18,99,16:20,16:30,487.0375,448.7841667,448.7841667,38.25333330000001,0.0,0.0,0.0,6000.0,6000.0
2025-01-18,100,16:30,16:40,508.34499997,505.0151,505.0151,3.3298999699999854,0.0,0.0,0.0,6000.0,6000.0
2025-01-18,101,16:40,16:50,485.64038333,477.30406667,477.30406667,8.336316660000023,0.0,0.0,0.0,6000.0,6000.0
2025-01-18,102,16:50,17:00,457.09666669999996,419.2716667,419.2716667,37.82499999999993,0.0,0.0,0.0,6000.0,6000.0
2025-01-18,103,17:00,17:10,464.8307167,452.241066667,452.241066667,12.589650032999998,0.0,0.0,0.0,6000.0,6000.0
2025-01-18,104,17:10,17:20,472.0541333,468.4820833,468.4820833,3.57204999999999,0.0,0.0,0.0,6000.0,6000.0
2025-01-18,105,17:20,17:30,466.275,443.0183333,443.0183333,23.256666699999982,0.0,0.0,0.0,6000.0,6000.0
2025-01-18,106,17:30,17:40,464.8063833333,453.4147,453.4147,11.391683333300023,0.0,0.0,0.0,6000.0,6000.0
2025-01-18,107,17:40,17:50,463.7437333,459.0084,459.0084,4.735333299999979,0.0,0.0,0.0,6000.0,6000.0
2025-01-18,108,17:50,18:00,470.835,449.0483333,449.0483333,21.786666699999955,0.0,0.0,0.0,6000.0,6000.0
2025-01-18,109,18:00,18:10,496.2458833,458.5479667,458.5479667,37.697916599999985,0.0,0.0,0.0,6000.0,6000.0
2025-01-18,110,18:10,18:20,489.35885,459.5538167,459.5538167,29.80503329999999,0.0,0.0,0.0,6000.0,6000.0
2025-01-18,111,18:20,18:30,451.9433333,443.6916667,443.6916667,8.251666600000021,0.0,0.0,0.0,6000.0,6000.0
2025-01-18,112,18:30,18:40,439.5698167,436.72858333333335,436.72858333333335,2.8412333666666427,0.0,0.0,0.0,6000.0,6000.0
2025-01-18,113,18:40,18:50,450.85645,455.2967667,450.85645,0.0,0.0,0.0,0.0,6000.0,6000.0
2025-01-18,114,18:50,19:00,452.885,481.145,452.885,0.0,0.0,0.0,0.0,6000.0,6000.0
2025-01-18,115,19:00,19:10,423.35245,480.78665,423.35245,0.0,0.0,0.0,0.0,6000.0,6000.0
2025-01-18,116,19:10,19:20,442.8923667,486.3923667,442.8923667,0.0,0.0,0.0,0.0,6000.0,6000.0
2025-01-18,117,19:20,19:30,488.0866667,496.9866667,488.0866667,0.0,0.0,0.0,0.0,6000.0,6000.0
2025-01-18,118,19:30,19:40,456.3230167,480.1208333,456.3230167,0.0,0.0,0.0,0.0,6000.0,6000.0
2025-01-18,119,19:40,19:50,442.8599667,474.5281833,442.8599667,0.0,0.0,0.0,0.0,6000.0,6000.0
2025-01-18,120,19:50,20:00,475.0166667,478.5116667,475.0166667,0.0,0.0,0.0,0.0,6000.0,6000.0
2025-01-18,121,20:00,20:10,480.7563,451.8723333,451.8723333,28.88396670000003,0.0,0.0,0.0,6000.0,6000.0
2025-01-18,122,20:10,20:20,465.9056,434.0012333,434.0012333,31.90436669999997,0.0,0.0,0.0,6000.0,6000.0
2025-01-18,123,20:20,20:30,455.8366667,450.72,450.72,5.116666699999996,0.0,0.0,0.0,6000.0,6000.0
2025-01-18,124,20:30,20:40,470.4037167,484.6296833,470.4037167,0.0,0.0,0.0,0.0,6000.0,6000.0
2025-01-18,125,20:40,20:50,510.70525,485.1780333,485.1780333,25.527216699999997,0.0,0.0,0.0,6000.0,6000.0
2025-01-18,126,20:50,21:00,536.9866667,468.4716667,468.4716667,68.51499999999999,0.0,0.0,0.0,6000.0,6000.0
2025-01-18,127,21:00,21:10,502.3889833,490.4889667,490.4889667,11.900016600000015,0.0,0.0,0.0,6000.0,6000.0
2025-01-18,128,21:10,21:20,473.46075,474.6709167,473.46075,0.0,0.0,0.0,0.0,6000.0,6000.0
2025-01-18,129,21:20,21:30,479.8566667,453.02,453.02,26.836666700000023,0.0,0.0,0.0,6000.0,6000.0
2025-01-18,130,21:30,21:40,485.7930833,525.5826333,485.7930833,0.0,0.0,0.0,0.0,6000.0,6000.0
2025-01-18,131,21:40,21:50,458.6473,506.1753,458.6473,0.0,0.0,0.0,0.0,6000.0,6000.0
2025-01-18,132,21:50,22:00,420.56,400.655,400.655,19.90500000000003,0.0,0.0,0.0,6000.0,6000.0
2025-01-18,133,22:00,22:10,426.2462,403.7712,403.7712,22.474999999999966,0.0,0.0,0.0,6000.0,6000.0
2025-01-18,134,22:10,22:20,448.35355,411.2597167,411.2597167,37.09383329999997,0.0,0.0,0.0,6000.0,6000.0
2025-01-18,135,22:20,22:30,453.0366667,379.3533333,379.3533333,73.68333340000004,0.0,0.0,0.0,6000.0,6000.0
2025-01-18,136,22:30,22:40,429.5550667,385.0471,385.0471,44.5079667,0.0,0.0,0.0,6000.0,6000.0
2025-01-18,137,22:40,22:50,401.0564333,433.85195,401.0564333,0.0,0.0,0.0,0.0,6000.0,6000.0
2025-01-18,138,22:50,23:00,396.83,469.2083333,396.83,0.0,0.0,0.0,0.0,6000.0,6000.0
2025-01-18,139,23:00,23:10,427.9829333,433.62255,427.9829333,0.0,0.0,0.0,0.0,6000.0,6000.0
2025-01-18,140,23:10,23:20,443.6883333,430.4817167,430.4817167,13.206616600000018,0.0,0.0,0.0,6000.0,6000.0
2025-01-18,141,23:20,23:30,425.77,464.91,425.77,0.0,0.0,0.0,0.0,6000.0,6000.0
2025-01-18,142,23:30,23:40,417.6434833,442.9361167,417.6434833,0.0,0.0,0.0,0.0,6000.0,6000.0
2025-01-18,143,23:40,23:50,509.3992167,426.6559833,426.6559833,82.74323340000001,0.0,0.0,0.0,6000.0,6000.0
2025-01-18,144,23:50,24:00,637.3183333,442.2833333,442.2833333,195.03499999999997,0.0,0.0,0.0,6000.0,6000.0
2025-01-19,1,00:00,00:10,636.8644667,449.5711333,449.5711333,187.2933334,0.0,0.0,0.0,6000.0,6000.0
2025-01-19,2,00:10,00:20,596.6740667,448.0010667,448.0010667,148.673,0.0,0.0,0.0,6000.0,6000.0
2025-01-19,3,00:20,00:30,594.1733333,444.8233333,444.8233333,149.34999999999997,0.0,0.0,0.0,6000.0,6000.0
2025-01-19,4,00:30,00:40,620.6631,449.5483833,449.5483833,171.11471669999997,0.0,0.0,0.0,6000.0,6000.0
2025-01-19,5,00:40,00:50,630.5256,489.4189,489.4189,141.10670000000005,0.0,0.0,0.0,6000.0,6000.0
2025-01-19,6,00:50,01:00,622.4983333,520.5583333,520.5583333,101.94000000000005,0.0,0.0,0.0,6000.0,6000.0
2025-01-19,7,01:00,01:10,633.7338833,467.77285,467.77285,165.9610333,0.0,0.0,0.0,6000.0,6000.0
2025-01-19,8,01:10,01:20,644.9927,428.3751333,428.3751333,216.6175667,0.0,0.0,0.0,6000.0,6000.0
2025-01-19,9,01:20,01:30,643.575,439.76,439.76,203.81500000000005,0.0,0.0,0.0,6000.0,6000.0
2025-01-19,10,01:30,01:40,639.2107167,454.17875,454.17875,185.03196670000005,0.0,0.0,0.0,6000.0,6000.0
2025-01-19,11,01:40,01:50,645.66005,495.4059333,495.4059333,150.25411669999994,0.0,0.0,0.0,6000.0,6000.0
2025-01-19,12,01:50,02:00,658.8316667,528.8266667,528.8266667,130.005,0.0,0.0,0.0,6000.0,6000.0
2025-01-19,13,02:00,02:10,664.1026667,486.7074167,486.7074167,177.39524999999998,0.0,0.0,0.0,6000.0,6000.0
2025-01-19,14,02:10,02:20,677.4254667,472.8311333,472.8311333,204.59433340000004,0.0,0.0,0.0,6000.0,6000.0
2025-01-19,15,02:20,02:30,681.605,506.0483333,506.0483333,175.5566667,0.0,0.0,0.0,6000.0,6000.0
2025-01-19,16,02:30,02:40,644.0834167,505.2827,505.2827,138.80071670000007,0.0,0.0,0.0,6000.0,6000.0
2025-01-19,17,02:40,02:50,631.6821833,502.44605,502.44605,129.2361333,0.0,0.0,0.0,6000.0,6000.0
2025-01-19,18,02:50,03:00,664.775,514.6616667,514.6616667,150.11333330000002,0.0,0.0,0.0,6000.0,6000.0
2025-01-19,19,03:00,03:10,695.7839,517.6518667,517.6518667,178.1320333,0.0,0.0,0.0,6000.0,6000.0
2025-01-19,20,03:10,03:20,693.5707667,500.3651833,500.3651833,193.20558340000002,0.0,0.0,0.0,6000.0,6000.0
2025-01-19,21,03:20,03:30,660.8933333,479.045,479.045,181.84833329999998,0.0,0.0,0.0,6000.0,6000.0
2025-01-19,22,03:30,03:40,632.5578,487.6805833,487.6805833,144.87721670000002,0.0,0.0,0.0,6000.0,6000.0
2025-01-19,23,03:40,03:50,652.2090833,535.1377167,535.1377167,117.07136659999992,0.0,0.0,0.0,6000.0,6000.0
2025-01-19,24,03:50,04:00,688.81,575.8,575.8,113.00999999999999,0.0,0.0,0.0,6000.0,6000.0
2025-01-19,25,04:00,04:10,670.3374,547.8964333,547.8964333,122.44096669999999,0.0,0.0,0.0,6000.0,6000.0
2025-01-19,26,04:10,04:20,663.4198667,514.735,514.735,148.68486669999993,0.0,0.0,0.0,6000.0,6000.0
2025-01-19,27,04:20,04:30,686.095,524.2083333,524.2083333,161.88666669999998,0.0,0.0,0.0,6000.0,6000.0
2025-01-19,28,04:30,04:40,687.2981333,563.8148667,563.8148667,123.48326659999998,0.0,0.0,0.0,6000.0,6000.0
2025-01-19,29,04:40,04:50,675.9187333,571.79945,571.79945,104.1192833,0.0,0.0,0.0,6000.0,6000.0
2025-01-19,30,04:50,05:00,676.3333333,553.6783333,553.6783333,122.65500000000009,0.0,0.0,0.0,6000.0,6000.0
2025-01-19,31,05:00,05:10,702.38875,566.90295,566.90295,135.48579999999993,0.0,0.0,0.0,6000.0,6000.0
2025-01-19,32,05:10,05:20,727.3844833333329,563.5095333333329,563.5095333333329,163.87495,0.0,0.0,0.0,6000.0,6000.0
2025-01-19,33,05:20,05:30,711.5383333,539.0433333,539.0433333,172.495,0.0,0.0,0.0,6000.0,6000.0
2025-01-19,34,05:30,05:40,656.88555,542.8813667,542.8813667,114.00418330000002,0.0,0.0,0.0,6000.0,6000.0
2025-01-19,35,05:40,05:50,733.0391000000001,557.47983333333,557.47983333333,175.55926666667006,0.0,0.0,0.0,6000.0,6000.0
2025-01-19,36,05:50,06:00,889.4,562.5783333,562.5783333,326.8216666999999,0.0,0.0,0.0,6000.0,6000.0
2025-01-19,37,06:00,06:10,901.9759333,554.8842833,554.8842833,347.09164999999996,0.0,0.0,0.0,6000.0,6000.0
2025-01-19,38,06:10,06:20,895.2402,540.4622833,540.4622833,354.7779167,0.0,0.0,0.0,6000.0,6000.0
2025-01-19,39,06:20,06:30,925.4716667,533.31,533.31,392.16166670000007,0.0,0.0,0.0,6000.0,6000.0
2025-01-19,40,06:30,06:40,916.3925333,548.3691167,548.3691167,368.0234166,0.0,0.0,0.0,6000.0,6000.0
2025-01-19,41,06:40,06:50,898.0450500329999,585.921100033,585.921100033,312.1239499999999,0.0,0.0,0.0,6000.0,6000.0
2025-01-19,42,06:50,07:00,876.44625,621.1975,621.1975,255.24874999999997,0.0,0.0,0.0,6000.0,6000.0
2025-01-19,43,07:00,07:10,829.4675666300001,620.92541667,620.92541667,208.54214996000007,0.0,0.0,0.0,6000.0,6000.0
2025-01-19,44,07:10,07:20,776.2714166999999,556.7550667,556.7550667,219.51634999999987,0.0,0.0,0.0,6000.0,6000.0
2025-01-19,45,07:20,07:30,708.8058333,460.1175,460.1175,248.6883333,0.0,0.0,0.0,6000.0,6000.0
2025-01-19,46,07:30,07:40,634.1670666,400.04751669999996,400.04751669999996,234.11954990000004,0.0,0.0,0.0,6000.0,6000.0
2025-01-19,47,07:40,07:50,756.7576833,363.6219833,363.6219833,393.13570000000004,0.0,0.0,0.0,6000.0,6000.0
2025-01-19,48,07:50,08:00,953.872083,319.87916670000004,319.87916670000004,633.9929162999999,0.0,0.0,0.0,6000.0,6000.0
2025-01-19,49,08:00,08:10,879.2702999999999,255.78180000000003,255.78180000000003,623.4884999999999,0.0,0.0,0.0,6000.0,6000.0
2025-01-19,50,08:10,08:20,786.3414003,214.62181670000007,214.62181670000007,571.7195836,0.0,0.0,0.0,6000.0,6000.0
2025-01-19,51,08:20,08:30,771.830833,185.25374999999997,185.25374999999997,586.577083,0.0,0.0,0.0,6000.0,6000.0
2025-01-19,52,08:30,08:40,681.937217,123.05580000000009,123.05580000000009,558.8814169999999,0.0,0.0,0.0,6000.0,6000.0
2025-01-19,53,08:40,08:50,599.452833,117.70326669999997,117.70326669999997,481.7495663000001,0.0,0.0,0.0,6000.0,6000.0
2025-01-19,54,08:50,09:00,579.0225,162.60375,162.60375,416.41875000000005,0.0,0.0,0.0,6000.0,6000.0
2025-01-19,55,09:00,09:10,580.4902663,147.63051669999993,147.63051669999993,432.8597496000001,0.0,0.0,0.0,6000.0,6000.0
2025-01-19,56,09:10,09:20,549.8555497000001,72.46601669999995,72.46601669999995,477.38953300000014,0.0,0.0,0.0,6000.0,6000.0
2025-01-19,57,09:20,09:30,487.9504169999999,1.3700000000000045,1.3700000000000045,486.5804169999999,0.0,0.0,0.0,6000.0,6000.0
2025-01-19,58,09:30,09:40,444.5270497,0.0,0.0,444.5270497,0.0,0.0,0.0,6000.0,6000.0
2025-01-19,59,09:40,09:50,433.9847666999999,0.0,0.0,433.9847666999999,0.0,0.0,0.0,6000.0,6000.0
2025-01-19,60,09:50,10:00,419.27125,0.0,0.0,419.27125,0.0,0.0,0.0,6000.0,6000.0
2025-01-19,61,10:00,10:10,353.9628500000001,0.0,0.0,353.9628500000001,0.0,0.0,0.0,6000.0,6000.0
2025-01-19,62,10:10,10:20,317.36358369999994,0.0,0.0,317.36358369999994,0.0,0.0,0.0,6000.0,6000.0
2025-01-19,63,10:20,10:30,313.23958300000004,0.0,0.0,313.23958300000004,0.0,0.0,0.0,6000.0,6000.0
2025-01-19,64,10:30,10:40,269.3197503,0.0,0.0,269.3197503,0.0,0.0,0.0,6000.0,6000.0
2025-01-19,65,10:40,10:50,235.36900000000003,0.0,0.0,235.36900000000003,0.0,0.0,0.0,6000.0,6000.0
2025-01-19,66,10:50,11:00,212.30250000000012,0.0,0.0,212.30250000000012,0.0,0.0,0.0,6000.0,6000.0
2025-01-19,67,11:00,11:10,154.61218370000006,0.0,0.0,154.61218370000006,0.0,0.0,0.0,6000.0,6000.0
2025-01-19,68,11:10,11:20,147.43066699999997,0.0,0.0,147.43066699999997,0.0,0.0,0.0,6000.0,6000.0
2025-01-19,69,11:20,11:30,176.96291699999995,0.0,0.0,176.96291699999995,0.0,0.0,0.0,6000.0,6000.0
2025-01-19,70,11:30,11:40,139.26893300000006,0.0,0.0,139.26893300000006,0.0,0.0,0.0,6000.0,6000.0
2025-01-19,71,11:40,11:50,96.09893299999999,0.0,0.0,96.09893299999999,0.0,0.0,0.0,6000.0,6000.0
2025-01-19,72,11:50,12:00,69.7008330000001,0.0,0.0,69.7008330000001,0.0,0.0,0.0,6000.0,6000.0
2025-01-19,73,12:00,12:10,25.271117000000004,0.0,0.0,25.271117000000004,0.0,0.0,0.0,6000.0,6000.0
2025-01-19,74,12:10,12:20,25.388599999999997,0.0,0.0,25.388599999999997,0.0,0.0,0.0,6000.0,6000.0
2025-01-19,75,12:20,12:30,68.38541700000007,0.0,0.0,68.38541700000007,0.0,0.0,0.0,6000.0,6000.0
2025-01-19,76,12:30,12:40,91.95889999999997,0.0,0.0,91.95889999999997,0.0,0.0,0.0,6000.0,6000.0
2025-01-19,77,12:40,12:50,145.22646700000007,0.0,0.0,145.22646700000007,0.0,0.0,0.0,6000.0,6000.0
2025-01-19,78,12:50,13:00,214.43624999999997,0.0,0.0,214.43624999999997,0.0,0.0,0.0,6000.0,6000.0
2025-01-19,79,13:00,13:10,227.9093163,0.0,0.0,227.9093163,0.0,0.0,0.0,6000.0,6000.0
2025-01-19,80,13:10,13:20,245.95331629999998,0.0,0.0,245.95331629999998,0.0,0.0,0.0,6000.0,6000.0
2025-01-19,81,13:20,13:30,291.51874999999995,0.0,0.0,291.51874999999995,0.0,0.0,0.0,6000.0,6000.0
2025-01-19,82,13:30,13:40,324.3357837000001,0.0,0.0,324.3357837000001,0.0,0.0,0.0,6000.0,6000.0
2025-01-19,83,13:40,13:50,337.2923169999999,0.0,0.0,337.2923169999999,0.0,0.0,0.0,6000.0,6000.0
2025-01-19,84,13:50,14:00,345.81375,0.0,0.0,345.81375,0.0,0.0,0.0,6000.0,6000.0
2025-01-19,85,14:00,14:10,370.8834667000001,0.0,0.0,370.8834667000001,0.0,0.0,0.0,6000.0,6000.0
2025-01-19,86,14:10,14:20,402.42549999999994,0.0,0.0,402.42549999999994,0.0,0.0,0.0,6000.0,6000.0
2025-01-19,87,14:20,14:30,435.299167,0.0,0.0,435.299167,0.0,0.0,0.0,6000.0,6000.0
2025-01-19,88,14:30,14:40,477.7883999999999,0.0,0.0,477.7883999999999,0.0,0.0,0.0,6000.0,6000.0
2025-01-19,89,14:40,14:50,538.5301337,0.0,0.0,538.5301337,0.0,0.0,0.0,6000.0,6000.0
2025-01-19,90,14:50,15:00,581.65875,6.49208329999999,6.49208329999999,575.1666667000001,0.0,0.0,0.0,6000.0,6000.0
2025-01-19,91,15:00,15:10,560.190033,68.29493329999991,68.29493329999991,491.89509970000006,0.0,0.0,0.0,6000.0,6000.0
2025-01-19,92,15:10,15:20,557.0784330000001,127.93239999999997,127.93239999999997,429.14603300000016,0.0,0.0,0.0,6000.0,6000.0
2025-01-19,93,15:20,15:30,611.2337500000001,182.90583329999993,182.90583329999993,428.3279167000002,0.0,0.0,0.0,6000.0,6000.0
2025-01-19,94,15:30,15:40,685.9392662999999,272.82615,272.82615,413.1131162999999,0.0,0.0,0.0,6000.0,6000.0
2025-01-19,95,15:40,15:50,750.5628663,333.0100666,333.0100666,417.5527997,0.0,0.0,0.0,6000.0,6000.0
2025-01-19,96,15:50,16:00,788.6804169999999,346.8704167,346.8704167,441.8100002999999,0.0,0.0,0.0,6000.0,6000.0
2025-01-19,97,16:00,16:10,805.59465,367.07955000000004,367.07955000000004,438.51509999999996,0.0,0.0,0.0,6000.0,6000.0
2025-01-19,98,16:10,16:20,844.1806003,421.67335,421.67335,422.5072503,0.0,0.0,0.0,6000.0,6000.0
2025-01-19,99,16:20,16:30,911.68625,487.0375,487.0375,424.64874999999995,0.0,0.0,0.0,6000.0,6000.0
2025-01-19,100,16:30,16:40,969.7201663,508.34499997,508.34499997,461.37516632999996,0.0,0.0,0.0,6000.0,6000.0
2025-01-19,101,16:40,16:50,979.9023166699999,485.64038333,485.64038333,494.26193333999987,0.0,0.0,0.0,6000.0,6000.0
2025-01-19,102,16:50,17:00,972.8091667,457.09666669999996,457.09666669999996,515.7125000000001,0.0,0.0,0.0,6000.0,6000.0
2025-01-19,103,17:00,17:10,1013.202516333,464.8307167,464.8307167,548.3717996329999,0.0,0.0,0.0,6000.0,6000.0
2025-01-19,104,17:10,17:20,1032.1796,472.0541333,472.0541333,560.1254667,0.0,0.0,0.0,6000.0,6000.0
2025-01-19,105,17:20,17:30,1037.263333,466.275,466.275,570.9883330000001,0.0,0.0,0.0,6000.0,6000.0
2025-01-19,106,17:30,17:40,1072.5637666667,464.8063833333,464.8063833333,607.7573833334001,0.0,0.0,0.0,6000.0,6000.0
2025-01-19,107,17:40,17:50,953.7088,463.7437333,463.7437333,489.9650667,0.0,0.0,0.0,6000.0,6000.0
2025-01-19,108,17:50,18:00,745.13,470.835,470.835,274.295,0.0,0.0,0.0,6000.0,6000.0
2025-01-19,109,18:00,18:10,720.4170333,496.2458833,496.2458833,224.17114999999995,0.0,0.0,0.0,6000.0,6000.0
2025-01-19,110,18:10,18:20,760.35505,489.35885,489.35885,270.9962,0.0,0.0,0.0,6000.0,6000.0
2025-01-19,111,18:20,18:30,749.335,451.9433333,451.9433333,297.39166670000003,0.0,0.0,0.0,6000.0,6000.0
2025-01-19,112,18:30,18:40,700.101400033333,439.5698167,439.5698167,260.531583333333,0.0,0.0,0.0,6000.0,6000.0
2025-01-19,113,18:40,18:50,711.2790333,450.85645,450.85645,260.42258330000004,0.0,0.0,0.0,6000.0,6000.0
2025-01-19,114,18:50,19:00,758.325,452.885,452.885,305.44000000000005,0.0,0.0,0.0,6000.0,6000.0
2025-01-19,115,19:00,19:10,725.9038667,423.35245,423.35245,302.5514167,0.0,0.0,0.0,6000.0,6000.0
2025-01-19,116,19:10,19:20,704.7665,442.8923667,442.8923667,261.8741332999999,0.0,0.0,0.0,6000.0,6000.0
2025-01-19,117,19:20,19:30,733.3266667,488.0866667,488.0866667,245.24,0.0,0.0,0.0,6000.0,6000.0
2025-01-19,118,19:30,19:40,753.2858167,456.3230167,456.3230167,296.9628000000001,0.0,0.0,0.0,6000.0,6000.0
2025-01-19,119,19:40,19:50,742.2715,442.8599667,442.8599667,299.4115333,0.0,0.0,0.0,6000.0,6000.0
2025-01-19,120,19:50,20:00,711.5416667,475.0166667,475.0166667,236.52499999999998,0.0,0.0,0.0,6000.0,6000.0
2025-01-19,121,20:00,20:10,696.4692833,480.7563,480.7563,215.71298330000002,0.0,0.0,0.0,6000.0,6000.0
2025-01-19,122,20:10,20:20,731.8172667,465.9056,465.9056,265.9116667,0.0,0.0,0.0,6000.0,6000.0
2025-01-19,123,20:20,20:30,781.21,455.8366667,455.8366667,325.3733333,0.0,0.0,0.0,6000.0,6000.0
2025-01-19,124,20:30,20:40,766.4613667,470.4037167,470.4037167,296.05764999999997,0.0,0.0,0.0,6000.0,6000.0
2025-01-19,125,20:40,20:50,724.6809333,510.70525,510.70525,213.97568330000001,0.0,0.0,0.0,6000.0,6000.0
2025-01-19,126,20:50,21:00,714.0766667,536.9866667,536.9866667,177.09000000000003,0.0,0.0,0.0,6000.0,6000.0
2025-01-19,127,21:00,21:10,754.86445,502.3889833,502.3889833,252.47546670000003,0.0,0.0,0.0,6000.0,6000.0
2025-01-19,128,21:10,21:20,755.121,473.46075,473.46075,281.66024999999996,0.0,0.0,0.0,6000.0,6000.0
2025-01-19,129,21:20,21:30,727.35,479.8566667,479.8566667,247.49333330000002,0.0,0.0,0.0,6000.0,6000.0
2025-01-19,130,21:30,21:40,756.1848667,485.7930833,485.7930833,270.39178340000007,0.0,0.0,0.0,6000.0,6000.0
2025-01-19,131,21:40,21:50,695.16055,458.6473,458.6473,236.51324999999997,0.0,0.0,0.0,6000.0,6000.0
2025-01-19,132,21:50,22:00,562.8066667,420.56,420.56,142.24666670000005,0.0,0.0,0.0,6000.0,6000.0
2025-01-19,133,22:00,22:10,542.3526833,426.2462,426.2462,116.10648329999998,0.0,0.0,0.0,6000.0,6000.0
2025-01-19,134,22:10,22:20,580.6007833,448.35355,448.35355,132.2472333,0.0,0.0,0.0,6000.0,6000.0
2025-01-19,135,22:20,22:30,600.7416667,453.0366667,453.0366667,147.70499999999998,0.0,0.0,0.0,6000.0,6000.0
2025-01-19,136,22:30,22:40,582.9563333,429.5550667,429.5550667,153.40126659999999,0.0,0.0,0.0,6000.0,6000.0
2025-01-19,137,22:40,22:50,580.7904333,401.0564333,401.0564333,179.73400000000004,0.0,0.0,0.0,6000.0,6000.0
2025-01-19,138,22:50,23:00,602.935,396.83,396.83,206.10499999999996,0.0,0.0,0.0,6000.0,6000.0
2025-01-19,139,23:00,23:10,606.3471333,427.9829333,427.9829333,178.36419999999998,0.0,0.0,0.0,6000.0,6000.0
2025-01-19,140,23:10,23:20,592.0573833,443.6883333,443.6883333,148.36904999999996,0.0,0.0,0.0,6000.0,6000.0
2025-01-19,141,23:20,23:30,570.415,425.77,425.77,144.64499999999998,0.0,0.0,0.0,6000.0,6000.0
2025-01-19,142,23:30,23:40,554.35235,417.6434833,417.6434833,136.7088667,0.0,0.0,0.0,6000.0,6000.0
2025-01-19,143,23:40,23:50,574.2431667,509.3992167,509.3992167,64.84394999999995,0.0,0.0,0.0,6000.0,6000.0
2025-01-19,144,23:50,24:00,609.115,637.3183333,609.115,0.0,0.0,0.0,0.0,6000.0,6000.0
2025-01-20,1,00:00,00:10,606.2208,636.8644667,606.2208,0.0,0.0,0.0,0.0,6000.0,6000.0
2025-01-20,2,00:10,00:20,606.2697167,596.6740667,596.6740667,9.595649999999978,0.0,0.0,0.0,6000.0,6000.0
2025-01-20,3,00:20,00:30,619.885,594.1733333,594.1733333,25.711666700000023,0.0,0.0,0.0,6000.0,6000.0
2025-01-20,4,00:30,00:40,618.2137833,620.6631,618.2137833,0.0,0.0,0.0,0.0,6000.0,6000.0
2025-01-20,5,00:40,00:50,629.0592167,630.5256,629.0592167,0.0,0.0,0.0,0.0,6000.0,6000.0
2025-01-20,6,00:50,01:00,656.5516667,622.4983333,622.4983333,34.05333340000004,0.0,0.0,0.0,6000.0,6000.0
2025-01-20,7,01:00,01:10,668.98675,633.7338833,633.7338833,35.25286670000003,0.0,0.0,0.0,6000.0,6000.0
2025-01-20,8,01:10,01:20,646.8283333,644.9927,644.9927,1.8356333000000404,0.0,0.0,0.0,6000.0,6000.0
2025-01-20,9,01:20,01:30,614.585,643.575,614.585,0.0,0.0,0.0,0.0,6000.0,6000.0
2025-01-20,10,01:30,01:40,620.72175,639.2107167,620.72175,0.0,0.0,0.0,0.0,6000.0,6000.0
2025-01-20,11,01:40,01:50,647.7761667,645.66005,645.66005,2.1161167000000205,0.0,0.0,0.0,6000.0,6000.0
2025-01-20,12,01:50,02:00,674.2816667,658.8316667,658.8316667,15.449999999999932,0.0,0.0,0.0,6000.0,6000.0
2025-01-20,13,02:00,02:10,690.5031333,664.1026667,664.1026667,26.40046659999996,0.0,0.0,0.0,6000.0,6000.0
2025-01-20,14,02:10,02:20,682.9346833,677.4254667,677.4254667,5.509216599999945,0.0,0.0,0.0,6000.0,6000.0
2025-01-20,15,02:20,02:30,659.6866667,681.605,659.6866667,0.0,0.0,0.0,0.0,6000.0,6000.0
2025-01-20,16,02:30,02:40,647.1163167,644.0834167,644.0834167,3.032899999999927,0.0,0.0,0.0,6000.0,6000.0
2025-01-20,17,02:40,02:50,652.9966,631.6821833,631.6821833,21.314416699999924,0.0,0.0,0.0,6000.0,6000.0
2025-01-20,18,02:50,03:00,662.73,664.775,662.73,0.0,0.0,0.0,0.0,6000.0,6000.0
2025-01-20,19,03:00,03:10,656.1070333,695.7839,656.1070333,0.0,0.0,0.0,0.0,6000.0,6000.0
2025-01-20,20,03:10,03:20,658.4682333,693.5707667,658.4682333,0.0,0.0,0.0,0.0,6000.0,6000.0
2025-01-20,21,03:20,03:30,663.47,660.8933333,660.8933333,2.5766667000000325,0.0,0.0,0.0,6000.0,6000.0
2025-01-20,22,03:30,03:40,642.2942833,632.5578,632.5578,9.736483299999918,0.0,0.0,0.0,6000.0,6000.0
2025-01-20,23,03:40,03:50,646.3615667,652.2090833,646.3615667,0.0,0.0,0.0,0.0,6000.0,6000.0
2025-01-20,24,03:50,04:00,681.2383333,688.81,681.2383333,0.0,0.0,0.0,0.0,6000.0,6000.0
2025-01-20,25,04:00,04:10,699.7870167,670.3374,670.3374,29.44961669999998,0.0,0.0,0.0,6000.0,6000.0
2025-01-20,26,04:10,04:20,708.74455,663.4198667,663.4198667,45.32468330000006,0.0,0.0,0.0,6000.0,6000.0
2025-01-20,27,04:20,04:30,709.3433333,686.095,686.095,23.248333300000013,0.0,0.0,0.0,6000.0,6000.0
2025-01-20,28,04:30,04:40,691.8148333,687.2981333,687.2981333,4.516700000000014,0.0,0.0,0.0,6000.0,6000.0
2025-01-20,29,04:40,04:50,680.4421333,675.9187333,675.9187333,4.523400000000038,0.0,0.0,0.0,6000.0,6000.0
2025-01-20,30,04:50,05:00,691.0516667,676.3333333,676.3333333,14.718333400000006,0.0,0.0,0.0,6000.0,6000.0
2025-01-20,31,05:00,05:10,716.6586167,702.38875,702.38875,14.26986670000008,0.0,0.0,0.0,6000.0,6000.0
2025-01-20,32,05:10,05:20,728.5850667,727.3844833333329,727.3844833333329,1.200583366667047,0.0,0.0,0.0,6000.0,6000.0
2025-01-20,33,05:20,05:30,711.3266667,711.5383333,711.3266667,0.0,0.0,0.0,0.0,6000.0,6000.0
2025-01-20,34,05:30,05:40,690.44895,656.88555,656.88555,33.5634,0.0,0.0,0.0,6000.0,6000.0
2025-01-20,35,05:40,05:50,774.0208167000001,733.0391000000001,733.0391000000001,40.98171669999999,0.0,0.0,0.0,6000.0,6000.0
2025-01-20,36,05:50,06:00,904.405,889.4,889.4,15.004999999999995,0.0,0.0,0.0,6000.0,6000.0
2025-01-20,37,06:00,06:10,909.1213333,901.9759333,901.9759333,7.145399999999995,0.0,0.0,0.0,6000.0,6000.0
2025-01-20,38,06:10,06:20,896.2356666667,895.2402,895.2402,0.9954666667000538,0.0,0.0,0.0,6000.0,6000.0
2025-01-20,39,06:20,06:30,929.7216667,925.4716667,925.4716667,4.25,0.0,0.0,0.0,6000.0,6000.0
2025-01-20,40,06:30,06:40,957.1146167,916.3925333,916.3925333,40.72208340000009,0.0,0.0,0.0,6000.0,6000.0
2025-01-20,41,06:40,06:50,934.9880667,898.0450500329999,898.0450500329999,36.94301666700005,0.0,0.0,0.0,6000.0,6000.0
2025-01-20,42,06:50,07:00,882.5633333,876.44625,876.44625,6.11708329999999,0.0,0.0,0.0,6000.0,6000.0
2025-01-20,43,07:00,07:10,867.10330003,829.4675666300001,829.4675666300001,37.635733399999936,0.0,0.0,0.0,6000.0,6000.0
2025-01-20,44,07:10,07:20,849.258,776.2714166999999,776.2714166999999,72.98658330000012,0.0,0.0,0.0,6000.0,6000.0
2025-01-20,45,07:20,07:30,773.2091667,708.8058333,708.8058333,64.40333339999995,0.0,0.0,0.0,6000.0,6000.0
2025-01-20,46,07:30,07:40,657.0688833,634.1670666,634.1670666,22.90181670000004,0.0,0.0,0.0,6000.0,6000.0
2025-01-20,47,07:40,07:50,754.3712,756.7576833,754.3712,0.0,0.0,0.0,0.0,6000.0,6000.0
2025-01-20,48,07:50,08:00,969.4966669999999,953.872083,953.872083,15.624583999999913,0.0,0.0,0.0,6000.0,6000.0
2025-01-20,49,08:00,08:10,937.8833996999999,879.2702999999999,879.2702999999999,58.61309970000002,0.0,0.0,0.0,6000.0,6000.0
2025-01-20,50,08:10,08:20,842.1126496999999,786.3414003,786.3414003,55.771249399999874,0.0,0.0,0.0,6000.0,6000.0
2025-01-20,51,08:20,08:30,809.0624999999999,771.830833,771.830833,37.2316669999999,0.0,0.0,0.0,6000.0,6000.0
2025-01-20,52,08:30,08:40,778.9018333000001,681.937217,681.937217,96.9646163000001,0.0,0.0,0.0,6000.0,6000.0
2025-01-20,53,08:40,08:50,733.1112167000001,599.452833,599.452833,133.65838370000006,0.0,0.0,0.0,6000.0,6000.0
2025-01-20,54,08:50,09:00,671.656667,579.0225,579.0225,92.63416699999993,0.0,0.0,0.0,6000.0,6000.0
2025-01-20,55,09:00,09:10,603.9166997,580.4902663,580.4902663,23.42643339999995,0.0,0.0,0.0,6000.0,6000.0
2025-01-20,56,09:10,09:20,551.9828669999999,549.8555497000001,549.8555497000001,2.127317299999845,0.0,0.0,0.0,6000.0,6000.0
2025-01-20,57,09:20,09:30,519.0925,487.9504169999999,487.9504169999999,31.14208300000007,0.0,0.0,0.0,6000.0,6000.0
2025-01-20,58,09:30,09:40,484.89898330000005,444.5270497,444.5270497,40.371933600000034,0.0,0.0,0.0,6000.0,6000.0
2025-01-20,59,09:40,09:50,424.4662837000001,433.9847666999999,424.4662837000001,0.0,0.0,0.0,0.0,6000.0,6000.0
2025-01-20,60,09:50,10:00,354.71875,419.27125,354.71875,0.0,0.0,0.0,0.0,6000.0,6000.0
2025-01-20,61,10:00,10:10,322.0331503,353.9628500000001,322.0331503,0.0,0.0,0.0,0.0,6000.0,6000.0
2025-01-20,62,10:10,10:20,318.7756670000001,317.36358369999994,317.36358369999994,1.4120833000001767,0.0,0.0,0.0,6000.0,6000.0
2025-01-20,63,10:20,10:30,306.16541700000005,313.23958300000004,306.16541700000005,0.0,0.0,0.0,0.0,6000.0,6000.0
2025-01-20,64,10:30,10:40,252.62574969999991,269.3197503,252.62574969999991,0.0,0.0,0.0,0.0,6000.0,6000.0
2025-01-20,65,10:40,10:50,220.49041699999998,235.36900000000003,220.49041699999998,0.0,0.0,0.0,0.0,6000.0,6000.0
2025-01-20,66,10:50,11:00,213.76625000000013,212.30250000000012,212.30250000000012,1.4637500000000045,0.0,0.0,0.0,6000.0,6000.0
2025-01-20,67,11:00,11:10,179.3198832999999,154.61218370000006,154.61218370000006,24.70769959999984,0.0,0.0,0.0,6000.0,6000.0
2025-01-20,68,11:10,11:20,160.7469829999999,147.43066699999997,147.43066699999997,13.316315999999915,0.0,0.0,0.0,6000.0,6000.0
2025-01-20,69,11:20,11:30,165.68708300000003,176.96291699999995,165.68708300000003,0.0,0.0,0.0,0.0,6000.0,6000.0
2025-01-20,70,11:30,11:40,145.94425000000012,139.26893300000006,139.26893300000006,6.675317000000064,0.0,0.0,0.0,6000.0,6000.0
2025-01-20,71,11:40,11:50,77.235367,96.09893299999999,77.235367,0.0,0.0,0.0,0.0,6000.0,6000.0
2025-01-20,72,11:50,12:00,12.378749999999854,69.7008330000001,12.378749999999854,0.0,0.0,0.0,0.0,6000.0,6000.0
2025-01-20,73,12:00,12:10,33.73133400000006,25.271117000000004,25.271117000000004,8.460217000000057,0.0,0.0,0.0,6000.0,6000.0
2025-01-20,74,12:10,12:20,63.122949999999946,25.388599999999997,25.388599999999997,37.73434999999995,0.0,0.0,0.0,6000.0,6000.0
2025-01-20,75,12:20,12:30,52.6433330000001,68.38541700000007,52.6433330000001,0.0,0.0,0.0,0.0,6000.0,6000.0
2025-01-20,76,12:30,12:40,33.30536600000005,91.95889999999997,33.30536600000005,0.0,0.0,0.0,0.0,6000.0,6000.0
2025-01-20,77,12:40,12:50,63.50566700000002,145.22646700000007,63.50566700000002,0.0,0.0,0.0,0.0,6000.0,6000.0
2025-01-20,78,12:50,13:00,124.77250000000004,214.43624999999997,124.77250000000004,0.0,0.0,0.0,0.0,6000.0,6000.0
2025-01-20,79,13:00,13:10,139.4731999999999,227.9093163,139.4731999999999,0.0,0.0,0.0,0.0,6000.0,6000.0
2025-01-20,80,13:10,13:20,125.32768329999988,245.95331629999998,125.32768329999988,0.0,0.0,0.0,0.0,6000.0,6000.0
2025-01-20,81,13:20,13:30,130.8883330000001,291.51874999999995,130.8883330000001,0.0,0.0,0.0,0.0,6000.0,6000.0
2025-01-20,82,13:30,13:40,189.45691629999988,324.3357837000001,189.45691629999988,0.0,0.0,0.0,0.0,6000.0,6000.0
2025-01-20,83,13:40,13:50,250.85983369999997,337.2923169999999,250.85983369999997,0.0,0.0,0.0,0.0,6000.0,6000.0
2025-01-20,84,13:50,14:00,286.26874999999995,345.81375,286.26874999999995,0.0,0.0,0.0,0.0,6000.0,6000.0
2025-01-20,85,14:00,14:10,308.97130000000004,370.8834667000001,308.97130000000004,0.0,0.0,0.0,0.0,6000.0,6000.0
2025-01-20,86,14:10,14:20,331.7612170000001,402.42549999999994,331.7612170000001,0.0,0.0,0.0,0.0,6000.0,6000.0
2025-01-20,87,14:20,14:30,370.61083300000007,435.299167,370.61083300000007,0.0,0.0,0.0,0.0,6000.0,6000.0
2025-01-20,88,14:30,14:40,430.48773370000004,477.7883999999999,430.48773370000004,0.0,0.0,0.0,0.0,6000.0,6000.0
2025-01-20,89,14:40,14:50,460.79186630000004,538.5301337,460.79186630000004,0.0,0.0,0.0,0.0,6000.0,6000.0
2025-01-20,90,14:50,15:00,477.01708299999996,581.65875,477.01708299999996,0.0,0.0,0.0,0.0,6000.0,6000.0
2025-01-20,91,15:00,15:10,541.150233,560.190033,541.150233,0.0,0.0,0.0,0.0,6000.0,6000.0
2025-01-20,92,15:10,15:20,585.4155499999999,557.0784330000001,557.0784330000001,28.337116999999807,0.0,0.0,0.0,6000.0,6000.0
2025-01-20,93,15:20,15:30,608.23125,611.2337500000001,608.23125,0.0,0.0,0.0,0.0,6000.0,6000.0
2025-01-20,94,15:30,15:40,672.2605662999999,685.9392662999999,672.2605662999999,0.0,0.0,0.0,0.0,6000.0,6000.0
2025-01-20,95,15:40,15:50,704.3929333000001,750.5628663,704.3929333000001,0.0,0.0,0.0,0.0,6000.0,6000.0
2025-01-20,96,15:50,16:00,717.0929169999999,788.6804169999999,717.0929169999999,0.0,0.0,0.0,0.0,6000.0,6000.0
2025-01-20,97,16:00,16:10,800.5731497,805.59465,800.5731497,0.0,0.0,0.0,0.0,6000.0,6000.0
2025-01-20,98,16:10,16:20,876.9392669999999,844.1806003,844.1806003,32.75866669999982,0.0,0.0,0.0,6000.0,6000.0
2025-01-20,99,16:20,16:30,901.132917,911.68625,901.132917,0.0,0.0,0.0,0.0,6000.0,6000.0
2025-01-20,100,16:30,16:40,909.8339503,969.7201663,909.8339503,0.0,0.0,0.0,0.0,6000.0,6000.0
2025-01-20,101,16:40,16:50,958.6430330000001,979.9023166699999,958.6430330000001,0.0,0.0,0.0,0.0,6000.0,6000.0
2025-01-20,102,16:50,17:00,1032.462917,972.8091667,972.8091667,59.65375030000007,0.0,0.0,0.0,6000.0,6000.0
2025-01-20,103,17:00,17:10,1058.548000333,1013.202516333,1013.202516333,45.34548399999994,0.0,0.0,0.0,6000.0,6000.0
2025-01-20,104,17:10,17:20,1032.8423,1032.1796,1032.1796,0.6627000000000862,0.0,0.0,0.0,6000.0,6000.0
2025-01-20,105,17:20,17:30,1024.42,1037.263333,1024.42,0.0,0.0,0.0,0.0,6000.0,6000.0
2025-01-20,106,17:30,17:40,1070.7109333333,1072.5637666667,1070.7109333333,0.0,0.0,0.0,0.0,6000.0,6000.0
2025-01-20,107,17:40,17:50,936.1628667,953.7088,936.1628667,0.0,0.0,0.0,0.0,6000.0,6000.0
2025-01-20,108,17:50,18:00,705.7733333,745.13,705.7733333,0.0,0.0,0.0,0.0,6000.0,6000.0
2025-01-20,109,18:00,18:10,714.50363333333,720.4170333,714.50363333333,0.0,0.0,0.0,0.0,6000.0,6000.0
2025-01-20,110,18:10,18:20,745.4868,760.35505,745.4868,0.0,0.0,0.0,0.0,6000.0,6000.0
2025-01-20,111,18:20,18:30,706.425,749.335,706.425,0.0,0.0,0.0,0.0,6000.0,6000.0
2025-01-20,112,18:30,18:40,726.7883333666671,700.101400033333,700.101400033333,26.686933333334082,0.0,0.0,0.0,6000.0,6000.0
2025-01-20,113,18:40,18:50,758.0099167,711.2790333,711.2790333,46.730883399999925,0.0,0.0,0.0,6000.0,6000.0
2025-01-20,114,18:50,19:00,764.1033333,758.325,758.325,5.778333299999986,0.0,0.0,0.0,6000.0,6000.0
2025-01-20,115,19:00,19:10,761.53945,725.9038667,725.9038667,35.63558330000001,0.0,0.0,0.0,6000.0,6000.0
2025-01-20,116,19:10,19:20,737.8617,704.7665,704.7665,33.09520000000009,0.0,0.0,0.0,6000.0,6000.0
2025-01-20,117,19:20,19:30,703.8766667,733.3266667,703.8766667,0.0,0.0,0.0,0.0,6000.0,6000.0
2025-01-20,118,19:30,19:40,695.55205,753.2858167,695.55205,0.0,0.0,0.0,0.0,6000.0,6000.0
2025-01-20,119,19:40,19:50,723.0578,742.2715,723.0578,0.0,0.0,0.0,0.0,6000.0,6000.0
2025-01-20,120,19:50,20:00,748.2633333,711.5416667,711.5416667,36.72166660000005,0.0,0.0,0.0,6000.0,6000.0
2025-01-20,121,20:00,20:10,722.8110833,696.4692833,696.4692833,26.34179999999992,0.0,0.0,0.0,6000.0,6000.0
2025-01-20,122,20:10,20:20,719.3642833,731.8172667,719.3642833,0.0,0.0,0.0,0.0,6000.0,6000.0
2025-01-20,123,20:20,20:30,747.89,781.21,747.89,0.0,0.0,0.0,0.0,6000.0,6000.0
2025-01-20,124,20:30,20:40,746.0286833,766.4613667,746.0286833,0.0,0.0,0.0,0.0,6000.0,6000.0
2025-01-20,125,20:40,20:50,734.74755,724.6809333,724.6809333,10.066616700000054,0.0,0.0,0.0,6000.0,6000.0
2025-01-20,126,20:50,21:00,734.19,714.0766667,714.0766667,20.113333300000022,0.0,0.0,0.0,6000.0,6000.0
2025-01-20,127,21:00,21:10,739.0307833,754.86445,739.0307833,0.0,0.0,0.0,0.0,6000.0,6000.0
2025-01-20,128,21:10,21:20,734.4167833,755.121,734.4167833,0.0,0.0,0.0,0.0,6000.0,6000.0
2025-01-20,129,21:20,21:30,740.19,727.35,727.35,12.840000000000032,0.0,0.0,0.0,6000.0,6000.0
2025-01-20,130,21:30,21:40,772.3453167,756.1848667,756.1848667,16.16044999999997,0.0,0.0,0.0,6000.0,6000.0
2025-01-20,131,21:40,21:50,693.95745,695.16055,693.95745,0.0,0.0,0.0,0.0,6000.0,6000.0
2025-01-20,132,21:50,22:00,551.9616667,562.8066667,551.9616667,0.0,0.0,0.0,0.0,6000.0,6000.0
2025-01-20,133,22:00,22:10,542.7839833,542.3526833,542.3526833,0.4313000000000784,0.0,0.0,0.0,6000.0,6000.0
2025-01-20,134,22:10,22:20,574.9994833,580.6007833,574.9994833,0.0,0.0,0.0,0.0,6000.0,6000.0
2025-01-20,135,22:20,22:30,577.5783333,600.7416667,577.5783333,0.0,0.0,0.0,0.0,6000.0,6000.0
2025-01-20,136,22:30,22:40,569.1000167,582.9563333,569.1000167,0.0,0.0,0.0,0.0,6000.0,6000.0
2025-01-20,137,22:40,22:50,548.6373833,580.7904333,548.6373833,0.0,0.0,0.0,0.0,6000.0,6000.0
2025-01-20,138,22:50,23:00,538.1783333,602.935,538.1783333,0.0,0.0,0.0,0.0,6000.0,6000.0
2025-01-20,139,23:00,23:10,567.4134833,606.3471333,567.4134833,0.0,0.0,0.0,0.0,6000.0,6000.0
2025-01-20,140,23:10,23:20,584.2978167,592.0573833,584.2978167,0.0,0.0,0.0,0.0,6000.0,6000.0
2025-01-20,141,23:20,23:30,579.4533333,570.415,570.415,9.03833330000009,0.0,0.0,0.0,6000.0,6000.0
2025-01-20,142,23:30,23:40,593.5180833,554.35235,554.35235,39.16573329999994,0.0,0.0,0.0,6000.0,6000.0
2025-01-20,143,23:40,23:50,613.7404333,574.2431667,574.2431667,39.49726659999999,0.0,0.0,0.0,6000.0,6000.0
2025-01-20,144,23:50,24:00,618.2516667,609.115,609.115,9.136666699999978,0.0,0.0,0.0,6000.0,6000.0
2025-01-21,1,00:00,00:10,602.3762667,606.2208,602.3762667,0.0,0.0,0.0,0.0,6000.0,6000.0
2025-01-21,2,00:10,00:20,607.7250667,606.2697167,606.2697167,1.455349999999953,0.0,0.0,0.0,6000.0,6000.0
2025-01-21,3,00:20,00:30,624.24,619.885,619.885,4.355000000000018,0.0,0.0,0.0,6000.0,6000.0
2025-01-21,4,00:30,00:40,604.1699333,618.2137833,604.1699333,0.0,0.0,0.0,0.0,6000.0,6000.0
2025-01-21,5,00:40,00:50,598.60095,629.0592167,598.60095,0.0,0.0,0.0,0.0,6000.0,6000.0
2025-01-21,6,00:50,01:00,612.6683333,656.5516667,612.6683333,0.0,0.0,0.0,0.0,6000.0,6000.0
2025-01-21,7,01:00,01:10,605.3798,668.98675,605.3798,0.0,0.0,0.0,0.0,6000.0,6000.0
2025-01-21,8,01:10,01:20,632.3933,646.8283333,632.3933,0.0,0.0,0.0,0.0,6000.0,6000.0
2025-01-21,9,01:20,01:30,677.4516667,614.585,614.585,62.866666699999996,0.0,0.0,0.0,6000.0,6000.0
2025-01-21,10,01:30,01:40,660.3152,620.72175,620.72175,39.59344999999996,0.0,0.0,0.0,6000.0,6000.0
2025-01-21,11,01:40,01:50,630.4236,647.7761667,630.4236,0.0,0.0,0.0,0.0,6000.0,6000.0
2025-01-21,12,01:50,02:00,628.8883333,674.2816667,628.8883333,0.0,0.0,0.0,0.0,6000.0,6000.0
2025-01-21,13,02:00,02:10,649.2637667,690.5031333,649.2637667,0.0,0.0,0.0,0.0,6000.0,6000.0
2025-01-21,14,02:10,02:20,663.2285667,682.9346833,663.2285667,0.0,0.0,0.0,0.0,6000.0,6000.0
2025-01-21,15,02:20,02:30,662.5366667,659.6866667,659.6866667,2.849999999999909,0.0,0.0,0.0,6000.0,6000.0
2025-01-21,16,02:30,02:40,659.74845,647.1163167,647.1163167,12.632133300000078,0.0,0.0,0.0,6000.0,6000.0
2025-01-21,17,02:40,02:50,650.8556667,652.9966,650.8556667,0.0,0.0,0.0,0.0,6000.0,6000.0
2025-01-21,18,02:50,03:00,639.8283333,662.73,639.8283333,0.0,0.0,0.0,0.0,6000.0,6000.0
2025-01-21,19,03:00,03:10,643.4924667,656.1070333,643.4924667,0.0,0.0,0.0,0.0,6000.0,6000.0
2025-01-21,20,03:10,03:20,678.1066833,658.4682333,658.4682333,19.638450000000034,0.0,0.0,0.0,6000.0,6000.0
2025-01-21,21,03:20,03:30,704.8883333,663.47,663.47,41.41833329999997,0.0,0.0,0.0,6000.0,6000.0
2025-01-21,22,03:30,03:40,670.2435,642.2942833,642.2942833,27.94921670000008,0.0,0.0,0.0,6000.0,6000.0
2025-01-21,23,03:40,03:50,674.5888,646.3615667,646.3615667,28.227233299999966,0.0,0.0,0.0,6000.0,6000.0
2025-01-21,24,03:50,04:00,725.5616667,681.2383333,681.2383333,44.323333400000024,0.0,0.0,0.0,6000.0,6000.0
2025-01-21,25,04:00,04:10,730.5302167,699.7870167,699.7870167,30.7432,0.0,0.0,0.0,6000.0,6000.0
2025-01-21,26,04:10,04:20,720.8597667,708.74455,708.74455,12.115216700000019,0.0,0.0,0.0,6000.0,6000.0
2025-01-21,27,04:20,04:30,704.41,709.3433333,704.41,0.0,0.0,0.0,0.0,6000.0,6000.0
2025-01-21,28,04:30,04:40,658.8190333,691.8148333,658.8190333,0.0,0.0,0.0,0.0,6000.0,6000.0
2025-01-21,29,04:40,04:50,660.0759333,680.4421333,660.0759333,0.0,0.0,0.0,0.0,6000.0,6000.0
2025-01-21,30,04:50,05:00,705.18,691.0516667,691.0516667,14.128333299999895,0.0,0.0,0.0,6000.0,6000.0
2025-01-21,31,05:00,05:10,716.4424167,716.6586167,716.4424167,0.0,0.0,0.0,0.0,6000.0,6000.0
2025-01-21,32,05:10,05:20,730.760633366667,728.5850667,728.5850667,2.1755666666670095,0.0,0.0,0.0,6000.0,6000.0
2025-01-21,33,05:20,05:30,736.8083333,711.3266667,711.3266667,25.481666599999926,0.0,0.0,0.0,6000.0,6000.0
2025-01-21,34,05:30,05:40,700.0888667,690.44895,690.44895,9.639916700000072,0.0,0.0,0.0,6000.0,6000.0
2025-01-21,35,05:40,05:50,792.64558333333,774.0208167000001,774.0208167000001,18.624766633329955,0.0,0.0,0.0,6000.0,6000.0
2025-01-21,36,05:50,06:00,946.075,904.405,904.405,41.67000000000007,0.0,0.0,0.0,6000.0,6000.0
2025-01-21,37,06:00,06:10,909.1154333,909.1213333,909.1154333,0.0,0.0,0.0,0.0,6000.0,6000.0
2025-01-21,38,06:10,06:20,862.7111333,896.2356666667,862.7111333,0.0,0.0,0.0,0.0,6000.0,6000.0
2025-01-21,39,06:20,06:30,903.015,929.7216667,903.015,0.0,0.0,0.0,0.0,6000.0,6000.0
2025-01-21,40,06:30,06:40,942.1395,957.1146167,942.1395,0.0,0.0,0.0,0.0,6000.0,6000.0
2025-01-21,41,06:40,06:50,947.1084999670001,934.9880667,934.9880667,12.120433267000067,0.0,0.0,0.0,6000.0,6000.0
2025-01-21,42,06:50,07:00,897.6466667,882.5633333,882.5633333,15.083333400000015,0.0,0.0,0.0,6000.0,6000.0
2025-01-21,43,07:00,07:10,807.52334997,867.10330003,807.52334997,0.0,0.0,0.0,0.0,6000.0,6000.0
2025-01-21,44,07:10,07:20,771.4886167,849.258,771.4886167,0.0,0.0,0.0,0.0,6000.0,6000.0
2025-01-21,45,07:20,07:30,761.6575,773.2091667,761.6575,0.0,0.0,0.0,0.0,6000.0,6000.0
2025-01-21,46,07:30,07:40,685.8071833,657.0688833,657.0688833,28.73829999999998,0.0,0.0,0.0,6000.0,6000.0
2025-01-21,47,07:40,07:50,751.9714337,754.3712,751.9714337,0.0,0.0,0.0,0.0,6000.0,6000.0
2025-01-21,48,07:50,08:00,903.5012499999999,969.4966669999999,903.5012499999999,0.0,0.0,0.0,0.0,6000.0,6000.0
2025-01-21,49,08:00,08:10,853.6982333000001,937.8833996999999,853.6982333000001,0.0,0.0,0.0,0.0,6000.0,6000.0
2025-01-21,50,08:10,08:20,753.6560996999999,842.1126496999999,753.6560996999999,0.0,0.0,0.0,0.0,6000.0,6000.0
2025-01-21,51,08:20,08:30,701.794167,809.0624999999999,701.794167,0.0,0.0,0.0,0.0,6000.0,6000.0
2025-01-21,52,08:30,08:40,646.4488332999999,778.9018333000001,646.4488332999999,0.0,0.0,0.0,0.0,6000.0,6000.0
2025-01-21,53,08:40,08:50,598.2746163,733.1112167000001,598.2746163,0.0,0.0,0.0,0.0,6000.0,6000.0
2025-01-21,54,08:50,09:00,566.147917,671.656667,566.147917,0.0,0.0,0.0,0.0,6000.0,6000.0
2025-01-21,55,09:00,09:10,536.4025837000002,603.9166997,536.4025837000002,0.0,0.0,0.0,0.0,6000.0,6000.0
2025-01-21,56,09:10,09:20,483.5740833,551.9828669999999,483.5740833,0.0,0.0,0.0,0.0,6000.0,6000.0
2025-01-21,57,09:20,09:30,417.0229169999999,519.0925,417.0229169999999,0.0,0.0,0.0,0.0,6000.0,6000.0
2025-01-21,58,09:30,09:40,375.8763496999999,484.89898330000005,375.8763496999999,0.0,0.0,0.0,0.0,6000.0,6000.0
2025-01-21,59,09:40,09:50,366.4575503,424.4662837000001,366.4575503,0.0,0.0,0.0,0.0,6000.0,6000.0
2025-01-21,60,09:50,10:00,349.7225000000001,354.71875,349.7225000000001,0.0,0.0,0.0,0.0,6000.0,6000.0
2025-01-21,61,10:00,10:10,277.2453670000001,322.0331503,277.2453670000001,0.0,0.0,0.0,0.0,6000.0,6000.0
2025-01-21,62,10:10,10:20,207.8267166999999,318.7756670000001,207.8267166999999,0.0,0.0,0.0,0.0,6000.0,6000.0
2025-01-21,63,10:20,10:30,176.04833299999996,306.16541700000005,176.04833299999996,0.0,0.0,0.0,0.0,6000.0,6000.0
2025-01-21,64,10:30,10:40,163.53501629999994,252.62574969999991,163.53501629999994,0.0,0.0,0.0,0.0,6000.0,6000.0
2025-01-21,65,10:40,10:50,145.86501699999985,220.49041699999998,145.86501699999985,0.0,0.0,0.0,0.0,6000.0,6000.0
2025-01-21,66,10:50,11:00,99.14708300000007,213.76625000000013,99.14708300000007,0.0,0.0,0.0,0.0,6000.0,6000.0
2025-01-21,67,11:00,11:10,17.986449999999877,179.3198832999999,17.986449999999877,0.0,0.0,0.0,0.0,6000.0,6000.0
2025-01-21,68,11:10,11:20,-37.55643299999997,160.7469829999999,0.0,0.0,37.55643299999997,0.0,0.0,6000.0,6000.0
2025-01-21,69,11:20,11:30,-50.76583299999993,165.68708300000003,0.0,0.0,50.76583299999993,0.0,0.0,6000.0,6000.0
2025-01-21,70,11:30,11:40,-60.06708300000014,145.94425000000012,0.0,0.0,60.06708300000014,0.0,0.0,6000.0,6000.0
2025-01-21,71,11:40,11:50,-84.54725000000008,77.235367,0.0,0.0,84.54725000000008,0.0,0.0,6000.0,6000.0
2025-01-21,72,11:50,12:00,-112.00541700000008,12.378749999999854,0.0,0.0,112.00541700000008,0.0,0.0,6000.0,6000.0
2025-01-21,73,12:00,12:10,-116.28268400000002,33.73133400000006,0.0,0.0,116.28268400000002,0.0,0.0,6000.0,6000.0
2025-01-21,74,12:10,12:20,-116.98196699999994,63.122949999999946,0.0,0.0,116.98196699999994,0.0,0.0,6000.0,6000.0
2025-01-21,75,12:20,12:30,-109.12458300000003,52.6433330000001,0.0,0.0,109.12458300000003,0.0,0.0,6000.0,6000.0
2025-01-21,76,12:30,12:40,-67.32529999999997,33.30536600000005,0.0,0.0,67.32529999999997,0.0,0.0,6000.0,6000.0
2025-01-21,77,12:40,12:50,-27.84333300000003,63.50566700000002,0.0,0.0,27.84333300000003,0.0,0.0,6000.0,6000.0
2025-01-21,78,12:50,13:00,1.6412499999999,124.77250000000004,1.6412499999999,0.0,0.0,0.0,0.0,6000.0,6000.0
2025-01-21,79,13:00,13:10,48.31323300000008,139.4731999999999,48.31323300000008,0.0,0.0,0.0,0.0,6000.0,6000.0
2025-01-21,80,13:10,13:20,100.43891699999995,125.32768329999988,100.43891699999995,0.0,0.0,0.0,0.0,6000.0,6000.0
2025-01-21,81,13:20,13:30,117.39250000000004,130.8883330000001,117.39250000000004,0.0,0.0,0.0,0.0,6000.0,6000.0
2025-01-21,82,13:30,13:40,76.70580030000008,189.45691629999988,76.70580030000008,0.0,0.0,0.0,0.0,6000.0,6000.0
2025-01-21,83,13:40,13:50,96.751083,250.85983369999997,96.751083,0.0,0.0,0.0,0.0,6000.0,6000.0
2025-01-21,84,13:50,14:00,183.68916699999988,286.26874999999995,183.68916699999988,0.0,0.0,0.0,0.0,6000.0,6000.0
2025-01-21,85,14:00,14:10,235.32541630000003,308.97130000000004,235.32541630000003,0.0,0.0,0.0,0.0,6000.0,6000.0
2025-01-21,86,14:10,14:20,302.2234333,331.7612170000001,302.2234333,0.0,0.0,0.0,0.0,6000.0,6000.0
2025-01-21,87,14:20,14:30,376.31166699999994,370.61083300000007,370.61083300000007,5.7008339999998725,0.0,0.0,0.0,6000.0,6000.0
2025-01-21,88,14:30,14:40,385.67901700000004,430.48773370000004,385.67901700000004,0.0,0.0,0.0,0.0,6000.0,6000.0
2025-01-21,89,14:40,14:50,394.1074003,460.79186630000004,394.1074003,0.0,0.0,0.0,0.0,6000.0,6000.0
2025-01-21,90,14:50,15:00,438.1300000000001,477.01708299999996,438.1300000000001,0.0,0.0,0.0,0.0,6000.0,6000.0
2025-01-21,91,15:00,15:10,498.56391699999995,541.150233,498.56391699999995,0.0,0.0,0.0,0.0,6000.0,6000.0
2025-01-21,92,15:10,15:20,581.0068832999999,585.4155499999999,581.0068832999999,0.0,0.0,0.0,0.0,6000.0,6000.0
2025-01-21,93,15:20,15:30,666.762083,608.23125,608.23125,58.530832999999916,0.0,0.0,0.0,6000.0,6000.0
2025-01-21,94,15:30,15:40,716.1603163,672.2605662999999,672.2605662999999,43.89975000000004,0.0,0.0,0.0,6000.0,6000.0
2025-01-21,95,15:40,15:50,731.115767,704.3929333000001,704.3929333000001,26.72283369999991,0.0,0.0,0.0,6000.0,6000.0
2025-01-21,96,15:50,16:00,741.9775000000001,717.0929169999999,717.0929169999999,24.884583000000134,0.0,0.0,0.0,6000.0,6000.0
2025-01-21,97,16:00,16:10,785.6890667,800.5731497,785.6890667,0.0,0.0,0.0,0.0,6000.0,6000.0
2025-01-21,98,16:10,16:20,854.2386167000001,876.9392669999999,854.2386167000001,0.0,0.0,0.0,0.0,6000.0,6000.0
2025-01-21,99,16:20,16:30,915.715417,901.132917,901.132917,14.582499999999982,0.0,0.0,0.0,6000.0,6000.0
2025-01-21,100,16:30,16:40,941.698833,909.8339503,909.8339503,31.864882700000067,0.0,0.0,0.0,6000.0,6000.0
2025-01-21,101,16:40,16:50,965.93036633,958.6430330000001,958.6430330000001,7.28733332999991,0.0,0.0,0.0,6000.0,6000.0
2025-01-21,102,16:50,17:00,1000.048333,1032.462917,1000.048333,0.0,0.0,0.0,0.0,6000.0,6000.0
2025-01-21,103,17:00,17:10,1022.1089170000001,1058.548000333,1022.1089170000001,0.0,0.0,0.0,0.0,6000.0,6000.0
2025-01-21,104,17:10,17:20,1026.239083,1032.8423,1026.239083,0.0,0.0,0.0,0.0,6000.0,6000.0
2025-01-21,105,17:20,17:30,1036.668333,1024.42,1024.42,12.248333000000002,0.0,0.0,0.0,6000.0,6000.0
2025-01-21,106,17:30,17:40,1051.4187496667,1070.7109333333,1051.4187496667,0.0,0.0,0.0,0.0,6000.0,6000.0
2025-01-21,107,17:40,17:50,940.8711833,936.1628667,936.1628667,4.708316599999989,0.0,0.0,0.0,6000.0,6000.0
2025-01-21,108,17:50,18:00,763.0633333,705.7733333,705.7733333,57.289999999999964,0.0,0.0,0.0,6000.0,6000.0
2025-01-21,109,18:00,18:10,720.1031666333299,714.50363333333,714.50363333333,5.599533299999962,0.0,0.0,0.0,6000.0,6000.0
2025-01-21,110,18:10,18:20,709.9260333,745.4868,709.9260333,0.0,0.0,0.0,0.0,6000.0,6000.0
2025-01-21,111,18:20,18:30,690.565,706.425,690.565,0.0,0.0,0.0,0.0,6000.0,6000.0
2025-01-21,112,18:30,18:40,722.3151833333329,726.7883333666671,722.3151833333329,0.0,0.0,0.0,0.0,6000.0,6000.0
2025-01-21,113,18:40,18:50,724.61985,758.0099167,724.61985,0.0,0.0,0.0,0.0,6000.0,6000.0
2025-01-21,114,18:50,19:00,693.3533333,764.1033333,693.3533333,0.0,0.0,0.0,0.0,6000.0,6000.0
2025-01-21,115,19:00,19:10,707.1670833,761.53945,707.1670833,0.0,0.0,0.0,0.0,6000.0,6000.0
2025-01-21,116,19:10,19:20,725.1707167,737.8617,725.1707167,0.0,0.0,0.0,0.0,6000.0,6000.0
2025-01-21,117,19:20,19:30,722.3216667,703.8766667,703.8766667,18.44500000000005,0.0,0.0,0.0,6000.0,6000.0
2025-01-21,118,19:30,19:40,718.58045,695.55205,695.55205,23.028400000000033,0.0,0.0,0.0,6000.0,6000.0
2025-01-21,119,19:40,19:50,724.9895667,723.0578,723.0578,1.931766699999912,0.0,0.0,0.0,6000.0,6000.0
2025-01-21,120,19:50,20:00,726.55,748.2633333,726.55,0.0,0.0,0.0,0.0,6000.0,6000.0
2025-01-21,121,20:00,20:10,702.7431667,722.8110833,702.7431667,0.0,0.0,0.0,0.0,6000.0,6000.0
2025-01-21,122,20:10,20:20,701.4849167,719.3642833,701.4849167,0.0,0.0,0.0,0.0,6000.0,6000.0
2025-01-21,123,20:20,20:30,727.295,747.89,727.295,0.0,0.0,0.0,0.0,6000.0,6000.0
2025-01-21,124,20:30,20:40,736.7568667,746.0286833,736.7568667,0.0,0.0,0.0,0.0,6000.0,6000.0
2025-01-21,125,20:40,20:50,737.5447167,734.74755,734.74755,2.7971666999999343,0.0,0.0,0.0,6000.0,6000.0
2025-01-21,126,20:50,21:00,746.0766667,734.19,734.19,11.886666699999978,0.0,0.0,0.0,6000.0,6000.0
2025-01-21,127,21:00,21:10,762.9402667,739.0307833,739.0307833,23.9094834,0.0,0.0,0.0,6000.0,6000.0
2025-01-21,128,21:10,21:20,747.7406,734.4167833,734.4167833,13.323816699999952,0.0,0.0,0.0,6000.0,6000.0
2025-01-21,129,21:20,21:30,730.7466667,740.19,730.7466667,0.0,0.0,0.0,0.0,6000.0,6000.0
2025-01-21,130,21:30,21:40,766.1499167,772.3453167,766.1499167,0.0,0.0,0.0,0.0,6000.0,6000.0
2025-01-21,131,21:40,21:50,691.4811833,693.95745,691.4811833,0.0,0.0,0.0,0.0,6000.0,6000.0
2025-01-21,132,21:50,22:00,541.315,551.9616667,541.315,0.0,0.0,0.0,0.0,6000.0,6000.0
2025-01-21,133,22:00,22:10,525.76545,542.7839833,525.76545,0.0,0.0,0.0,0.0,6000.0,6000.0
2025-01-21,134,22:10,22:20,553.44885,574.9994833,553.44885,0.0,0.0,0.0,0.0,6000.0,6000.0
2025-01-21,135,22:20,22:30,562.5216667,577.5783333,562.5216667,0.0,0.0,0.0,0.0,6000.0,6000.0
2025-01-21,136,22:30,22:40,579.8782167,569.1000167,569.1000167,10.778200000000083,0.0,0.0,0.0,6000.0,6000.0
2025-01-21,137,22:40,22:50,560.8851833,548.6373833,548.6373833,12.247799999999984,0.0,0.0,0.0,6000.0,6000.0
2025-01-21,138,22:50,23:00,538.775,538.1783333,538.1783333,0.5966667000000143,0.0,0.0,0.0,6000.0,6000.0
2025-01-21,139,23:00,23:10,591.6654333,567.4134833,567.4134833,24.251949999999965,0.0,0.0,0.0,6000.0,6000.0
2025-01-21,140,23:10,23:20,597.3510333,584.2978167,584.2978167,13.053216600000042,0.0,0.0,0.0,6000.0,6000.0
2025-01-21,141,23:20,23:30,561.285,579.4533333,561.285,0.0,0.0,0.0,0.0,6000.0,6000.0
2025-01-21,142,23:30,23:40,607.7586833,593.5180833,593.5180833,14.240600000000086,0.0,0.0,0.0,6000.0,6000.0
2025-01-21,143,23:40,23:50,627.2609167,613.7404333,613.7404333,13.520483400000103,0.0,0.0,0.0,6000.0,6000.0
2025-01-21,144,23:50,24:00,587.8,618.2516667,587.8,0.0,0.0,0.0,0.0,6000.0,6000.0
2025-01-22,1,00:00,00:10,574.18485,602.3762667,574.18485,0.0,0.0,0.0,0.0,6000.0,6000.0
2025-01-22,2,00:10,00:20,586.2798333,607.7250667,586.2798333,0.0,0.0,0.0,0.0,6000.0,6000.0
2025-01-22,3,00:20,00:30,591.9283333,624.24,591.9283333,0.0,0.0,0.0,0.0,6000.0,6000.0
2025-01-22,4,00:30,00:40,573.0724167,604.1699333,573.0724167,0.0,0.0,0.0,0.0,6000.0,6000.0
2025-01-22,5,00:40,00:50,600.2665667,598.60095,598.60095,1.6656166999999868,0.0,0.0,0.0,6000.0,6000.0
2025-01-22,6,00:50,01:00,655.79,612.6683333,612.6683333,43.12166669999999,0.0,0.0,0.0,6000.0,6000.0
2025-01-22,7,01:00,01:10,649.0018333,605.3798,605.3798,43.6220333,0.0,0.0,0.0,6000.0,6000.0
2025-01-22,8,01:10,01:20,636.5256833,632.3933,632.3933,4.132383300000015,0.0,0.0,0.0,6000.0,6000.0
2025-01-22,9,01:20,01:30,640.7666667,677.4516667,640.7666667,0.0,0.0,0.0,0.0,6000.0,6000.0
2025-01-22,10,01:30,01:40,628.515,660.3152,628.515,0.0,0.0,0.0,0.0,6000.0,6000.0
2025-01-22,11,01:40,01:50,630.77035,630.4236,630.4236,0.34675000000004275,0.0,0.0,0.0,6000.0,6000.0
2025-01-22,12,01:50,02:00,642.42,628.8883333,628.8883333,13.53166669999996,0.0,0.0,0.0,6000.0,6000.0
2025-01-22,13,02:00,02:10,627.6588167,649.2637667,627.6588167,0.0,0.0,0.0,0.0,6000.0,6000.0
2025-01-22,14,02:10,02:20,636.3426333,663.2285667,636.3426333,0.0,0.0,0.0,0.0,6000.0,6000.0
2025-01-22,15,02:20,02:30,662.8716667,662.5366667,662.5366667,0.3350000000000364,0.0,0.0,0.0,6000.0,6000.0
2025-01-22,16,02:30,02:40,650.8473167,659.74845,650.8473167,0.0,0.0,0.0,0.0,6000.0,6000.0
2025-01-22,17,02:40,02:50,647.6905667,650.8556667,647.6905667,0.0,0.0,0.0,0.0,6000.0,6000.0
2025-01-22,18,02:50,03:00,663.9966667,639.8283333,639.8283333,24.168333399999938,0.0,0.0,0.0,6000.0,6000.0
2025-01-22,19,03:00,03:10,664.113,643.4924667,643.4924667,20.620533300000034,0.0,0.0,0.0,6000.0,6000.0
2025-01-22,20,03:10,03:20,679.3531167,678.1066833,678.1066833,1.2464334000000008,0.0,0.0,0.0,6000.0,6000.0
2025-01-22,21,03:20,03:30,700.01,704.8883333,700.01,0.0,0.0,0.0,0.0,6000.0,6000.0
2025-01-22,22,03:30,03:40,682.9182833,670.2435,670.2435,12.674783299999945,0.0,0.0,0.0,6000.0,6000.0
2025-01-22,23,03:40,03:50,681.7737167,674.5888,674.5888,7.184916700000031,0.0,0.0,0.0,6000.0,6000.0
2025-01-22,24,03:50,04:00,703.455,725.5616667,703.455,0.0,0.0,0.0,0.0,6000.0,6000.0
2025-01-22,25,04:00,04:10,702.4732667,730.5302167,702.4732667,0.0,0.0,0.0,0.0,6000.0,6000.0
2025-01-22,26,04:10,04:20,708.5874,720.8597667,708.5874,0.0,0.0,0.0,0.0,6000.0,6000.0
2025-01-22,27,04:20,04:30,726.08,704.41,704.41,21.670000000000073,0.0,0.0,0.0,6000.0,6000.0
2025-01-22,28,04:30,04:40,720.17,658.8190333,658.8190333,61.35096669999996,0.0,0.0,0.0,6000.0,6000.0
2025-01-22,29,04:40,04:50,682.4008167,660.0759333,660.0759333,22.324883399999976,0.0,0.0,0.0,6000.0,6000.0
2025-01-22,30,04:50,05:00,663.175,705.18,663.175,0.0,0.0,0.0,0.0,6000.0,6000.0
2025-01-22,31,05:00,05:10,724.4543167,716.4424167,716.4424167,8.011900000000082,0.0,0.0,0.0,6000.0,6000.0
2025-01-22,32,05:10,05:20,770.842983366667,730.760633366667,730.760633366667,40.08235000000002,0.0,0.0,0.0,6000.0,6000.0
2025-01-22,33,05:20,05:30,747.53,736.8083333,736.8083333,10.721666700000014,0.0,0.0,0.0,6000.0,6000.0
2025-01-22,34,05:30,05:40,701.5329667,700.0888667,700.0888667,1.4440999999999349,0.0,0.0,0.0,6000.0,6000.0
2025-01-22,35,05:40,05:50,757.61608333333,792.64558333333,757.61608333333,0.0,0.0,0.0,0.0,6000.0,6000.0
2025-01-22,36,05:50,06:00,885.2833333,946.075,885.2833333,0.0,0.0,0.0,0.0,6000.0,6000.0
2025-01-22,37,06:00,06:10,925.7947167,909.1154333,909.1154333,16.67928340000003,0.0,0.0,0.0,6000.0,6000.0
2025-01-22,38,06:10,06:20,903.1746166667001,862.7111333,862.7111333,40.463483366700075,0.0,0.0,0.0,6000.0,6000.0
2025-01-22,39,06:20,06:30,886.1233333,903.015,886.1233333,0.0,0.0,0.0,0.0,6000.0,6000.0
2025-01-22,40,06:30,06:40,911.3681667,942.1395,911.3681667,0.0,0.0,0.0,0.0,6000.0,6000.0
2025-01-22,41,06:40,06:50,910.967283367,947.1084999670001,910.967283367,0.0,0.0,0.0,0.0,6000.0,6000.0
2025-01-22,42,06:50,07:00,856.8299999999999,897.6466667,856.8299999999999,0.0,0.0,0.0,0.0,6000.0,6000.0
2025-01-22,43,07:00,07:10,805.33233333,807.52334997,805.33233333,0.0,0.0,0.0,0.0,6000.0,6000.0
2025-01-22,44,07:10,07:20,805.4529667,771.4886167,771.4886167,33.96435000000008,0.0,0.0,0.0,6000.0,6000.0
2025-01-22,45,07:20,07:30,789.52125,761.6575,761.6575,27.863749999999982,0.0,0.0,0.0,6000.0,6000.0
2025-01-22,46,07:30,07:40,667.0183667,685.8071833,667.0183667,0.0,0.0,0.0,0.0,6000.0,6000.0
2025-01-22,47,07:40,07:50,697.1144166,751.9714337,697.1144166,0.0,0.0,0.0,0.0,6000.0,6000.0
2025-01-22,48,07:50,08:00,854.6949999999999,903.5012499999999,854.6949999999999,0.0,0.0,0.0,0.0,6000.0,6000.0
2025-01-22,49,08:00,08:10,846.7546832999999,853.6982333000001,846.7546832999999,0.0,0.0,0.0,0.0,6000.0,6000.0
2025-01-22,50,08:10,08:20,794.2122163000001,753.6560996999999,753.6560996999999,40.55611660000022,0.0,0.0,0.0,6000.0,6000.0
2025-01-22,51,08:20,08:30,780.7383329999999,701.794167,701.794167,78.94416599999988,0.0,0.0,0.0,6000.0,6000.0
2025-01-22,52,08:30,08:40,753.9431167,646.4488332999999,646.4488332999999,107.49428340000009,0.0,0.0,0.0,6000.0,6000.0
2025-01-22,53,08:40,08:50,697.5548663000001,598.2746163,598.2746163,99.28025000000002,0.0,0.0,0.0,6000.0,6000.0
2025-01-22,54,08:50,09:00,629.8416669999999,566.147917,566.147917,63.69374999999991,0.0,0.0,0.0,6000.0,6000.0
2025-01-22,55,09:00,09:10,579.4281169999999,536.4025837000002,536.4025837000002,43.02553329999978,0.0,0.0,0.0,6000.0,6000.0
2025-01-22,56,09:10,09:20,522.6131667000001,483.5740833,483.5740833,39.039083400000095,0.0,0.0,0.0,6000.0,6000.0
2025-01-22,57,09:20,09:30,466.11916699999995,417.0229169999999,417.0229169999999,49.096250000000055,0.0,0.0,0.0,6000.0,6000.0
2025-01-22,58,09:30,09:40,446.570433,375.8763496999999,375.8763496999999,70.6940833000001,0.0,0.0,0.0,6000.0,6000.0
2025-01-22,59,09:40,09:50,445.19899999999996,366.4575503,366.4575503,78.74144969999998,0.0,0.0,0.0,6000.0,6000.0
2025-01-22,60,09:50,10:00,430.49458300000003,349.7225000000001,349.7225000000001,80.77208299999995,0.0,0.0,0.0,6000.0,6000.0
2025-01-22,61,10:00,10:10,380.42914999999994,277.2453670000001,277.2453670000001,103.18378299999983,0.0,0.0,0.0,6000.0,6000.0
2025-01-22,62,10:10,10:20,305.41263370000013,207.8267166999999,207.8267166999999,97.58591700000022,0.0,0.0,0.0,6000.0,6000.0
2025-01-22,63,10:20,10:30,243.4291669999999,176.04833299999996,176.04833299999996,67.38083399999994,0.0,0.0,0.0,6000.0,6000.0
2025-01-22,64,10:30,10:40,231.99935030000006,163.53501629999994,163.53501629999994,68.46433400000012,0.0,0.0,0.0,6000.0,6000.0
2025-01-22,65,10:40,10:50,230.60883369999988,145.86501699999985,145.86501699999985,84.74381670000002,0.0,0.0,0.0,6000.0,6000.0
2025-01-22,66,10:50,11:00,218.79166700000007,99.14708300000007,99.14708300000007,119.64458400000001,0.0,0.0,0.0,6000.0,6000.0
2025-01-22,67,11:00,11:10,210.1264829999999,17.986449999999877,17.986449999999877,192.14003300000002,0.0,0.0,0.0,6000.0,6000.0
2025-01-22,68,11:10,11:20,196.40078329999994,0.0,0.0,196.40078329999994,0.0,0.0,0.0,6000.0,6000.0
2025-01-22,69,11:20,11:30,188.88416700000005,0.0,0.0,188.88416700000005,0.0,0.0,0.0,6000.0,6000.0
2025-01-22,70,11:30,11:40,200.51773329999992,0.0,0.0,200.51773329999992,0.0,0.0,0.0,6000.0,6000.0
2025-01-22,71,11:40,11:50,155.1038003,0.0,0.0,155.1038003,0.0,0.0,0.0,6000.0,6000.0
2025-01-22,72,11:50,12:00,82.24708299999998,0.0,0.0,82.24708299999998,0.0,0.0,0.0,6000.0,6000.0
2025-01-22,73,12:00,12:10,89.98988300000008,0.0,0.0,89.98988300000008,0.0,0.0,0.0,6000.0,6000.0
2025-01-22,74,12:10,12:20,91.74421670000004,0.0,0.0,91.74421670000004,0.0,0.0,0.0,6000.0,6000.0
2025-01-22,75,12:20,12:30,66.49958300000003,0.0,0.0,66.49958300000003,0.0,0.0,0.0,6000.0,6000.0
2025-01-22,76,12:30,12:40,86.47164999999995,0.0,0.0,86.47164999999995,0.0,0.0,0.0,6000.0,6000.0
2025-01-22,77,12:40,12:50,134.59569969999984,0.0,0.0,134.59569969999984,0.0,0.0,0.0,6000.0,6000.0
2025-01-22,78,12:50,13:00,179.27083300000004,1.6412499999999,1.6412499999999,177.62958300000014,0.0,0.0,0.0,6000.0,6000.0
2025-01-22,79,13:00,13:10,201.86938370000007,48.31323300000008,48.31323300000008,153.5561507,0.0,0.0,0.0,6000.0,6000.0
2025-01-22,80,13:10,13:20,200.96546699999988,100.43891699999995,100.43891699999995,100.52654999999993,0.0,0.0,0.0,6000.0,6000.0
2025-01-22,81,13:20,13:30,214.08333300000004,117.39250000000004,117.39250000000004,96.690833,0.0,0.0,0.0,6000.0,6000.0
2025-01-22,82,13:30,13:40,286.9878837,76.70580030000008,76.70580030000008,210.28208339999992,0.0,0.0,0.0,6000.0,6000.0
2025-01-22,83,13:40,13:50,361.5064829999999,96.751083,96.751083,264.7553999999999,0.0,0.0,0.0,6000.0,6000.0
2025-01-22,84,13:50,14:00,400.7991669999999,183.68916699999988,183.68916699999988,217.11,0.0,0.0,0.0,6000.0,6000.0
2025-01-22,85,14:00,14:10,415.3470833,235.32541630000003,235.32541630000003,180.02166699999998,0.0,0.0,0.0,6000.0,6000.0
2025-01-22,86,14:10,14:20,414.24835029999997,302.2234333,302.2234333,112.02491699999996,0.0,0.0,0.0,6000.0,6000.0
2025-01-22,87,14:20,14:30,408.646667,376.31166699999994,376.31166699999994,32.335000000000036,0.0,0.0,0.0,6000.0,6000.0
2025-01-22,88,14:30,14:40,412.407283,385.67901700000004,385.67901700000004,26.728265999999962,0.0,0.0,0.0,6000.0,6000.0
2025-01-22,89,14:40,14:50,437.8188497000001,394.1074003,394.1074003,43.711449400000106,0.0,0.0,0.0,6000.0,6000.0
2025-01-22,90,14:50,15:00,478.53374999999994,438.1300000000001,438.1300000000001,40.40374999999983,0.0,0.0,0.0,6000.0,6000.0
2025-01-22,91,15:00,15:10,518.3076002999999,498.56391699999995,498.56391699999995,19.74368329999993,0.0,0.0,0.0,6000.0,6000.0
2025-01-22,92,15:10,15:20,572.8291669999999,581.0068832999999,572.8291669999999,0.0,0.0,0.0,0.0,6000.0,6000.0
2025-01-22,93,15:20,15:30,635.924583,666.762083,635.924583,0.0,0.0,0.0,0.0,6000.0,6000.0
2025-01-22,94,15:30,15:40,677.5806,716.1603163,677.5806,0.0,0.0,0.0,0.0,6000.0,6000.0
2025-01-22,95,15:40,15:50,693.6763833,731.115767,693.6763833,0.0,0.0,0.0,0.0,6000.0,6000.0
2025-01-22,96,15:50,16:00,711.132083,741.9775000000001,711.132083,0.0,0.0,0.0,0.0,6000.0,6000.0
2025-01-22,97,16:00,16:10,765.18235,785.6890667,765.18235,0.0,0.0,0.0,0.0,6000.0,6000.0
2025-01-22,98,16:10,16:20,828.4558830000001,854.2386167000001,828.4558830000001,0.0,0.0,0.0,0.0,6000.0,6000.0
2025-01-22,99,16:20,16:30,882.3866670000001,915.715417,882.3866670000001,0.0,0.0,0.0,0.0,6000.0,6000.0
2025-01-22,100,16:30,16:40,932.2814666999999,941.698833,932.2814666999999,0.0,0.0,0.0,0.0,6000.0,6000.0
2025-01-22,101,16:40,16:50,979.9313996700001,965.93036633,965.93036633,14.001033340000163,0.0,0.0,0.0,6000.0,6000.0
2025-01-22,102,16:50,17:00,1023.385,1000.048333,1000.048333,23.336667000000034,0.0,0.0,0.0,6000.0,6000.0
2025-01-22,103,17:00,17:10,1054.302266333,1022.1089170000001,1022.1089170000001,32.1933493329999,0.0,0.0,0.0,6000.0,6000.0
2025-01-22,104,17:10,17:20,1049.665883,1026.239083,1026.239083,23.426799999999957,0.0,0.0,0.0,6000.0,6000.0
2025-01-22,105,17:20,17:30,1043.528333,1036.668333,1036.668333,6.8599999999999,0.0,0.0,0.0,6000.0,6000.0
2025-01-22,106,17:30,17:40,1059.8909503333,1051.4187496667,1051.4187496667,8.472200666599974,0.0,0.0,0.0,6000.0,6000.0
2025-01-22,107,17:40,17:50,933.7647167,940.8711833,933.7647167,0.0,0.0,0.0,0.0,6000.0,6000.0
2025-01-22,108,17:50,18:00,729.0566667,763.0633333,729.0566667,0.0,0.0,0.0,0.0,6000.0,6000.0
2025-01-22,109,18:00,18:10,694.7838667000001,720.1031666333299,694.7838667000001,0.0,0.0,0.0,0.0,6000.0,6000.0
2025-01-22,110,18:10,18:20,711.45645,709.9260333,709.9260333,1.5304167000000461,0.0,0.0,0.0,6000.0,6000.0
2025-01-22,111,18:20,18:30,715.3283333,690.565,690.565,24.7633333,0.0,0.0,0.0,6000.0,6000.0
2025-01-22,112,18:30,18:40,758.70985,722.3151833333329,722.3151833333329,36.394666666667035,0.0,0.0,0.0,6000.0,6000.0
2025-01-22,113,18:40,18:50,759.0705167,724.61985,724.61985,34.45066669999994,0.0,0.0,0.0,6000.0,6000.0
2025-01-22,114,18:50,19:00,719.93,693.3533333,693.3533333,26.57666669999992,0.0,0.0,0.0,6000.0,6000.0
2025-01-22,115,19:00,19:10,729.96585,707.1670833,707.1670833,22.7987667000001,0.0,0.0,0.0,6000.0,6000.0
2025-01-22,116,19:10,19:20,736.064,725.1707167,725.1707167,10.893283300000007,0.0,0.0,0.0,6000.0,6000.0
2025-01-22,117,19:20,19:30,723.6033333,722.3216667,722.3216667,1.281666599999994,0.0,0.0,0.0,6000.0,6000.0
2025-01-22,118,19:30,19:40,734.9625833,718.58045,718.58045,16.382133299999964,0.0,0.0,0.0,6000.0,6000.0
2025-01-22,119,19:40,19:50,741.5478833,724.9895667,724.9895667,16.558316600000012,0.0,0.0,0.0,6000.0,6000.0
2025-01-22,120,19:50,20:00,744.58,726.55,726.55,18.030000000000086,0.0,0.0,0.0,6000.0,6000.0
2025-01-22,121,20:00,20:10,772.7663833,702.7431667,702.7431667,70.02321660000007,0.0,0.0,0.0,6000.0,6000.0
2025-01-22,122,20:10,20:20,774.0756333,701.4849167,701.4849167,72.59071660000006,0.0,0.0,0.0,6000.0,6000.0
2025-01-22,123,20:20,20:30,740.6966667,727.295,727.295,13.401666700000078,0.0,0.0,0.0,6000.0,6000.0
2025-01-22,124,20:30,20:40,721.092,736.7568667,721.092,0.0,0.0,0.0,0.0,6000.0,6000.0
2025-01-22,125,20:40,20:50,728.3908833,737.5447167,728.3908833,0.0,0.0,0.0,0.0,6000.0,6000.0
2025-01-22,126,20:50,21:00,750.6916667,746.0766667,746.0766667,4.615000000000009,0.0,0.0,0.0,6000.0,6000.0
2025-01-22,127,21:00,21:10,764.7712833,762.9402667,762.9402667,1.831016599999998,0.0,0.0,0.0,6000.0,6000.0
2025-01-22,128,21:10,21:20,765.1856667,747.7406,747.7406,17.445066699999984,0.0,0.0,0.0,6000.0,6000.0
2025-01-22,129,21:20,21:30,776.7866667,730.7466667,730.7466667,46.039999999999964,0.0,0.0,0.0,6000.0,6000.0
2025-01-22,130,21:30,21:40,810.8727333,766.1499167,766.1499167,44.7228166000001,0.0,0.0,0.0,6000.0,6000.0
2025-01-22,131,21:40,21:50,731.2814167,691.4811833,691.4811833,39.800233400000025,0.0,0.0,0.0,6000.0,6000.0
2025-01-22,132,21:50,22:00,580.315,541.315,541.315,39.0,0.0,0.0,0.0,6000.0,6000.0
2025-01-22,133,22:00,22:10,552.19075,525.76545,525.76545,26.425299999999993,0.0,0.0,0.0,6000.0,6000.0
2025-01-22,134,22:10,22:20,588.02055,553.44885,553.44885,34.571699999999964,0.0,0.0,0.0,6000.0,6000.0
2025-01-22,135,22:20,22:30,601.5683333,562.5216667,562.5216667,39.04666659999998,0.0,0.0,0.0,6000.0,6000.0
2025-01-22,136,22:30,22:40,570.3148,579.8782167,570.3148,0.0,0.0,0.0,0.0,6000.0,6000.0
2025-01-22,137,22:40,22:50,569.3074667,560.8851833,560.8851833,8.42228339999997,0.0,0.0,0.0,6000.0,6000.0
2025-01-22,138,22:50,23:00,604.0783333,538.775,538.775,65.30333330000008,0.0,0.0,0.0,6000.0,6000.0
2025-01-22,139,23:00,23:10,606.8031,591.6654333,591.6654333,15.137666699999954,0.0,0.0,0.0,6000.0,6000.0
2025-01-22,140,23:10,23:20,589.59335,597.3510333,589.59335,0.0,0.0,0.0,0.0,6000.0,6000.0
2025-01-22,141,23:20,23:30,572.2783333,561.285,561.285,10.993333300000018,0.0,0.0,0.0,6000.0,6000.0
2025-01-22,142,23:30,23:40,563.0161,607.7586833,563.0161,0.0,0.0,0.0,0.0,6000.0,6000.0
2025-01-22,143,23:40,23:50,575.1908833,627.2609167,575.1908833,0.0,0.0,0.0,0.0,6000.0,6000.0
2025-01-22,144,23:50,24:00,594.895,587.8,587.8,7.095000000000027,0.0,0.0,0.0,6000.0,6000.0
2025-01-23,1,00:00,00:10,593.6854833,574.18485,574.18485,19.500633300000004,0.0,0.0,0.0,6000.0,6000.0
2025-01-23,2,00:10,00:20,598.4678667,586.2798333,586.2798333,12.188033399999995,0.0,0.0,0.0,6000.0,6000.0
2025-01-23,3,00:20,00:30,616.445,591.9283333,591.9283333,24.516666700000087,0.0,0.0,0.0,6000.0,6000.0
2025-01-23,4,00:30,00:40,627.1227167,573.0724167,573.0724167,54.05029999999999,0.0,0.0,0.0,6000.0,6000.0
2025-01-23,5,00:40,00:50,634.0951,600.2665667,600.2665667,33.828533300000004,0.0,0.0,0.0,6000.0,6000.0
2025-01-23,6,00:50,01:00,634.9216667,655.79,634.9216667,0.0,0.0,0.0,0.0,6000.0,6000.0
2025-01-23,7,01:00,01:10,624.7802167,649.0018333,624.7802167,0.0,0.0,0.0,0.0,6000.0,6000.0
2025-01-23,8,01:10,01:20,636.64795,636.5256833,636.5256833,0.12226670000006834,0.0,0.0,0.0,6000.0,6000.0
2025-01-23,9,01:20,01:30,658.76,640.7666667,640.7666667,17.993333300000018,0.0,0.0,0.0,6000.0,6000.0
2025-01-23,10,01:30,01:40,648.77325,628.515,628.515,20.258249999999975,0.0,0.0,0.0,6000.0,6000.0
2025-01-23,11,01:40,01:50,655.75145,630.77035,630.77035,24.98109999999997,0.0,0.0,0.0,6000.0,6000.0
2025-01-23,12,01:50,02:00,670.4433333,642.42,642.42,28.02333329999999,0.0,0.0,0.0,6000.0,6000.0
2025-01-23,13,02:00,02:10,632.6434333,627.6588167,627.6588167,4.984616599999981,0.0,0.0,0.0,6000.0,6000.0
2025-01-23,14,02:10,02:20,602.6531333,636.3426333,602.6531333,0.0,0.0,0.0,0.0,6000.0,6000.0
2025-01-23,15,02:20,02:30,609.6633333,662.8716667,609.6633333,0.0,0.0,0.0,0.0,6000.0,6000.0
2025-01-23,16,02:30,02:40,629.5726333,650.8473167,629.5726333,0.0,0.0,0.0,0.0,6000.0,6000.0
2025-01-23,17,02:40,02:50,671.5074333,647.6905667,647.6905667,23.816866600000026,0.0,0.0,0.0,6000.0,6000.0
2025-01-23,18,02:50,03:00,704.7633333,663.9966667,663.9966667,40.76666660000001,0.0,0.0,0.0,6000.0,6000.0
2025-01-23,19,03:00,03:10,680.1314667,664.113,664.113,16.018466699999976,0.0,0.0,0.0,6000.0,6000.0
2025-01-23,20,03:10,03:20,666.2313333,679.3531167,666.2313333,0.0,0.0,0.0,0.0,6000.0,6000.0
2025-01-23,21,03:20,03:30,683.5083333,700.01,683.5083333,0.0,0.0,0.0,0.0,6000.0,6000.0
2025-01-23,22,03:30,03:40,688.0935833,682.9182833,682.9182833,5.175299999999993,0.0,0.0,0.0,6000.0,6000.0
2025-01-23,23,03:40,03:50,690.7421,681.7737167,681.7737167,8.968383300000028,0.0,0.0,0.0,6000.0,6000.0
2025-01-23,24,03:50,04:00,698.7583333,703.455,698.7583333,0.0,0.0,0.0,0.0,6000.0,6000.0
2025-01-23,25,04:00,04:10,698.97145,702.4732667,698.97145,0.0,0.0,0.0,0.0,6000.0,6000.0
2025-01-23,26,04:10,04:20,670.8723833,708.5874,670.8723833,0.0,0.0,0.0,0.0,6000.0,6000.0
2025-01-23,27,04:20,04:30,653.7533333,726.08,653.7533333,0.0,0.0,0.0,0.0,6000.0,6000.0
2025-01-23,28,04:30,04:40,708.3796667,720.17,708.3796667,0.0,0.0,0.0,0.0,6000.0,6000.0
2025-01-23,29,04:40,04:50,740.04595,682.4008167,682.4008167,57.6451333,0.0,0.0,0.0,6000.0,6000.0
2025-01-23,30,04:50,05:00,714.38,663.175,663.175,51.20500000000004,0.0,0.0,0.0,6000.0,6000.0
2025-01-23,31,05:00,05:10,692.2970833,724.4543167,692.2970833,0.0,0.0,0.0,0.0,6000.0,6000.0
2025-01-23,32,05:10,05:20,713.2004167,770.842983366667,713.2004167,0.0,0.0,0.0,0.0,6000.0,6000.0
2025-01-23,33,05:20,05:30,738.225,747.53,738.225,0.0,0.0,0.0,0.0,6000.0,6000.0
2025-01-23,34,05:30,05:40,707.8200333,701.5329667,701.5329667,6.287066600000003,0.0,0.0,0.0,6000.0,6000.0
2025-01-23,35,05:40,05:50,758.35335003333,757.61608333333,757.61608333333,0.7372666999999637,0.0,0.0,0.0,6000.0,6000.0
2025-01-23,36,05:50,06:00,881.1983333,885.2833333,881.1983333,0.0,0.0,0.0,0.0,6000.0,6000.0
2025-01-23,37,06:00,06:10,921.3626333,925.7947167,921.3626333,0.0,0.0,0.0,0.0,6000.0,6000.0
2025-01-23,38,06:10,06:20,916.1939166667,903.1746166667001,903.1746166667001,13.01929999999993,0.0,0.0,0.0,6000.0,6000.0
2025-01-23,39,06:20,06:30,908.4583333,886.1233333,886.1233333,22.335000000000036,0.0,0.0,0.0,6000.0,6000.0
2025-01-23,40,06:30,06:40,896.70865,911.3681667,896.70865,0.0,0.0,0.0,0.0,6000.0,6000.0
2025-01-23,41,06:40,06:50,890.520433367,910.967283367,890.520433367,0.0,0.0,0.0,0.0,6000.0,6000.0
2025-01-23,42,06:50,07:00,871.3375,856.8299999999999,856.8299999999999,14.50750000000005,0.0,0.0,0.0,6000.0,6000.0
2025-01-23,43,07:00,07:10,826.6531833299999,805.33233333,805.33233333,21.32084999999995,0.0,0.0,0.0,6000.0,6000.0
2025-01-23,44,07:10,07:20,801.1017167,805.4529667,801.1017167,0.0,0.0,0.0,0.0,6000.0,6000.0
2025-01-23,45,07:20,07:30,766.99625,789.52125,766.99625,0.0,0.0,0.0,0.0,6000.0,6000.0
2025-01-23,46,07:30,07:40,678.9483832999999,667.0183667,667.0183667,11.93001659999993,0.0,0.0,0.0,6000.0,6000.0
2025-01-23,47,07:40,07:50,754.4558667,697.1144166,697.1144166,57.341450099999975,0.0,0.0,0.0,6000.0,6000.0
2025-01-23,48,07:50,08:00,925.5341669999999,854.6949999999999,854.6949999999999,70.83916699999997,0.0,0.0,0.0,6000.0,6000.0
2025-01-23,49,08:00,08:10,890.7809003,846.7546832999999,846.7546832999999,44.02621700000009,0.0,0.0,0.0,6000.0,6000.0
2025-01-23,50,08:10,08:20,815.2076,794.2122163000001,794.2122163000001,20.99538369999982,0.0,0.0,0.0,6000.0,6000.0
2025-01-23,51,08:20,08:30,789.41375,780.7383329999999,780.7383329999999,8.675417000000152,0.0,0.0,0.0,6000.0,6000.0
2025-01-23,52,08:30,08:40,737.3752497,753.9431167,737.3752497,0.0,0.0,0.0,0.0,6000.0,6000.0
2025-01-23,53,08:40,08:50,693.8909329999999,697.5548663000001,693.8909329999999,0.0,0.0,0.0,0.0,6000.0,6000.0
2025-01-23,54,08:50,09:00,672.974583,629.8416669999999,629.8416669999999,43.13291600000014,0.0,0.0,0.0,6000.0,6000.0
2025-01-23,55,09:00,09:10,643.2676502999999,579.4281169999999,579.4281169999999,63.83953329999997,0.0,0.0,0.0,6000.0,6000.0
2025-01-23,56,09:10,09:20,594.5941167000001,522.6131667000001,522.6131667000001,71.98095,0.0,0.0,0.0,6000.0,6000.0
2025-01-23,57,09:20,09:30,525.8779169999999,466.11916699999995,466.11916699999995,59.758749999999964,0.0,0.0,0.0,6000.0,6000.0
2025-01-23,58,09:30,09:40,450.95833330000005,446.570433,446.570433,4.387900300000069,0.0,0.0,0.0,6000.0,6000.0
2025-01-23,59,09:40,09:50,425.79938329999993,445.19899999999996,425.79938329999993,0.0,0.0,0.0,0.0,6000.0,6000.0
2025-01-23,60,09:50,10:00,413.4758330000001,430.49458300000003,413.4758330000001,0.0,0.0,0.0,0.0,6000.0,6000.0
2025-01-23,61,10:00,10:10,325.6778499999999,380.42914999999994,325.6778499999999,0.0,0.0,0.0,0.0,6000.0,6000.0
2025-01-23,62,10:10,10:20,275.9416000000001,305.41263370000013,275.9416000000001,0.0,0.0,0.0,0.0,6000.0,6000.0
2025-01-23,63,10:20,10:30,289.38125,243.4291669999999,243.4291669999999,45.95208300000013,0.0,0.0,0.0,6000.0,6000.0
2025-01-23,64,10:30,10:40,273.8688330000001,231.99935030000006,231.99935030000006,41.86948270000005,0.0,0.0,0.0,6000.0,6000.0
2025-01-23,65,10:40,10:50,229.73199969999996,230.60883369999988,229.73199969999996,0.0,0.0,0.0,0.0,6000.0,6000.0
2025-01-23,66,10:50,11:00,212.58124999999995,218.79166700000007,212.58124999999995,0.0,0.0,0.0,0.0,6000.0,6000.0
2025-01-23,67,11:00,11:10,264.7967829999999,210.1264829999999,210.1264829999999,54.6703,0.0,0.0,0.0,6000.0,6000.0
2025-01-23,68,11:10,11:20,260.95053299999995,196.40078329999994,196.40078329999994,64.5497497,0.0,0.0,0.0,6000.0,6000.0
2025-01-23,69,11:20,11:30,206.986667,188.88416700000005,188.88416700000005,18.102499999999964,0.0,0.0,0.0,6000.0,6000.0
2025-01-23,70,11:30,11:40,222.9786502999999,200.51773329999992,200.51773329999992,22.460916999999995,0.0,0.0,0.0,6000.0,6000.0
2025-01-23,71,11:40,11:50,198.52219969999987,155.1038003,155.1038003,43.418399399999885,0.0,0.0,0.0,6000.0,6000.0
2025-01-23,72,11:50,12:00,137.6829170000001,82.24708299999998,82.24708299999998,55.43583400000011,0.0,0.0,0.0,6000.0,6000.0
2025-01-23,73,12:00,12:10,165.7425333000001,89.98988300000008,89.98988300000008,75.75265030000003,0.0,0.0,0.0,6000.0,6000.0
2025-01-23,74,12:10,12:20,200.39238369999998,91.74421670000004,91.74421670000004,108.64816699999994,0.0,0.0,0.0,6000.0,6000.0
2025-01-23,75,12:20,12:30,185.96416699999986,66.49958300000003,66.49958300000003,119.46458399999983,0.0,0.0,0.0,6000.0,6000.0
2025-01-23,76,12:30,12:40,154.1127497,86.47164999999995,86.47164999999995,67.64109970000004,0.0,0.0,0.0,6000.0,6000.0
2025-01-23,77,12:40,12:50,161.35341670000003,134.59569969999984,134.59569969999984,26.757717000000184,0.0,0.0,0.0,6000.0,6000.0
2025-01-23,78,12:50,13:00,209.65916700000002,179.27083300000004,179.27083300000004,30.388333999999986,0.0,0.0,0.0,6000.0,6000.0
2025-01-23,79,13:00,13:10,246.7801662999999,201.86938370000007,201.86938370000007,44.910782599999834,0.0,0.0,0.0,6000.0,6000.0
2025-01-23,80,13:10,13:20,245.02319999999997,200.96546699999988,200.96546699999988,44.0577330000001,0.0,0.0,0.0,6000.0,6000.0
2025-01-23,81,13:20,13:30,227.96458299999995,214.08333300000004,214.08333300000004,13.881249999999909,0.0,0.0,0.0,6000.0,6000.0
2025-01-23,82,13:30,13:40,244.64009969999995,286.9878837,244.64009969999995,0.0,0.0,0.0,0.0,6000.0,6000.0
2025-01-23,83,13:40,13:50,269.7238503,361.5064829999999,269.7238503,0.0,0.0,0.0,0.0,6000.0,6000.0
2025-01-23,84,13:50,14:00,297.25458300000014,400.7991669999999,297.25458300000014,0.0,0.0,0.0,0.0,6000.0,6000.0
2025-01-23,85,14:00,14:10,343.97103300000003,415.3470833,343.97103300000003,0.0,0.0,0.0,0.0,6000.0,6000.0
2025-01-23,86,14:10,14:20,366.5494833,414.24835029999997,366.5494833,0.0,0.0,0.0,0.0,6000.0,6000.0
2025-01-23,87,14:20,14:30,372.49125000000004,408.646667,372.49125000000004,0.0,0.0,0.0,0.0,6000.0,6000.0
2025-01-23,88,14:30,14:40,416.8856167,412.407283,412.407283,4.478333700000007,0.0,0.0,0.0,6000.0,6000.0
2025-01-23,89,14:40,14:50,480.496217,437.8188497000001,437.8188497000001,42.6773672999999,0.0,0.0,0.0,6000.0,6000.0
2025-01-23,90,14:50,15:00,533.308333,478.53374999999994,478.53374999999994,54.77458300000001,0.0,0.0,0.0,6000.0,6000.0
2025-01-23,91,15:00,15:10,560.5748333,518.3076002999999,518.3076002999999,42.26723300000015,0.0,0.0,0.0,6000.0,6000.0
2025-01-23,92,15:10,15:20,574.9907337,572.8291669999999,572.8291669999999,2.161566700000094,0.0,0.0,0.0,6000.0,6000.0
2025-01-23,93,15:20,15:30,607.3079170000001,635.924583,607.3079170000001,0.0,0.0,0.0,0.0,6000.0,6000.0
2025-01-23,94,15:30,15:40,677.5336500000001,677.5806,677.5336500000001,0.0,0.0,0.0,0.0,6000.0,6000.0
2025-01-23,95,15:40,15:50,721.2503002999999,693.6763833,693.6763833,27.573916999999938,0.0,0.0,0.0,6000.0,6000.0
2025-01-23,96,15:50,16:00,737.285417,711.132083,711.132083,26.153334000000086,0.0,0.0,0.0,6000.0,6000.0
2025-01-23,97,16:00,16:10,789.2962336999999,765.18235,765.18235,24.11388369999986,0.0,0.0,0.0,6000.0,6000.0
2025-01-23,98,16:10,16:20,862.2803003,828.4558830000001,828.4558830000001,33.824417299999936,0.0,0.0,0.0,6000.0,6000.0
2025-01-23,99,16:20,16:30,918.8924999999999,882.3866670000001,882.3866670000001,36.505832999999825,0.0,0.0,0.0,6000.0,6000.0
2025-01-23,100,16:30,16:40,941.2160336999999,932.2814666999999,932.2814666999999,8.934567000000015,0.0,0.0,0.0,6000.0,6000.0
2025-01-23,101,16:40,16:50,991.60058367,979.9313996700001,979.9313996700001,11.66918399999986,0.0,0.0,0.0,6000.0,6000.0
2025-01-23,102,16:50,17:00,1051.369583,1023.385,1023.385,27.98458299999993,0.0,0.0,0.0,6000.0,6000.0
2025-01-23,103,17:00,17:10,1039.020300333,1054.302266333,1039.020300333,0.0,0.0,0.0,0.0,6000.0,6000.0
2025-01-23,104,17:10,17:20,1021.482167,1049.665883,1021.482167,0.0,0.0,0.0,0.0,6000.0,6000.0
2025-01-23,105,17:20,17:30,1051.548333,1043.528333,1043.528333,8.019999999999982,0.0,0.0,0.0,6000.0,6000.0
2025-01-23,106,17:30,17:40,1075.932733,1059.8909503333,1059.8909503333,16.0417826667001,0.0,0.0,0.0,6000.0,6000.0
2025-01-23,107,17:40,17:50,930.6285833,933.7647167,930.6285833,0.0,0.0,0.0,0.0,6000.0,6000.0
2025-01-23,108,17:50,18:00,715.7516667,729.0566667,715.7516667,0.0,0.0,0.0,0.0,6000.0,6000.0
2025-01-23,109,18:00,18:10,709.9442833,694.7838667000001,694.7838667000001,15.160416599999962,0.0,0.0,0.0,6000.0,6000.0
2025-01-23,110,18:10,18:20,740.3571333,711.45645,711.45645,28.90068329999997,0.0,0.0,0.0,6000.0,6000.0
2025-01-23,111,18:20,18:30,714.0466667,715.3283333,714.0466667,0.0,0.0,0.0,0.0,6000.0,6000.0
2025-01-23,112,18:30,18:40,712.4584,758.70985,712.4584,0.0,0.0,0.0,0.0,6000.0,6000.0
2025-01-23,113,18:40,18:50,729.4405333,759.0705167,729.4405333,0.0,0.0,0.0,0.0,6000.0,6000.0
2025-01-23,114,18:50,19:00,725.7783333,719.93,719.93,5.848333300000036,0.0,0.0,0.0,6000.0,6000.0
2025-01-23,115,19:00,19:10,680.5161667,729.96585,680.5161667,0.0,0.0,0.0,0.0,6000.0,6000.0
2025-01-23,116,19:10,19:20,677.2218333,736.064,677.2218333,0.0,0.0,0.0,0.0,6000.0,6000.0
2025-01-23,117,19:20,19:30,723.5666667,723.6033333,723.5666667,0.0,0.0,0.0,0.0,6000.0,6000.0
2025-01-23,118,19:30,19:40,744.2851,734.9625833,734.9625833,9.322516700000051,0.0,0.0,0.0,6000.0,6000.0
2025-01-23,119,19:40,19:50,740.8114333,741.5478833,740.8114333,0.0,0.0,0.0,0.0,6000.0,6000.0
2025-01-23,120,19:50,20:00,733.5283333,744.58,733.5283333,0.0,0.0,0.0,0.0,6000.0,6000.0
2025-01-23,121,20:00,20:10,736.0074333,772.7663833,736.0074333,0.0,0.0,0.0,0.0,6000.0,6000.0
2025-01-23,122,20:10,20:20,740.5466333,774.0756333,740.5466333,0.0,0.0,0.0,0.0,6000.0,6000.0
2025-01-23,123,20:20,20:30,747.2216667,740.6966667,740.6966667,6.524999999999977,0.0,0.0,0.0,6000.0,6000.0
2025-01-23,124,20:30,20:40,762.4862167,721.092,721.092,41.394216700000015,0.0,0.0,0.0,6000.0,6000.0
2025-01-23,125,20:40,20:50,766.8942667,728.3908833,728.3908833,38.50338339999996,0.0,0.0,0.0,6000.0,6000.0
2025-01-23,126,20:50,21:00,755.175,750.6916667,750.6916667,4.483333299999913,0.0,0.0,0.0,6000.0,6000.0
2025-01-23,127,21:00,21:10,742.83965,764.7712833,742.83965,0.0,0.0,0.0,0.0,6000.0,6000.0
2025-01-23,128,21:10,21:20,744.6625167,765.1856667,744.6625167,0.0,0.0,0.0,0.0,6000.0,6000.0
2025-01-23,129,21:20,21:30,759.325,776.7866667,759.325,0.0,0.0,0.0,0.0,6000.0,6000.0
2025-01-23,130,21:30,21:40,760.3273833,810.8727333,760.3273833,0.0,0.0,0.0,0.0,6000.0,6000.0
2025-01-23,131,21:40,21:50,687.9770333,731.2814167,687.9770333,0.0,0.0,0.0,0.0,6000.0,6000.0
2025-01-23,132,21:50,22:00,583.9083333,580.315,580.315,3.5933332999999266,0.0,0.0,0.0,6000.0,6000.0
2025-01-23,133,22:00,22:10,562.41395,552.19075,552.19075,10.22320000000002,0.0,0.0,0.0,6000.0,6000.0
2025-01-23,134,22:10,22:20,590.9875167,588.02055,588.02055,2.9669667000000572,0.0,0.0,0.0,6000.0,6000.0
2025-01-23,135,22:20,22:30,607.8633333,601.5683333,601.5683333,6.295000000000073,0.0,0.0,0.0,6000.0,6000.0
2025-01-23,136,22:30,22:40,582.06035,570.3148,570.3148,11.74554999999998,0.0,0.0,0.0,6000.0,6000.0
2025-01-23,137,22:40,22:50,568.1048833,569.3074667,568.1048833,0.0,0.0,0.0,0.0,6000.0,6000.0
2025-01-23,138,22:50,23:00,572.2233333,604.0783333,572.2233333,0.0,0.0,0.0,0.0,6000.0,6000.0
2025-01-23,139,23:00,23:10,553.6918333,606.8031,553.6918333,0.0,0.0,0.0,0.0,6000.0,6000.0
2025-01-23,140,23:10,23:20,559.6259667,589.59335,559.6259667,0.0,0.0,0.0,0.0,6000.0,6000.0
2025-01-23,141,23:20,23:30,598.7416667,572.2783333,572.2783333,26.46333340000001,0.0,0.0,0.0,6000.0,6000.0
2025-01-23,142,23:30,23:40,616.1648667,563.0161,563.0161,53.148766699999896,0.0,0.0,0.0,6000.0,6000.0
2025-01-23,143,23:40,23:50,551.6382167,575.1908833,551.6382167,0.0,0.0,0.0,0.0,6000.0,6000.0
2025-01-23,144,23:50,24:00,446.1616667,594.895,446.1616667,0.0,0.0,0.0,0.0,6000.0,6000.0
2025-01-24,1,00:00,00:10,409.1426667,593.6854833,409.1426667,0.0,0.0,0.0,0.0,6000.0,6000.0
2025-01-24,2,00:10,00:20,417.1940333,598.4678667,417.1940333,0.0,0.0,0.0,0.0,6000.0,6000.0
2025-01-24,3,00:20,00:30,442.2033333,616.445,442.2033333,0.0,0.0,0.0,0.0,6000.0,6000.0
2025-01-24,4,00:30,00:40,476.7118333,627.1227167,476.7118333,0.0,0.0,0.0,0.0,6000.0,6000.0
2025-01-24,5,00:40,00:50,480.1322167,634.0951,480.1322167,0.0,0.0,0.0,0.0,6000.0,6000.0
2025-01-24,6,00:50,01:00,463.1216667,634.9216667,463.1216667,0.0,0.0,0.0,0.0,6000.0,6000.0
2025-01-24,7,01:00,01:10,473.8980667,624.7802167,473.8980667,0.0,0.0,0.0,0.0,6000.0,6000.0
2025-01-24,8,01:10,01:20,474.1392167,636.64795,474.1392167,0.0,0.0,0.0,0.0,6000.0,6000.0
2025-01-24,9,01:20,01:30,462.925,658.76,462.925,0.0,0.0,0.0,0.0,6000.0,6000.0
2025-01-24,10,01:30,01:40,479.9341667,648.77325,479.9341667,0.0,0.0,0.0,0.0,6000.0,6000.0
2025-01-24,11,01:40,01:50,490.7048667,655.75145,490.7048667,0.0,0.0,0.0,0.0,6000.0,6000.0
2025-01-24,12,01:50,02:00,492.6183333,670.4433333,492.6183333,0.0,0.0,0.0,0.0,6000.0,6000.0
2025-01-24,13,02:00,02:10,515.7566833,632.6434333,515.7566833,0.0,0.0,0.0,0.0,6000.0,6000.0
2025-01-24,14,02:10,02:20,519.7063333,602.6531333,519.7063333,0.0,0.0,0.0,0.0,6000.0,6000.0
2025-01-24,15,02:20,02:30,510.43,609.6633333,510.43,0.0,0.0,0.0,0.0,6000.0,6000.0
2025-01-24,16,02:30,02:40,535.9960833,629.5726333,535.9960833,0.0,0.0,0.0,0.0,6000.0,6000.0
2025-01-24,17,02:40,02:50,556.4173833,671.5074333,556.4173833,0.0,0.0,0.0,0.0,6000.0,6000.0
2025-01-24,18,02:50,03:00,549.1566667,704.7633333,549.1566667,0.0,0.0,0.0,0.0,6000.0,6000.0
2025-01-24,19,03:00,03:10,530.5092667,680.1314667,530.5092667,0.0,0.0,0.0,0.0,6000.0,6000.0
2025-01-24,20,03:10,03:20,511.5433,666.2313333,511.5433,0.0,0.0,0.0,0.0,6000.0,6000.0
2025-01-24,21,03:20,03:30,504.665,683.5083333,504.665,0.0,0.0,0.0,0.0,6000.0,6000.0
2025-01-24,22,03:30,03:40,515.50355,688.0935833,515.50355,0.0,0.0,0.0,0.0,6000.0,6000.0
2025-01-24,23,03:40,03:50,512.61115,690.7421,512.61115,0.0,0.0,0.0,0.0,6000.0,6000.0
2025-01-24,24,03:50,04:00,509.3116667,698.7583333,509.3116667,0.0,0.0,0.0,0.0,6000.0,6000.0
2025-01-24,25,04:00,04:10,544.4034833,698.97145,544.4034833,0.0,0.0,0.0,0.0,6000.0,6000.0
2025-01-24,26,04:10,04:20,547.0269833,670.8723833,547.0269833,0.0,0.0,0.0,0.0,6000.0,6000.0
2025-01-24,27,04:20,04:30,526.215,653.7533333,526.215,0.0,0.0,0.0,0.0,6000.0,6000.0
2025-01-24,28,04:30,04:40,558.5363333,708.3796667,558.5363333,0.0,0.0,0.0,0.0,6000.0,6000.0
2025-01-24,29,04:40,04:50,564.0977667,740.04595,564.0977667,0.0,0.0,0.0,0.0,6000.0,6000.0
2025-01-24,30,04:50,05:00,536.44,714.38,536.44,0.0,0.0,0.0,0.0,6000.0,6000.0
2025-01-24,31,05:00,05:10,549.2923,692.2970833,549.2923,0.0,0.0,0.0,0.0,6000.0,6000.0
2025-01-24,32,05:10,05:20,546.3271167,713.2004167,546.3271167,0.0,0.0,0.0,0.0,6000.0,6000.0
2025-01-24,33,05:20,05:30,531.4533333,738.225,531.4533333,0.0,0.0,0.0,0.0,6000.0,6000.0
2025-01-24,34,05:30,05:40,565.2482167,707.8200333,565.2482167,0.0,0.0,0.0,0.0,6000.0,6000.0
2025-01-24,35,05:40,05:50,564.54494996667,758.35335003333,564.54494996667,0.0,0.0,0.0,0.0,6000.0,6000.0
2025-01-24,36,05:50,06:00,534.9383333,881.1983333,534.9383333,0.0,0.0,0.0,0.0,6000.0,6000.0
2025-01-24,37,06:00,06:10,564.3955833,921.3626333,564.3955833,0.0,0.0,0.0,0.0,6000.0,6000.0
2025-01-24,38,06:10,06:20,572.8728167,916.1939166667,572.8728167,0.0,0.0,0.0,0.0,6000.0,6000.0
2025-01-24,39,06:20,06:30,542.495,908.4583333,542.495,0.0,0.0,0.0,0.0,6000.0,6000.0
2025-01-24,40,06:30,06:40,543.57235,896.70865,543.57235,0.0,0.0,0.0,0.0,6000.0,6000.0
2025-01-24,41,06:40,06:50,585.426783333,890.520433367,585.426783333,0.0,0.0,0.0,0.0,6000.0,6000.0
2025-01-24,42,06:50,07:00,606.2145833000001,871.3375,606.2145833000001,0.0,0.0,0.0,0.0,6000.0,6000.0
2025-01-24,43,07:00,07:10,550.40736667,826.6531833299999,550.40736667,0.0,0.0,0.0,0.0,6000.0,6000.0
2025-01-24,44,07:10,07:20,506.1097666,801.1017167,506.1097666,0.0,0.0,0.0,0.0,6000.0,6000.0
2025-01-24,45,07:20,07:30,500.72291670000004,766.99625,500.72291670000004,0.0,0.0,0.0,0.0,6000.0,6000.0
2025-01-24,46,07:30,07:40,473.2949,678.9483832999999,473.2949,0.0,0.0,0.0,0.0,6000.0,6000.0
2025-01-24,47,07:40,07:50,401.76574999999997,754.4558667,401.76574999999997,0.0,0.0,0.0,0.0,6000.0,6000.0
2025-01-24,48,07:50,08:00,319.56666670000004,925.5341669999999,319.56666670000004,0.0,0.0,0.0,0.0,6000.0,6000.0
2025-01-24,49,08:00,08:10,278.67111669999997,890.7809003,278.67111669999997,0.0,0.0,0.0,0.0,6000.0,6000.0
2025-01-24,50,08:10,08:20,229.78083339999995,815.2076,229.78083339999995,0.0,0.0,0.0,0.0,6000.0,6000.0
2025-01-24,51,08:20,08:30,173.84041670000005,789.41375,173.84041670000005,0.0,0.0,0.0,0.0,6000.0,6000.0
2025-01-24,52,08:30,08:40,164.94521659999998,737.3752497,164.94521659999998,0.0,0.0,0.0,0.0,6000.0,6000.0
2025-01-24,53,08:40,08:50,166.97246669999993,693.8909329999999,166.97246669999993,0.0,0.0,0.0,0.0,6000.0,6000.0
2025-01-24,54,08:50,09:00,151.93833329999995,672.974583,151.93833329999995,0.0,0.0,0.0,0.0,6000.0,6000.0
2025-01-24,55,09:00,09:10,125.6984334,643.2676502999999,125.6984334,0.0,0.0,0.0,0.0,6000.0,6000.0
2025-01-24,56,09:10,09:20,102.0998333,594.5941167000001,102.0998333,0.0,0.0,0.0,0.0,6000.0,6000.0
2025-01-24,57,09:20,09:30,68.21541669999999,525.8779169999999,68.21541669999999,0.0,0.0,0.0,0.0,6000.0,6000.0
2025-01-24,58,09:30,09:40,-3.162716699999919,450.95833330000005,0.0,0.0,3.162716699999919,0.0,0.0,6000.0,6000.0
2025-01-24,59,09:40,09:50,-83.35361660000001,425.79938329999993,0.0,0.0,83.35361660000001,0.0,0.0,6000.0,6000.0
2025-01-24,60,09:50,10:00,-145.08833330000004,413.4758330000001,0.0,0.0,145.08833330000004,0.0,0.0,6000.0,6000.0
2025-01-24,61,10:00,10:10,-188.55359999999996,325.6778499999999,0.0,0.0,188.55359999999996,0.0,0.0,6000.0,6000.0
2025-01-24,62,10:10,10:20,-256.6199167,275.9416000000001,0.0,0.0,256.6199167,0.0,0.0,6000.0,6000.0
2025-01-24,63,10:20,10:30,-303.6279166999999,289.38125,0.0,0.0,303.6279166999999,0.0,0.0,6000.0,6000.0
2025-01-24,64,10:30,10:40,-247.76466670000002,273.8688330000001,0.0,0.0,247.76466670000002,0.0,0.0,6000.0,6000.0
2025-01-24,65,10:40,10:50,-250.18148329999997,229.73199969999996,0.0,0.0,250.18148329999997,0.0,0.0,6000.0,6000.0
2025-01-24,66,10:50,11:00,-339.7025000000001,212.58124999999995,0.0,0.0,339.7025000000001,0.0,0.0,6000.0,6000.0
2025-01-24,67,11:00,11:10,-387.6958003,264.7967829999999,0.0,0.0,387.6958003,0.0,0.0,6000.0,6000.0
2025-01-24,68,11:10,11:20,-411.1902000000001,260.95053299999995,0.0,0.0,411.1902000000001,0.0,0.0,6000.0,6000.0
2025-01-24,69,11:20,11:30,-439.8125,206.986667,0.0,0.0,439.8125,0.0,0.0,6000.0,6000.0
2025-01-24,70,11:30,11:40,-467.70458329999985,222.9786502999999,0.0,0.0,467.70458329999985,0.0,0.0,6000.0,6000.0
2025-01-24,71,11:40,11:50,-454.20674970000005,198.52219969999987,0.0,0.0,454.20674970000005,0.0,0.0,6000.0,6000.0
2025-01-24,72,11:50,12:00,-426.13583329999994,137.6829170000001,0.0,0.0,426.13583329999994,0.0,0.0,6000.0,6000.0
2025-01-24,73,12:00,12:10,-445.76829999999995,165.7425333000001,0.0,0.0,445.76829999999995,0.0,0.0,6000.0,6000.0
2025-01-24,74,12:10,12:20,-420.271117,200.39238369999998,0.0,0.0,420.271117,0.0,0.0,6000.0,6000.0
2025-01-24,75,12:20,12:30,-367.77583329999993,185.96416699999986,0.0,0.0,367.77583329999993,0.0,0.0,6000.0,6000.0
2025-01-24,76,12:30,12:40,-398.87196700000004,154.1127497,0.0,0.0,398.87196700000004,0.0,0.0,6000.0,6000.0
2025-01-24,77,12:40,12:50,-398.18001630000003,161.35341670000003,0.0,0.0,398.18001630000003,0.0,0.0,6000.0,6000.0
2025-01-24,78,12:50,13:00,-340.1283333,209.65916700000002,0.0,0.0,340.1283333,0.0,0.0,6000.0,6000.0
2025-01-24,79,13:00,13:10,-317.29436669999996,246.7801662999999,0.0,0.0,317.29436669999996,0.0,0.0,6000.0,6000.0
2025-01-24,80,13:10,13:20,-304.2749,245.02319999999997,0.0,0.0,304.2749,0.0,0.0,6000.0,6000.0
2025-01-24,81,13:20,13:30,-272.78499999999997,227.96458299999995,0.0,0.0,272.78499999999997,0.0,0.0,6000.0,6000.0
2025-01-24,82,13:30,13:40,-227.36834999999996,244.64009969999995,0.0,0.0,227.36834999999996,0.0,0.0,6000.0,6000.0
2025-01-24,83,13:40,13:50,-189.84288330000004,269.7238503,0.0,0.0,189.84288330000004,0.0,0.0,6000.0,6000.0
2025-01-24,84,13:50,14:00,-161.3912499999999,297.25458300000014,0.0,0.0,161.3912499999999,0.0,0.0,6000.0,6000.0
2025-01-24,85,14:00,14:10,-124.47463329999994,343.97103300000003,0.0,0.0,124.47463329999994,0.0,0.0,6000.0,6000.0
2025-01-24,86,14:10,14:20,-85.25024999999994,366.5494833,0.0,0.0,85.25024999999994,0.0,0.0,6000.0,6000.0
2025-01-24,87,14:20,14:30,-56.24124999999992,372.49125000000004,0.0,0.0,56.24124999999992,0.0,0.0,6000.0,6000.0
2025-01-24,88,14:30,14:40,-40.74396669999999,416.8856167,0.0,0.0,40.74396669999999,0.0,0.0,6000.0,6000.0
2025-01-24,89,14:40,14:50,-6.822549999999978,480.496217,0.0,0.0,6.822549999999978,0.0,0.0,6000.0,6000.0
2025-01-24,90,14:50,15:00,32.596666700000014,533.308333,32.596666700000014,0.0,0.0,0.0,0.0,6000.0,6000.0
2025-01-24,91,15:00,15:10,39.73616670000001,560.5748333,39.73616670000001,0.0,0.0,0.0,0.0,6000.0,6000.0
2025-01-24,92,15:10,15:20,87.5817333,574.9907337,87.5817333,0.0,0.0,0.0,0.0,6000.0,6000.0
2025-01-24,93,15:20,15:30,174.54375,607.3079170000001,174.54375,0.0,0.0,0.0,0.0,6000.0,6000.0
2025-01-24,94,15:30,15:40,222.52133340000006,677.5336500000001,222.52133340000006,0.0,0.0,0.0,0.0,6000.0,6000.0
2025-01-24,95,15:40,15:50,257.44146670000003,721.2503002999999,257.44146670000003,0.0,0.0,0.0,0.0,6000.0,6000.0
2025-01-24,96,15:50,16:00,301.6183333,737.285417,301.6183333,0.0,0.0,0.0,0.0,6000.0,6000.0
2025-01-24,97,16:00,16:10,344.10466670000005,789.2962336999999,344.10466670000005,0.0,0.0,0.0,0.0,6000.0,6000.0
2025-01-24,98,16:10,16:20,365.93395,862.2803003,365.93395,0.0,0.0,0.0,0.0,6000.0,6000.0
2025-01-24,99,16:20,16:30,392.56249999999994,918.8924999999999,392.56249999999994,0.0,0.0,0.0,0.0,6000.0,6000.0
2025-01-24,100,16:30,16:40,456.20784999999995,941.2160336999999,456.20784999999995,0.0,0.0,0.0,0.0,6000.0,6000.0
2025-01-24,101,16:40,16:50,440.3868667,991.60058367,440.3868667,0.0,0.0,0.0,0.0,6000.0,6000.0
2025-01-24,102,16:50,17:00,386.89625,1051.369583,386.89625,0.0,0.0,0.0,0.0,6000.0,6000.0
2025-01-24,103,17:00,17:10,453.75325,1039.020300333,453.75325,0.0,0.0,0.0,0.0,6000.0,6000.0
2025-01-24,104,17:10,17:20,486.1060667,1021.482167,486.1060667,0.0,0.0,0.0,0.0,6000.0,6000.0
2025-01-24,105,17:20,17:30,452.08,1051.548333,452.08,0.0,0.0,0.0,0.0,6000.0,6000.0
2025-01-24,106,17:30,17:40,455.98149996669997,1075.932733,455.98149996669997,0.0,0.0,0.0,0.0,6000.0,6000.0
2025-01-24,107,17:40,17:50,445.5973167,930.6285833,445.5973167,0.0,0.0,0.0,0.0,6000.0,6000.0
2025-01-24,108,17:50,18:00,424.8666667,715.7516667,424.8666667,0.0,0.0,0.0,0.0,6000.0,6000.0
2025-01-24,109,18:00,18:10,460.61699996667,709.9442833,460.61699996667,0.0,0.0,0.0,0.0,6000.0,6000.0
2025-01-24,110,18:10,18:20,474.8075333,740.3571333,474.8075333,0.0,0.0,0.0,0.0,6000.0,6000.0
2025-01-24,111,18:20,18:30,457.39,714.0466667,457.39,0.0,0.0,0.0,0.0,6000.0,6000.0
2025-01-24,112,18:30,18:40,474.1970167,712.4584,474.1970167,0.0,0.0,0.0,0.0,6000.0,6000.0
2025-01-24,113,18:40,18:50,475.7190833,729.4405333,475.7190833,0.0,0.0,0.0,0.0,6000.0,6000.0
2025-01-24,114,18:50,19:00,456.475,725.7783333,456.475,0.0,0.0,0.0,0.0,6000.0,6000.0
2025-01-24,115,19:00,19:10,462.3274833,680.5161667,462.3274833,0.0,0.0,0.0,0.0,6000.0,6000.0
2025-01-24,116,19:10,19:20,451.2403667,677.2218333,451.2403667,0.0,0.0,0.0,0.0,6000.0,6000.0
2025-01-24,117,19:20,19:30,424.0016667,723.5666667,424.0016667,0.0,0.0,0.0,0.0,6000.0,6000.0
2025-01-24,118,19:30,19:40,428.9102167,744.2851,428.9102167,0.0,0.0,0.0,0.0,6000.0,6000.0
2025-01-24,119,19:40,19:50,443.1460333,740.8114333,443.1460333,0.0,0.0,0.0,0.0,6000.0,6000.0
2025-01-24,120,19:50,20:00,454.6183333,733.5283333,454.6183333,0.0,0.0,0.0,0.0,6000.0,6000.0
2025-01-24,121,20:00,20:10,473.0044167,736.0074333,473.0044167,0.0,0.0,0.0,0.0,6000.0,6000.0
2025-01-24,122,20:10,20:20,478.7610167,740.5466333,478.7610167,0.0,0.0,0.0,0.0,6000.0,6000.0
2025-01-24,123,20:20,20:30,458.985,747.2216667,458.985,0.0,0.0,0.0,0.0,6000.0,6000.0
2025-01-24,124,20:30,20:40,428.7851167,762.4862167,428.7851167,0.0,0.0,0.0,0.0,6000.0,6000.0
2025-01-24,125,20:40,20:50,453.38105,766.8942667,453.38105,0.0,0.0,0.0,0.0,6000.0,6000.0
2025-01-24,126,20:50,21:00,499.5683333,755.175,499.5683333,0.0,0.0,0.0,0.0,6000.0,6000.0
2025-01-24,127,21:00,21:10,473.2319333,742.83965,473.2319333,0.0,0.0,0.0,0.0,6000.0,6000.0
2025-01-24,128,21:10,21:20,474.03,744.6625167,474.03,0.0,0.0,0.0,0.0,6000.0,6000.0
2025-01-24,129,21:20,21:30,520.1183333,759.325,520.1183333,0.0,0.0,0.0,0.0,6000.0,6000.0
2025-01-24,130,21:30,21:40,516.3050167,760.3273833,516.3050167,0.0,0.0,0.0,0.0,6000.0,6000.0
2025-01-24,131,21:40,21:50,441.8484833,687.9770333,441.8484833,0.0,0.0,0.0,0.0,6000.0,6000.0
2025-01-24,132,21:50,22:00,368.615,583.9083333,368.615,0.0,0.0,0.0,0.0,6000.0,6000.0
2025-01-24,133,22:00,22:10,394.9870833,562.41395,394.9870833,0.0,0.0,0.0,0.0,6000.0,6000.0
2025-01-24,134,22:10,22:20,438.5496667,590.9875167,438.5496667,0.0,0.0,0.0,0.0,6000.0,6000.0
2025-01-24,135,22:20,22:30,447.1616667,607.8633333,447.1616667,0.0,0.0,0.0,0.0,6000.0,6000.0
2025-01-24,136,22:30,22:40,441.2998667,582.06035,441.2998667,0.0,0.0,0.0,0.0,6000.0,6000.0
2025-01-24,137,22:40,22:50,427.1882333,568.1048833,427.1882333,0.0,0.0,0.0,0.0,6000.0,6000.0
2025-01-24,138,22:50,23:00,414.8,572.2233333,414.8,0.0,0.0,0.0,0.0,6000.0,6000.0
2025-01-24,139,23:00,23:10,412.7359,553.6918333,412.7359,0.0,0.0,0.0,0.0,6000.0,6000.0
2025-01-24,140,23:10,23:20,394.0887167,559.6259667,394.0887167,0.0,0.0,0.0,0.0,6000.0,6000.0
2025-01-24,141,23:20,23:30,381.785,598.7416667,381.785,0.0,0.0,0.0,0.0,6000.0,6000.0
2025-01-24,142,23:30,23:40,426.4114833,616.1648667,426.4114833,0.0,0.0,0.0,0.0,6000.0,6000.0
2025-01-24,143,23:40,23:50,457.4749667,551.6382167,457.4749667,0.0,0.0,0.0,0.0,6000.0,6000.0
2025-01-24,144,23:50,24:00,452.7533333,446.1616667,446.1616667,6.591666599999996,0.0,0.0,0.0,6000.0,6000.0
2025-01-25,1,00:00,00:10,454.3254333,409.1426667,409.1426667,45.18276659999998,0.0,0.0,0.0,6000.0,6000.0
2025-01-25,2,00:10,00:20,446.6726833,417.1940333,417.1940333,29.478650000000016,0.0,0.0,0.0,6000.0,6000.0
2025-01-25,3,00:20,00:30,443.3066667,442.2033333,442.2033333,1.1033333999999968,0.0,0.0,0.0,6000.0,6000.0
2025-01-25,4,00:30,00:40,476.9869167,476.7118333,476.7118333,0.27508339999997133,0.0,0.0,0.0,6000.0,6000.0
2025-01-25,5,00:40,00:50,484.26815,480.1322167,480.1322167,4.1359332999999765,0.0,0.0,0.0,6000.0,6000.0
2025-01-25,6,00:50,01:00,468.2083333,463.1216667,463.1216667,5.086666600000001,0.0,0.0,0.0,6000.0,6000.0
2025-01-25,7,01:00,01:10,490.4389667,473.8980667,473.8980667,16.540899999999965,0.0,0.0,0.0,6000.0,6000.0
2025-01-25,8,01:10,01:20,487.2113167,474.1392167,474.1392167,13.072099999999978,0.0,0.0,0.0,6000.0,6000.0
2025-01-25,9,01:20,01:30,464.605,462.925,462.925,1.6800000000000068,0.0,0.0,0.0,6000.0,6000.0
2025-01-25,10,01:30,01:40,494.2724,479.9341667,479.9341667,14.338233300000013,0.0,0.0,0.0,6000.0,6000.0
2025-01-25,11,01:40,01:50,505.68945,490.7048667,490.7048667,14.984583299999997,0.0,0.0,0.0,6000.0,6000.0
2025-01-25,12,01:50,02:00,487.8366667,492.6183333,487.8366667,0.0,0.0,0.0,0.0,6000.0,6000.0
2025-01-25,13,02:00,02:10,501.9057667,515.7566833,501.9057667,0.0,0.0,0.0,0.0,6000.0,6000.0
2025-01-25,14,02:10,02:20,514.9269333,519.7063333,514.9269333,0.0,0.0,0.0,0.0,6000.0,6000.0
2025-01-25,15,02:20,02:30,507.5433333,510.43,507.5433333,0.0,0.0,0.0,0.0,6000.0,6000.0
2025-01-25,16,02:30,02:40,497.95935,535.9960833,497.95935,0.0,0.0,0.0,0.0,6000.0,6000.0
2025-01-25,17,02:40,02:50,501.06135,556.4173833,501.06135,0.0,0.0,0.0,0.0,6000.0,6000.0
2025-01-25,18,02:50,03:00,514.0583333,549.1566667,514.0583333,0.0,0.0,0.0,0.0,6000.0,6000.0
2025-01-25,19,03:00,03:10,521.0511333,530.5092667,521.0511333,0.0,0.0,0.0,0.0,6000.0,6000.0
2025-01-25,20,03:10,03:20,519.49595,511.5433,511.5433,7.9526500000000055,0.0,0.0,0.0,6000.0,6000.0
2025-01-25,21,03:20,03:30,512.11,504.665,504.665,7.444999999999993,0.0,0.0,0.0,6000.0,6000.0
2025-01-25,22,03:30,03:40,505.4489333,515.50355,505.4489333,0.0,0.0,0.0,0.0,6000.0,6000.0
2025-01-25,23,03:40,03:50,513.3439333,512.61115,512.61115,0.732783300000051,0.0,0.0,0.0,6000.0,6000.0
2025-01-25,24,03:50,04:00,526.1366667,509.3116667,509.3116667,16.82499999999999,0.0,0.0,0.0,6000.0,6000.0
2025-01-25,25,04:00,04:10,520.9297333,544.4034833,520.9297333,0.0,0.0,0.0,0.0,6000.0,6000.0
2025-01-25,26,04:10,04:20,521.74715,547.0269833,521.74715,0.0,0.0,0.0,0.0,6000.0,6000.0
2025-01-25,27,04:20,04:30,535.505,526.215,526.215,9.289999999999964,0.0,0.0,0.0,6000.0,6000.0
2025-01-25,28,04:30,04:40,545.0267,558.5363333,545.0267,0.0,0.0,0.0,0.0,6000.0,6000.0
2025-01-25,29,04:40,04:50,552.6249000333333,564.0977667,552.6249000333333,0.0,0.0,0.0,0.0,6000.0,6000.0
2025-01-25,30,04:50,05:00,552.055,536.44,536.44,15.614999999999895,0.0,0.0,0.0,6000.0,6000.0
2025-01-25,31,05:00,05:10,534.5888667,549.2923,534.5888667,0.0,0.0,0.0,0.0,6000.0,6000.0
2025-01-25,32,05:10,05:20,534.8794667000001,546.3271167,534.8794667000001,0.0,0.0,0.0,0.0,6000.0,6000.0
2025-01-25,33,05:20,05:30,560.185,531.4533333,531.4533333,28.73166669999989,0.0,0.0,0.0,6000.0,6000.0
2025-01-25,34,05:30,05:40,579.5324,565.2482167,565.2482167,14.284183300000109,0.0,0.0,0.0,6000.0,6000.0
2025-01-25,35,05:40,05:50,564.9053,564.54494996667,564.54494996667,0.36035003333006443,0.0,0.0,0.0,6000.0,6000.0
2025-01-25,36,05:50,06:00,540.6216667,534.9383333,534.9383333,5.683333400000038,0.0,0.0,0.0,6000.0,6000.0
2025-01-25,37,06:00,06:10,556.1276667,564.3955833,556.1276667,0.0,0.0,0.0,0.0,6000.0,6000.0
2025-01-25,38,06:10,06:20,560.6391833,572.8728167,560.6391833,0.0,0.0,0.0,0.0,6000.0,6000.0
2025-01-25,39,06:20,06:30,546.345,542.495,542.495,3.8500000000000227,0.0,0.0,0.0,6000.0,6000.0
2025-01-25,40,06:30,06:40,560.0128667,543.57235,543.57235,16.44051669999999,0.0,0.0,0.0,6000.0,6000.0
2025-01-25,41,06:40,06:50,603.1100332999999,585.426783333,585.426783333,17.683249966999938,0.0,0.0,0.0,6000.0,6000.0
2025-01-25,42,06:50,07:00,613.4525,606.2145833000001,606.2145833000001,7.237916699999914,0.0,0.0,0.0,6000.0,6000.0
2025-01-25,43,07:00,07:10,545.83255,550.40736667,545.83255,0.0,0.0,0.0,0.0,6000.0,6000.0
2025-01-25,44,07:10,07:20,508.1014834,506.1097666,506.1097666,1.991716800000006,0.0,0.0,0.0,6000.0,6000.0
2025-01-25,45,07:20,07:30,512.93375,500.72291670000004,500.72291670000004,12.21083329999999,0.0,0.0,0.0,6000.0,6000.0
2025-01-25,46,07:30,07:40,466.6756167,473.2949,466.6756167,0.0,0.0,0.0,0.0,6000.0,6000.0
2025-01-25,47,07:40,07:50,387.8849,401.76574999999997,387.8849,0.0,0.0,0.0,0.0,6000.0,6000.0
2025-01-25,48,07:50,08:00,318.17291670000003,319.56666670000004,318.17291670000003,0.0,0.0,0.0,0.0,6000.0,6000.0
2025-01-25,49,08:00,08:10,279.52016660000004,278.67111669999997,278.67111669999997,0.8490499000000682,0.0,0.0,0.0,6000.0,6000.0
2025-01-25,50,08:10,08:20,242.59584999999998,229.78083339999995,229.78083339999995,12.815016600000035,0.0,0.0,0.0,6000.0,6000.0
2025-01-25,51,08:20,08:30,194.97041670000004,173.84041670000005,173.84041670000005,21.129999999999995,0.0,0.0,0.0,6000.0,6000.0
2025-01-25,52,08:30,08:40,151.82704999999999,164.94521659999998,151.82704999999999,0.0,0.0,0.0,0.0,6000.0,6000.0
2025-01-25,53,08:40,08:50,119.95500000000004,166.97246669999993,119.95500000000004,0.0,0.0,0.0,0.0,6000.0,6000.0
2025-01-25,54,08:50,09:00,98.87749999999994,151.93833329999995,98.87749999999994,0.0,0.0,0.0,0.0,6000.0,6000.0
2025-01-25,55,09:00,09:10,77.71031670000002,125.6984334,77.71031670000002,0.0,0.0,0.0,0.0,6000.0,6000.0
2025-01-25,56,09:10,09:20,25.748050000000035,102.0998333,25.748050000000035,0.0,0.0,0.0,0.0,6000.0,6000.0
2025-01-25,57,09:20,09:30,-37.03708330000006,68.21541669999999,0.0,0.0,37.03708330000006,0.0,0.0,6000.0,6000.0
2025-01-25,58,09:30,09:40,-57.89088340000001,0.0,0.0,0.0,57.89088340000001,0.0,0.0,6000.0,6000.0
2025-01-25,59,09:40,09:50,-74.17223330000002,0.0,0.0,0.0,74.17223330000002,0.0,0.0,6000.0,6000.0
2025-01-25,60,09:50,10:00,-121.85083330000009,0.0,0.0,0.0,121.85083330000009,0.0,0.0,6000.0,6000.0
2025-01-25,61,10:00,10:10,-197.25843340000006,0.0,0.0,0.0,197.25843340000006,0.0,0.0,6000.0,6000.0
2025-01-25,62,10:10,10:20,-239.77271670000005,0.0,0.0,0.0,239.77271670000005,0.0,0.0,6000.0,6000.0
2025-01-25,63,10:20,10:30,-254.08666670000002,0.0,0.0,0.0,254.08666670000002,0.0,0.0,6000.0,6000.0
2025-01-25,64,10:30,10:40,-295.360633,0.0,0.0,0.0,295.360633,0.0,0.0,6000.0,6000.0
2025-01-25,65,10:40,10:50,-307.83835,0.0,0.0,0.0,307.83835,0.0,0.0,6000.0,6000.0
2025-01-25,66,10:50,11:00,-306.15083330000004,0.0,0.0,0.0,306.15083330000004,0.0,0.0,6000.0,6000.0
2025-01-25,67,11:00,11:10,-361.40271630000007,0.0,0.0,0.0,361.40271630000007,0.0,0.0,6000.0,6000.0
2025-01-25,68,11:10,11:20,-379.8637,0.0,0.0,0.0,379.8637,0.0,0.0,6000.0,6000.0
2025-01-25,69,11:20,11:30,-344.28541670000004,0.0,0.0,0.0,344.28541670000004,0.0,0.0,6000.0,6000.0
2025-01-25,70,11:30,11:40,-340.53531699999996,0.0,0.0,0.0,340.53531699999996,0.0,0.0,6000.0,6000.0
2025-01-25,71,11:40,11:50,-389.6424333000001,0.0,0.0,0.0,389.6424333000001,0.0,0.0,6000.0,6000.0
2025-01-25,72,11:50,12:00,-445.3420832999999,0.0,0.0,0.0,445.3420832999999,0.0,0.0,6000.0,6000.0
2025-01-25,73,12:00,12:10,-440.1433830000001,0.0,0.0,0.0,440.1433830000001,0.0,0.0,6000.0,6000.0
2025-01-25,74,12:10,12:20,-419.2328833,0.0,0.0,0.0,419.2328833,0.0,0.0,6000.0,6000.0
2025-01-25,75,12:20,12:30,-421.63374999999996,0.0,0.0,0.0,421.63374999999996,0.0,0.0,6000.0,6000.0
2025-01-25,76,12:30,12:40,-445.4481330000001,0.0,0.0,0.0,445.4481330000001,0.0,0.0,6000.0,6000.0
2025-01-25,77,12:40,12:50,-465.15504999999996,0.0,0.0,0.0,465.15504999999996,0.0,0.0,6000.0,6000.0
2025-01-25,78,12:50,13:00,-462.02250000000004,0.0,0.0,0.0,462.02250000000004,0.0,0.0,6000.0,6000.0
2025-01-25,79,13:00,13:10,-437.62868330000003,0.0,0.0,0.0,437.62868330000003,0.0,0.0,6000.0,6000.0
2025-01-25,80,13:10,13:20,-423.35186669999996,0.0,0.0,0.0,423.35186669999996,0.0,0.0,6000.0,6000.0
2025-01-25,81,13:20,13:30,-407.9654167,0.0,0.0,0.0,407.9654167,0.0,0.0,6000.0,6000.0
2025-01-25,82,13:30,13:40,-352.7856333000001,0.0,0.0,0.0,352.7856333000001,0.0,0.0,6000.0,6000.0
2025-01-25,83,13:40,13:50,-306.3058334,0.0,0.0,0.0,306.3058334,0.0,0.0,6000.0,6000.0
2025-01-25,84,13:50,14:00,-278.54625,0.0,0.0,0.0,278.54625,0.0,0.0,6000.0,6000.0
2025-01-25,85,14:00,14:10,-233.03924999999992,0.0,0.0,0.0,233.03924999999992,0.0,0.0,6000.0,6000.0
2025-01-25,86,14:10,14:20,-189.66646659999992,0.0,0.0,0.0,189.66646659999992,0.0,0.0,6000.0,6000.0
2025-01-25,87,14:20,14:30,-161.16083330000004,0.0,0.0,0.0,161.16083330000004,0.0,0.0,6000.0,6000.0
2025-01-25,88,14:30,14:40,-136.28133330000003,0.0,0.0,0.0,136.28133330000003,0.0,0.0,6000.0,6000.0
2025-01-25,89,14:40,14:50,-95.91665,0.0,0.0,0.0,95.91665,0.0,0.0,6000.0,6000.0
2025-01-25,90,14:50,15:00,-28.516250000000014,32.596666700000014,0.0,0.0,28.516250000000014,0.0,0.0,6000.0,6000.0
2025-01-25,91,15:00,15:10,58.28113339999993,39.73616670000001,39.73616670000001,18.544966699999918,0.0,0.0,0.0,6000.0,6000.0
2025-01-25,92,15:10,15:20,119.00723340000002,87.5817333,87.5817333,31.425500100000022,0.0,0.0,0.0,6000.0,6000.0
2025-01-25,93,15:20,15:30,139.26,174.54375,139.26,0.0,0.0,0.0,0.0,6000.0,6000.0
2025-01-25,94,15:30,15:40,149.8426167,222.52133340000006,149.8426167,0.0,0.0,0.0,0.0,6000.0,6000.0
2025-01-25,95,15:40,15:50,197.74863340000002,257.44146670000003,197.74863340000002,0.0,0.0,0.0,0.0,6000.0,6000.0
2025-01-25,96,15:50,16:00,266.5833333,301.6183333,266.5833333,0.0,0.0,0.0,0.0,6000.0,6000.0
2025-01-25,97,16:00,16:10,300.4040333,344.10466670000005,300.4040333,0.0,0.0,0.0,0.0,6000.0,6000.0
2025-01-25,98,16:10,16:20,350.03875000000005,365.93395,350.03875000000005,0.0,0.0,0.0,0.0,6000.0,6000.0
2025-01-25,99,16:20,16:30,425.40125,392.56249999999994,392.56249999999994,32.83875000000006,0.0,0.0,0.0,6000.0,6000.0
2025-01-25,100,16:30,16:40,471.58295000000004,456.20784999999995,456.20784999999995,15.375100000000089,0.0,0.0,0.0,6000.0,6000.0
2025-01-25,101,16:40,16:50,451.32416666999995,440.3868667,440.3868667,10.93729996999997,0.0,0.0,0.0,6000.0,6000.0
2025-01-25,102,16:50,17:00,413.6354167,386.89625,386.89625,26.7391667,0.0,0.0,0.0,6000.0,6000.0
2025-01-25,103,17:00,17:10,445.0676667,453.75325,445.0676667,0.0,0.0,0.0,0.0,6000.0,6000.0
2025-01-25,104,17:10,17:20,459.7555833,486.1060667,459.7555833,0.0,0.0,0.0,0.0,6000.0,6000.0
2025-01-25,105,17:20,17:30,444.7633333,452.08,444.7633333,0.0,0.0,0.0,0.0,6000.0,6000.0
2025-01-25,106,17:30,17:40,452.7341666667,455.98149996669997,452.7341666667,0.0,0.0,0.0,0.0,6000.0,6000.0
2025-01-25,107,17:40,17:50,457.29255,445.5973167,445.5973167,11.695233299999984,0.0,0.0,0.0,6000.0,6000.0
2025-01-25,108,17:50,18:00,448.4083333,424.8666667,424.8666667,23.541666599999985,0.0,0.0,0.0,6000.0,6000.0
2025-01-25,109,18:00,18:10,450.54721663333,460.61699996667,450.54721663333,0.0,0.0,0.0,0.0,6000.0,6000.0
2025-01-25,110,18:10,18:20,463.7063333,474.8075333,463.7063333,0.0,0.0,0.0,0.0,6000.0,6000.0
2025-01-25,111,18:20,18:30,476.4733333,457.39,457.39,19.083333299999993,0.0,0.0,0.0,6000.0,6000.0
2025-01-25,112,18:30,18:40,480.70805,474.1970167,474.1970167,6.511033300000008,0.0,0.0,0.0,6000.0,6000.0
2025-01-25,113,18:40,18:50,497.4809167,475.7190833,475.7190833,21.7618334,0.0,0.0,0.0,6000.0,6000.0
2025-01-25,114,18:50,19:00,503.9416667,456.475,456.475,47.46666669999996,0.0,0.0,0.0,6000.0,6000.0
2025-01-25,115,19:00,19:10,455.07103336666665,462.3274833,455.07103336666665,0.0,0.0,0.0,0.0,6000.0,6000.0
2025-01-25,116,19:10,19:20,419.24585,451.2403667,419.24585,0.0,0.0,0.0,0.0,6000.0,6000.0
2025-01-25,117,19:20,19:30,426.625,424.0016667,424.0016667,2.623333300000013,0.0,0.0,0.0,6000.0,6000.0
2025-01-25,118,19:30,19:40,446.06005,428.9102167,428.9102167,17.14983330000001,0.0,0.0,0.0,6000.0,6000.0
2025-01-25,119,19:40,19:50,469.3383167,443.1460333,443.1460333,26.192283400000008,0.0,0.0,0.0,6000.0,6000.0
2025-01-25,120,19:50,20:00,486.7433333,454.6183333,454.6183333,32.125,0.0,0.0,0.0,6000.0,6000.0
2025-01-25,121,20:00,20:10,486.3579333,473.0044167,473.0044167,13.353516600000034,0.0,0.0,0.0,6000.0,6000.0
2025-01-25,122,20:10,20:20,478.8691667,478.7610167,478.7610167,0.10814999999996644,0.0,0.0,0.0,6000.0,6000.0
2025-01-25,123,20:20,20:30,469.4533333,458.985,458.985,10.468333299999983,0.0,0.0,0.0,6000.0,6000.0
2025-01-25,124,20:30,20:40,460.2298,428.7851167,428.7851167,31.44468330000001,0.0,0.0,0.0,6000.0,6000.0
2025-01-25,125,20:40,20:50,483.4034333,453.38105,453.38105,30.0223833,0.0,0.0,0.0,6000.0,6000.0
2025-01-25,126,20:50,21:00,517.75,499.5683333,499.5683333,18.181666699999994,0.0,0.0,0.0,6000.0,6000.0
2025-01-25,127,21:00,21:10,503.43445,473.2319333,473.2319333,30.202516700000047,0.0,0.0,0.0,6000.0,6000.0
2025-01-25,128,21:10,21:20,470.0101667,474.03,470.0101667,0.0,0.0,0.0,0.0,6000.0,6000.0
2025-01-25,129,21:20,21:30,459.4616667,520.1183333,459.4616667,0.0,0.0,0.0,0.0,6000.0,6000.0
2025-01-25,130,21:30,21:40,482.5718833,516.3050167,482.5718833,0.0,0.0,0.0,0.0,6000.0,6000.0
2025-01-25,131,21:40,21:50,471.31835,441.8484833,441.8484833,29.46986670000001,0.0,0.0,0.0,6000.0,6000.0
2025-01-25,132,21:50,22:00,421.1916667,368.615,368.615,52.576666699999976,0.0,0.0,0.0,6000.0,6000.0
2025-01-25,133,22:00,22:10,397.85775,394.9870833,394.9870833,2.8706667000000152,0.0,0.0,0.0,6000.0,6000.0
2025-01-25,134,22:10,22:20,414.09025,438.5496667,414.09025,0.0,0.0,0.0,0.0,6000.0,6000.0
2025-01-25,135,22:20,22:30,441.1966667,447.1616667,441.1966667,0.0,0.0,0.0,0.0,6000.0,6000.0
2025-01-25,136,22:30,22:40,436.9173833,441.2998667,436.9173833,0.0,0.0,0.0,0.0,6000.0,6000.0
2025-01-25,137,22:40,22:50,413.8672333,427.1882333,413.8672333,0.0,0.0,0.0,0.0,6000.0,6000.0
2025-01-25,138,22:50,23:00,394.6483333,414.8,394.6483333,0.0,0.0,0.0,0.0,6000.0,6000.0
2025-01-25,139,23:00,23:10,393.7120667,412.7359,393.7120667,0.0,0.0,0.0,0.0,6000.0,6000.0
2025-01-25,140,23:10,23:20,408.6156667,394.0887167,394.0887167,14.52695,0.0,0.0,0.0,6000.0,6000.0
2025-01-25,141,23:20,23:30,423.2416667,381.785,381.785,41.45666669999997,0.0,0.0,0.0,6000.0,6000.0
2025-01-25,142,23:30,23:40,429.6743167,426.4114833,426.4114833,3.2628334000000336,0.0,0.0,0.0,6000.0,6000.0
2025-01-25,143,23:40,23:50,486.5695333,457.4749667,457.4749667,29.094566600000007,0.0,0.0,0.0,6000.0,6000.0
2025-01-25,144,23:50,24:00,573.3933333,452.7533333,452.7533333,120.63999999999999,0.0,0.0,0.0,6000.0,6000.0
2025-01-26,1,00:00,00:10,603.02365,454.3254333,454.3254333,148.6982167,0.0,0.0,0.0,6000.0,6000.0
2025-01-26,2,00:10,00:20,604.1721333,446.6726833,446.6726833,157.49945000000002,0.0,0.0,0.0,6000.0,6000.0
2025-01-26,3,00:20,00:30,600.02,443.3066667,443.3066667,156.7133333,0.0,0.0,0.0,6000.0,6000.0
2025-01-26,4,00:30,00:40,587.6106667,476.9869167,476.9869167,110.62375000000003,0.0,0.0,0.0,6000.0,6000.0
2025-01-26,5,00:40,00:50,599.4886833,484.26815,484.26815,115.22053330000006,0.0,0.0,0.0,6000.0,6000.0
2025-01-26,6,00:50,01:00,629.2333333,468.2083333,468.2083333,161.02500000000003,0.0,0.0,0.0,6000.0,6000.0
2025-01-26,7,01:00,01:10,636.3726833,490.4389667,490.4389667,145.93371659999997,0.0,0.0,0.0,6000.0,6000.0
2025-01-26,8,01:10,01:20,636.0457333,487.2113167,487.2113167,148.83441660000005,0.0,0.0,0.0,6000.0,6000.0
2025-01-26,9,01:20,01:30,632.6066667,464.605,464.605,168.0016667,0.0,0.0,0.0,6000.0,6000.0
2025-01-26,10,01:30,01:40,614.5470667,494.2724,494.2724,120.27466669999995,0.0,0.0,0.0,6000.0,6000.0
2025-01-26,11,01:40,01:50,607.03785,505.68945,505.68945,101.34840000000003,0.0,0.0,0.0,6000.0,6000.0
2025-01-26,12,01:50,02:00,627.8416667,487.8366667,487.8366667,140.005,0.0,0.0,0.0,6000.0,6000.0
2025-01-26,13,02:00,02:10,668.8419,501.9057667,501.9057667,166.9361333,0.0,0.0,0.0,6000.0,6000.0
2025-01-26,14,02:10,02:20,687.6550833,514.9269333,514.9269333,172.72815000000003,0.0,0.0,0.0,6000.0,6000.0
2025-01-26,15,02:20,02:30,675.1283333,507.5433333,507.5433333,167.58500000000004,0.0,0.0,0.0,6000.0,6000.0
2025-01-26,16,02:30,02:40,656.5923,497.95935,497.95935,158.63295000000005,0.0,0.0,0.0,6000.0,6000.0
2025-01-26,17,02:40,02:50,630.04515,501.06135,501.06135,128.98380000000003,0.0,0.0,0.0,6000.0,6000.0
2025-01-26,18,02:50,03:00,613.0833333,514.0583333,514.0583333,99.02500000000009,0.0,0.0,0.0,6000.0,6000.0
2025-01-26,19,03:00,03:10,637.3823167,521.0511333,521.0511333,116.3311834000001,0.0,0.0,0.0,6000.0,6000.0
2025-01-26,20,03:10,03:20,683.0044,519.49595,519.49595,163.50845000000004,0.0,0.0,0.0,6000.0,6000.0
2025-01-26,21,03:20,03:30,708.3066667,512.11,512.11,196.19666670000004,0.0,0.0,0.0,6000.0,6000.0
2025-01-26,22,03:30,03:40,685.7917,505.4489333,505.4489333,180.34276669999997,0.0,0.0,0.0,6000.0,6000.0
2025-01-26,23,03:40,03:50,675.7256667,513.3439333,513.3439333,162.38173340000003,0.0,0.0,0.0,6000.0,6000.0
2025-01-26,24,03:50,04:00,695.69,526.1366667,526.1366667,169.55333330000008,0.0,0.0,0.0,6000.0,6000.0
2025-01-26,25,04:00,04:10,705.8111833,520.9297333,520.9297333,184.8814500000001,0.0,0.0,0.0,6000.0,6000.0
2025-01-26,26,04:10,04:20,696.4243167,521.74715,521.74715,174.67716669999993,0.0,0.0,0.0,6000.0,6000.0
2025-01-26,27,04:20,04:30,692.35,535.505,535.505,156.84500000000003,0.0,0.0,0.0,6000.0,6000.0
2025-01-26,28,04:30,04:40,720.47335,545.0267,545.0267,175.44664999999998,0.0,0.0,0.0,6000.0,6000.0
2025-01-26,29,04:40,04:50,715.4342166666667,552.6249000333333,552.6249000333333,162.8093166333333,0.0,0.0,0.0,6000.0,6000.0
2025-01-26,30,04:50,05:00,688.285,552.055,552.055,136.23000000000002,0.0,0.0,0.0,6000.0,6000.0
2025-01-26,31,05:00,05:10,713.5248833,534.5888667,534.5888667,178.93601660000002,0.0,0.0,0.0,6000.0,6000.0
2025-01-26,32,05:10,05:20,724.1948166666671,534.8794667000001,534.8794667000001,189.315349966667,0.0,0.0,0.0,6000.0,6000.0
2025-01-26,33,05:20,05:30,703.2716667,560.185,560.185,143.08666670000002,0.0,0.0,0.0,6000.0,6000.0
2025-01-26,34,05:30,05:40,715.3684833,579.5324,579.5324,135.83608329999993,0.0,0.0,0.0,6000.0,6000.0
2025-01-26,35,05:40,05:50,801.91968333333,564.9053,564.9053,237.01438333333,0.0,0.0,0.0,6000.0,6000.0
2025-01-26,36,05:50,06:00,901.8566667,540.6216667,540.6216667,361.235,0.0,0.0,0.0,6000.0,6000.0
2025-01-26,37,06:00,06:10,907.4837833,556.1276667,556.1276667,351.35611660000006,0.0,0.0,0.0,6000.0,6000.0
2025-01-26,38,06:10,06:20,903.82985,560.6391833,560.6391833,343.19066669999995,0.0,0.0,0.0,6000.0,6000.0
2025-01-26,39,06:20,06:30,915.7416667,546.345,546.345,369.39666669999997,0.0,0.0,0.0,6000.0,6000.0
2025-01-26,40,06:30,06:40,886.9546167,560.0128667,560.0128667,326.94174999999996,0.0,0.0,0.0,6000.0,6000.0
2025-01-26,41,06:40,06:50,883.635216633,603.1100332999999,603.1100332999999,280.5251833330001,0.0,0.0,0.0,6000.0,6000.0
2025-01-26,42,06:50,07:00,894.3908333,613.4525,613.4525,280.93833330000007,0.0,0.0,0.0,6000.0,6000.0
2025-01-26,43,07:00,07:10,858.53308333,545.83255,545.83255,312.70053333,0.0,0.0,0.0,6000.0,6000.0
2025-01-26,44,07:10,07:20,827.1202000000001,508.1014834,508.1014834,319.01871660000006,0.0,0.0,0.0,6000.0,6000.0
2025-01-26,45,07:20,07:30,779.2016667,512.93375,512.93375,266.2679167,0.0,0.0,0.0,6000.0,6000.0
2025-01-26,46,07:30,07:40,668.5932499999999,466.6756167,466.6756167,201.91763329999992,0.0,0.0,0.0,6000.0,6000.0
2025-01-26,47,07:40,07:50,737.5052166999999,387.8849,387.8849,349.6203166999999,0.0,0.0,0.0,6000.0,6000.0
2025-01-26,48,07:50,08:00,910.677083,318.17291670000003,318.17291670000003,592.5041663,0.0,0.0,0.0,6000.0,6000.0
2025-01-26,49,08:00,08:10,856.9849997,279.52016660000004,279.52016660000004,577.4648331,0.0,0.0,0.0,6000.0,6000.0
2025-01-26,50,08:10,08:20,774.1537503,242.59584999999998,242.59584999999998,531.5579003,0.0,0.0,0.0,6000.0,6000.0
2025-01-26,51,08:20,08:30,758.84625,194.97041670000004,194.97041670000004,563.8758333000001,0.0,0.0,0.0,6000.0,6000.0
2025-01-26,52,08:30,08:40,702.3563333000001,151.82704999999999,151.82704999999999,550.5292833000001,0.0,0.0,0.0,6000.0,6000.0
2025-01-26,53,08:40,08:50,624.1227337000001,119.95500000000004,119.95500000000004,504.1677337000001,0.0,0.0,0.0,6000.0,6000.0
2025-01-26,54,08:50,09:00,563.4845829999999,98.87749999999994,98.87749999999994,464.607083,0.0,0.0,0.0,6000.0,6000.0
2025-01-26,55,09:00,09:10,530.1598497000001,77.71031670000002,77.71031670000002,452.4495330000001,0.0,0.0,0.0,6000.0,6000.0
2025-01-26,56,09:10,09:20,477.18093369999997,25.748050000000035,25.748050000000035,451.43288369999993,0.0,0.0,0.0,6000.0,6000.0
2025-01-26,57,09:20,09:30,407.5816669999999,0.0,0.0,407.5816669999999,0.0,0.0,0.0,6000.0,6000.0
2025-01-26,58,09:30,09:40,372.910983,0.0,0.0,372.910983,0.0,0.0,0.0,6000.0,6000.0
2025-01-26,59,09:40,09:50,362.85826629999997,0.0,0.0,362.85826629999997,0.0,0.0,0.0,6000.0,6000.0
2025-01-26,60,09:50,10:00,353.74,0.0,0.0,353.74,0.0,0.0,0.0,6000.0,6000.0
2025-01-26,61,10:00,10:10,325.12273300000004,0.0,0.0,325.12273300000004,0.0,0.0,0.0,6000.0,6000.0
2025-01-26,62,10:10,10:20,261.23831700000005,0.0,0.0,261.23831700000005,0.0,0.0,0.0,6000.0,6000.0
2025-01-26,63,10:20,10:30,212.217083,0.0,0.0,212.217083,0.0,0.0,0.0,6000.0,6000.0
2025-01-26,64,10:30,10:40,241.61173369999995,0.0,0.0,241.61173369999995,0.0,0.0,0.0,6000.0,6000.0
2025-01-26,65,10:40,10:50,215.63875000000007,0.0,0.0,215.63875000000007,0.0,0.0,0.0,6000.0,6000.0
2025-01-26,66,10:50,11:00,133.05208299999993,0.0,0.0,133.05208299999993,0.0,0.0,0.0,6000.0,6000.0
2025-01-26,67,11:00,11:10,130.4853999999999,0.0,0.0,130.4853999999999,0.0,0.0,0.0,6000.0,6000.0
2025-01-26,68,11:10,11:20,166.93516599999998,0.0,0.0,166.93516599999998,0.0,0.0,0.0,6000.0,6000.0
2025-01-26,69,11:20,11:30,181.7595829999999,0.0,0.0,181.7595829999999,0.0,0.0,0.0,6000.0,6000.0
2025-01-26,70,11:30,11:40,154.50338299999999,0.0,0.0,154.50338299999999,0.0,0.0,0.0,6000.0,6000.0
2025-01-26,71,11:40,11:50,117.91743299999996,0.0,0.0,117.91743299999996,0.0,0.0,0.0,6000.0,6000.0
2025-01-26,72,11:50,12:00,107.96333300000003,0.0,0.0,107.96333300000003,0.0,0.0,0.0,6000.0,6000.0
2025-01-26,73,12:00,12:10,137.8383336999999,0.0,0.0,137.8383336999999,0.0,0.0,0.0,6000.0,6000.0
2025-01-26,74,12:10,12:20,170.15393300000005,0.0,0.0,170.15393300000005,0.0,0.0,0.0,6000.0,6000.0
2025-01-26,75,12:20,12:30,184.21875,0.0,0.0,184.21875,0.0,0.0,0.0,6000.0,6000.0
2025-01-26,76,12:30,12:40,192.42266670000004,0.0,0.0,192.42266670000004,0.0,0.0,0.0,6000.0,6000.0
2025-01-26,77,12:40,12:50,220.20655,0.0,0.0,220.20655,0.0,0.0,0.0,6000.0,6000.0
2025-01-26,78,12:50,13:00,242.94041700000002,0.0,0.0,242.94041700000002,0.0,0.0,0.0,6000.0,6000.0
2025-01-26,79,13:00,13:10,212.69488330000001,0.0,0.0,212.69488330000001,0.0,0.0,0.0,6000.0,6000.0
2025-01-26,80,13:10,13:20,196.88856670000007,0.0,0.0,196.88856670000007,0.0,0.0,0.0,6000.0,6000.0
2025-01-26,81,13:20,13:30,212.6516670000001,0.0,0.0,212.6516670000001,0.0,0.0,0.0,6000.0,6000.0
2025-01-26,82,13:30,13:40,216.0175496999999,0.0,0.0,216.0175496999999,0.0,0.0,0.0,6000.0,6000.0
2025-01-26,83,13:40,13:50,235.89305000000013,0.0,0.0,235.89305000000013,0.0,0.0,0.0,6000.0,6000.0
2025-01-26,84,13:50,14:00,284.5391669999999,0.0,0.0,284.5391669999999,0.0,0.0,0.0,6000.0,6000.0
2025-01-26,85,14:00,14:10,339.88570029999994,0.0,0.0,339.88570029999994,0.0,0.0,0.0,6000.0,6000.0
2025-01-26,86,14:10,14:20,385.2297833,0.0,0.0,385.2297833,0.0,0.0,0.0,6000.0,6000.0
2025-01-26,87,14:20,14:30,399.4895829999999,0.0,0.0,399.4895829999999,0.0,0.0,0.0,6000.0,6000.0
2025-01-26,88,14:30,14:40,380.6617336999999,0.0,0.0,380.6617336999999,0.0,0.0,0.0,6000.0,6000.0
2025-01-26,89,14:40,14:50,421.5964836999999,0.0,0.0,421.5964836999999,0.0,0.0,0.0,6000.0,6000.0
2025-01-26,90,14:50,15:00,504.35458299999993,0.0,0.0,504.35458299999993,0.0,0.0,0.0,6000.0,6000.0
2025-01-26,91,15:00,15:10,523.2194003,58.28113339999993,58.28113339999993,464.93826690000003,0.0,0.0,0.0,6000.0,6000.0
2025-01-26,92,15:10,15:20,555.2113163,119.00723340000002,119.00723340000002,436.2040829,0.0,0.0,0.0,6000.0,6000.0
2025-01-26,93,15:20,15:30,623.653333,139.26,139.26,484.393333,0.0,0.0,0.0,6000.0,6000.0
2025-01-26,94,15:30,15:40,669.1045500000001,149.8426167,149.8426167,519.2619333000001,0.0,0.0,0.0,6000.0,6000.0
2025-01-26,95,15:40,15:50,703.9303333,197.74863340000002,197.74863340000002,506.1816999,0.0,0.0,0.0,6000.0,6000.0
2025-01-26,96,15:50,16:00,746.3591669999998,266.5833333,266.5833333,479.77583369999985,0.0,0.0,0.0,6000.0,6000.0
2025-01-26,97,16:00,16:10,795.8285837000001,300.4040333,300.4040333,495.4245504000001,0.0,0.0,0.0,6000.0,6000.0
2025-01-26,98,16:10,16:20,831.0545500000001,350.03875000000005,350.03875000000005,481.0158,0.0,0.0,0.0,6000.0,6000.0
2025-01-26,99,16:20,16:30,863.385417,425.40125,425.40125,437.98416699999996,0.0,0.0,0.0,6000.0,6000.0
2025-01-26,100,16:30,16:40,924.4958836999999,471.58295000000004,471.58295000000004,452.9129336999999,0.0,0.0,0.0,6000.0,6000.0
2025-01-26,101,16:40,16:50,978.2072000000001,451.32416666999995,451.32416666999995,526.8830333300001,0.0,0.0,0.0,6000.0,6000.0
2025-01-26,102,16:50,17:00,1005.3474999999999,413.6354167,413.6354167,591.7120832999999,0.0,0.0,0.0,6000.0,6000.0
2025-01-26,103,17:00,17:10,1020.1125170000001,445.0676667,445.0676667,575.0448503000001,0.0,0.0,0.0,6000.0,6000.0
2025-01-26,104,17:10,17:20,1030.122033,459.7555833,459.7555833,570.3664497000001,0.0,0.0,0.0,6000.0,6000.0
2025-01-26,105,17:20,17:30,1060.156667,444.7633333,444.7633333,615.3933337,0.0,0.0,0.0,6000.0,6000.0
2025-01-26,106,17:30,17:40,1084.3365003333,452.7341666667,452.7341666667,631.6023336665999,0.0,0.0,0.0,6000.0,6000.0
2025-01-26,107,17:40,17:50,937.7246833,457.29255,457.29255,480.43213330000003,0.0,0.0,0.0,6000.0,6000.0
2025-01-26,108,17:50,18:00,721.0583333,448.4083333,448.4083333,272.65,0.0,0.0,0.0,6000.0,6000.0
2025-01-26,109,18:00,18:10,718.9384167000001,450.54721663333,450.54721663333,268.3912000666701,0.0,0.0,0.0,6000.0,6000.0
2025-01-26,110,18:10,18:20,745.8739167,463.7063333,463.7063333,282.1675834,0.0,0.0,0.0,6000.0,6000.0
2025-01-26,111,18:20,18:30,722.7716667,476.4733333,476.4733333,246.2983334,0.0,0.0,0.0,6000.0,6000.0
2025-01-26,112,18:30,18:40,753.03905,480.70805,480.70805,272.33099999999996,0.0,0.0,0.0,6000.0,6000.0
2025-01-26,113,18:40,18:50,764.2413,497.4809167,497.4809167,266.7603833,0.0,0.0,0.0,6000.0,6000.0
2025-01-26,114,18:50,19:00,733.6166667,503.9416667,503.9416667,229.675,0.0,0.0,0.0,6000.0,6000.0
2025-01-26,115,19:00,19:10,717.0770666666667,455.07103336666665,455.07103336666665,262.00603330000007,0.0,0.0,0.0,6000.0,6000.0
2025-01-26,116,19:10,19:20,702.5284167,419.24585,419.24585,283.28256669999996,0.0,0.0,0.0,6000.0,6000.0
2025-01-26,117,19:20,19:30,703.2566667,426.625,426.625,276.6316667,0.0,0.0,0.0,6000.0,6000.0
2025-01-26,118,19:30,19:40,746.0904167,446.06005,446.06005,300.0303667,0.0,0.0,0.0,6000.0,6000.0
2025-01-26,119,19:40,19:50,743.8061833,469.3383167,469.3383167,274.46786660000004,0.0,0.0,0.0,6000.0,6000.0
2025-01-26,120,19:50,20:00,706.1016667,486.7433333,486.7433333,219.3583334,0.0,0.0,0.0,6000.0,6000.0
2025-01-26,121,20:00,20:10,726.96335,486.3579333,486.3579333,240.60541669999998,0.0,0.0,0.0,6000.0,6000.0
2025-01-26,122,20:10,20:20,738.0812667,478.8691667,478.8691667,259.2121,0.0,0.0,0.0,6000.0,6000.0
2025-01-26,123,20:20,20:30,724.62,469.4533333,469.4533333,255.1666667,0.0,0.0,0.0,6000.0,6000.0
2025-01-26,124,20:30,20:40,741.7004,460.2298,460.2298,281.47059999999993,0.0,0.0,0.0,6000.0,6000.0
2025-01-26,125,20:40,20:50,745.2908333,483.4034333,483.4034333,261.8874,0.0,0.0,0.0,6000.0,6000.0
2025-01-26,126,20:50,21:00,728.1283333,517.75,517.75,210.3783333,0.0,0.0,0.0,6000.0,6000.0
2025-01-26,127,21:00,21:10,729.1595833,503.43445,503.43445,225.72513329999998,0.0,0.0,0.0,6000.0,6000.0
2025-01-26,128,21:10,21:20,723.8367,470.0101667,470.0101667,253.82653329999994,0.0,0.0,0.0,6000.0,6000.0
2025-01-26,129,21:20,21:30,718.5683333,459.4616667,459.4616667,259.1066665999999,0.0,0.0,0.0,6000.0,6000.0
2025-01-26,130,21:30,21:40,734.9872833,482.5718833,482.5718833,252.41539999999992,0.0,0.0,0.0,6000.0,6000.0
2025-01-26,131,21:40,21:50,672.7035333,471.31835,471.31835,201.3851833,0.0,0.0,0.0,6000.0,6000.0
2025-01-26,132,21:50,22:00,563.0283333,421.1916667,421.1916667,141.8366666,0.0,0.0,0.0,6000.0,6000.0
2025-01-26,133,22:00,22:10,547.6134,397.85775,397.85775,149.75564999999995,0.0,0.0,0.0,6000.0,6000.0
2025-01-26,134,22:10,22:20,561.8911167,414.09025,414.09025,147.80086669999997,0.0,0.0,0.0,6000.0,6000.0
2025-01-26,135,22:20,22:30,563.8233333,441.1966667,441.1966667,122.62666659999996,0.0,0.0,0.0,6000.0,6000.0
2025-01-26,136,22:30,22:40,577.0038667,436.9173833,436.9173833,140.08648340000002,0.0,0.0,0.0,6000.0,6000.0
2025-01-26,137,22:40,22:50,584.8553167,413.8672333,413.8672333,170.9880834,0.0,0.0,0.0,6000.0,6000.0
2025-01-26,138,22:50,23:00,577.9266667,394.6483333,394.6483333,183.27833340000007,0.0,0.0,0.0,6000.0,6000.0
2025-01-26,139,23:00,23:10,570.03185,393.7120667,393.7120667,176.31978329999998,0.0,0.0,0.0,6000.0,6000.0
2025-01-26,140,23:10,23:20,593.2026,408.6156667,408.6156667,184.58693329999994,0.0,0.0,0.0,6000.0,6000.0
2025-01-26,141,23:20,23:30,619.4383333,423.2416667,423.2416667,196.19666659999996,0.0,0.0,0.0,6000.0,6000.0
2025-01-26,142,23:30,23:40,592.3814333,429.6743167,429.6743167,162.7071166,0.0,0.0,0.0,6000.0,6000.0
2025-01-26,143,23:40,23:50,594.3999667,486.5695333,486.5695333,107.83043340000006,0.0,0.0,0.0,6000.0,6000.0
2025-01-26,144,23:50,24:00,620.3683333,573.3933333,573.3933333,46.97500000000002,0.0,0.0,0.0,6000.0,6000.0
2025-01-27,1,00:00,00:10,586.1554667,603.02365,586.1554667,0.0,0.0,0.0,0.0,6000.0,6000.0
2025-01-27,2,00:10,00:20,577.7903333,604.1721333,577.7903333,0.0,0.0,0.0,0.0,6000.0,6000.0
2025-01-27,3,00:20,00:30,603.5,600.02,600.02,3.480000000000018,0.0,0.0,0.0,6000.0,6000.0
2025-01-27,4,00:30,00:40,585.1310833,587.6106667,585.1310833,0.0,0.0,0.0,0.0,6000.0,6000.0
2025-01-27,5,00:40,00:50,582.2228,599.4886833,582.2228,0.0,0.0,0.0,0.0,6000.0,6000.0
2025-01-27,6,00:50,01:00,609.2133333,629.2333333,609.2133333,0.0,0.0,0.0,0.0,6000.0,6000.0
2025-01-27,7,01:00,01:10,617.1881333,636.3726833,617.1881333,0.0,0.0,0.0,0.0,6000.0,6000.0
2025-01-27,8,01:10,01:20,626.0349333,636.0457333,626.0349333,0.0,0.0,0.0,0.0,6000.0,6000.0
2025-01-27,9,01:20,01:30,645.6816667,632.6066667,632.6066667,13.075000000000045,0.0,0.0,0.0,6000.0,6000.0
2025-01-27,10,01:30,01:40,658.2089833,614.5470667,614.5470667,43.66191660000004,0.0,0.0,0.0,6000.0,6000.0
2025-01-27,11,01:40,01:50,647.7895333,607.03785,607.03785,40.75168329999997,0.0,0.0,0.0,6000.0,6000.0
2025-01-27,12,01:50,02:00,628.665,627.8416667,627.8416667,0.8233332999999448,0.0,0.0,0.0,6000.0,6000.0
2025-01-27,13,02:00,02:10,630.6108833,668.8419,630.6108833,0.0,0.0,0.0,0.0,6000.0,6000.0
2025-01-27,14,02:10,02:20,630.7115167,687.6550833,630.7115167,0.0,0.0,0.0,0.0,6000.0,6000.0
2025-01-27,15,02:20,02:30,640.8966667,675.1283333,640.8966667,0.0,0.0,0.0,0.0,6000.0,6000.0
2025-01-27,16,02:30,02:40,692.9225333,656.5923,656.5923,36.33023330000003,0.0,0.0,0.0,6000.0,6000.0
2025-01-27,17,02:40,02:50,708.5644333,630.04515,630.04515,78.51928329999998,0.0,0.0,0.0,6000.0,6000.0
2025-01-27,18,02:50,03:00,674.2066667,613.0833333,613.0833333,61.12333339999998,0.0,0.0,0.0,6000.0,6000.0
2025-01-27,19,03:00,03:10,653.14355,637.3823167,637.3823167,15.761233299999958,0.0,0.0,0.0,6000.0,6000.0
2025-01-27,20,03:10,03:20,646.1590167,683.0044,646.1590167,0.0,0.0,0.0,0.0,6000.0,6000.0
2025-01-27,21,03:20,03:30,646.2916667,708.3066667,646.2916667,0.0,0.0,0.0,0.0,6000.0,6000.0
2025-01-27,22,03:30,03:40,657.8371,685.7917,657.8371,0.0,0.0,0.0,0.0,6000.0,6000.0
2025-01-27,23,03:40,03:50,692.54085,675.7256667,675.7256667,16.815183299999944,0.0,0.0,0.0,6000.0,6000.0
2025-01-27,24,03:50,04:00,718.94,695.69,695.69,23.25,0.0,0.0,0.0,6000.0,6000.0
2025-01-27,25,04:00,04:10,693.5300167,705.8111833,693.5300167,0.0,0.0,0.0,0.0,6000.0,6000.0
2025-01-27,26,04:10,04:20,699.3288167,696.4243167,696.4243167,2.9044999999999845,0.0,0.0,0.0,6000.0,6000.0
2025-01-27,27,04:20,04:30,733.1016667,692.35,692.35,40.75166669999999,0.0,0.0,0.0,6000.0,6000.0
2025-01-27,28,04:30,04:40,711.9625,720.47335,711.9625,0.0,0.0,0.0,0.0,6000.0,6000.0
2025-01-27,29,04:40,04:50,703.71945,715.4342166666667,703.71945,0.0,0.0,0.0,0.0,6000.0,6000.0
2025-01-27,30,04:50,05:00,719.375,688.285,688.285,31.090000000000032,0.0,0.0,0.0,6000.0,6000.0
2025-01-27,31,05:00,05:10,701.7058667,713.5248833,701.7058667,0.0,0.0,0.0,0.0,6000.0,6000.0
2025-01-27,32,05:10,05:20,700.196483366667,724.1948166666671,700.196483366667,0.0,0.0,0.0,0.0,6000.0,6000.0
2025-01-27,33,05:20,05:30,712.085,703.2716667,703.2716667,8.813333300000068,0.0,0.0,0.0,6000.0,6000.0
2025-01-27,34,05:30,05:40,695.8758667,715.3684833,695.8758667,0.0,0.0,0.0,0.0,6000.0,6000.0
2025-01-27,35,05:40,05:50,766.9097333666699,801.91968333333,766.9097333666699,0.0,0.0,0.0,0.0,6000.0,6000.0
2025-01-27,36,05:50,06:00,893.8133333,901.8566667,893.8133333,0.0,0.0,0.0,0.0,6000.0,6000.0
2025-01-27,37,06:00,06:10,920.1504167,907.4837833,907.4837833,12.666633400000023,0.0,0.0,0.0,6000.0,6000.0
2025-01-27,38,06:10,06:20,931.8522499999999,903.82985,903.82985,28.022399999999948,0.0,0.0,0.0,6000.0,6000.0
2025-01-27,39,06:20,06:30,947.9283333,915.7416667,915.7416667,32.18666659999997,0.0,0.0,0.0,6000.0,6000.0
2025-01-27,40,06:30,06:40,898.44795,886.9546167,886.9546167,11.493333300000018,0.0,0.0,0.0,6000.0,6000.0
2025-01-27,41,06:40,06:50,884.6330333669999,883.635216633,883.635216633,0.9978167339999118,0.0,0.0,0.0,6000.0,6000.0
2025-01-27,42,06:50,07:00,897.9841667,894.3908333,894.3908333,3.593333399999892,0.0,0.0,0.0,6000.0,6000.0
2025-01-27,43,07:00,07:10,847.6667833299999,858.53308333,847.6667833299999,0.0,0.0,0.0,0.0,6000.0,6000.0
2025-01-27,44,07:10,07:20,788.9384,827.1202000000001,788.9384,0.0,0.0,0.0,0.0,6000.0,6000.0
2025-01-27,45,07:20,07:30,726.8362500000001,779.2016667,726.8362500000001,0.0,0.0,0.0,0.0,6000.0,6000.0
2025-01-27,46,07:30,07:40,636.0964667000001,668.5932499999999,636.0964667000001,0.0,0.0,0.0,0.0,6000.0,6000.0
2025-01-27,47,07:40,07:50,711.4966833999999,737.5052166999999,711.4966833999999,0.0,0.0,0.0,0.0,6000.0,6000.0
2025-01-27,48,07:50,08:00,871.7624999999999,910.677083,871.7624999999999,0.0,0.0,0.0,0.0,6000.0,6000.0
2025-01-27,49,08:00,08:10,821.5666002999999,856.9849997,821.5666002999999,0.0,0.0,0.0,0.0,6000.0,6000.0
2025-01-27,50,08:10,08:20,729.2193163,774.1537503,729.2193163,0.0,0.0,0.0,0.0,6000.0,6000.0
2025-01-27,51,08:20,08:30,693.5079169999999,758.84625,693.5079169999999,0.0,0.0,0.0,0.0,6000.0,6000.0
2025-01-27,52,08:30,08:40,642.558767,702.3563333000001,642.558767,0.0,0.0,0.0,0.0,6000.0,6000.0
2025-01-27,53,08:40,08:50,578.3136833,624.1227337000001,578.3136833,0.0,0.0,0.0,0.0,6000.0,6000.0
2025-01-27,54,08:50,09:00,526.302083,563.4845829999999,526.302083,0.0,0.0,0.0,0.0,6000.0,6000.0
2025-01-27,55,09:00,09:10,500.198617,530.1598497000001,500.198617,0.0,0.0,0.0,0.0,6000.0,6000.0
2025-01-27,56,09:10,09:20,456.4092833000001,477.18093369999997,456.4092833000001,0.0,0.0,0.0,0.0,6000.0,6000.0
2025-01-27,57,09:20,09:30,391.013333,407.5816669999999,391.013333,0.0,0.0,0.0,0.0,6000.0,6000.0
2025-01-27,58,09:30,09:40,339.31674970000006,372.910983,339.31674970000006,0.0,0.0,0.0,0.0,6000.0,6000.0
2025-01-27,59,09:40,09:50,279.6760167000001,362.85826629999997,279.6760167000001,0.0,0.0,0.0,0.0,6000.0,6000.0
2025-01-27,60,09:50,10:00,226.56833300000005,353.74,226.56833300000005,0.0,0.0,0.0,0.0,6000.0,6000.0
2025-01-27,61,10:00,10:10,217.5152169999999,325.12273300000004,217.5152169999999,0.0,0.0,0.0,0.0,6000.0,6000.0
2025-01-27,62,10:10,10:20,182.998067,261.23831700000005,182.998067,0.0,0.0,0.0,0.0,6000.0,6000.0
2025-01-27,63,10:20,10:30,130.58708300000012,212.217083,130.58708300000012,0.0,0.0,0.0,0.0,6000.0,6000.0
2025-01-27,64,10:30,10:40,137.07943400000022,241.61173369999995,137.07943400000022,0.0,0.0,0.0,0.0,6000.0,6000.0
2025-01-27,65,10:40,10:50,141.89996700000006,215.63875000000007,141.89996700000006,0.0,0.0,0.0,0.0,6000.0,6000.0
2025-01-27,66,10:50,11:00,125.31666699999994,133.05208299999993,125.31666699999994,0.0,0.0,0.0,0.0,6000.0,6000.0
2025-01-27,67,11:00,11:10,130.02271699999994,130.4853999999999,130.02271699999994,0.0,0.0,0.0,0.0,6000.0,6000.0
2025-01-27,68,11:10,11:20,142.86863400000004,166.93516599999998,142.86863400000004,0.0,0.0,0.0,0.0,6000.0,6000.0
2025-01-27,69,11:20,11:30,131.1483330000001,181.7595829999999,131.1483330000001,0.0,0.0,0.0,0.0,6000.0,6000.0
2025-01-27,70,11:30,11:40,70.53651599999989,154.50338299999999,70.53651599999989,0.0,0.0,0.0,0.0,6000.0,6000.0
2025-01-27,71,11:40,11:50,-10.629416999999876,117.91743299999996,0.0,0.0,10.629416999999876,0.0,0.0,6000.0,6000.0
2025-01-27,72,11:50,12:00,-68.25708299999997,107.96333300000003,0.0,0.0,68.25708299999997,0.0,0.0,6000.0,6000.0
2025-01-27,73,12:00,12:10,-70.42180000000008,137.8383336999999,0.0,0.0,70.42180000000008,0.0,0.0,6000.0,6000.0
2025-01-27,74,12:10,12:20,-43.10681600000021,170.15393300000005,0.0,0.0,43.10681600000021,0.0,0.0,6000.0,6000.0
2025-01-27,75,12:20,12:30,-6.07916699999987,184.21875,0.0,0.0,6.07916699999987,0.0,0.0,6000.0,6000.0
2025-01-27,76,12:30,12:40,44.5874500000001,192.42266670000004,44.5874500000001,0.0,0.0,0.0,0.0,6000.0,6000.0
2025-01-27,77,12:40,12:50,121.95333300000004,220.20655,121.95333300000004,0.0,0.0,0.0,0.0,6000.0,6000.0
2025-01-27,78,12:50,13:00,178.44875000000002,242.94041700000002,178.44875000000002,0.0,0.0,0.0,0.0,6000.0,6000.0
2025-01-27,79,13:00,13:10,145.9557832999999,212.69488330000001,145.9557832999999,0.0,0.0,0.0,0.0,6000.0,6000.0
2025-01-27,80,13:10,13:20,120.64761699999997,196.88856670000007,120.64761699999997,0.0,0.0,0.0,0.0,6000.0,6000.0
2025-01-27,81,13:20,13:30,143.56458299999997,212.6516670000001,143.56458299999997,0.0,0.0,0.0,0.0,6000.0,6000.0
2025-01-27,82,13:30,13:40,170.44433329999993,216.0175496999999,170.44433329999993,0.0,0.0,0.0,0.0,6000.0,6000.0
2025-01-27,83,13:40,13:50,202.7668503000001,235.89305000000013,202.7668503000001,0.0,0.0,0.0,0.0,6000.0,6000.0
2025-01-27,84,13:50,14:00,240.28874999999994,284.5391669999999,240.28874999999994,0.0,0.0,0.0,0.0,6000.0,6000.0
2025-01-27,85,14:00,14:10,275.25800000000004,339.88570029999994,275.25800000000004,0.0,0.0,0.0,0.0,6000.0,6000.0
2025-01-27,86,14:10,14:20,324.7799837,385.2297833,324.7799837,0.0,0.0,0.0,0.0,6000.0,6000.0
2025-01-27,87,14:20,14:30,366.7779169999999,399.4895829999999,366.7779169999999,0.0,0.0,0.0,0.0,6000.0,6000.0
2025-01-27,88,14:30,14:40,367.31526700000006,380.6617336999999,367.31526700000006,0.0,0.0,0.0,0.0,6000.0,6000.0
2025-01-27,89,14:40,14:50,420.52803299999994,421.5964836999999,420.52803299999994,0.0,0.0,0.0,0.0,6000.0,6000.0
2025-01-27,90,14:50,15:00,500.64208300000007,504.35458299999993,500.64208300000007,0.0,0.0,0.0,0.0,6000.0,6000.0
2025-01-27,91,15:00,15:10,488.34746630000006,523.2194003,488.34746630000006,0.0,0.0,0.0,0.0,6000.0,6000.0
2025-01-27,92,15:10,15:20,494.37361699999997,555.2113163,494.37361699999997,0.0,0.0,0.0,0.0,6000.0,6000.0
2025-01-27,93,15:20,15:30,562.7650000000001,623.653333,562.7650000000001,0.0,0.0,0.0,0.0,6000.0,6000.0
2025-01-27,94,15:30,15:40,628.6346837,669.1045500000001,628.6346837,0.0,0.0,0.0,0.0,6000.0,6000.0
2025-01-27,95,15:40,15:50,693.6752337,703.9303333,693.6752337,0.0,0.0,0.0,0.0,6000.0,6000.0
2025-01-27,96,15:50,16:00,750.8995830000001,746.3591669999998,746.3591669999998,4.540416000000278,0.0,0.0,0.0,6000.0,6000.0
2025-01-27,97,16:00,16:10,778.2879496999999,795.8285837000001,778.2879496999999,0.0,0.0,0.0,0.0,6000.0,6000.0
2025-01-27,98,16:10,16:20,799.8099,831.0545500000001,799.8099,0.0,0.0,0.0,0.0,6000.0,6000.0
2025-01-27,99,16:20,16:30,835.046667,863.385417,835.046667,0.0,0.0,0.0,0.0,6000.0,6000.0
2025-01-27,100,16:30,16:40,884.2523170000001,924.4958836999999,884.2523170000001,0.0,0.0,0.0,0.0,6000.0,6000.0
2025-01-27,101,16:40,16:50,935.1254836700001,978.2072000000001,935.1254836700001,0.0,0.0,0.0,0.0,6000.0,6000.0
2025-01-27,102,16:50,17:00,973.2495829999999,1005.3474999999999,973.2495829999999,0.0,0.0,0.0,0.0,6000.0,6000.0
2025-01-27,103,17:00,17:10,991.7854833329999,1020.1125170000001,991.7854833329999,0.0,0.0,0.0,0.0,6000.0,6000.0
2025-01-27,104,17:10,17:20,1007.327217,1030.122033,1007.327217,0.0,0.0,0.0,0.0,6000.0,6000.0
2025-01-27,105,17:20,17:30,1048.165,1060.156667,1048.165,0.0,0.0,0.0,0.0,6000.0,6000.0
2025-01-27,106,17:30,17:40,1080.3028,1084.3365003333,1080.3028,0.0,0.0,0.0,0.0,6000.0,6000.0
2025-01-27,107,17:40,17:50,951.0957,937.7246833,937.7246833,13.371016699999927,0.0,0.0,0.0,6000.0,6000.0
2025-01-27,108,17:50,18:00,744.0116667,721.0583333,721.0583333,22.95333340000002,0.0,0.0,0.0,6000.0,6000.0
2025-01-27,109,18:00,18:10,712.95743333333,718.9384167000001,712.95743333333,0.0,0.0,0.0,0.0,6000.0,6000.0
2025-01-27,110,18:10,18:20,722.8973833,745.8739167,722.8973833,0.0,0.0,0.0,0.0,6000.0,6000.0
2025-01-27,111,18:20,18:30,700.9966667,722.7716667,700.9966667,0.0,0.0,0.0,0.0,6000.0,6000.0
2025-01-27,112,18:30,18:40,709.92075,753.03905,709.92075,0.0,0.0,0.0,0.0,6000.0,6000.0
2025-01-27,113,18:40,18:50,706.7780167,764.2413,706.7780167,0.0,0.0,0.0,0.0,6000.0,6000.0
2025-01-27,114,18:50,19:00,692.9116667,733.6166667,692.9116667,0.0,0.0,0.0,0.0,6000.0,6000.0
2025-01-27,115,19:00,19:10,717.9853500333334,717.0770666666667,717.0770666666667,0.9082833666666374,0.0,0.0,0.0,6000.0,6000.0
2025-01-27,116,19:10,19:20,737.7151167,702.5284167,702.5284167,35.18669999999997,0.0,0.0,0.0,6000.0,6000.0
2025-01-27,117,19:20,19:30,740.405,703.2566667,703.2566667,37.14833329999999,0.0,0.0,0.0,6000.0,6000.0
2025-01-27,118,19:30,19:40,754.7615833,746.0904167,746.0904167,8.671166599999992,0.0,0.0,0.0,6000.0,6000.0
2025-01-27,119,19:40,19:50,746.2927667,743.8061833,743.8061833,2.4865833999999722,0.0,0.0,0.0,6000.0,6000.0
2025-01-27,120,19:50,20:00,725.0783333,706.1016667,706.1016667,18.976666600000044,0.0,0.0,0.0,6000.0,6000.0
2025-01-27,121,20:00,20:10,737.4513333,726.96335,726.96335,10.487983299999996,0.0,0.0,0.0,6000.0,6000.0
2025-01-27,122,20:10,20:20,733.8559167,738.0812667,733.8559167,0.0,0.0,0.0,0.0,6000.0,6000.0
2025-01-27,123,20:20,20:30,710.2433333,724.62,710.2433333,0.0,0.0,0.0,0.0,6000.0,6000.0
2025-01-27,124,20:30,20:40,714.1823167,741.7004,714.1823167,0.0,0.0,0.0,0.0,6000.0,6000.0
2025-01-27,125,20:40,20:50,720.7088333,745.2908333,720.7088333,0.0,0.0,0.0,0.0,6000.0,6000.0
2025-01-27,126,20:50,21:00,722.27,728.1283333,722.27,0.0,0.0,0.0,0.0,6000.0,6000.0
2025-01-27,127,21:00,21:10,737.5014667,729.1595833,729.1595833,8.341883400000029,0.0,0.0,0.0,6000.0,6000.0
2025-01-27,128,21:10,21:20,746.1933333,723.8367,723.8367,22.3566333,0.0,0.0,0.0,6000.0,6000.0
2025-01-27,129,21:20,21:30,755.82,718.5683333,718.5683333,37.2516667000001,0.0,0.0,0.0,6000.0,6000.0
2025-01-27,130,21:30,21:40,778.4101333,734.9872833,734.9872833,43.42285000000004,0.0,0.0,0.0,6000.0,6000.0
2025-01-27,131,21:40,21:50,701.5676667,672.7035333,672.7035333,28.864133400000014,0.0,0.0,0.0,6000.0,6000.0
2025-01-27,132,21:50,22:00,575.5966667,563.0283333,563.0283333,12.568333400000029,0.0,0.0,0.0,6000.0,6000.0
2025-01-27,133,22:00,22:10,573.8971333,547.6134,547.6134,26.283733299999994,0.0,0.0,0.0,6000.0,6000.0
2025-01-27,134,22:10,22:20,590.92855,561.8911167,561.8911167,29.037433299999975,0.0,0.0,0.0,6000.0,6000.0
2025-01-27,135,22:20,22:30,575.82,563.8233333,563.8233333,11.996666700000105,0.0,0.0,0.0,6000.0,6000.0
2025-01-27,136,22:30,22:40,581.4008833,577.0038667,577.0038667,4.397016600000029,0.0,0.0,0.0,6000.0,6000.0
2025-01-27,137,22:40,22:50,572.0588167,584.8553167,572.0588167,0.0,0.0,0.0,0.0,6000.0,6000.0
2025-01-27,138,22:50,23:00,554.9516667,577.9266667,554.9516667,0.0,0.0,0.0,0.0,6000.0,6000.0
2025-01-27,139,23:00,23:10,580.0948167,570.03185,570.03185,10.06296670000006,0.0,0.0,0.0,6000.0,6000.0
2025-01-27,140,23:10,23:20,606.0341167,593.2026,593.2026,12.831516700000066,0.0,0.0,0.0,6000.0,6000.0
2025-01-27,141,23:20,23:30,617.445,619.4383333,617.445,0.0,0.0,0.0,0.0,6000.0,6000.0
2025-01-27,142,23:30,23:40,632.4230833,592.3814333,592.3814333,40.041650000000004,0.0,0.0,0.0,6000.0,6000.0
2025-01-27,143,23:40,23:50,607.8704,594.3999667,594.3999667,13.470433299999968,0.0,0.0,0.0,6000.0,6000.0
2025-01-27,144,23:50,24:00,576.445,620.3683333,576.445,0.0,0.0,0.0,0.0,6000.0,6000.0
2025-01-28,1,00:00,00:10,615.9668,586.1554667,586.1554667,29.8113333,0.0,0.0,0.0,6000.0,6000.0
2025-01-28,2,00:10,00:20,624.3405667,577.7903333,577.7903333,46.55023339999991,0.0,0.0,0.0,6000.0,6000.0
2025-01-28,3,00:20,00:30,586.3566667,603.5,586.3566667,0.0,0.0,0.0,0.0,6000.0,6000.0
2025-01-28,4,00:30,00:40,592.1088833,585.1310833,585.1310833,6.977800000000002,0.0,0.0,0.0,6000.0,6000.0
2025-01-28,5,00:40,00:50,622.3701667,582.2228,582.2228,40.14736670000002,0.0,0.0,0.0,6000.0,6000.0
2025-01-28,6,00:50,01:00,650.7316667,609.2133333,609.2133333,41.51833339999996,0.0,0.0,0.0,6000.0,6000.0
2025-01-28,7,01:00,01:10,670.9591833,617.1881333,617.1881333,53.771049999999946,0.0,0.0,0.0,6000.0,6000.0
2025-01-28,8,01:10,01:20,671.6891667,626.0349333,626.0349333,45.65423339999995,0.0,0.0,0.0,6000.0,6000.0
2025-01-28,9,01:20,01:30,653.825,645.6816667,645.6816667,8.143333299999995,0.0,0.0,0.0,6000.0,6000.0
2025-01-28,10,01:30,01:40,637.4048167,658.2089833,637.4048167,0.0,0.0,0.0,0.0,6000.0,6000.0
2025-01-28,11,01:40,01:50,660.1808667,647.7895333,647.7895333,12.391333400000008,0.0,0.0,0.0,6000.0,6000.0
2025-01-28,12,01:50,02:00,680.5116667,628.665,628.665,51.846666700000014,0.0,0.0,0.0,6000.0,6000.0
2025-01-28,13,02:00,02:10,625.2820167,630.6108833,625.2820167,0.0,0.0,0.0,0.0,6000.0,6000.0
2025-01-28,14,02:10,02:20,622.5362,630.7115167,622.5362,0.0,0.0,0.0,0.0,6000.0,6000.0
2025-01-28,15,02:20,02:30,677.9783333,640.8966667,640.8966667,37.08166660000006,0.0,0.0,0.0,6000.0,6000.0
2025-01-28,16,02:30,02:40,672.3389,692.9225333,672.3389,0.0,0.0,0.0,0.0,6000.0,6000.0
2025-01-28,17,02:40,02:50,675.8074167,708.5644333,675.8074167,0.0,0.0,0.0,0.0,6000.0,6000.0
2025-01-28,18,02:50,03:00,697.6233333,674.2066667,674.2066667,23.416666599999985,0.0,0.0,0.0,6000.0,6000.0
2025-01-28,19,03:00,03:10,672.5245667,653.14355,653.14355,19.381016700000032,0.0,0.0,0.0,6000.0,6000.0
2025-01-28,20,03:10,03:20,673.5268667,646.1590167,646.1590167,27.367849999999976,0.0,0.0,0.0,6000.0,6000.0
2025-01-28,21,03:20,03:30,704.695,646.2916667,646.2916667,58.4033333000001,0.0,0.0,0.0,6000.0,6000.0
2025-01-28,22,03:30,03:40,691.76135,657.8371,657.8371,33.92425000000003,0.0,0.0,0.0,6000.0,6000.0
2025-01-28,23,03:40,03:50,665.06505,692.54085,665.06505,0.0,0.0,0.0,0.0,6000.0,6000.0
2025-01-28,24,03:50,04:00,659.7116667,718.94,659.7116667,0.0,0.0,0.0,0.0,6000.0,6000.0
2025-01-28,25,04:00,04:10,683.0139333,693.5300167,683.0139333,0.0,0.0,0.0,0.0,6000.0,6000.0
2025-01-28,26,04:10,04:20,720.7118667,699.3288167,699.3288167,21.383050000000026,0.0,0.0,0.0,6000.0,6000.0
2025-01-28,27,04:20,04:30,740.9816667,733.1016667,733.1016667,7.8799999999999955,0.0,0.0,0.0,6000.0,6000.0
2025-01-28,28,04:30,04:40,716.5331667,711.9625,711.9625,4.570666700000061,0.0,0.0,0.0,6000.0,6000.0
2025-01-28,29,04:40,04:50,686.9377333666666,703.71945,686.9377333666666,0.0,0.0,0.0,0.0,6000.0,6000.0
2025-01-28,30,04:50,05:00,687.0933333,719.375,687.0933333,0.0,0.0,0.0,0.0,6000.0,6000.0
2025-01-28,31,05:00,05:10,721.84445,701.7058667,701.7058667,20.13858330000005,0.0,0.0,0.0,6000.0,6000.0
2025-01-28,32,05:10,05:20,761.214949966667,700.196483366667,700.196483366667,61.0184665999999,0.0,0.0,0.0,6000.0,6000.0
2025-01-28,33,05:20,05:30,750.5066667,712.085,712.085,38.421666699999946,0.0,0.0,0.0,6000.0,6000.0
2025-01-28,34,05:30,05:40,673.6523667,695.8758667,673.6523667,0.0,0.0,0.0,0.0,6000.0,6000.0
2025-01-28,35,05:40,05:50,722.68893336667,766.9097333666699,722.68893336667,0.0,0.0,0.0,0.0,6000.0,6000.0
2025-01-28,36,05:50,06:00,879.6766667,893.8133333,879.6766667,0.0,0.0,0.0,0.0,6000.0,6000.0
2025-01-28,37,06:00,06:10,927.1957833,920.1504167,920.1504167,7.045366599999966,0.0,0.0,0.0,6000.0,6000.0
2025-01-28,38,06:10,06:20,899.10235,931.8522499999999,899.10235,0.0,0.0,0.0,0.0,6000.0,6000.0
2025-01-28,39,06:20,06:30,877.065,947.9283333,877.065,0.0,0.0,0.0,0.0,6000.0,6000.0
2025-01-28,40,06:30,06:40,895.5289667,898.44795,895.5289667,0.0,0.0,0.0,0.0,6000.0,6000.0
2025-01-28,41,06:40,06:50,892.08673333,884.6330333669999,884.6330333669999,7.453699963000076,0.0,0.0,0.0,6000.0,6000.0
2025-01-28,42,06:50,07:00,847.8525000000001,897.9841667,847.8525000000001,0.0,0.0,0.0,0.0,6000.0,6000.0
2025-01-28,43,07:00,07:10,826.8589666299999,847.6667833299999,826.8589666299999,0.0,0.0,0.0,0.0,6000.0,6000.0
2025-01-28,44,07:10,07:20,800.11105,788.9384,788.9384,11.172649999999976,0.0,0.0,0.0,6000.0,6000.0
2025-01-28,45,07:20,07:30,726.4775,726.8362500000001,726.4775,0.0,0.0,0.0,0.0,6000.0,6000.0
2025-01-28,46,07:30,07:40,629.5563500000001,636.0964667000001,629.5563500000001,0.0,0.0,0.0,0.0,6000.0,6000.0
2025-01-28,47,07:40,07:50,730.3301663,711.4966833999999,711.4966833999999,18.833482900000035,0.0,0.0,0.0,6000.0,6000.0
2025-01-28,48,07:50,08:00,924.2937499999999,871.7624999999999,871.7624999999999,52.53125,0.0,0.0,0.0,6000.0,6000.0
2025-01-28,49,08:00,08:10,864.588933,821.5666002999999,821.5666002999999,43.022332700000106,0.0,0.0,0.0,6000.0,6000.0
2025-01-28,50,08:10,08:20,727.3672667000001,729.2193163,727.3672667000001,0.0,0.0,0.0,0.0,6000.0,6000.0
2025-01-28,51,08:20,08:30,677.6112500000002,693.5079169999999,677.6112500000002,0.0,0.0,0.0,0.0,6000.0,6000.0
2025-01-28,52,08:30,08:40,702.7105667000001,642.558767,642.558767,60.15179970000008,0.0,0.0,0.0,6000.0,6000.0
2025-01-28,53,08:40,08:50,671.1192663,578.3136833,578.3136833,92.80558300000007,0.0,0.0,0.0,6000.0,6000.0
2025-01-28,54,08:50,09:00,588.7583329999999,526.302083,526.302083,62.45624999999984,0.0,0.0,0.0,6000.0,6000.0
2025-01-28,55,09:00,09:10,571.5463,500.198617,500.198617,71.34768299999996,0.0,0.0,0.0,6000.0,6000.0
2025-01-28,56,09:10,09:20,520.21815,456.4092833000001,456.4092833000001,63.80886669999995,0.0,0.0,0.0,6000.0,6000.0
2025-01-28,57,09:20,09:30,443.9258329999999,391.013333,391.013333,52.91249999999991,0.0,0.0,0.0,6000.0,6000.0
2025-01-28,58,09:30,09:40,454.0724170000001,339.31674970000006,339.31674970000006,114.75566730000003,0.0,0.0,0.0,6000.0,6000.0
2025-01-28,59,09:40,09:50,422.4329163,279.6760167000001,279.6760167000001,142.75689959999988,0.0,0.0,0.0,6000.0,6000.0
2025-01-28,60,09:50,10:00,329.6558329999999,226.56833300000005,226.56833300000005,103.08749999999986,0.0,0.0,0.0,6000.0,6000.0
2025-01-28,61,10:00,10:10,290.96013370000003,217.5152169999999,217.5152169999999,73.44491670000014,0.0,0.0,0.0,6000.0,6000.0
2025-01-28,62,10:10,10:20,278.89890030000004,182.998067,182.998067,95.90083330000004,0.0,0.0,0.0,6000.0,6000.0
2025-01-28,63,10:20,10:30,259.98958300000004,130.58708300000012,130.58708300000012,129.40249999999992,0.0,0.0,0.0,6000.0,6000.0
2025-01-28,64,10:30,10:40,227.88923369999998,137.07943400000022,137.07943400000022,90.80979969999976,0.0,0.0,0.0,6000.0,6000.0
2025-01-28,65,10:40,10:50,161.65699999999993,141.89996700000006,141.89996700000006,19.757032999999865,0.0,0.0,0.0,6000.0,6000.0
2025-01-28,66,10:50,11:00,101.54208300000005,125.31666699999994,101.54208300000005,0.0,0.0,0.0,0.0,6000.0,6000.0
2025-01-28,67,11:00,11:10,116.35260000000017,130.02271699999994,116.35260000000017,0.0,0.0,0.0,0.0,6000.0,6000.0
2025-01-28,68,11:10,11:20,132.63165000000004,142.86863400000004,132.63165000000004,0.0,0.0,0.0,0.0,6000.0,6000.0
2025-01-28,69,11:20,11:30,137.14625,131.1483330000001,131.1483330000001,5.997916999999916,0.0,0.0,0.0,6000.0,6000.0
2025-01-28,70,11:30,11:40,174.37278400000002,70.53651599999989,70.53651599999989,103.83626800000013,0.0,0.0,0.0,6000.0,6000.0
2025-01-28,71,11:40,11:50,141.19860000000006,0.0,0.0,141.19860000000006,0.0,0.0,0.0,6000.0,6000.0
2025-01-28,72,11:50,12:00,69.435833,0.0,0.0,69.435833,0.0,0.0,0.0,6000.0,6000.0
2025-01-28,73,12:00,12:10,99.84399999999994,0.0,0.0,99.84399999999994,0.0,0.0,0.0,6000.0,6000.0
2025-01-28,74,12:10,12:20,123.07084999999984,0.0,0.0,123.07084999999984,0.0,0.0,0.0,6000.0,6000.0
2025-01-28,75,12:20,12:30,93.41416700000013,0.0,0.0,93.41416700000013,0.0,0.0,0.0,6000.0,6000.0
2025-01-28,76,12:30,12:40,85.7924670000001,44.5874500000001,44.5874500000001,41.205017,0.0,0.0,0.0,6000.0,6000.0
2025-01-28,77,12:40,12:50,141.3729333,121.95333300000004,121.95333300000004,19.419600299999956,0.0,0.0,0.0,6000.0,6000.0
2025-01-28,78,12:50,13:00,202.21916699999997,178.44875000000002,178.44875000000002,23.770416999999952,0.0,0.0,0.0,6000.0,6000.0
2025-01-28,79,13:00,13:10,175.81811670000002,145.9557832999999,145.9557832999999,29.862333400000125,0.0,0.0,0.0,6000.0,6000.0
2025-01-28,80,13:10,13:20,181.69485029999998,120.64761699999997,120.64761699999997,61.047233300000016,0.0,0.0,0.0,6000.0,6000.0
2025-01-28,81,13:20,13:30,241.18541700000003,143.56458299999997,143.56458299999997,97.62083400000006,0.0,0.0,0.0,6000.0,6000.0
2025-01-28,82,13:30,13:40,257.24026630000014,170.44433329999993,170.44433329999993,86.79593300000022,0.0,0.0,0.0,6000.0,6000.0
2025-01-28,83,13:40,13:50,265.69946630000004,202.7668503000001,202.7668503000001,62.93261599999994,0.0,0.0,0.0,6000.0,6000.0
2025-01-28,84,13:50,14:00,285.320833,240.28874999999994,240.28874999999994,45.03208300000006,0.0,0.0,0.0,6000.0,6000.0
2025-01-28,85,14:00,14:10,299.1052169999999,275.25800000000004,275.25800000000004,23.847216999999887,0.0,0.0,0.0,6000.0,6000.0
2025-01-28,86,14:10,14:20,351.2196497000001,324.7799837,324.7799837,26.439666000000102,0.0,0.0,0.0,6000.0,6000.0
2025-01-28,87,14:20,14:30,417.2187499999999,366.7779169999999,366.7779169999999,50.440833,0.0,0.0,0.0,6000.0,6000.0
2025-01-28,88,14:30,14:40,421.09453300000007,367.31526700000006,367.31526700000006,53.77926600000001,0.0,0.0,0.0,6000.0,6000.0
2025-01-28,89,14:40,14:50,416.3809163000001,420.52803299999994,416.3809163000001,0.0,0.0,0.0,0.0,6000.0,6000.0
2025-01-28,90,14:50,15:00,441.94208300000014,500.64208300000007,441.94208300000014,0.0,0.0,0.0,0.0,6000.0,6000.0
2025-01-28,91,15:00,15:10,484.878017,488.34746630000006,484.878017,0.0,0.0,0.0,0.0,6000.0,6000.0
2025-01-28,92,15:10,15:20,519.2524169999999,494.37361699999997,494.37361699999997,24.878799999999956,0.0,0.0,0.0,6000.0,6000.0
2025-01-28,93,15:20,15:30,563.8508330000001,562.7650000000001,562.7650000000001,1.0858329999999796,0.0,0.0,0.0,6000.0,6000.0
2025-01-28,94,15:30,15:40,653.7632667,628.6346837,628.6346837,25.12858300000005,0.0,0.0,0.0,6000.0,6000.0
2025-01-28,95,15:40,15:50,703.9437837,693.6752337,693.6752337,10.268550000000005,0.0,0.0,0.0,6000.0,6000.0
2025-01-28,96,15:50,16:00,700.2724999999999,750.8995830000001,700.2724999999999,0.0,0.0,0.0,0.0,6000.0,6000.0
2025-01-28,97,16:00,16:10,717.0832833000001,778.2879496999999,717.0832833000001,0.0,0.0,0.0,0.0,6000.0,6000.0
2025-01-28,98,16:10,16:20,775.4193663000001,799.8099,775.4193663000001,0.0,0.0,0.0,0.0,6000.0,6000.0
2025-01-28,99,16:20,16:30,855.057917,835.046667,835.046667,20.011250000000018,0.0,0.0,0.0,6000.0,6000.0
2025-01-28,100,16:30,16:40,916.144217,884.2523170000001,884.2523170000001,31.891899999999964,0.0,0.0,0.0,6000.0,6000.0
2025-01-28,101,16:40,16:50,948.57108367,935.1254836700001,935.1254836700001,13.4455999999999,0.0,0.0,0.0,6000.0,6000.0
2025-01-28,102,16:50,17:00,971.852083,973.2495829999999,971.852083,0.0,0.0,0.0,0.0,6000.0,6000.0
2025-01-28,103,17:00,17:10,1011.301417,991.7854833329999,991.7854833329999,19.515933667000127,0.0,0.0,0.0,6000.0,6000.0
2025-01-28,104,17:10,17:20,1027.26935,1007.327217,1007.327217,19.942133000000013,0.0,0.0,0.0,6000.0,6000.0
2025-01-28,105,17:20,17:30,1052.643333,1048.165,1048.165,4.4783330000000205,0.0,0.0,0.0,6000.0,6000.0
2025-01-28,106,17:30,17:40,1105.0788333333,1080.3028,1080.3028,24.77603333330012,0.0,0.0,0.0,6000.0,6000.0
2025-01-28,107,17:40,17:50,972.2847333,951.0957,951.0957,21.189033300000006,0.0,0.0,0.0,6000.0,6000.0
2025-01-28,108,17:50,18:00,737.08,744.0116667,737.08,0.0,0.0,0.0,0.0,6000.0,6000.0
2025-01-28,109,18:00,18:10,717.00585,712.95743333333,712.95743333333,4.04841666667005,0.0,0.0,0.0,6000.0,6000.0
2025-01-28,110,18:10,18:20,745.02905,722.8973833,722.8973833,22.131666699999982,0.0,0.0,0.0,6000.0,6000.0
2025-01-28,111,18:20,18:30,717.8483333,700.9966667,700.9966667,16.851666600000044,0.0,0.0,0.0,6000.0,6000.0
2025-01-28,112,18:30,18:40,706.210966633333,709.92075,706.210966633333,0.0,0.0,0.0,0.0,6000.0,6000.0
2025-01-28,113,18:40,18:50,719.5875167,706.7780167,706.7780167,12.809500000000071,0.0,0.0,0.0,6000.0,6000.0
2025-01-28,114,18:50,19:00,730.8016667,692.9116667,692.9116667,37.8900000000001,0.0,0.0,0.0,6000.0,6000.0
2025-01-28,115,19:00,19:10,712.7953832999999,717.9853500333334,712.7953832999999,0.0,0.0,0.0,0.0,6000.0,6000.0
2025-01-28,116,19:10,19:20,713.0554333,737.7151167,713.0554333,0.0,0.0,0.0,0.0,6000.0,6000.0
2025-01-28,117,19:20,19:30,733.6533333,740.405,733.6533333,0.0,0.0,0.0,0.0,6000.0,6000.0
2025-01-28,118,19:30,19:40,732.3650833,754.7615833,732.3650833,0.0,0.0,0.0,0.0,6000.0,6000.0
2025-01-28,119,19:40,19:50,744.0478667,746.2927667,744.0478667,0.0,0.0,0.0,0.0,6000.0,6000.0
2025-01-28,120,19:50,20:00,760.2883333,725.0783333,725.0783333,35.20999999999992,0.0,0.0,0.0,6000.0,6000.0
2025-01-28,121,20:00,20:10,737.1986833,737.4513333,737.1986833,0.0,0.0,0.0,0.0,6000.0,6000.0
2025-01-28,122,20:10,20:20,737.79175,733.8559167,733.8559167,3.935833300000013,0.0,0.0,0.0,6000.0,6000.0
2025-01-28,123,20:20,20:30,757.1816667,710.2433333,710.2433333,46.93833340000003,0.0,0.0,0.0,6000.0,6000.0
2025-01-28,124,20:30,20:40,728.3876833,714.1823167,714.1823167,14.205366600000048,0.0,0.0,0.0,6000.0,6000.0
2025-01-28,125,20:40,20:50,714.0138833,720.7088333,714.0138833,0.0,0.0,0.0,0.0,6000.0,6000.0
2025-01-28,126,20:50,21:00,734.775,722.27,722.27,12.504999999999995,0.0,0.0,0.0,6000.0,6000.0
2025-01-28,127,21:00,21:10,742.9281667,737.5014667,737.5014667,5.4266999999999825,0.0,0.0,0.0,6000.0,6000.0
2025-01-28,128,21:10,21:20,720.6530667,746.1933333,720.6530667,0.0,0.0,0.0,0.0,6000.0,6000.0
2025-01-28,129,21:20,21:30,713.5083333,755.82,713.5083333,0.0,0.0,0.0,0.0,6000.0,6000.0
2025-01-28,130,21:30,21:40,765.7177,778.4101333,765.7177,0.0,0.0,0.0,0.0,6000.0,6000.0
2025-01-28,131,21:40,21:50,706.8324667,701.5676667,701.5676667,5.264800000000037,0.0,0.0,0.0,6000.0,6000.0
2025-01-28,132,21:50,22:00,561.2116667,575.5966667,561.2116667,0.0,0.0,0.0,0.0,6000.0,6000.0
2025-01-28,133,22:00,22:10,529.4156333,573.8971333,529.4156333,0.0,0.0,0.0,0.0,6000.0,6000.0
2025-01-28,134,22:10,22:20,526.1228667,590.92855,526.1228667,0.0,0.0,0.0,0.0,6000.0,6000.0
2025-01-28,135,22:20,22:30,520.0533333,575.82,520.0533333,0.0,0.0,0.0,0.0,6000.0,6000.0
2025-01-28,136,22:30,22:40,571.8629,581.4008833,571.8629,0.0,0.0,0.0,0.0,6000.0,6000.0
2025-01-28,137,22:40,22:50,601.1169,572.0588167,572.0588167,29.05808330000002,0.0,0.0,0.0,6000.0,6000.0
2025-01-28,138,22:50,23:00,585.4,554.9516667,554.9516667,30.448333299999945,0.0,0.0,0.0,6000.0,6000.0
2025-01-28,139,23:00,23:10,582.3246333,580.0948167,580.0948167,2.2298165999999355,0.0,0.0,0.0,6000.0,6000.0
2025-01-28,140,23:10,23:20,591.0186667,606.0341167,591.0186667,0.0,0.0,0.0,0.0,6000.0,6000.0
2025-01-28,141,23:20,23:30,599.7133333,617.445,599.7133333,0.0,0.0,0.0,0.0,6000.0,6000.0
2025-01-28,142,23:30,23:40,603.7924,632.4230833,603.7924,0.0,0.0,0.0,0.0,6000.0,6000.0
2025-01-28,143,23:40,23:50,607.48365,607.8704,607.48365,0.0,0.0,0.0,0.0,6000.0,6000.0
2025-01-28,144,23:50,24:00,601.1333333,576.445,576.445,24.688333299999954,0.0,0.0,0.0,6000.0,6000.0
2025-01-29,1,00:00,00:10,576.43415,615.9668,576.43415,0.0,0.0,0.0,0.0,6000.0,6000.0
2025-01-29,2,00:10,00:20,590.6664,624.3405667,590.6664,0.0,0.0,0.0,0.0,6000.0,6000.0
2025-01-29,3,00:20,00:30,627.6166667,586.3566667,586.3566667,41.25999999999999,0.0,0.0,0.0,6000.0,6000.0
2025-01-29,4,00:30,00:40,614.5212,592.1088833,592.1088833,22.41231670000002,0.0,0.0,0.0,6000.0,6000.0
2025-01-29,5,00:40,00:50,609.2627833,622.3701667,609.2627833,0.0,0.0,0.0,0.0,6000.0,6000.0
2025-01-29,6,00:50,01:00,625.58,650.7316667,625.58,0.0,0.0,0.0,0.0,6000.0,6000.0
2025-01-29,7,01:00,01:10,619.4419667,670.9591833,619.4419667,0.0,0.0,0.0,0.0,6000.0,6000.0
2025-01-29,8,01:10,01:20,624.5142167,671.6891667,624.5142167,0.0,0.0,0.0,0.0,6000.0,6000.0
2025-01-29,9,01:20,01:30,639.97,653.825,639.97,0.0,0.0,0.0,0.0,6000.0,6000.0
2025-01-29,10,01:30,01:40,627.1383167,637.4048167,627.1383167,0.0,0.0,0.0,0.0,6000.0,6000.0
2025-01-29,11,01:40,01:50,613.96655,660.1808667,613.96655,0.0,0.0,0.0,0.0,6000.0,6000.0
2025-01-29,12,01:50,02:00,620.8583333,680.5116667,620.8583333,0.0,0.0,0.0,0.0,6000.0,6000.0
2025-01-29,13,02:00,02:10,641.8874833,625.2820167,625.2820167,16.6054666,0.0,0.0,0.0,6000.0,6000.0
2025-01-29,14,02:10,02:20,664.7372833,622.5362,622.5362,42.20108329999994,0.0,0.0,0.0,6000.0,6000.0
2025-01-29,15,02:20,02:30,669.565,677.9783333,669.565,0.0,0.0,0.0,0.0,6000.0,6000.0
2025-01-29,16,02:30,02:40,648.1416333,672.3389,648.1416333,0.0,0.0,0.0,0.0,6000.0,6000.0
2025-01-29,17,02:40,02:50,659.4606333,675.8074167,659.4606333,0.0,0.0,0.0,0.0,6000.0,6000.0
2025-01-29,18,02:50,03:00,687.5566667,697.6233333,687.5566667,0.0,0.0,0.0,0.0,6000.0,6000.0
2025-01-29,19,03:00,03:10,661.0659167,672.5245667,661.0659167,0.0,0.0,0.0,0.0,6000.0,6000.0
2025-01-29,20,03:10,03:20,650.1690833,673.5268667,650.1690833,0.0,0.0,0.0,0.0,6000.0,6000.0
2025-01-29,21,03:20,03:30,666.0816667,704.695,666.0816667,0.0,0.0,0.0,0.0,6000.0,6000.0
2025-01-29,22,03:30,03:40,652.0708833,691.76135,652.0708833,0.0,0.0,0.0,0.0,6000.0,6000.0
2025-01-29,23,03:40,03:50,658.0166,665.06505,658.0166,0.0,0.0,0.0,0.0,6000.0,6000.0
2025-01-29,24,03:50,04:00,692.4316667,659.7116667,659.7116667,32.72000000000003,0.0,0.0,0.0,6000.0,6000.0
2025-01-29,25,04:00,04:10,706.5813833,683.0139333,683.0139333,23.567450000000008,0.0,0.0,0.0,6000.0,6000.0
2025-01-29,26,04:10,04:20,699.2788,720.7118667,699.2788,0.0,0.0,0.0,0.0,6000.0,6000.0
2025-01-29,27,04:20,04:30,688.02,740.9816667,688.02,0.0,0.0,0.0,0.0,6000.0,6000.0
2025-01-29,28,04:30,04:40,689.98605,716.5331667,689.98605,0.0,0.0,0.0,0.0,6000.0,6000.0
2025-01-29,29,04:40,04:50,697.1437333666667,686.9377333666666,686.9377333666666,10.206000000000017,0.0,0.0,0.0,6000.0,6000.0
2025-01-29,30,04:50,05:00,699.5266667,687.0933333,687.0933333,12.433333399999924,0.0,0.0,0.0,6000.0,6000.0
2025-01-29,31,05:00,05:10,697.7861833,721.84445,697.7861833,0.0,0.0,0.0,0.0,6000.0,6000.0
2025-01-29,32,05:10,05:20,714.956400033333,761.214949966667,714.956400033333,0.0,0.0,0.0,0.0,6000.0,6000.0
2025-01-29,33,05:20,05:30,726.175,750.5066667,726.175,0.0,0.0,0.0,0.0,6000.0,6000.0
2025-01-29,34,05:30,05:40,700.34295,673.6523667,673.6523667,26.690583299999957,0.0,0.0,0.0,6000.0,6000.0
2025-01-29,35,05:40,05:50,784.20341663333,722.68893336667,722.68893336667,61.51448326666002,0.0,0.0,0.0,6000.0,6000.0
2025-01-29,36,05:50,06:00,917.0466667,879.6766667,879.6766667,37.36999999999989,0.0,0.0,0.0,6000.0,6000.0
2025-01-29,37,06:00,06:10,881.4841167,927.1957833,881.4841167,0.0,0.0,0.0,0.0,6000.0,6000.0
2025-01-29,38,06:10,06:20,837.7958499667001,899.10235,837.7958499667001,0.0,0.0,0.0,0.0,6000.0,6000.0
2025-01-29,39,06:20,06:30,879.6,877.065,877.065,2.534999999999968,0.0,0.0,0.0,6000.0,6000.0
2025-01-29,40,06:30,06:40,931.23665,895.5289667,895.5289667,35.7076833000001,0.0,0.0,0.0,6000.0,6000.0
2025-01-29,41,06:40,06:50,920.10510003,892.08673333,892.08673333,28.0183667,0.0,0.0,0.0,6000.0,6000.0
2025-01-29,42,06:50,07:00,837.5187500000001,847.8525000000001,837.5187500000001,0.0,0.0,0.0,0.0,6000.0,6000.0
2025-01-29,43,07:00,07:10,770.49854997,826.8589666299999,770.49854997,0.0,0.0,0.0,0.0,6000.0,6000.0
2025-01-29,44,07:10,07:20,745.4446167,800.11105,745.4446167,0.0,0.0,0.0,0.0,6000.0,6000.0
2025-01-29,45,07:20,07:30,708.5904167,726.4775,708.5904167,0.0,0.0,0.0,0.0,6000.0,6000.0
2025-01-29,46,07:30,07:40,615.0310333,629.5563500000001,615.0310333,0.0,0.0,0.0,0.0,6000.0,6000.0
2025-01-29,47,07:40,07:50,698.8805337,730.3301663,698.8805337,0.0,0.0,0.0,0.0,6000.0,6000.0
2025-01-29,48,07:50,08:00,882.862083,924.2937499999999,882.862083,0.0,0.0,0.0,0.0,6000.0,6000.0
2025-01-29,49,08:00,08:10,836.2760169999999,864.588933,836.2760169999999,0.0,0.0,0.0,0.0,6000.0,6000.0
2025-01-29,50,08:10,08:20,733.6656329999998,727.3672667000001,727.3672667000001,6.2983662999997705,0.0,0.0,0.0,6000.0,6000.0
2025-01-29,51,08:20,08:30,686.4820829999999,677.6112500000002,677.6112500000002,8.87083299999972,0.0,0.0,0.0,6000.0,6000.0
2025-01-29,52,08:30,08:40,635.8189163,702.7105667000001,635.8189163,0.0,0.0,0.0,0.0,6000.0,6000.0
2025-01-29,53,08:40,08:50,612.1514503000001,671.1192663,612.1514503000001,0.0,0.0,0.0,0.0,6000.0,6000.0
2025-01-29,54,08:50,09:00,588.895417,588.7583329999999,588.7583329999999,0.1370840000000726,0.0,0.0,0.0,6000.0,6000.0
2025-01-29,55,09:00,09:10,496.41541670000004,571.5463,496.41541670000004,0.0,0.0,0.0,0.0,6000.0,6000.0
2025-01-29,56,09:10,09:20,415.4051667,520.21815,415.4051667,0.0,0.0,0.0,0.0,6000.0,6000.0
2025-01-29,57,09:20,09:30,383.23124999999993,443.9258329999999,383.23124999999993,0.0,0.0,0.0,0.0,6000.0,6000.0
2025-01-29,58,09:30,09:40,357.5413503,454.0724170000001,357.5413503,0.0,0.0,0.0,0.0,6000.0,6000.0
2025-01-29,59,09:40,09:50,305.52374969999994,422.4329163,305.52374969999994,0.0,0.0,0.0,0.0,6000.0,6000.0
2025-01-29,60,09:50,10:00,224.80916700000012,329.6558329999999,224.80916700000012,0.0,0.0,0.0,0.0,6000.0,6000.0
2025-01-29,61,10:00,10:10,146.35931699999992,290.96013370000003,146.35931699999992,0.0,0.0,0.0,0.0,6000.0,6000.0
2025-01-29,62,10:10,10:20,122.42056600000001,278.89890030000004,122.42056600000001,0.0,0.0,0.0,0.0,6000.0,6000.0
2025-01-29,63,10:20,10:30,132.77416700000003,259.98958300000004,132.77416700000003,0.0,0.0,0.0,0.0,6000.0,6000.0
2025-01-29,64,10:30,10:40,110.97305000000006,227.88923369999998,110.97305000000006,0.0,0.0,0.0,0.0,6000.0,6000.0
2025-01-29,65,10:40,10:50,111.57393400000001,161.65699999999993,111.57393400000001,0.0,0.0,0.0,0.0,6000.0,6000.0
2025-01-29,66,10:50,11:00,128.46666699999992,101.54208300000005,101.54208300000005,26.924583999999868,0.0,0.0,0.0,6000.0,6000.0
2025-01-29,67,11:00,11:10,90.54303299999992,116.35260000000017,90.54303299999992,0.0,0.0,0.0,0.0,6000.0,6000.0
2025-01-29,68,11:10,11:20,33.66938300000015,132.63165000000004,33.66938300000015,0.0,0.0,0.0,0.0,6000.0,6000.0
2025-01-29,69,11:20,11:30,18.94666700000016,137.14625,18.94666700000016,0.0,0.0,0.0,0.0,6000.0,6000.0
2025-01-29,70,11:30,11:40,67.82328299999995,174.37278400000002,67.82328299999995,0.0,0.0,0.0,0.0,6000.0,6000.0
2025-01-29,71,11:40,11:50,59.831367,141.19860000000006,59.831367,0.0,0.0,0.0,0.0,6000.0,6000.0
2025-01-29,72,11:50,12:00,-10.239583000000039,69.435833,0.0,0.0,10.239583000000039,0.0,0.0,6000.0,6000.0
2025-01-29,73,12:00,12:10,-33.41653300000007,99.84399999999994,0.0,0.0,33.41653300000007,0.0,0.0,6000.0,6000.0
2025-01-29,74,12:10,12:20,-43.746466000000055,123.07084999999984,0.0,0.0,43.746466000000055,0.0,0.0,6000.0,6000.0
2025-01-29,75,12:20,12:30,-42.60041699999988,93.41416700000013,0.0,0.0,42.60041699999988,0.0,0.0,6000.0,6000.0
2025-01-29,76,12:30,12:40,11.712233000000197,85.7924670000001,11.712233000000197,0.0,0.0,0.0,0.0,6000.0,6000.0
2025-01-29,77,12:40,12:50,55.690467000000126,141.3729333,55.690467000000126,0.0,0.0,0.0,0.0,6000.0,6000.0
2025-01-29,78,12:50,13:00,64.98500000000013,202.21916699999997,64.98500000000013,0.0,0.0,0.0,0.0,6000.0,6000.0
2025-01-29,79,13:00,13:10,74.72346700000003,175.81811670000002,74.72346700000003,0.0,0.0,0.0,0.0,6000.0,6000.0
2025-01-29,80,13:10,13:20,92.45193399999994,181.69485029999998,92.45193399999994,0.0,0.0,0.0,0.0,6000.0,6000.0
2025-01-29,81,13:20,13:30,104.20583299999987,241.18541700000003,104.20583299999987,0.0,0.0,0.0,0.0,6000.0,6000.0
2025-01-29,82,13:30,13:40,91.88196599999992,257.24026630000014,91.88196599999992,0.0,0.0,0.0,0.0,6000.0,6000.0
2025-01-29,83,13:40,13:50,76.46223299999997,265.69946630000004,76.46223299999997,0.0,0.0,0.0,0.0,6000.0,6000.0
2025-01-29,84,13:50,14:00,90.89333299999987,285.320833,90.89333299999987,0.0,0.0,0.0,0.0,6000.0,6000.0
2025-01-29,85,14:00,14:10,151.34731629999987,299.1052169999999,151.34731629999987,0.0,0.0,0.0,0.0,6000.0,6000.0
2025-01-29,86,14:10,14:20,201.80429970000012,351.2196497000001,201.80429970000012,0.0,0.0,0.0,0.0,6000.0,6000.0
2025-01-29,87,14:20,14:30,238.02375000000006,417.2187499999999,238.02375000000006,0.0,0.0,0.0,0.0,6000.0,6000.0
2025-01-29,88,14:30,14:40,303.67805,421.09453300000007,303.67805,0.0,0.0,0.0,0.0,6000.0,6000.0
2025-01-29,89,14:40,14:50,356.75069970000004,416.3809163000001,356.75069970000004,0.0,0.0,0.0,0.0,6000.0,6000.0
2025-01-29,90,14:50,15:00,379.87416699999994,441.94208300000014,379.87416699999994,0.0,0.0,0.0,0.0,6000.0,6000.0
2025-01-29,91,15:00,15:10,403.00739969999995,484.878017,403.00739969999995,0.0,0.0,0.0,0.0,6000.0,6000.0
2025-01-29,92,15:10,15:20,456.11146669999994,519.2524169999999,456.11146669999994,0.0,0.0,0.0,0.0,6000.0,6000.0
2025-01-29,93,15:20,15:30,524.2945830000001,563.8508330000001,524.2945830000001,0.0,0.0,0.0,0.0,6000.0,6000.0
2025-01-29,94,15:30,15:40,567.6109836999999,653.7632667,567.6109836999999,0.0,0.0,0.0,0.0,6000.0,6000.0
2025-01-29,95,15:40,15:50,620.7588329999999,703.9437837,620.7588329999999,0.0,0.0,0.0,0.0,6000.0,6000.0
2025-01-29,96,15:50,16:00,680.8254169999999,700.2724999999999,680.8254169999999,0.0,0.0,0.0,0.0,6000.0,6000.0
2025-01-29,97,16:00,16:10,712.878483,717.0832833000001,712.878483,0.0,0.0,0.0,0.0,6000.0,6000.0
2025-01-29,98,16:10,16:20,776.3204163,775.4193663000001,775.4193663000001,0.9010499999999411,0.0,0.0,0.0,6000.0,6000.0
2025-01-29,99,16:20,16:30,849.5704169999999,855.057917,849.5704169999999,0.0,0.0,0.0,0.0,6000.0,6000.0
2025-01-29,100,16:30,16:40,854.6138166,916.144217,854.6138166,0.0,0.0,0.0,0.0,6000.0,6000.0
2025-01-29,101,16:40,16:50,901.8712833300001,948.57108367,901.8712833300001,0.0,0.0,0.0,0.0,6000.0,6000.0
2025-01-29,102,16:50,17:00,1000.087917,971.852083,971.852083,28.235833999999954,0.0,0.0,0.0,6000.0,6000.0
2025-01-29,103,17:00,17:10,1037.51776667,1011.301417,1011.301417,26.216349669999886,0.0,0.0,0.0,6000.0,6000.0
2025-01-29,104,17:10,17:20,1017.459783,1027.26935,1017.459783,0.0,0.0,0.0,0.0,6000.0,6000.0
2025-01-29,105,17:20,17:30,1011.806667,1052.643333,1011.806667,0.0,0.0,0.0,0.0,6000.0,6000.0
2025-01-29,106,17:30,17:40,1038.5129,1105.0788333333,1038.5129,0.0,0.0,0.0,0.0,6000.0,6000.0
2025-01-29,107,17:40,17:50,927.1008833,972.2847333,927.1008833,0.0,0.0,0.0,0.0,6000.0,6000.0
2025-01-29,108,17:50,18:00,734.1883333,737.08,734.1883333,0.0,0.0,0.0,0.0,6000.0,6000.0
2025-01-29,109,18:00,18:10,702.83234996667,717.00585,702.83234996667,0.0,0.0,0.0,0.0,6000.0,6000.0
2025-01-29,110,18:10,18:20,712.8634167,745.02905,712.8634167,0.0,0.0,0.0,0.0,6000.0,6000.0
2025-01-29,111,18:20,18:30,700.6716667,717.8483333,700.6716667,0.0,0.0,0.0,0.0,6000.0,6000.0
2025-01-29,112,18:30,18:40,722.2615999999999,706.210966633333,706.210966633333,16.050633366666943,0.0,0.0,0.0,6000.0,6000.0
2025-01-29,113,18:40,18:50,713.5400667,719.5875167,713.5400667,0.0,0.0,0.0,0.0,6000.0,6000.0
2025-01-29,114,18:50,19:00,681.7866667,730.8016667,681.7866667,0.0,0.0,0.0,0.0,6000.0,6000.0
2025-01-29,115,19:00,19:10,706.1048499999999,712.7953832999999,706.1048499999999,0.0,0.0,0.0,0.0,6000.0,6000.0
2025-01-29,116,19:10,19:20,742.09745,713.0554333,713.0554333,29.042016699999976,0.0,0.0,0.0,6000.0,6000.0
2025-01-29,117,19:20,19:30,747.895,733.6533333,733.6533333,14.241666699999996,0.0,0.0,0.0,6000.0,6000.0
2025-01-29,118,19:30,19:40,722.8349,732.3650833,722.8349,0.0,0.0,0.0,0.0,6000.0,6000.0
2025-01-29,119,19:40,19:50,692.7138333,744.0478667,692.7138333,0.0,0.0,0.0,0.0,6000.0,6000.0
2025-01-29,120,19:50,20:00,684.5816667,760.2883333,684.5816667,0.0,0.0,0.0,0.0,6000.0,6000.0
2025-01-29,121,20:00,20:10,707.2244167,737.1986833,707.2244167,0.0,0.0,0.0,0.0,6000.0,6000.0
2025-01-29,122,20:10,20:20,718.4167167,737.79175,718.4167167,0.0,0.0,0.0,0.0,6000.0,6000.0
2025-01-29,123,20:20,20:30,711.3533333,757.1816667,711.3533333,0.0,0.0,0.0,0.0,6000.0,6000.0
2025-01-29,124,20:30,20:40,718.3737333,728.3876833,718.3737333,0.0,0.0,0.0,0.0,6000.0,6000.0
2025-01-29,125,20:40,20:50,735.4934167,714.0138833,714.0138833,21.479533400000037,0.0,0.0,0.0,6000.0,6000.0
2025-01-29,126,20:50,21:00,739.345,734.775,734.775,4.57000000000005,0.0,0.0,0.0,6000.0,6000.0
2025-01-29,127,21:00,21:10,713.9899667,742.9281667,713.9899667,0.0,0.0,0.0,0.0,6000.0,6000.0
2025-01-29,128,21:10,21:20,710.2302667,720.6530667,710.2302667,0.0,0.0,0.0,0.0,6000.0,6000.0
2025-01-29,129,21:20,21:30,748.6116667,713.5083333,713.5083333,35.1033334,0.0,0.0,0.0,6000.0,6000.0
2025-01-29,130,21:30,21:40,788.0309833,765.7177,765.7177,22.313283299999966,0.0,0.0,0.0,6000.0,6000.0
2025-01-29,131,21:40,21:50,735.0967333,706.8324667,706.8324667,28.264266599999928,0.0,0.0,0.0,6000.0,6000.0
2025-01-29,132,21:50,22:00,622.9266667,561.2116667,561.2116667,61.71500000000003,0.0,0.0,0.0,6000.0,6000.0
2025-01-29,133,22:00,22:10,578.9409167,529.4156333,529.4156333,49.525283400000035,0.0,0.0,0.0,6000.0,6000.0
2025-01-29,134,22:10,22:20,554.8473,526.1228667,526.1228667,28.724433299999987,0.0,0.0,0.0,6000.0,6000.0
2025-01-29,135,22:20,22:30,532.7783333,520.0533333,520.0533333,12.725000000000023,0.0,0.0,0.0,6000.0,6000.0
2025-01-29,136,22:30,22:40,550.9146333,571.8629,550.9146333,0.0,0.0,0.0,0.0,6000.0,6000.0
2025-01-29,137,22:40,22:50,569.9477,601.1169,569.9477,0.0,0.0,0.0,0.0,6000.0,6000.0
2025-01-29,138,22:50,23:00,572.285,585.4,572.285,0.0,0.0,0.0,0.0,6000.0,6000.0
2025-01-29,139,23:00,23:10,575.5155333,582.3246333,575.5155333,0.0,0.0,0.0,0.0,6000.0,6000.0
2025-01-29,140,23:10,23:20,571.2774833,591.0186667,571.2774833,0.0,0.0,0.0,0.0,6000.0,6000.0
2025-01-29,141,23:20,23:30,567.2733333,599.7133333,567.2733333,0.0,0.0,0.0,0.0,6000.0,6000.0
2025-01-29,142,23:30,23:40,584.014,603.7924,584.014,0.0,0.0,0.0,0.0,6000.0,6000.0
2025-01-29,143,23:40,23:50,601.5159167,607.48365,601.5159167,0.0,0.0,0.0,0.0,6000.0,6000.0
2025-01-29,144,23:50,24:00,596.7483333,601.1333333,596.7483333,0.0,0.0,0.0,0.0,6000.0,6000.0
2025-01-30,1,00:00,00:10,567.5041833,576.43415,567.5041833,0.0,0.0,0.0,0.0,6000.0,6000.0
2025-01-30,2,00:10,00:20,563.3384,590.6664,563.3384,0.0,0.0,0.0,0.0,6000.0,6000.0
2025-01-30,3,00:20,00:30,596.26,627.6166667,596.26,0.0,0.0,0.0,0.0,6000.0,6000.0
2025-01-30,4,00:30,00:40,630.6059,614.5212,614.5212,16.084699999999998,0.0,0.0,0.0,6000.0,6000.0
2025-01-30,5,00:40,00:50,642.7418833,609.2627833,609.2627833,33.47910000000002,0.0,0.0,0.0,6000.0,6000.0
2025-01-30,6,00:50,01:00,637.4766667,625.58,625.58,11.896666699999969,0.0,0.0,0.0,6000.0,6000.0
2025-01-30,7,01:00,01:10,637.8859167,619.4419667,619.4419667,18.443950000000086,0.0,0.0,0.0,6000.0,6000.0
2025-01-30,8,01:10,01:20,640.87435,624.5142167,624.5142167,16.36013330000003,0.0,0.0,0.0,6000.0,6000.0
2025-01-30,9,01:20,01:30,643.085,639.97,639.97,3.115000000000009,0.0,0.0,0.0,6000.0,6000.0
2025-01-30,10,01:30,01:40,645.8091833,627.1383167,627.1383167,18.670866599999954,0.0,0.0,0.0,6000.0,6000.0
2025-01-30,11,01:40,01:50,643.3305833,613.96655,613.96655,29.36403329999996,0.0,0.0,0.0,6000.0,6000.0
2025-01-30,12,01:50,02:00,642.145,620.8583333,620.8583333,21.286666699999955,0.0,0.0,0.0,6000.0,6000.0
2025-01-30,13,02:00,02:10,654.6027833,641.8874833,641.8874833,12.71530000000007,0.0,0.0,0.0,6000.0,6000.0
2025-01-30,14,02:10,02:20,660.8845333,664.7372833,660.8845333,0.0,0.0,0.0,0.0,6000.0,6000.0
2025-01-30,15,02:20,02:30,645.6183333,669.565,645.6183333,0.0,0.0,0.0,0.0,6000.0,6000.0
2025-01-30,16,02:30,02:40,621.0956333,648.1416333,621.0956333,0.0,0.0,0.0,0.0,6000.0,6000.0
2025-01-30,17,02:40,02:50,654.3948333,659.4606333,654.3948333,0.0,0.0,0.0,0.0,6000.0,6000.0
2025-01-30,18,02:50,03:00,705.795,687.5566667,687.5566667,18.23833329999991,0.0,0.0,0.0,6000.0,6000.0
2025-01-30,19,03:00,03:10,670.5565333,661.0659167,661.0659167,9.490616599999953,0.0,0.0,0.0,6000.0,6000.0
2025-01-30,20,03:10,03:20,658.8305,650.1690833,650.1690833,8.661416700000018,0.0,0.0,0.0,6000.0,6000.0
2025-01-30,21,03:20,03:30,688.785,666.0816667,666.0816667,22.70333329999994,0.0,0.0,0.0,6000.0,6000.0
2025-01-30,22,03:30,03:40,671.02305,652.0708833,652.0708833,18.95216670000002,0.0,0.0,0.0,6000.0,6000.0
2025-01-30,23,03:40,03:50,669.9153833,658.0166,658.0166,11.898783299999991,0.0,0.0,0.0,6000.0,6000.0
2025-01-30,24,03:50,04:00,696.9616667,692.4316667,692.4316667,4.529999999999973,0.0,0.0,0.0,6000.0,6000.0
2025-01-30,25,04:00,04:10,693.0588333,706.5813833,693.0588333,0.0,0.0,0.0,0.0,6000.0,6000.0
2025-01-30,26,04:10,04:20,687.1350833,699.2788,687.1350833,0.0,0.0,0.0,0.0,6000.0,6000.0
2025-01-30,27,04:20,04:30,702.2,688.02,688.02,14.180000000000064,0.0,0.0,0.0,6000.0,6000.0
2025-01-30,28,04:30,04:40,720.7110667,689.98605,689.98605,30.72501669999997,0.0,0.0,0.0,6000.0,6000.0
2025-01-30,29,04:40,04:50,683.7846666333334,697.1437333666667,683.7846666333334,0.0,0.0,0.0,0.0,6000.0,6000.0
2025-01-30,30,04:50,05:00,638.025,699.5266667,638.025,0.0,0.0,0.0,0.0,6000.0,6000.0
2025-01-30,31,05:00,05:10,689.59165,697.7861833,689.59165,0.0,0.0,0.0,0.0,6000.0,6000.0
2025-01-30,32,05:10,05:20,726.153000033333,714.956400033333,714.956400033333,11.19659999999999,0.0,0.0,0.0,6000.0,6000.0
2025-01-30,33,05:20,05:30,700.0516667,726.175,700.0516667,0.0,0.0,0.0,0.0,6000.0,6000.0
2025-01-30,34,05:30,05:40,689.5921167,700.34295,689.5921167,0.0,0.0,0.0,0.0,6000.0,6000.0
2025-01-30,35,05:40,05:50,787.3742666999999,784.20341663333,784.20341663333,3.1708500666699138,0.0,0.0,0.0,6000.0,6000.0
2025-01-30,36,05:50,06:00,920.0716667,917.0466667,917.0466667,3.025000000000091,0.0,0.0,0.0,6000.0,6000.0
2025-01-30,37,06:00,06:10,918.81505,881.4841167,881.4841167,37.33093330000008,0.0,0.0,0.0,6000.0,6000.0
2025-01-30,38,06:10,06:20,900.6529833000001,837.7958499667001,837.7958499667001,62.8571333333,0.0,0.0,0.0,6000.0,6000.0
2025-01-30,39,06:20,06:30,917.695,879.6,879.6,38.09500000000003,0.0,0.0,0.0,6000.0,6000.0
2025-01-30,40,06:30,06:40,902.0970333,931.23665,902.0970333,0.0,0.0,0.0,0.0,6000.0,6000.0
2025-01-30,41,06:40,06:50,877.5176667000001,920.10510003,877.5176667000001,0.0,0.0,0.0,0.0,6000.0,6000.0
2025-01-30,42,06:50,07:00,842.7766667,837.5187500000001,837.5187500000001,5.257916699999896,0.0,0.0,0.0,6000.0,6000.0
2025-01-30,43,07:00,07:10,795.97943333,770.49854997,770.49854997,25.480883360000007,0.0,0.0,0.0,6000.0,6000.0
2025-01-30,44,07:10,07:20,747.8808333,745.4446167,745.4446167,2.436216599999966,0.0,0.0,0.0,6000.0,6000.0
2025-01-30,45,07:20,07:30,695.7733333,708.5904167,695.7733333,0.0,0.0,0.0,0.0,6000.0,6000.0
2025-01-30,46,07:30,07:40,649.0873333,615.0310333,615.0310333,34.056299999999965,0.0,0.0,0.0,6000.0,6000.0
2025-01-30,47,07:40,07:50,727.8198663,698.8805337,698.8805337,28.939332599999943,0.0,0.0,0.0,6000.0,6000.0
2025-01-30,48,07:50,08:00,865.232083,882.862083,865.232083,0.0,0.0,0.0,0.0,6000.0,6000.0
2025-01-30,49,08:00,08:10,857.0708337,836.2760169999999,836.2760169999999,20.79481670000007,0.0,0.0,0.0,6000.0,6000.0
2025-01-30,50,08:10,08:20,802.6175167000001,733.6656329999998,733.6656329999998,68.95188370000028,0.0,0.0,0.0,6000.0,6000.0
2025-01-30,51,08:20,08:30,772.3716669999999,686.4820829999999,686.4820829999999,85.88958400000001,0.0,0.0,0.0,6000.0,6000.0
2025-01-30,52,08:30,08:40,733.8494496999999,635.8189163,635.8189163,98.03053339999997,0.0,0.0,0.0,6000.0,6000.0
2025-01-30,53,08:40,08:50,671.7504667000001,612.1514503000001,612.1514503000001,59.59901639999998,0.0,0.0,0.0,6000.0,6000.0
2025-01-30,54,08:50,09:00,599.4983329999999,588.895417,588.895417,10.602915999999937,0.0,0.0,0.0,6000.0,6000.0
2025-01-30,55,09:00,09:10,543.5330832999999,496.41541670000004,496.41541670000004,47.11766659999989,0.0,0.0,0.0,6000.0,6000.0
2025-01-30,56,09:10,09:20,490.5297667000001,415.4051667,415.4051667,75.1246000000001,0.0,0.0,0.0,6000.0,6000.0
2025-01-30,57,09:20,09:30,443.758333,383.23124999999993,383.23124999999993,60.52708300000006,0.0,0.0,0.0,6000.0,6000.0
2025-01-30,58,09:30,09:40,420.73836630000005,357.5413503,357.5413503,63.197016000000076,0.0,0.0,0.0,6000.0,6000.0
2025-01-30,59,09:40,09:50,390.1019003000001,305.52374969999994,305.52374969999994,84.57815060000019,0.0,0.0,0.0,6000.0,6000.0
2025-01-30,60,09:50,10:00,337.082083,224.80916700000012,224.80916700000012,112.2729159999999,0.0,0.0,0.0,6000.0,6000.0
2025-01-30,61,10:00,10:10,278.4920330000001,146.35931699999992,146.35931699999992,132.1327160000002,0.0,0.0,0.0,6000.0,6000.0
2025-01-30,62,10:10,10:20,239.8932329999999,122.42056600000001,122.42056600000001,117.47266699999989,0.0,0.0,0.0,6000.0,6000.0
2025-01-30,63,10:20,10:30,223.63833299999988,132.77416700000003,132.77416700000003,90.86416599999984,0.0,0.0,0.0,6000.0,6000.0
2025-01-30,64,10:30,10:40,207.7621499999999,110.97305000000006,110.97305000000006,96.78909999999985,0.0,0.0,0.0,6000.0,6000.0
2025-01-30,65,10:40,10:50,174.55200000000002,111.57393400000001,111.57393400000001,62.97806600000001,0.0,0.0,0.0,6000.0,6000.0
2025-01-30,66,10:50,11:00,135.39041699999996,128.46666699999992,128.46666699999992,6.923750000000041,0.0,0.0,0.0,6000.0,6000.0
2025-01-30,67,11:00,11:10,120.48011700000006,90.54303299999992,90.54303299999992,29.93708400000014,0.0,0.0,0.0,6000.0,6000.0
2025-01-30,68,11:10,11:20,123.48323299999993,33.66938300000015,33.66938300000015,89.81384999999977,0.0,0.0,0.0,6000.0,6000.0
2025-01-30,69,11:20,11:30,110.53999999999996,18.94666700000016,18.94666700000016,91.5933329999998,0.0,0.0,0.0,6000.0,6000.0
2025-01-30,70,11:30,11:40,57.30023399999982,67.82328299999995,57.30023399999982,0.0,0.0,0.0,0.0,6000.0,6000.0
2025-01-30,71,11:40,11:50,44.197632999999996,59.831367,44.197632999999996,0.0,0.0,0.0,0.0,6000.0,6000.0
2025-01-30,72,11:50,12:00,51.076249999999845,0.0,0.0,51.076249999999845,0.0,0.0,0.0,6000.0,6000.0
2025-01-30,73,12:00,12:10,-14.943565999999919,0.0,0.0,0.0,14.943565999999919,0.0,0.0,6000.0,6000.0
2025-01-30,74,12:10,12:20,-37.27789999999982,0.0,0.0,0.0,37.27789999999982,0.0,0.0,6000.0,6000.0
2025-01-30,75,12:20,12:30,-18.00958300000002,0.0,0.0,0.0,18.00958300000002,0.0,0.0,6000.0,6000.0
2025-01-30,76,12:30,12:40,-71.71304999999984,11.712233000000197,0.0,0.0,71.71304999999984,0.0,0.0,6000.0,6000.0
2025-01-30,77,12:40,12:50,-79.53383400000007,55.690467000000126,0.0,0.0,79.53383400000007,0.0,0.0,6000.0,6000.0
2025-01-30,78,12:50,13:00,-6.083333000000039,64.98500000000013,0.0,0.0,6.083333000000039,0.0,0.0,6000.0,6000.0
2025-01-30,79,13:00,13:10,56.33936699999981,74.72346700000003,56.33936699999981,0.0,0.0,0.0,0.0,6000.0,6000.0
2025-01-30,80,13:10,13:20,80.84813300000019,92.45193399999994,80.84813300000019,0.0,0.0,0.0,0.0,6000.0,6000.0
2025-01-30,81,13:20,13:30,87.87125000000015,104.20583299999987,87.87125000000015,0.0,0.0,0.0,0.0,6000.0,6000.0
2025-01-30,82,13:30,13:40,119.75095030000011,91.88196599999992,91.88196599999992,27.868984300000193,0.0,0.0,0.0,6000.0,6000.0
2025-01-30,83,13:40,13:50,186.72850000000005,76.46223299999997,76.46223299999997,110.26626700000008,0.0,0.0,0.0,6000.0,6000.0
2025-01-30,84,13:50,14:00,239.9920830000001,90.89333299999987,90.89333299999987,149.09875000000022,0.0,0.0,0.0,6000.0,6000.0
2025-01-30,85,14:00,14:10,215.9843669999999,151.34731629999987,151.34731629999987,64.63705070000003,0.0,0.0,0.0,6000.0,6000.0
2025-01-30,86,14:10,14:20,192.81089969999994,201.80429970000012,192.81089969999994,0.0,0.0,0.0,0.0,6000.0,6000.0
2025-01-30,87,14:20,14:30,235.06666700000005,238.02375000000006,235.06666700000005,0.0,0.0,0.0,0.0,6000.0,6000.0
2025-01-30,88,14:30,14:40,336.23106629999995,303.67805,303.67805,32.55301629999997,0.0,0.0,0.0,6000.0,6000.0
2025-01-30,89,14:40,14:50,406.9212002999999,356.75069970000004,356.75069970000004,50.170500599999855,0.0,0.0,0.0,6000.0,6000.0
2025-01-30,90,14:50,15:00,420.98916699999995,379.87416699999994,379.87416699999994,41.11500000000001,0.0,0.0,0.0,6000.0,6000.0
2025-01-30,91,15:00,15:10,429.9874503000001,403.00739969999995,403.00739969999995,26.98005060000014,0.0,0.0,0.0,6000.0,6000.0
2025-01-30,92,15:10,15:20,461.9655499999999,456.11146669999994,456.11146669999994,5.854083299999957,0.0,0.0,0.0,6000.0,6000.0
2025-01-30,93,15:20,15:30,522.76125,524.2945830000001,522.76125,0.0,0.0,0.0,0.0,6000.0,6000.0
2025-01-30,94,15:30,15:40,594.7374832999999,567.6109836999999,567.6109836999999,27.12649959999999,0.0,0.0,0.0,6000.0,6000.0
2025-01-30,95,15:40,15:50,631.8305500000001,620.7588329999999,620.7588329999999,11.071717000000262,0.0,0.0,0.0,6000.0,6000.0
2025-01-30,96,15:50,16:00,667.3691670000001,680.8254169999999,667.3691670000001,0.0,0.0,0.0,0.0,6000.0,6000.0
2025-01-30,97,16:00,16:10,770.8521337,712.878483,712.878483,57.97365070000001,0.0,0.0,0.0,6000.0,6000.0
2025-01-30,98,16:10,16:20,818.807433,776.3204163,776.3204163,42.48701669999991,0.0,0.0,0.0,6000.0,6000.0
2025-01-30,99,16:20,16:30,813.013333,849.5704169999999,813.013333,0.0,0.0,0.0,0.0,6000.0,6000.0
2025-01-30,100,16:30,16:40,879.4610667,854.6138166,854.6138166,24.847250099999997,0.0,0.0,0.0,6000.0,6000.0
2025-01-30,101,16:40,16:50,947.2272499999999,901.8712833300001,901.8712833300001,45.355966669999816,0.0,0.0,0.0,6000.0,6000.0
2025-01-30,102,16:50,17:00,985.2358330000001,1000.087917,985.2358330000001,0.0,0.0,0.0,0.0,6000.0,6000.0
2025-01-30,103,17:00,17:10,1032.0859503299998,1037.51776667,1032.0859503299998,0.0,0.0,0.0,0.0,6000.0,6000.0
2025-01-30,104,17:10,17:20,1040.43285,1017.459783,1017.459783,22.9730669999999,0.0,0.0,0.0,6000.0,6000.0
2025-01-30,105,17:20,17:30,1040.536667,1011.806667,1011.806667,28.730000000000132,0.0,0.0,0.0,6000.0,6000.0
2025-01-30,106,17:30,17:40,1062.3500163333,1038.5129,1038.5129,23.837116333299946,0.0,0.0,0.0,6000.0,6000.0
2025-01-30,107,17:40,17:50,939.0254833,927.1008833,927.1008833,11.924600000000055,0.0,0.0,0.0,6000.0,6000.0
2025-01-30,108,17:50,18:00,736.2666667,734.1883333,734.1883333,2.0783334000000195,0.0,0.0,0.0,6000.0,6000.0
2025-01-30,109,18:00,18:10,712.3956666666701,702.83234996667,702.83234996667,9.563316700000087,0.0,0.0,0.0,6000.0,6000.0
2025-01-30,110,18:10,18:20,750.3761,712.8634167,712.8634167,37.512683299999935,0.0,0.0,0.0,6000.0,6000.0
2025-01-30,111,18:20,18:30,753.5016667,700.6716667,700.6716667,52.83000000000004,0.0,0.0,0.0,6000.0,6000.0
2025-01-30,112,18:30,18:40,740.7306833,722.2615999999999,722.2615999999999,18.46908330000008,0.0,0.0,0.0,6000.0,6000.0
2025-01-30,113,18:40,18:50,723.1364667,713.5400667,713.5400667,9.596400000000017,0.0,0.0,0.0,6000.0,6000.0
2025-01-30,114,18:50,19:00,716.2883333,681.7866667,681.7866667,34.50166660000002,0.0,0.0,0.0,6000.0,6000.0
2025-01-30,115,19:00,19:10,734.4719166666667,706.1048499999999,706.1048499999999,28.3670666666668,0.0,0.0,0.0,6000.0,6000.0
2025-01-30,116,19:10,19:20,756.2895833,742.09745,742.09745,14.192133300000023,0.0,0.0,0.0,6000.0,6000.0
2025-01-30,117,19:20,19:30,765.1516667,747.895,747.895,17.256666699999982,0.0,0.0,0.0,6000.0,6000.0
2025-01-30,118,19:30,19:40,759.8337333,722.8349,722.8349,36.9988333,0.0,0.0,0.0,6000.0,6000.0
2025-01-30,119,19:40,19:50,745.37385,692.7138333,692.7138333,52.660016699999915,0.0,0.0,0.0,6000.0,6000.0
2025-01-30,120,19:50,20:00,729.7533333,684.5816667,684.5816667,45.17166659999998,0.0,0.0,0.0,6000.0,6000.0
2025-01-30,121,20:00,20:10,721.9010333,707.2244167,707.2244167,14.676616599999988,0.0,0.0,0.0,6000.0,6000.0
2025-01-30,122,20:10,20:20,727.66305,718.4167167,718.4167167,9.246333299999947,0.0,0.0,0.0,6000.0,6000.0
2025-01-30,123,20:20,20:30,734.9133333,711.3533333,711.3533333,23.559999999999945,0.0,0.0,0.0,6000.0,6000.0
2025-01-30,124,20:30,20:40,726.8146667,718.3737333,718.3737333,8.440933399999949,0.0,0.0,0.0,6000.0,6000.0
2025-01-30,125,20:40,20:50,733.9936333,735.4934167,733.9936333,0.0,0.0,0.0,0.0,6000.0,6000.0
2025-01-30,126,20:50,21:00,743.8433333,739.345,739.345,4.498333300000013,0.0,0.0,0.0,6000.0,6000.0
2025-01-30,127,21:00,21:10,712.9366833,713.9899667,712.9366833,0.0,0.0,0.0,0.0,6000.0,6000.0
2025-01-30,128,21:10,21:20,694.1468833,710.2302667,694.1468833,0.0,0.0,0.0,0.0,6000.0,6000.0
2025-01-30,129,21:20,21:30,729.2633333,748.6116667,729.2633333,0.0,0.0,0.0,0.0,6000.0,6000.0
2025-01-30,130,21:30,21:40,791.7407167,788.0309833,788.0309833,3.7097334000000046,0.0,0.0,0.0,6000.0,6000.0
2025-01-30,131,21:40,21:50,734.2063833,735.0967333,734.2063833,0.0,0.0,0.0,0.0,6000.0,6000.0
2025-01-30,132,21:50,22:00,594.3616667,622.9266667,594.3616667,0.0,0.0,0.0,0.0,6000.0,6000.0
2025-01-30,133,22:00,22:10,559.2715833,578.9409167,559.2715833,0.0,0.0,0.0,0.0,6000.0,6000.0
2025-01-30,134,22:10,22:20,558.17205,554.8473,554.8473,3.3247499999999945,0.0,0.0,0.0,6000.0,6000.0
2025-01-30,135,22:20,22:30,550.5666667,532.7783333,532.7783333,17.788333400000056,0.0,0.0,0.0,6000.0,6000.0
2025-01-30,136,22:30,22:40,569.3835167,550.9146333,550.9146333,18.46888339999998,0.0,0.0,0.0,6000.0,6000.0
2025-01-30,137,22:40,22:50,557.2639667,569.9477,557.2639667,0.0,0.0,0.0,0.0,6000.0,6000.0
2025-01-30,138,22:50,23:00,532.4316667,572.285,532.4316667,0.0,0.0,0.0,0.0,6000.0,6000.0
2025-01-30,139,23:00,23:10,572.1929167,575.5155333,572.1929167,0.0,0.0,0.0,0.0,6000.0,6000.0
2025-01-30,140,23:10,23:20,597.64505,571.2774833,571.2774833,26.367566699999998,0.0,0.0,0.0,6000.0,6000.0
2025-01-30,141,23:20,23:30,588.5683333,567.2733333,567.2733333,21.29499999999996,0.0,0.0,0.0,6000.0,6000.0
2025-01-30,142,23:30,23:40,593.47725,584.014,584.014,9.463250000000016,0.0,0.0,0.0,6000.0,6000.0
2025-01-30,143,23:40,23:50,545.4895,601.5159167,545.4895,0.0,0.0,0.0,0.0,6000.0,6000.0
2025-01-30,144,23:50,24:00,460.81,596.7483333,460.81,0.0,0.0,0.0,0.0,6000.0,6000.0
2025-01-31,1,00:00,00:10,441.0212667,567.5041833,441.0212667,0.0,0.0,0.0,0.0,6000.0,6000.0
2025-01-31,2,00:10,00:20,475.9250667,563.3384,475.9250667,0.0,0.0,0.0,0.0,6000.0,6000.0
2025-01-31,3,00:20,00:30,498.7933333,596.26,498.7933333,0.0,0.0,0.0,0.0,6000.0,6000.0
2025-01-31,4,00:30,00:40,454.3744167,630.6059,454.3744167,0.0,0.0,0.0,0.0,6000.0,6000.0
2025-01-31,5,00:40,00:50,437.5370667,642.7418833,437.5370667,0.0,0.0,0.0,0.0,6000.0,6000.0
2025-01-31,6,00:50,01:00,463.6833333,637.4766667,463.6833333,0.0,0.0,0.0,0.0,6000.0,6000.0
2025-01-31,7,01:00,01:10,456.1998167,637.8859167,456.1998167,0.0,0.0,0.0,0.0,6000.0,6000.0
2025-01-31,8,01:10,01:20,439.0617667,640.87435,439.0617667,0.0,0.0,0.0,0.0,6000.0,6000.0
2025-01-31,9,01:20,01:30,450.4366667,643.085,450.4366667,0.0,0.0,0.0,0.0,6000.0,6000.0
2025-01-31,10,01:30,01:40,495.6859833,645.8091833,495.6859833,0.0,0.0,0.0,0.0,6000.0,6000.0
2025-01-31,11,01:40,01:50,501.7886333,643.3305833,501.7886333,0.0,0.0,0.0,0.0,6000.0,6000.0
2025-01-31,12,01:50,02:00,464.1933333,642.145,464.1933333,0.0,0.0,0.0,0.0,6000.0,6000.0
2025-01-31,13,02:00,02:10,450.8861167,654.6027833,450.8861167,0.0,0.0,0.0,0.0,6000.0,6000.0
2025-01-31,14,02:10,02:20,467.77375,660.8845333,467.77375,0.0,0.0,0.0,0.0,6000.0,6000.0
2025-01-31,15,02:20,02:30,492.7916667,645.6183333,492.7916667,0.0,0.0,0.0,0.0,6000.0,6000.0
2025-01-31,16,02:30,02:40,502.5822667,621.0956333,502.5822667,0.0,0.0,0.0,0.0,6000.0,6000.0
2025-01-31,17,02:40,02:50,513.8009,654.3948333,513.8009,0.0,0.0,0.0,0.0,6000.0,6000.0
2025-01-31,18,02:50,03:00,536.0433333,705.795,536.0433333,0.0,0.0,0.0,0.0,6000.0,6000.0
2025-01-31,19,03:00,03:10,557.1184167,670.5565333,557.1184167,0.0,0.0,0.0,0.0,6000.0,6000.0
2025-01-31,20,03:10,03:20,548.1059667,658.8305,548.1059667,0.0,0.0,0.0,0.0,6000.0,6000.0
2025-01-31,21,03:20,03:30,513.915,688.785,513.915,0.0,0.0,0.0,0.0,6000.0,6000.0
2025-01-31,22,03:30,03:40,492.83905,671.02305,492.83905,0.0,0.0,0.0,0.0,6000.0,6000.0
2025-01-31,23,03:40,03:50,504.4545,669.9153833,504.4545,0.0,0.0,0.0,0.0,6000.0,6000.0
2025-01-31,24,03:50,04:00,541.295,696.9616667,541.295,0.0,0.0,0.0,0.0,6000.0,6000.0
2025-01-31,25,04:00,04:10,571.6824,693.0588333,571.6824,0.0,0.0,0.0,0.0,6000.0,6000.0
2025-01-31,26,04:10,04:20,557.5331333,687.1350833,557.5331333,0.0,0.0,0.0,0.0,6000.0,6000.0
2025-01-31,27,04:20,04:30,519.6933333,702.2,519.6933333,0.0,0.0,0.0,0.0,6000.0,6000.0
2025-01-31,28,04:30,04:40,516.0169,720.7110667,516.0169,0.0,0.0,0.0,0.0,6000.0,6000.0
2025-01-31,29,04:40,04:50,513.5363333666667,683.7846666333334,513.5363333666667,0.0,0.0,0.0,0.0,6000.0,6000.0
2025-01-31,30,04:50,05:00,508.3983333,638.025,508.3983333,0.0,0.0,0.0,0.0,6000.0,6000.0
2025-01-31,31,05:00,05:10,535.2354667,689.59165,535.2354667,0.0,0.0,0.0,0.0,6000.0,6000.0
2025-01-31,32,05:10,05:20,572.693183333333,726.153000033333,572.693183333333,0.0,0.0,0.0,0.0,6000.0,6000.0
2025-01-31,33,05:20,05:30,584.615,700.0516667,584.615,0.0,0.0,0.0,0.0,6000.0,6000.0
2025-01-31,34,05:30,05:40,551.96215,689.5921167,551.96215,0.0,0.0,0.0,0.0,6000.0,6000.0
2025-01-31,35,05:40,05:50,523.7627833333299,787.3742666999999,523.7627833333299,0.0,0.0,0.0,0.0,6000.0,6000.0
2025-01-31,36,05:50,06:00,533.5733333,920.0716667,533.5733333,0.0,0.0,0.0,0.0,6000.0,6000.0
2025-01-31,37,06:00,06:10,570.7949667,918.81505,570.7949667,0.0,0.0,0.0,0.0,6000.0,6000.0
2025-01-31,38,06:10,06:20,582.3482666333,900.6529833000001,582.3482666333,0.0,0.0,0.0,0.0,6000.0,6000.0
2025-01-31,39,06:20,06:30,564.71,917.695,564.71,0.0,0.0,0.0,0.0,6000.0,6000.0
2025-01-31,40,06:30,06:40,561.1364667,902.0970333,561.1364667,0.0,0.0,0.0,0.0,6000.0,6000.0
2025-01-31,41,06:40,06:50,582.08654997,877.5176667000001,582.08654997,0.0,0.0,0.0,0.0,6000.0,6000.0
2025-01-31,42,06:50,07:00,592.0258333,842.7766667,592.0258333,0.0,0.0,0.0,0.0,6000.0,6000.0
2025-01-31,43,07:00,07:10,568.9348334,795.97943333,568.9348334,0.0,0.0,0.0,0.0,6000.0,6000.0
2025-01-31,44,07:10,07:20,507.1909667,747.8808333,507.1909667,0.0,0.0,0.0,0.0,6000.0,6000.0
2025-01-31,45,07:20,07:30,439.6283333,695.7733333,439.6283333,0.0,0.0,0.0,0.0,6000.0,6000.0
2025-01-31,46,07:30,07:40,409.30031670000005,649.0873333,409.30031670000005,0.0,0.0,0.0,0.0,6000.0,6000.0
2025-01-31,47,07:40,07:50,369.9536167,727.8198663,369.9536167,0.0,0.0,0.0,0.0,6000.0,6000.0
2025-01-31,48,07:50,08:00,314.52541670000005,865.232083,314.52541670000005,0.0,0.0,0.0,0.0,6000.0,6000.0
2025-01-31,49,08:00,08:10,278.6544,857.0708337,278.6544,0.0,0.0,0.0,0.0,6000.0,6000.0
2025-01-31,50,08:10,08:20,223.4169,802.6175167000001,223.4169,0.0,0.0,0.0,0.0,6000.0,6000.0
2025-01-31,51,08:20,08:30,139.71375000000006,772.3716669999999,139.71375000000006,0.0,0.0,0.0,0.0,6000.0,6000.0
2025-01-31,52,08:30,08:40,74.29008329999999,733.8494496999999,74.29008329999999,0.0,0.0,0.0,0.0,6000.0,6000.0
2025-01-31,53,08:40,08:50,95.34834999999998,671.7504667000001,95.34834999999998,0.0,0.0,0.0,0.0,6000.0,6000.0
2025-01-31,54,08:50,09:00,154.43999999999994,599.4983329999999,154.43999999999994,0.0,0.0,0.0,0.0,6000.0,6000.0
2025-01-31,55,09:00,09:10,126.69841670000005,543.5330832999999,126.69841670000005,0.0,0.0,0.0,0.0,6000.0,6000.0
2025-01-31,56,09:10,09:20,64.97848330000011,490.5297667000001,64.97848330000011,0.0,0.0,0.0,0.0,6000.0,6000.0
2025-01-31,57,09:20,09:30,10.866250000000036,443.758333,10.866250000000036,0.0,0.0,0.0,0.0,6000.0,6000.0
2025-01-31,58,09:30,09:40,-44.04046660000006,420.73836630000005,0.0,0.0,44.04046660000006,0.0,0.0,6000.0,6000.0
2025-01-31,59,09:40,09:50,-80.96968340000001,390.1019003000001,0.0,0.0,80.96968340000001,0.0,0.0,6000.0,6000.0
2025-01-31,60,09:50,10:00,-96.6958333,337.082083,0.0,0.0,96.6958333,0.0,0.0,6000.0,6000.0
2025-01-31,61,10:00,10:10,-114.77560000000005,278.4920330000001,0.0,0.0,114.77560000000005,0.0,0.0,6000.0,6000.0
2025-01-31,62,10:10,10:20,-170.90650000000005,239.8932329999999,0.0,0.0,170.90650000000005,0.0,0.0,6000.0,6000.0
2025-01-31,63,10:20,10:30,-232.5608333,223.63833299999988,0.0,0.0,232.5608333,0.0,0.0,6000.0,6000.0
2025-01-31,64,10:30,10:40,-231.53684999999996,207.7621499999999,0.0,0.0,231.53684999999996,0.0,0.0,6000.0,6000.0
2025-01-31,65,10:40,10:50,-237.15248329999997,174.55200000000002,0.0,0.0,237.15248329999997,0.0,0.0,6000.0,6000.0
2025-01-31,66,10:50,11:00,-267.0558332999999,135.39041699999996,0.0,0.0,267.0558332999999,0.0,0.0,6000.0,6000.0
2025-01-31,67,11:00,11:10,-273.26744999999994,120.48011700000006,0.0,0.0,273.26744999999994,0.0,0.0,6000.0,6000.0
2025-01-31,68,11:10,11:20,-290.6618833,123.48323299999993,0.0,0.0,290.6618833,0.0,0.0,6000.0,6000.0
2025-01-31,69,11:20,11:30,-331.27208329999996,110.53999999999996,0.0,0.0,331.27208329999996,0.0,0.0,6000.0,6000.0
2025-01-31,70,11:30,11:40,-368.1786667,57.30023399999982,0.0,0.0,368.1786667,0.0,0.0,6000.0,6000.0
2025-01-31,71,11:40,11:50,-395.3079497,44.197632999999996,0.0,0.0,395.3079497,0.0,0.0,6000.0,6000.0
2025-01-31,72,11:50,12:00,-380.83791670000005,51.076249999999845,0.0,0.0,380.83791670000005,0.0,0.0,6000.0,6000.0
2025-01-31,73,12:00,12:10,-302.24916699999994,0.0,0.0,0.0,302.24916699999994,0.0,0.0,6000.0,6000.0
2025-01-31,74,12:10,12:20,-292.9849166,0.0,0.0,0.0,292.9849166,0.0,0.0,6000.0,6000.0
2025-01-31,75,12:20,12:30,-365.58875,0.0,0.0,0.0,365.58875,0.0,0.0,6000.0,6000.0
2025-01-31,76,12:30,12:40,-394.1584497000001,0.0,0.0,0.0,394.1584497000001,0.0,0.0,6000.0,6000.0
2025-01-31,77,12:40,12:50,-343.4112503,0.0,0.0,0.0,343.4112503,0.0,0.0,6000.0,6000.0
2025-01-31,78,12:50,13:00,-281.1795833,0.0,0.0,0.0,281.1795833,0.0,0.0,6000.0,6000.0
2025-01-31,79,13:00,13:10,-306.1027,56.33936699999981,0.0,0.0,306.1027,0.0,0.0,6000.0,6000.0
2025-01-31,80,13:10,13:20,-329.7465333,80.84813300000019,0.0,0.0,329.7465333,0.0,0.0,6000.0,6000.0
2025-01-31,81,13:20,13:30,-318.3454167,87.87125000000015,0.0,0.0,318.3454167,0.0,0.0,6000.0,6000.0
2025-01-31,82,13:30,13:40,-321.5536833,119.75095030000011,0.0,0.0,321.5536833,0.0,0.0,6000.0,6000.0
2025-01-31,83,13:40,13:50,-315.0847833,186.72850000000005,0.0,0.0,315.0847833,0.0,0.0,6000.0,6000.0
2025-01-31,84,13:50,14:00,-291.1137500000001,239.9920830000001,0.0,0.0,291.1137500000001,0.0,0.0,6000.0,6000.0
2025-01-31,85,14:00,14:10,-268.4309333,215.9843669999999,0.0,0.0,268.4309333,0.0,0.0,6000.0,6000.0
2025-01-31,86,14:10,14:20,-229.20000000000005,192.81089969999994,0.0,0.0,229.20000000000005,0.0,0.0,6000.0,6000.0
2025-01-31,87,14:20,14:30,-173.23458329999994,235.06666700000005,0.0,0.0,173.23458329999994,0.0,0.0,6000.0,6000.0
2025-01-31,88,14:30,14:40,-124.1098667,336.23106629999995,0.0,0.0,124.1098667,0.0,0.0,6000.0,6000.0
2025-01-31,89,14:40,14:50,-90.57006660000002,406.9212002999999,0.0,0.0,90.57006660000002,0.0,0.0,6000.0,6000.0
2025-01-31,90,14:50,15:00,-53.11250000000007,420.98916699999995,0.0,0.0,53.11250000000007,0.0,0.0,6000.0,6000.0
2025-01-31,91,15:00,15:10,16.674750000000017,429.9874503000001,16.674750000000017,0.0,0.0,0.0,0.0,6000.0,6000.0
2025-01-31,92,15:10,15:20,86.76173330000006,461.9655499999999,86.76173330000006,0.0,0.0,0.0,0.0,6000.0,6000.0
2025-01-31,93,15:20,15:30,129.82125000000002,522.76125,129.82125000000002,0.0,0.0,0.0,0.0,6000.0,6000.0
2025-01-31,94,15:30,15:40,147.22703340000004,594.7374832999999,147.22703340000004,0.0,0.0,0.0,0.0,6000.0,6000.0
2025-01-31,95,15:40,15:50,173.35816669999997,631.8305500000001,173.35816669999997,0.0,0.0,0.0,0.0,6000.0,6000.0
2025-01-31,96,15:50,16:00,216.94416669999998,667.3691670000001,216.94416669999998,0.0,0.0,0.0,0.0,6000.0,6000.0
2025-01-31,97,16:00,16:10,262.8986167,770.8521337,262.8986167,0.0,0.0,0.0,0.0,6000.0,6000.0
2025-01-31,98,16:10,16:20,333.3855,818.807433,333.3855,0.0,0.0,0.0,0.0,6000.0,6000.0
2025-01-31,99,16:20,16:30,410.06458330000004,813.013333,410.06458330000004,0.0,0.0,0.0,0.0,6000.0,6000.0
2025-01-31,100,16:30,16:40,439.9521,879.4610667,439.9521,0.0,0.0,0.0,0.0,6000.0,6000.0
2025-01-31,101,16:40,16:50,432.6155833,947.2272499999999,432.6155833,0.0,0.0,0.0,0.0,6000.0,6000.0
2025-01-31,102,16:50,17:00,422.3979167,985.2358330000001,422.3979167,0.0,0.0,0.0,0.0,6000.0,6000.0
2025-01-31,103,17:00,17:10,441.20428333,1032.0859503299998,441.20428333,0.0,0.0,0.0,0.0,6000.0,6000.0
2025-01-31,104,17:10,17:20,471.22585,1040.43285,471.22585,0.0,0.0,0.0,0.0,6000.0,6000.0
2025-01-31,105,17:20,17:30,485.745,1040.536667,485.745,0.0,0.0,0.0,0.0,6000.0,6000.0
2025-01-31,106,17:30,17:40,443.7298500333,1062.3500163333,443.7298500333,0.0,0.0,0.0,0.0,6000.0,6000.0
2025-01-31,107,17:40,17:50,445.3267833,939.0254833,445.3267833,0.0,0.0,0.0,0.0,6000.0,6000.0
2025-01-31,108,17:50,18:00,485.1566667,736.2666667,485.1566667,0.0,0.0,0.0,0.0,6000.0,6000.0
2025-01-31,109,18:00,18:10,462.81631663332996,712.3956666666701,462.81631663332996,0.0,0.0,0.0,0.0,6000.0,6000.0
2025-01-31,110,18:10,18:20,435.39775,750.3761,435.39775,0.0,0.0,0.0,0.0,6000.0,6000.0
2025-01-31,111,18:20,18:30,421.94,753.5016667,421.94,0.0,0.0,0.0,0.0,6000.0,6000.0
2025-01-31,112,18:30,18:40,392.331000033333,740.7306833,392.331000033333,0.0,0.0,0.0,0.0,6000.0,6000.0
2025-01-31,113,18:40,18:50,427.2382667,723.1364667,427.2382667,0.0,0.0,0.0,0.0,6000.0,6000.0
2025-01-31,114,18:50,19:00,488.765,716.2883333,488.765,0.0,0.0,0.0,0.0,6000.0,6000.0
2025-01-31,115,19:00,19:10,450.8144333666667,734.4719166666667,450.8144333666667,0.0,0.0,0.0,0.0,6000.0,6000.0
2025-01-31,116,19:10,19:20,417.5372167,756.2895833,417.5372167,0.0,0.0,0.0,0.0,6000.0,6000.0
2025-01-31,117,19:20,19:30,431.4783333,765.1516667,431.4783333,0.0,0.0,0.0,0.0,6000.0,6000.0
2025-01-31,118,19:30,19:40,435.2218,759.8337333,435.2218,0.0,0.0,0.0,0.0,6000.0,6000.0
2025-01-31,119,19:40,19:50,452.2651833,745.37385,452.2651833,0.0,0.0,0.0,0.0,6000.0,6000.0
2025-01-31,120,19:50,20:00,473.7766667,729.7533333,473.7766667,0.0,0.0,0.0,0.0,6000.0,6000.0
2025-01-31,121,20:00,20:10,460.1149833,721.9010333,460.1149833,0.0,0.0,0.0,0.0,6000.0,6000.0
2025-01-31,122,20:10,20:20,461.3929,727.66305,461.3929,0.0,0.0,0.0,0.0,6000.0,6000.0
2025-01-31,123,20:20,20:30,492.7716667,734.9133333,492.7716667,0.0,0.0,0.0,0.0,6000.0,6000.0
2025-01-31,124,20:30,20:40,511.1099167,726.8146667,511.1099167,0.0,0.0,0.0,0.0,6000.0,6000.0
2025-01-31,125,20:40,20:50,475.5378667,733.9936333,475.5378667,0.0,0.0,0.0,0.0,6000.0,6000.0
2025-01-31,126,20:50,21:00,427.2416667,743.8433333,427.2416667,0.0,0.0,0.0,0.0,6000.0,6000.0
2025-01-31,127,21:00,21:10,453.3493667,712.9366833,453.3493667,0.0,0.0,0.0,0.0,6000.0,6000.0
2025-01-31,128,21:10,21:20,502.7923667,694.1468833,502.7923667,0.0,0.0,0.0,0.0,6000.0,6000.0
2025-01-31,129,21:20,21:30,521.8066667,729.2633333,521.8066667,0.0,0.0,0.0,0.0,6000.0,6000.0
2025-01-31,130,21:30,21:40,497.9759667,791.7407167,497.9759667,0.0,0.0,0.0,0.0,6000.0,6000.0
2025-01-31,131,21:40,21:50,453.04175,734.2063833,453.04175,0.0,0.0,0.0,0.0,6000.0,6000.0
2025-01-31,132,21:50,22:00,410.9266667,594.3616667,410.9266667,0.0,0.0,0.0,0.0,6000.0,6000.0
2025-01-31,133,22:00,22:10,387.2007833,559.2715833,387.2007833,0.0,0.0,0.0,0.0,6000.0,6000.0
2025-01-31,134,22:10,22:20,387.29235,558.17205,387.29235,0.0,0.0,0.0,0.0,6000.0,6000.0
2025-01-31,135,22:20,22:30,397.6433333,550.5666667,397.6433333,0.0,0.0,0.0,0.0,6000.0,6000.0
2025-01-31,136,22:30,22:40,395.9840333,569.3835167,395.9840333,0.0,0.0,0.0,0.0,6000.0,6000.0
2025-01-31,137,22:40,22:50,391.0680333,557.2639667,391.0680333,0.0,0.0,0.0,0.0,6000.0,6000.0
2025-01-31,138,22:50,23:00,395.1116667,532.4316667,395.1116667,0.0,0.0,0.0,0.0,6000.0,6000.0
2025-01-31,139,23:00,23:10,408.8714833,572.1929167,408.8714833,0.0,0.0,0.0,0.0,6000.0,6000.0
2025-01-31,140,23:10,23:20,407.0644,597.64505,407.0644,0.0,0.0,0.0,0.0,6000.0,6000.0
2025-01-31,141,23:20,23:30,401.2016667,588.5683333,401.2016667,0.0,0.0,0.0,0.0,6000.0,6000.0
2025-01-31,142,23:30,23:40,425.7475833,593.47725,425.7475833,0.0,0.0,0.0,0.0,6000.0,6000.0
2025-01-31,143,23:40,23:50,436.3899,545.4895,436.3899,0.0,0.0,0.0,0.0,6000.0,6000.0
2025-01-31,144,23:50,24:00,423.96,460.81,423.96,0.0,0.0,0.0,0.0,6000.0,6000.0
