model,date,release_time,accepted,expected_saving_yuan,bootstrap_lower_yuan,threshold_yuan,old_tail_emergency_kwh,new_tail_emergency_kwh,reason
Q3,2025-02-01,06:00,False,0.0,0.0,24.408283143088006,0.0,0.0,keep
Q3,2025-02-01,12:00,False,-20.36234172065815,-23.646590385280433,19.79522147647999,0.0,0.0,keep
Q3,2025-02-01,18:00,False,8.906163826377297,-5.720741812831908,10.736922017539195,8.578911343277525,9.765083025862054,keep
Q3,2025-02-02,06:00,False,0.0,0.0,50.61535899720214,1.1368683772161603e-12,1.1368683772161603e-12,keep
Q3,2025-02-02,12:00,False,0.0,0.0,36.20477323684012,79.99745128155865,79.99745128155865,keep
Q3,2025-02-02,18:00,False,-7.275957614183426e-14,-2.2737367544323206e-13,14.96835306790406,83.90385056379176,83.90385056379176,keep
Q3,2025-02-03,06:00,False,8.395335708673184e-13,0.0,52.22324860928208,1.1368683772161603e-12,0.0,keep
Q3,2025-02-03,12:00,False,0.0,0.0,37.33318122705511,22.466098767034396,22.466098767034396,keep
Q3,2025-02-03,18:00,False,3.1610754866291098,-1.5669743838166252,14.917391290251684,82.32790451871631,82.38268450023395,keep
Q3,2025-02-04,06:00,False,-47.293036437569135,-62.79895002365811,53.973538560546885,0.0,0.0,keep
Q3,2025-02-04,12:00,False,0.0,0.0,38.862822023344826,0.0,0.0,keep
Q3,2025-02-04,18:00,False,0.0,0.0,14.887237125352959,77.62904982864177,77.62904982864177,keep
Q3,2025-02-05,06:00,False,-37.90799676715609,-61.7152431554322,50.44811105850857,35.08670894510624,16.337645046934995,keep
Q3,2025-02-05,12:00,False,0.0,0.0,36.378151134367414,52.718727336548795,52.718727336548795,keep
Q3,2025-02-05,18:00,False,0.09019659711559906,-1.732200554436929,14.915605002380545,66.09968116129937,65.75722021228034,keep
Q3,2025-02-06,06:00,False,-41.144139670671805,-62.79895002365811,54.326536687294755,31.05092834120137,1.0800249583553523e-12,keep
Q3,2025-02-06,12:00,False,0.0,0.0,39.17479235868666,4.317673178193047,4.317673178193047,keep
Q3,2025-02-06,18:00,False,0.0,0.0,14.898623033709601,80.3113198382623,80.3113198382623,keep
Q3,2025-02-07,06:00,False,-34.88830556870428,-62.798950023665384,25.752251124583342,31.050928341201427,0.0,keep
Q3,2025-02-07,12:00,False,0.0,0.0,19.524542880777304,0.0,0.0,keep
Q3,2025-02-07,18:00,False,6.063298011819522e-14,0.0,10.6602307858992,0.0,0.0,keep
Q3,2025-02-08,06:00,False,-2.6638109827850243,-4.674234366022574,20.619940984950258,4.354299273644813,0.0,keep
Q3,2025-02-08,12:00,False,-8.37440532755312,-10.668762951539975,16.763825236181045,0.0,0.0,keep
Q3,2025-02-08,18:00,False,5.86770775337373e-14,0.0,10.7879998580235,0.0,0.0,keep
Q3,2025-02-09,06:00,False,-17.090885903413664,-37.605042668103124,51.06304047523159,30.306224251101867,0.024754936692943375,keep
Q3,2025-02-09,12:00,False,0.0,0.0,35.35767891775824,23.179513281410664,23.179513281410664,keep
Q3,2025-02-09,18:00,False,0.0,0.0,14.790731743776844,64.4186210193285,64.4186210193285,keep
Q3,2025-02-10,06:00,False,0.0,0.0,47.99806711562646,0.0,0.0,keep
Q3,2025-02-10,12:00,False,-138.35371312930997,-223.96508844747203,35.113776156555666,221.58150315727312,223.79337578308844,keep
Q3,2025-02-10,18:00,False,0.0,0.0,14.852269237622323,183.34039499088271,183.34039499088271,keep
Q3,2025-02-11,06:00,False,0.0,0.0,48.895001704160684,0.0,0.0,keep
Q3,2025-02-11,12:00,False,0.0,0.0,36.811212415910575,35.059577422925486,35.059577422925486,keep
Q3,2025-02-11,18:00,False,0.0,0.0,14.687050428175269,73.7022053270382,73.7022053270382,keep
Q3,2025-02-12,06:00,False,0.0,0.0,48.88880054629125,0.0,0.0,keep
Q3,2025-02-12,12:00,False,0.0,0.0,35.22707613941383,3.8189928350035416,3.8189928350035416,keep
Q3,2025-02-12,18:00,False,0.0,0.0,14.747256282384097,55.31318985705332,55.31318985705332,keep
Q3,2025-02-13,06:00,False,0.0,0.0,44.87296288567182,0.0,0.0,keep
Q3,2025-02-13,12:00,False,0.0,0.0,32.87585507389012,156.99522012642956,156.99522012642956,keep
Q3,2025-02-13,18:00,False,0.0,0.0,14.888614617967042,133.85697387976154,133.85697387976154,keep
Q3,2025-02-14,06:00,False,-93.2623629864661,-113.75958562085543,22.769065484992236,0.0,2.1032064978498966e-12,keep
Q3,2025-02-14,12:00,False,-16.58281791907251,-22.72460233354286,16.798189485694998,0.0,0.0,keep
Q3,2025-02-14,18:00,False,0.0,0.0,10.869041644630611,0.0,0.0,keep
Q3,2025-02-15,06:00,False,0.0,0.0,21.93187969789863,0.0,0.0,keep
Q3,2025-02-15,12:00,False,0.0,0.0,18.597413514111288,0.0,0.0,keep
Q3,2025-02-15,18:00,False,0.0,0.0,10.540914873010648,0.0,0.0,keep
Q3,2025-02-16,06:00,True,-6.303401910617818,-26.91229283705579,48.222511543818975,115.44278369094366,67.02822759927585,emergency
Q3,2025-02-16,12:00,False,29.642183714085448,14.914614553022785,35.20168481078188,189.51943412653372,206.68582176245332,keep
Q3,2025-02-16,18:00,True,-6.90387228596242,-15.699895947537778,14.550720825566282,240.65312099615835,221.51214576546954,emergency
Q3,2025-02-17,06:00,True,-13.666301428008774,-32.89429763930966,47.537818131146885,79.2996071820678,46.6773177222866,emergency
Q3,2025-02-17,12:00,False,28.395524968926292,10.79366552541037,34.245791841007524,91.29760927958716,133.26428197866244,keep
Q3,2025-02-17,18:00,False,18.599768352863975,2.4206195722665598,14.497352809810735,175.52103024594453,203.23995470728903,keep
Q3,2025-02-18,06:00,True,7.841314909737287,-11.906011938044685,41.393296850474755,93.56916513980025,78.85080436560474,emergency
Q3,2025-02-18,12:00,False,35.87036443634825,12.005764766111952,30.723129783355926,94.40232704889763,112.75680035967537,keep
Q3,2025-02-18,18:00,True,-25.061811651203648,-74.83107607010133,14.538822373605733,301.5243314641549,216.33166566346517,emergency
Q3,2025-02-19,06:00,False,-43.11515965036874,-60.431888714669185,42.6894059420875,0.0,4.005137937666916,keep
Q3,2025-02-19,12:00,False,0.0,0.0,32.00252762785619,164.3652141728944,164.3652141728944,keep
Q3,2025-02-19,18:00,False,0.0,0.0,14.712773201286922,163.85511555862797,163.85511555862797,keep
Q3,2025-02-20,06:00,True,-10.283320191752864,-21.92330067523926,44.605639727883585,132.3533923299185,117.60213474510374,emergency
Q3,2025-02-20,12:00,False,12.305069542405597,-5.1545854633191315,32.113511217205385,101.2756203819888,101.45093486540304,keep
Q3,2025-02-20,18:00,False,0.0,0.0,14.794032198359082,126.23491763509526,126.23491763509526,keep
Q3,2025-02-21,06:00,False,-98.82267731502327,-141.7890587563379,19.99499428509138,0.0,0.0,keep
Q3,2025-02-21,12:00,False,0.0,0.0,15.308676378614546,0.0,0.0,keep
Q3,2025-02-21,18:00,False,0.0,0.0,10.572013990343748,0.0,0.0,keep
Q3,2025-02-22,06:00,False,0.9085351585105768,-9.218172693047586,20.209419473096997,12.135527913241106,4.479605185096233,keep
Q3,2025-02-22,12:00,False,0.0,0.0,16.76683352546944,0.0,0.0,keep
Q3,2025-02-22,18:00,False,0.0,0.0,10.41755139982912,0.0,0.0,keep
Q3,2025-02-23,06:00,True,-13.517598187537928,-147.63129479926965,43.673789266196636,134.97715721326276,46.64234105092376,emergency
Q3,2025-02-23,12:00,True,77.31923460755854,76.99673525401063,33.29798722475171,160.03087692906456,160.55463927983783,economic
Q3,2025-02-23,18:00,False,-2.5767952862021914,-5.366105728910043,14.601764633927885,212.43813353460894,209.8228726797563,keep
Q3,2025-02-24,06:00,True,-110.59527119029741,-291.5968780967286,41.81305449112899,171.19234803056497,34.38768086075811,emergency
Q3,2025-02-24,12:00,True,181.0385222809523,133.01997047489266,31.86460596157456,103.44622342180242,102.02622960280542,economic
Q3,2025-02-24,18:00,True,-6.0101455089765725,-14.364913054180079,14.563064354163586,169.27237283833222,151.32534962058537,emergency
Q3,2025-02-25,06:00,False,-8.94858353080114,-12.967634068838379,41.4828194548993,41.30775537445811,31.61823855061587,keep
Q3,2025-02-25,12:00,False,0.0,0.0,32.11030475044073,72.16307285846847,72.16307285846847,keep
Q3,2025-02-25,18:00,False,0.0,0.0,14.632114332748605,100.13224742079649,100.13224742079649,keep
Q3,2025-02-26,06:00,True,8.299931958973191,-36.16197134026875,37.43985626513245,154.6541974382319,118.93557797316751,emergency
Q3,2025-02-26,12:00,True,-4.93510889911511,-12.278723018766868,30.280669067742124,100.49875105355812,94.0237829743764,emergency
Q3,2025-02-26,18:00,False,0.0,0.0,14.879599600449016,97.67138590301477,97.67138590301477,keep
Q3,2025-02-27,06:00,True,-50.62184074934981,-130.3848425497854,38.40437275004133,89.32218661768604,0.0,emergency
Q3,2025-02-27,12:00,False,0.0,0.0,29.951318231134746,0.0,0.0,keep
Q3,2025-02-27,18:00,False,0.0,0.0,14.88424898011837,52.80596263575899,52.80596263575899,keep
Q3,2025-02-28,06:00,False,-46.987035408914814,-79.6834286493413,17.59085452329262,30.981010248413213,0.5329530048771858,keep
Q3,2025-02-28,12:00,False,0.0,0.0,15.33358421428666,0.0,0.0,keep
Q3,2025-02-28,18:00,False,-4.411194935944092,-6.552551700964614,10.816230207061032,0.0,0.0,keep
Q3,2025-03-01,06:00,False,0.0,0.0,21.691654480487898,0.0,0.0,keep
Q3,2025-03-01,12:00,False,0.0,0.0,18.024029508504224,0.0,0.0,keep
Q3,2025-03-01,18:00,False,-4.032339508284796,-6.552551700962795,10.859853629333477,3.239907884478157,0.0,keep
Q3,2025-03-02,06:00,True,165.4357009762603,-275.8750784952932,45.35289448437742,537.2107128932678,22.673619844621044,emergency
Q3,2025-03-02,12:00,False,5.491288765421453e-13,0.0,35.65010519776926,0.0,0.0,keep
Q3,2025-03-02,18:00,False,0.0,0.0,14.857445889003603,49.49189699601857,49.49189699601857,keep
Q3,2025-03-03,06:00,False,0.0,0.0,45.516443662729785,77.71702855088873,77.71702855088873,keep
Q3,2025-03-03,12:00,False,0.0,0.0,34.02121879974067,47.27908487105276,47.27908487105276,keep
Q3,2025-03-03,18:00,False,0.0,0.0,14.531253212995859,50.54433691465624,50.54433691465624,keep
Q3,2025-03-04,06:00,True,-28.28134855547261,-401.8868815182951,39.84061632590749,442.91264256504314,2.842170943040401e-14,emergency
Q3,2025-03-04,12:00,False,0.0,0.0,30.531135361393652,14.837706817003777,14.837706817003777,keep
Q3,2025-03-04,18:00,False,0.0,0.0,14.739387328941648,59.966912736558584,59.966912736558584,keep
Q3,2025-03-05,06:00,False,0.0,0.0,41.76938131668954,0.0,0.0,keep
Q3,2025-03-05,12:00,False,0.0,0.0,32.950617099156126,1.2040234705964394,1.2040234705964394,keep
Q3,2025-03-05,18:00,False,0.0,0.0,14.733315254229012,0.0,0.0,keep
Q3,2025-03-06,06:00,False,-0.3047963643517245,-0.8828584346629214,40.27064012374396,0.4352379573846292,0.0,keep
Q3,2025-03-06,12:00,False,0.0,0.0,31.785366348627107,48.38357417660632,48.38357417660632,keep
Q3,2025-03-06,18:00,False,0.0,0.0,14.728289489335998,39.884258352425945,39.884258352425945,keep
Q3,2025-03-07,06:00,False,-4.374448303852985,-32.675086610546714,20.77621827391113,20.427887872204963,0.0,keep
Q3,2025-03-07,12:00,False,-20.2366155491388,-34.15914473181692,18.031549029990217,5.508888776921651,0.0,keep
Q3,2025-03-07,18:00,False,0.0,0.0,10.58807110674525,0.0,0.0,keep
Q3,2025-03-08,06:00,False,-17.60102745311997,-27.53471566466992,17.114750832548303,9.182118427405726,9.182118427405726,keep
Q3,2025-03-08,12:00,False,-20.714852922508694,-31.733326318773834,15.143013170846967,5.091579770218118,0.0,keep
Q3,2025-03-08,18:00,False,-0.11782124834910841,-0.1337430386665801,10.119157545298346,0.0,0.0,keep
Q3,2025-03-09,06:00,True,1.104349828681345,-49.72902067101677,42.106288721791756,185.5757115357269,94.37615539520368,emergency
Q3,2025-03-09,12:00,False,49.88948203378901,23.066926521796177,32.23786013741503,115.50594071275589,143.84960935498623,keep
Q3,2025-03-09,18:00,True,59.10287248782136,30.047034086768814,14.634317361078768,39.32573366795873,39.32573366795873,economic
Q3,2025-03-10,06:00,True,-7.914999172451251,-67.07941287037934,39.578846876218435,174.15572811771517,85.69297081463822,emergency
Q3,2025-03-10,12:00,True,-69.94537999531036,-170.95681229727325,30.85017040318559,176.66513764876476,156.45972281916863,emergency
Q3,2025-03-10,18:00,True,-256.974020631053,-316.7101237473783,14.613292531493554,63.48758288517135,47.87485213495526,emergency
Q3,2025-03-11,06:00,True,459.033472437329,-449.2250003262983,36.76560040798945,2063.0966780731374,441.7055408978423,emergency
Q3,2025-03-11,12:00,True,1012.5345803726269,987.6155617656672,29.802502262406204,48.9715672005799,77.8956555592316,economic
Q3,2025-03-11,18:00,False,2.915943339360898,-3.193090323398337,14.503989946515397,42.23106776256532,45.66795518541653,keep
Q3,2025-03-12,06:00,True,197.17164204738444,-117.94983380393481,39.92172090319669,366.4489459382107,73.2403115964229,emergency
Q3,2025-03-12,12:00,True,330.65314699808766,297.43654402394844,31.527143751956455,275.9203732712508,287.1031530380053,economic
Q3,2025-03-12,18:00,True,-509.0843914222705,-603.8051649048484,14.147810996016398,68.19354460185559,52.580813851639505,emergency
Q3,2025-03-13,06:00,True,-217.1876056847623,-788.9297107368504,39.86229385717008,928.2817714256001,213.83910052998152,emergency
Q3,2025-03-13,12:00,True,409.29266472721594,354.0773746051136,29.23950019355961,189.802670539654,150.46451571013802,economic
Q3,2025-03-13,18:00,True,46.112684932093536,7.954554697044,14.420110662448238,155.02036424936034,116.19857821604069,emergency
Q3,2025-03-14,06:00,True,115.53694895653108,29.447469750613,16.195861350856458,112.63775065266236,77.39083229125208,economic
Q3,2025-03-14,12:00,True,144.4104753485232,139.83003148267744,14.143379330658037,24.1222930574952,24.1222930574952,economic
Q3,2025-03-14,18:00,False,6.4761160781407465,1.3639803847313487,9.631051104048913,9.738001541151107,11.188203686364034,keep
Q3,2025-03-15,06:00,True,85.51206262633475,-341.53532774671385,16.661431208165663,593.1020554206989,104.73430295198102,emergency
Q3,2025-03-15,12:00,True,524.0058214938945,482.8061779003573,14.519898391455145,11.675051731097582,34.76745470531165,economic
Q3,2025-03-15,18:00,True,206.1716130823475,166.98689380457267,9.76283101067373,10.24667821776012,0.0,economic
Q3,2025-03-16,06:00,True,38.33152067407809,-827.1750457908342,38.33444067698702,1200.0470457999281,303.7123720276196,emergency
Q3,2025-03-16,12:00,True,690.0336278906061,593.6548042677525,31.513867876478887,225.78211646904788,322.73185942754526,economic
Q3,2025-03-16,18:00,False,-6.992721936033994,-46.87376352450519,14.604804493897213,141.0942153124422,143.71417411688844,keep
Q3,2025-03-17,06:00,True,10.379181332079892,-67.21639649444387,33.51692339287839,284.95881767422975,219.82491084669016,emergency
Q3,2025-03-17,12:00,True,-543.3756833818294,-1117.564670695821,28.138747647060708,1026.7359017065442,372.754939553655,emergency
Q3,2025-03-17,18:00,True,-60.299476893555706,-126.45715498599198,14.595920798271566,147.98301330796073,137.6486138179979,emergency
Q3,2025-03-18,06:00,True,-317.24929241370575,-703.1232633585332,40.52941725956859,569.6143719727742,288.3615481876656,emergency
Q3,2025-03-18,12:00,True,591.4982214218535,557.0454138704322,30.366722738936044,218.2903404594037,200.43435579650748,economic
Q3,2025-03-18,18:00,True,147.19033431385546,103.94171050905649,14.374800443394037,121.04193751806258,129.9003234949639,economic
Q3,2025-03-19,06:00,True,-462.0612635385462,-1863.4233459821105,33.67912297042016,1928.7423344752108,472.6900657816636,emergency
Q3,2025-03-19,12:00,True,2450.545148463199,2296.4674481285824,28.597128977565482,136.7882872549966,294.3846831627258,economic
Q3,2025-03-19,18:00,True,-127.36805285123285,-195.75013384859335,14.295048593818647,154.16336849644563,130.51154909224363,emergency
Q3,2025-03-20,06:00,True,33.01010739979666,-181.21152431875493,37.13351984336074,424.76873291875313,233.04161406836153,emergency
Q3,2025-03-20,12:00,True,130.16978139686398,42.97990805846625,31.23604040648953,168.55430807505365,221.66988155781235,economic
Q3,2025-03-20,18:00,True,31.374854918562733,-35.622073714364916,14.50644906241632,187.2266915852498,155.55617337550927,emergency
Q3,2025-03-21,06:00,True,36.951921157481465,-38.19714262418711,15.27008455811261,103.9830774837229,49.192373662597944,emergency
Q3,2025-03-21,12:00,True,71.73047286674172,54.160434076583634,13.985784217201507,58.62394756027447,49.47052825971299,economic
Q3,2025-03-21,18:00,False,-63.18997064269718,-123.20214361792705,9.424091696591072,34.76152930805205,15.361323383462377,keep
Q3,2025-03-22,06:00,True,31.898354944894532,-54.713756218513254,15.890755163287086,119.31358853678785,49.162414963094406,emergency
Q3,2025-03-22,12:00,True,86.33154387023639,69.83011317768157,14.128715053829906,53.19943692458554,53.53836636479349,economic
Q3,2025-03-22,18:00,False,-59.27870860109409,-124.06309958837838,9.489788959744924,28.306531439101548,10.25231223786409,keep
Q3,2025-03-23,06:00,True,391.90584070243705,-62.998162659489026,38.01515690055737,867.5290416252093,411.7979886477119,emergency
Q3,2025-03-23,12:00,True,464.1021526967306,373.5171841049361,29.390683186637965,242.02394360581582,281.3919673650463,economic
Q3,2025-03-23,18:00,True,1.4686246506296339,-35.87865486471787,14.649583497380638,216.23065537222897,147.41369057904058,emergency
Q3,2025-03-24,06:00,True,33.20406851327453,-354.54223521262844,34.3833244917542,787.8236702376103,439.22232117870925,emergency
Q3,2025-03-24,12:00,True,69.59358586275248,-74.44603110533444,27.763431397040293,499.5823344312312,310.9830355666051,emergency
Q3,2025-03-24,18:00,True,-23.455628544076163,-59.91203126600885,14.623492138366576,235.6314876711391,206.93472398864395,emergency
Q3,2025-03-25,06:00,True,90.48939146399773,-228.8182620215762,39.75466892777013,580.7201939769011,230.6461266484199,emergency
Q3,2025-03-25,12:00,True,260.3784095434461,157.63904265745305,30.40268098016827,287.71952750018625,293.274028056554,economic
Q3,2025-03-25,18:00,True,150.75001677181805,81.10347565650001,14.691930062200017,171.37541504945887,210.55244460329027,economic
Q3,2025-03-26,06:00,True,129.23753448908235,-180.10275651181243,32.80057333130243,693.2044459547359,323.87409605562203,emergency
Q3,2025-03-26,12:00,True,357.14812422982357,275.7659928815023,28.44159628197743,276.6835900618678,266.54064311558125,economic
Q3,2025-03-26,18:00,True,-17.352634211762506,-56.20896180942282,14.524863732610646,237.55151795820962,215.97246927229025,emergency
Q3,2025-03-27,06:00,True,881.5360263042024,-495.1332286231327,37.17651643376236,2125.3324599422763,618.6336160249756,emergency
Q3,2025-03-27,12:00,True,1698.8639165675338,1552.836957631914,29.085992325249624,205.82051974863856,307.43866261948506,economic
Q3,2025-03-27,18:00,True,29.178613685653808,-2.1708307398655506,14.725563581554765,251.15053975732872,211.51781504235294,emergency
Q3,2025-03-28,06:00,True,86.9382684947103,-7.3019658788289235,14.633467610996936,54.25254359414737,23.352172677255737,emergency
Q3,2025-03-28,12:00,True,97.76403714934258,58.14485598039818,12.264863778561953,20.27498403512061,26.702596354768502,economic
Q3,2025-03-28,18:00,False,-64.52917679283291,-77.14169814495835,9.26513590761765,2.5125454836915537,0.441846391959416,keep
Q3,2025-03-29,06:00,True,50.192344309378335,-5.542257646541311,13.264540210348367,124.88224952599751,105.05303437552459,emergency
Q3,2025-03-29,12:00,True,41.336596351704074,9.555199863560574,11.814989171877587,96.93168052437375,67.88410059793955,emergency
Q3,2025-03-29,18:00,True,20.865382709880027,16.373423472356762,9.240850743061529,1.7000346443136323,0.1335810753071769,economic
Q3,2025-03-30,06:00,True,482.47549669906124,-291.830871370983,35.78301722464938,1347.1494998725802,551.3266916827336,emergency
Q3,2025-03-30,12:00,True,85.05387605022301,-36.73953300746143,27.14455392414455,318.82081797002445,266.10391701677815,emergency
Q3,2025-03-30,18:00,True,450.1612332997325,252.24164692742698,15.215671481954493,155.50651918283256,164.04959883570905,economic
Q3,2025-03-31,06:00,True,5286.165069947845,2418.132457031514,41.745994585021236,5287.019321061107,702.9937004958213,economic
Q3,2025-03-31,12:00,True,5100.669823779844,4700.638215839818,31.573911931547574,379.3415130458417,866.1408640098866,economic
Q3,2025-03-31,18:00,True,177.54796923538984,108.88046565234959,14.706565248508328,192.8303244620629,179.87582762581962,economic
Q3,2025-04-01,06:00,True,2769.865272437802,-8.994890889663406,43.90382333597722,3692.0096541994994,614.0001275231905,emergency
Q3,2025-04-01,12:00,True,2774.615941233434,2110.6417578636515,31.131132708156755,186.82652346733744,752.2172795443114,economic
Q3,2025-04-01,18:00,True,138.58679667282516,100.52503165966036,14.808285105070238,205.53368400028273,188.97314779958117,economic
Q3,2025-04-02,06:00,True,3218.0679986075193,879.7807767044233,42.339294436848505,3738.320676024056,707.2858777025417,economic
Q3,2025-04-02,12:00,True,2408.754683689598,1931.2703660741402,28.513305230137764,249.31033423206054,748.0153405093588,economic
Q3,2025-04-02,18:00,True,153.28488928411673,107.72559987523658,15.071045259872871,184.01550987474195,164.87290074716952,economic
Q3,2025-04-03,06:00,True,276.33676750690677,-135.05717846739125,35.96655591452793,828.1171811002368,334.9994669947651,emergency
Q3,2025-04-03,12:00,True,-100.82997093389415,-168.40770659463942,28.05744898436893,262.40275084042844,242.71556015276207,emergency
Q3,2025-04-03,18:00,True,272.8255613946371,145.57810730424853,14.981121799885077,155.37106909361552,168.01559981755855,economic
Q3,2025-04-04,06:00,True,-5.640969356098716,-125.35430593010312,12.450729087794972,173.06378907386727,116.95368990521382,emergency
Q3,2025-04-04,12:00,True,32.8969995432259,13.670789351740723,11.065983194506897,8.172692092006713,3.188550617663225,economic
Q3,2025-04-04,18:00,True,86.65849661909664,76.07553304574908,9.059214515059319,0.0,0.0,economic
Q3,2025-04-05,06:00,True,-11.014244157968953,-281.06326866290783,13.083695354105009,550.0825748258699,294.6039841499792,emergency
Q3,2025-04-05,12:00,True,421.72678830681264,373.5972287411209,11.307167776064022,26.97880951747709,51.67834978812107,economic
Q3,2025-04-05,18:00,True,72.17995011333142,52.520872383248125,9.069592601993214,7.290173446483095,1.4159708644847342,economic
Q3,2025-04-06,06:00,True,940.6950086648013,-120.91693660738483,33.97254057861862,1552.519159472683,324.04950821641023,emergency
Q3,2025-04-06,12:00,True,-263.973290505002,-900.8527714882389,27.791359583141684,1217.3622433982591,322.2025419032193,emergency
Q3,2025-04-06,18:00,True,437.44772811362833,225.74051261107059,15.036491499748305,72.38260023238547,166.52252373585668,economic
Q3,2025-04-07,06:00,True,4377.527641066896,1821.9749208252456,36.69078344353512,4238.128390132149,748.2416969290098,economic
Q3,2025-04-07,12:00,True,1032.69477702519,835.3394971947367,27.80397551547129,516.1153623427713,377.8957928369691,economic
Q3,2025-04-07,18:00,True,446.96070916967966,218.7740009836494,15.105470628917482,75.099427676191,173.2203796281299,economic
Q3,2025-04-08,06:00,True,836.6928626357169,-22.984804090295256,35.07076156716704,1249.2146884186675,305.77352871606297,emergency
Q3,2025-04-08,12:00,True,295.6007647479296,156.60692238073352,29.037446733989956,454.36563086391106,250.152154213048,economic
Q3,2025-04-08,18:00,True,234.9730204683562,121.11196438219177,14.933101060148527,124.05462362501157,168.9724681682893,economic
Q3,2025-04-09,06:00,True,578.1073071066752,-82.81763521943958,35.04904235021197,1674.066400192729,719.182590845229,emergency
Q3,2025-04-09,12:00,True,443.3002330228748,141.38437077110774,29.505222882568333,677.5232876248809,232.33478612524084,economic
Q3,2025-04-09,18:00,True,363.3070945274635,176.89519512916058,15.19955123410843,112.92632733575033,171.86371292467732,economic
Q3,2025-04-10,06:00,True,157.77975171922793,-548.4485181620203,33.97877730343702,1561.3620125603982,600.59916172145,emergency
Q3,2025-04-10,12:00,True,488.25470792951495,268.0854555013949,28.307737319894425,521.9094310806831,192.76087643827475,economic
Q3,2025-04-10,18:00,True,471.6297318831252,277.4492445804544,15.195927828402363,79.48191139118387,160.54658846311162,economic
Q3,2025-04-11,06:00,True,224.85751769243407,-57.87113685569987,12.807812159850894,574.8510250441883,234.95205057133077,emergency
Q3,2025-04-11,12:00,True,286.6891492695488,245.07506949793037,10.895488291610778,43.70617192689633,44.95875990310435,economic
Q3,2025-04-11,18:00,False,-0.42076213906632015,-0.5122321692979313,8.895376869272885,1.7637847026517761,1.7637847026517761,keep
Q3,2025-04-12,06:00,True,-26.057950371225495,-155.20425929506928,13.158566645054036,114.22022450137473,35.02264928589592,emergency
Q3,2025-04-12,12:00,True,143.1989001899759,113.18550242724245,12.290586413928878,29.64421623123701,29.64421623123701,economic
Q3,2025-04-12,18:00,False,0.0,0.0,9.196939983712372,2.0920566184968266,2.0920566184968266,keep
Q3,2025-04-13,06:00,True,150.7693116263056,-38.51013893965478,29.010846620239175,639.8633022976786,348.29313774476805,emergency
Q3,2025-04-13,12:00,True,406.83812116362026,107.85456537787543,25.94555774732584,744.0470517469018,275.3050293197128,economic
Q3,2025-04-13,18:00,True,190.44811076188756,104.49503587756158,15.145339032045777,171.1669192195601,199.04443160003336,economic
Q3,2025-04-14,06:00,True,924.8433304874262,366.05997301872236,33.181144995186074,1067.7237308428075,178.57881600604208,economic
Q3,2025-04-14,12:00,True,18.764065773487477,-47.5883854804988,27.937681823889246,328.6905218269752,197.4675491929703,emergency
Q3,2025-04-14,18:00,True,339.3834580236138,193.75386422802342,15.451569863739477,133.77294396737693,198.068693549827,economic
Q3,2025-04-15,06:00,True,1541.8397118549121,-225.39784393920215,31.209496115087344,2727.674252813914,681.7371556200144,emergency
Q3,2025-04-15,12:00,True,1401.0029800828531,1142.6391148639066,26.223490681818,612.2817937302873,329.0079416276094,economic
Q3,2025-04-15,18:00,True,279.81745825764796,150.17636431234786,15.031167628947653,201.58076066124204,199.87773476045209,economic
Q3,2025-04-16,06:00,True,1434.6568075890134,-490.9846171430092,35.577350254309515,2663.608878962289,555.1363127181237,emergency
Q3,2025-04-16,12:00,True,2516.1158577291135,2455.1985919842705,29.32137514968898,311.40695695076965,285.12592537774594,economic
Q3,2025-04-16,18:00,True,262.27989598080086,159.58428416448245,15.31150043816116,196.7678728227188,190.8801881459426,economic
Q3,2025-04-17,06:00,True,-55.939641709169756,-1436.3201894515194,30.841122218252863,2070.2689736891243,921.7060694941537,emergency
Q3,2025-04-17,12:00,True,1850.3317011762226,1449.6702312731863,27.56273265428178,726.747363030702,254.24184124142653,economic
Q3,2025-04-17,18:00,True,306.95421557234937,155.71948689805865,15.140587934979965,136.0866870174155,188.8825404863103,economic
Q3,2025-04-18,06:00,True,-116.64066336779615,-301.8598307615282,12.014501913347166,462.1216208937437,224.16011425379992,emergency
Q3,2025-04-18,12:00,False,0.0,0.0,10.666453251177384,71.6988416553711,71.6988416553711,keep
Q3,2025-04-18,18:00,False,0.0,0.0,8.812289974452828,0.0,0.0,keep
Q3,2025-04-19,06:00,True,-24.44936127741685,-83.32829415336144,11.21217040125695,210.13465216133102,186.3160643422038,emergency
Q3,2025-04-19,12:00,True,-36.532380766820346,-200.14969800553752,10.671324853383082,438.227474549023,248.27672654421144,emergency
Q3,2025-04-19,18:00,True,17.22951720732999,14.490085445405374,8.659720291950386,22.29392286510415,22.29392286510415,economic
Q3,2025-04-20,06:00,True,158.52794037009755,-425.23483819737555,29.57823324893606,1235.2172733254702,484.17840373704064,emergency
Q3,2025-04-20,12:00,True,-39.23338890729558,-404.4968524101692,26.021965342388576,853.876907713463,289.426520628595,emergency
Q3,2025-04-20,18:00,True,348.83736959685194,190.51893133711195,15.44214302041769,97.50438613280994,241.8383368388711,economic
Q3,2025-04-21,06:00,True,534.6769129154271,58.16744659963347,31.46293618513685,992.2206346063155,269.94811001284484,economic
Q3,2025-04-21,12:00,True,-19.211633081414604,-149.6322166712342,27.186125876573634,451.37670159296,221.00815568110306,emergency
Q3,2025-04-21,18:00,True,271.16514257498216,143.13584419916387,15.64191596172826,147.94809333337673,229.35021265164926,economic
Q3,2025-04-22,06:00,True,1271.3953041292868,-909.9414519714878,33.53333391698417,3830.509351101571,827.5815932171286,emergency
Q3,2025-04-22,12:00,True,2501.049442273984,2177.327490559068,27.61260357106202,671.8068564099837,320.1994653467973,economic
Q3,2025-04-22,18:00,True,288.39636984782055,149.49523424323934,15.359721545994972,140.97417941375176,212.7300543848542,economic
Q3,2025-04-23,06:00,True,2156.6933764580567,-270.8985142742035,33.619991638461755,4470.541919033813,896.1128081907354,emergency
Q3,2025-04-23,12:00,True,1086.2108377883178,748.7111560874573,26.63649675809119,836.3936728248434,446.1244116115981,economic
Q3,2025-04-23,18:00,True,336.35218995115264,182.3371117599191,15.51898469479001,124.59813977570633,194.2919843836067,economic
Q3,2025-04-24,06:00,True,-12.471793329067218,-912.1243840787598,27.24888178893973,1341.1404836784934,408.01266108888365,emergency
Q3,2025-04-24,12:00,True,106.02654208141323,-720.7048960874777,25.471586891146487,1513.338518938539,280.38377611823535,emergency
Q3,2025-04-24,18:00,True,453.83594878851886,301.63397408070836,15.380244257356779,88.08013686774461,197.50958949443196,economic
Q3,2025-04-25,06:00,True,-93.97942896477512,-285.17995137827876,11.295033142332997,176.70071669013709,23.05937623229471,emergency
Q3,2025-04-25,12:00,True,158.6800948245619,134.16353050911061,10.554110922330535,28.96880207489214,40.81492638090304,economic
Q3,2025-04-25,18:00,True,61.49998817931561,36.19602920236866,8.64944317643428,35.67397053135583,22.368610460855123,economic
Q3,2025-04-26,06:00,True,-136.63101150229568,-385.40711611635163,11.217983640349425,207.8610676966752,85.16615292575631,emergency
Q3,2025-04-26,12:00,True,120.03339074825791,96.26095176777409,10.710824658267594,177.07705652827502,180.95064223207237,economic
Q3,2025-04-26,18:00,True,120.10029137494783,98.64929535384898,8.68262208713692,60.85831239888125,68.77099324883852,economic
Q3,2025-04-27,06:00,True,302.1477071796529,-999.1349903497365,29.003980451782265,2442.872155013487,725.6221068377115,emergency
Q3,2025-04-27,12:00,True,880.2436437623124,395.35991559559733,25.41224135207986,866.6943287202689,397.7012622794172,economic
Q3,2025-04-27,18:00,True,175.74210810455236,94.85563781519318,15.105861788016792,283.9181694854763,235.0078958132023,economic
Q3,2025-04-28,06:00,True,533.3663253443117,-160.5209293638611,35.62614857843633,2133.038094586386,1074.8143631701105,emergency
Q3,2025-04-28,12:00,True,282.4734035486576,181.42120781290032,28.302734468066593,433.99679028418143,347.5021344557997,economic
Q3,2025-04-28,18:00,True,80.0535198951453,45.994097883547965,15.23752725621447,299.9965048287314,252.61629486126822,economic
Q3,2025-04-29,06:00,True,289.1370264577218,-752.9662919580487,28.43643258210097,1817.0212780158545,568.2743918895277,emergency
Q3,2025-04-29,12:00,True,-229.57998828439358,-563.7385474368248,25.595926458417274,818.7652119365873,398.4085884977037,emergency
Q3,2025-04-29,18:00,True,283.40658498199866,194.84409166845575,15.270968980822492,262.06211032028716,187.84509601750204,economic
Q3,2025-04-30,06:00,True,-35.37710263568884,-95.0300911854417,25.93983215362815,842.4226829145424,723.664472008569,emergency
Q3,2025-04-30,12:00,True,-16.60354426276316,-274.760090524587,23.283812809218922,583.6803654884604,258.54053300340854,emergency
Q3,2025-04-30,18:00,True,76.33092979998825,54.375268396289094,14.957517906912727,212.61063950551602,187.84509601750187,economic
Q3,2025-05-01,06:00,True,-236.85471388034915,-1281.1041575674349,29.60673728321335,2159.329577276133,241.69209234698098,emergency
Q3,2025-05-01,12:00,True,1378.9596693052426,1099.782104920358,26.031128722279767,192.96073505356185,459.1807664254566,economic
Q3,2025-05-01,18:00,True,68.80621412655523,36.134652715743144,14.935904828890642,296.1491886475356,187.845096017502,economic
Q3,2025-05-02,06:00,True,-230.81777693388824,-416.7287933045692,14.475929926569071,88.97446667988558,9.29877224810997,emergency
Q3,2025-05-02,12:00,True,513.6316964908597,513.3767108379434,13.418104587186848,1.1642427073077215,1.0591984853829786,economic
Q3,2025-05-02,18:00,False,1.0040055640384122,1.0040055640383798,10.612334109313359,0.0,0.0,keep
Q3,2025-05-03,06:00,True,-220.32543440812788,-376.4277445103817,13.508412017132272,83.39851015952263,42.63392930921373,emergency
Q3,2025-05-03,12:00,True,376.4277445103799,376.42774451037985,12.655687781678179,21.686814055657578,21.686814055657578,economic
Q3,2025-05-03,18:00,False,0.0,0.0,10.221860430526926,0.0,0.0,keep
Q3,2025-05-04,06:00,False,-6.643772220166932,-13.872097976654914,30.550617861558223,830.8729528271449,819.935115438868,keep
Q3,2025-05-04,12:00,False,-1.6216309009220302,-3.372905555432226,26.19106995697115,54.1838268911971,54.1838268911971,keep
Q3,2025-05-04,18:00,True,-17.067029677684204,-39.308063404254426,15.848162598627816,60.616490775558304,22.73745279662967,emergency
Q3,2025-05-05,06:00,True,-77.01925874909064,-112.43815544921108,31.44113548625955,54.46851083614615,51.274259136391066,emergency
Q3,2025-05-05,12:00,True,111.92808450222199,111.92808450222083,26.658630570376737,25.404710278444895,25.404710278444895,economic
Q3,2025-05-05,18:00,False,0.0,0.0,15.989018075797244,0.0,0.0,keep
Q3,2025-05-06,06:00,True,-479.8517203016612,-3191.1048351652425,31.286612957510865,3435.2277305908256,1277.2045467352634,emergency
Q3,2025-05-06,12:00,True,1043.5926338464164,962.5854302031994,25.90566908188127,603.9502819320151,683.9107953347038,economic
Q3,2025-05-06,18:00,True,192.88006624680185,50.71064715797169,16.030373619953124,342.8391989941142,328.5726695978451,economic
Q3,2025-05-07,06:00,True,-61.07927388118344,-476.5340516698566,31.64070867910376,1703.1425376691354,1071.9491458239547,emergency
Q3,2025-05-07,12:00,True,744.5324540659493,628.2228903960927,26.59094979580686,536.4398763836658,524.0096774201481,economic
Q3,2025-05-07,18:00,True,47.939615184374105,24.833889124142324,15.998643848095488,455.18751575830765,468.09624366118874,economic
Q3,2025-05-08,06:00,True,-695.8039205355223,-1043.8439452673592,30.874508746800252,780.831290129671,364.98178056715665,emergency
Q3,2025-05-08,12:00,True,140.54855173235936,95.16017022205124,26.20722443342762,383.30769503463137,405.0908455162771,economic
Q3,2025-05-08,18:00,True,103.77865279266909,50.96952855901698,16.282130350022495,462.4671618357065,483.5635327041301,economic
Q3,2025-05-09,06:00,False,0.0,0.0,14.257896272162201,88.0823386548812,88.0823386548812,keep
Q3,2025-05-09,12:00,False,-70.45086557408351,-84.17439524202746,12.79618016142244,35.745060390677,28.59145725513099,keep
Q3,2025-05-09,18:00,False,0.0,0.0,10.441579377133065,14.12959626935708,14.12959626935708,keep
Q3,2025-05-10,06:00,True,166.65594081007,-163.8424091216773,15.997601201489639,251.0104160997838,73.21600092817636,emergency
Q3,2025-05-10,12:00,True,773.8513356120372,718.2220851970287,13.441529474724653,24.63436012521737,47.515838865816875,economic
Q3,2025-05-10,18:00,True,34.111874381565805,27.985942908910374,10.79888144566527,12.757898509823804,15.142508541279255,economic
Q3,2025-05-11,06:00,True,802.7101887019634,-11.074446094155974,34.69406917875631,1803.41141441673,820.1921157621334,emergency
Q3,2025-05-11,12:00,True,1730.8515782678442,1608.2326295077162,27.875988817564302,720.1727253262455,690.0707887745104,economic
Q3,2025-05-11,18:00,True,95.66759491648185,18.864849404380948,16.436971826865456,426.89125521342,426.89903059614994,economic
Q3,2025-05-12,06:00,True,1922.3562834495772,954.2576703643001,33.78862948220341,3050.110982165825,1269.4294202346332,economic
Q3,2025-05-12,12:00,True,2037.882372290561,1890.271269850261,27.661521084158228,606.121623593698,607.6495772930451,economic
Q3,2025-05-12,18:00,True,170.40097515691747,22.1363916709047,16.471887068314167,408.41679513675876,442.9870277632633,economic
Q3,2025-05-13,06:00,True,-165.3797149562297,-540.9234728621909,33.23512303941792,998.3425116650857,609.9673576175512,emergency
Q3,2025-05-13,12:00,True,153.14979900081659,1.2567617776949191,26.158682026998182,606.0775005615351,565.0049381245684,emergency
Q3,2025-05-13,18:00,True,-2.2724754904671842,-38.511396464145946,16.48534509632765,399.36251161211567,367.66470904100095,emergency
Q3,2025-05-14,06:00,True,-159.31522451990656,-263.5799047799478,32.130626233941705,567.4612894824696,483.65735341637287,emergency
Q3,2025-05-14,12:00,True,99.32423461550285,35.630841517944646,27.855002468656277,386.2028438420781,369.34628917308044,economic
Q3,2025-05-14,18:00,False,23.220307026947335,4.414560079181365,16.402630537253394,311.3675288165524,310.73469865408026,keep
Q3,2025-05-15,06:00,True,-571.5556514503778,-1069.1691359878955,32.600211631169785,805.0358737086538,662.2303538510932,emergency
Q3,2025-05-15,12:00,True,1167.5725762376937,958.271071340183,28.95415094392598,453.53332885433684,343.0595404456412,economic
Q3,2025-05-15,18:00,False,39.88001767921637,-0.555845436875653,16.64532116180822,414.35869825468575,398.5329320332385,keep
Q3,2025-05-16,06:00,True,-67.9005117815993,-105.62301832693265,14.604556387962191,87.48313633528255,27.72167800989689,emergency
Q3,2025-05-16,12:00,True,103.96405796126632,100.18900429357518,13.859548378789214,16.517892515741153,15.05440023304834,economic
Q3,2025-05-16,18:00,False,2.7135869955813763,2.2660310825542638,10.991484551977981,0.0,0.4176677771885693,keep
Q3,2025-05-17,06:00,False,0.0,0.0,14.404508177731527,0.0,0.0,keep
Q3,2025-05-17,12:00,False,0.0,0.0,13.61508736189244,19.549475482363846,19.549475482363846,keep
Q3,2025-05-17,18:00,False,0.0,0.0,10.984182477186659,12.68150364182668,12.68150364182668,keep
Q3,2025-05-18,06:00,True,-678.3455027621901,-1280.2619434587796,33.145893716021426,801.0358897575343,416.65870941120477,emergency
Q3,2025-05-18,12:00,True,413.49869835122405,289.93739868658565,28.525944241052603,540.2219904091805,578.3942555345365,economic
Q3,2025-05-18,18:00,False,73.24938434204692,-68.04707536319715,16.932931894631494,295.0007295737453,384.50918647227013,keep
Q3,2025-05-19,06:00,False,51.61240983577564,-80.64858720943174,29.87925102258599,426.5043022361979,426.5043022361979,keep
Q3,2025-05-19,12:00,True,70.48185247224481,-143.44208464927658,24.76382534629357,831.3627593759255,620.0148487744951,emergency
Q3,2025-05-19,18:00,False,23.045118451456634,2.320232847227146,16.513413264223946,376.8849234144268,387.33999326032813,keep
Q3,2025-05-20,06:00,True,282.5419059967571,-837.9235866718668,31.734051549321535,1515.181517220727,427.13359317972106,emergency
Q3,2025-05-20,12:00,True,1534.3971718541547,1433.3798824669666,27.429554793988267,685.7253037446301,593.9812398484731,economic
Q3,2025-05-20,18:00,False,35.72365824170174,8.217058947742998,16.854951005170633,439.99200443345774,448.69837923681837,keep
Q3,2025-05-21,06:00,True,-98.12355266411625,-682.269444347224,30.433537625776452,1304.3629434054621,887.7989405973829,emergency
Q3,2025-05-21,12:00,True,821.9747790992451,757.4504634342993,26.783578201018262,655.3489887263315,578.9978620543718,economic
Q3,2025-05-21,18:00,True,73.24541186611577,21.099444978844534,16.69685783735772,405.52456055583286,444.125180031479,economic
Q3,2025-05-22,06:00,True,16.21772660476692,-112.03067389290666,30.79116325645919,235.31996479835118,204.06257647397342,emergency
Q3,2025-05-22,12:00,True,19.543687994809584,-90.39232957607328,26.197947234390472,517.08775653248,481.38111678360315,emergency
Q3,2025-05-22,18:00,False,-12.249865054917661,-29.584171333646736,16.908899431252983,451.7728408874383,437.16818499291037,keep
Q3,2025-05-23,06:00,False,-1.1020752035445704,-1.2510042851045,13.776763419074221,23.950533419817305,23.950533419817305,keep
Q3,2025-05-23,12:00,True,226.14162257061008,119.17723508217887,13.147002031747983,137.71628272891274,66.56227406271569,economic
Q3,2025-05-23,18:00,False,26.98887174803203,5.271832847889982,10.829281467566064,6.728069123967984,16.137928463830406,keep
Q3,2025-05-24,06:00,False,0.0,0.0,14.008756065232314,18.046550187826284,18.046550187826284,keep
Q3,2025-05-24,12:00,False,-164.65444240735712,-187.85398730755787,13.232147888508955,32.83885127547026,32.83885127547026,keep
Q3,2025-05-24,18:00,True,-42.29743601452331,-52.48807599215979,10.73027825147969,52.265986924610075,48.870992571727214,emergency
Q3,2025-05-25,06:00,False,-474.8484230486846,-774.362126856855,29.483049005912218,398.38678740915327,401.174089271763,keep
Q3,2025-05-25,12:00,True,-242.2874123898392,-597.2985892312649,25.13508061550325,723.0839528216752,577.7197089937374,emergency
Q3,2025-05-25,18:00,True,49.06949505889652,22.19588827998723,16.90027759032742,405.5580489245309,391.94483717620426,economic
Q3,2025-05-26,06:00,True,61.95036716110795,-105.55244536929786,29.486128084502464,685.5296419616411,562.1117088597558,emergency
Q3,2025-05-26,12:00,True,-125.23930133024717,-613.5501680699077,26.06683979018402,1233.8634413185728,611.2576835300036,emergency
Q3,2025-05-26,18:00,True,-11.167247075824436,-28.50158360723981,16.727743679102794,413.2586808124604,372.503910567254,emergency
Q3,2025-05-27,06:00,True,1603.5889856791355,451.5523780447187,34.14138592533056,3541.994996733556,1436.621485776327,economic
Q3,2025-05-27,12:00,True,2489.786689270935,2354.362953720489,28.108988347223587,517.4203354805868,501.90232698159923,economic
Q3,2025-05-27,18:00,True,121.70305479933032,22.86803048237141,17.14075658550214,397.09273364053183,389.26043792954533,economic
Q3,2025-05-28,06:00,True,55.55628857664149,-93.5319512612487,31.933383791810353,877.4453490317086,585.6750997997369,emergency
Q3,2025-05-28,12:00,True,79.33860259612447,-26.232955464440238,25.97735256973566,657.9049810120063,546.9535439180869,emergency
Q3,2025-05-28,18:00,False,36.708068195730256,10.705073072127677,17.092248561528088,392.64461087587006,386.5856105552441,keep
Q3,2025-05-29,06:00,True,892.7371628364726,236.52556028870765,34.91080211550467,2053.2620705627755,1446.0999382097898,economic
Q3,2025-05-29,12:00,True,1488.0760675421284,1385.4576518430426,27.230770614179114,591.562644512775,506.6575914922971,economic
Q3,2025-05-29,18:00,True,62.96242981314566,28.710796883357762,17.43240783498202,438.5646536413569,415.4259047976043,economic
Q3,2025-05-30,06:00,False,-172.86922345749383,-237.39756655288807,14.909988346641512,53.52042277867312,53.52042277867312,keep
Q3,2025-05-30,12:00,False,-62.87074442633415,-79.57958844042196,13.597696642443612,31.253187903624905,31.253187903624905,keep
Q3,2025-05-30,18:00,True,-50.70310385505468,-101.1628114077728,10.909561599506052,102.45340537890905,78.86886937674518,emergency
Q3,2025-05-31,06:00,False,-205.87513863210683,-271.4774960002178,16.56947574056739,34.72957823688398,29.697877136007648,keep
Q3,2025-05-31,12:00,False,0.0,0.0,14.998690395405417,52.949878881168445,52.949878881168445,keep
Q3,2025-05-31,18:00,False,-66.87281806044861,-89.51512733505501,11.059303868669517,40.527147835779544,40.527147835779544,keep
Q3,2025-06-01,06:00,True,1064.385873285573,-256.84977579191036,45.76793215343426,1682.8029990869022,531.6340921400144,emergency
Q3,2025-06-01,12:00,True,1282.1068093784631,737.9450661461786,34.89505901864331,75.69261141103512,474.88007790124453,economic
Q3,2025-06-01,18:00,True,-42.08856719941683,-107.03860671689199,18.060275283803065,508.8241859568573,482.23434587333924,emergency
Q3,2025-06-02,06:00,True,144.82678263508978,-1172.618808632048,42.57249627025102,1816.0772269347385,575.4690313257697,emergency
Q3,2025-06-02,12:00,True,889.5380651351481,592.2349231419123,35.62557791047361,265.96446946945264,481.4378319122949,economic
Q3,2025-06-02,18:00,True,-32.202070497761426,-190.34093590606452,19.0154366016614,548.2294126542376,486.5086862467425,emergency
Q3,2025-06-03,06:00,True,6666.077651161438,4166.3494480258105,51.4492810555407,6147.608193685363,1535.8852959257758,economic
Q3,2025-06-03,12:00,True,4348.304072167331,3506.382180217049,35.129890931117764,200.7948992195286,652.5491290568184,economic
Q3,2025-06-03,18:00,True,-55.02306404158747,-207.65493142606738,19.208609645609418,409.46931749434293,361.5758959497109,emergency
Q3,2025-06-04,06:00,True,-265.68419121317294,-782.1145136307223,46.574462192484425,990.1568038731099,448.01045542649535,emergency
Q3,2025-06-04,12:00,True,196.24699144179573,115.74961182699522,37.007925192315454,431.50000357055524,444.83285570914245,economic
Q3,2025-06-04,18:00,False,-39.88811479828597,-82.86835414681491,19.270697489357026,327.9922417987606,314.0642152012639,keep
Q3,2025-06-05,06:00,True,3771.2112928355346,1477.1378261949815,49.2002328023635,5291.809602182138,1114.9620910489225,economic
Q3,2025-06-05,12:00,True,2956.2658863801266,1662.9439309660117,36.33228037792269,296.02535303345906,365.7654261813889,economic
Q3,2025-06-05,18:00,False,-198.55325962877566,-344.1571812612915,19.647893713993717,335.0771907447921,326.64125831043316,keep
Q3,2025-06-06,06:00,False,26.97287579721381,9.90224647522639,22.086176433765623,36.53711077442637,24.3200587592263,keep
Q3,2025-06-06,12:00,False,-21.96267371757709,-35.603570381532336,20.10665602048897,49.14894279596638,44.581711457925365,keep
Q3,2025-06-06,18:00,False,0.0,0.0,13.862988332867424,41.24772504372277,41.24772504372277,keep
Q3,2025-06-07,06:00,False,-11.913026696216221,-37.96547209199414,24.397169162527984,25.38746751338681,24.3200587592263,keep
Q3,2025-06-07,12:00,False,-21.96267371757728,-35.60357038153279,19.462798676393668,49.14894279596626,44.581711457925365,keep
Q3,2025-06-07,18:00,False,0.0,0.0,13.955905392036499,36.91713003468794,36.91713003468794,keep
Q3,2025-06-08,06:00,True,1277.6693905625696,-619.4193842390382,43.10356376922724,3474.794487532392,497.570186610659,emergency
Q3,2025-06-08,12:00,True,1462.875907601718,1404.3759623689505,34.811588876811044,490.72217764653,507.3434329663579,economic
Q3,2025-06-08,18:00,True,-199.62962696675712,-311.91975315561297,19.782355697009248,186.860884871655,158.46122650082089,emergency
Q3,2025-06-09,06:00,True,-166.25945627654207,-664.6823512018509,44.25588931126133,955.7434968600957,516.2466197820576,emergency
Q3,2025-06-09,12:00,True,246.83507405361354,148.03662190403702,36.29341147043443,248.8892059283271,234.2720666924854,economic
Q3,2025-06-09,18:00,True,-265.1515090489313,-401.0170336278735,20.135637858234137,199.64922547711194,108.1064489670714,emergency
Q3,2025-06-10,06:00,True,181.44146717365257,-300.7467364221082,41.56824542322859,1579.740078323141,1053.3950353472792,emergency
Q3,2025-06-10,12:00,True,-575.6210197020306,-1164.8474724277542,36.09714810886015,1427.6341154775425,767.3194433610838,emergency
Q3,2025-06-10,18:00,True,158.8755904555281,96.68262131206893,20.27566439484642,279.238501629742,252.1632130966285,economic
Q3,2025-06-11,06:00,True,1946.2689214836764,110.97648085396023,48.10324690781886,2957.0929805145834,569.7412220307006,economic
Q3,2025-06-11,12:00,True,-382.0758962820104,-784.3108886961509,37.545186632601784,709.3257817479184,431.53582479657746,emergency
Q3,2025-06-11,18:00,True,81.25926165612229,48.09990683704973,20.055316570574412,278.8713868753721,260.22019866509675,economic
Q3,2025-06-12,06:00,True,1039.4311286052955,-1179.6993009925409,46.822299295541214,4123.037950638603,1178.6092525350427,emergency
Q3,2025-06-12,12:00,True,1070.572359601926,877.0375277163976,37.77565177000356,475.9304436277205,522.2931977277782,economic
Q3,2025-06-12,18:00,True,125.48464954889928,75.00612294909843,20.36198836073494,284.2827040038105,262.2498898815421,economic
Q3,2025-06-13,06:00,True,13.744141872655746,-331.239419510355,22.73600090134367,428.6357907123273,86.69034100179682,emergency
Q3,2025-06-13,12:00,False,0.0,0.0,20.441047621070016,16.562069489329872,16.562069489329872,keep
Q3,2025-06-13,18:00,False,-47.71813106232042,-57.8924546057342,14.247646347327965,16.01561619904686,16.411537625766414,keep
Q3,2025-06-14,06:00,True,233.48133568417097,69.12474502467583,22.45021832087951,225.6059730804729,92.32032622227163,economic
Q3,2025-06-14,12:00,False,4.48240244668029,-24.203470919898336,21.10434949639083,21.63353214002302,45.98861898201682,keep
Q3,2025-06-14,18:00,True,-13.291227320208725,-24.781801264431124,14.50134686421953,54.312214948570954,38.29659874952415,emergency
Q3,2025-06-15,06:00,True,2150.368077978677,381.5787165852958,43.74523593279179,4229.618242433697,1516.8669437715128,economic
Q3,2025-06-15,12:00,True,-426.58530356575955,-898.4870298595076,35.782120143171284,1069.0998861552855,692.2406718991747,emergency
Q3,2025-06-15,18:00,True,-63.14072635052687,-100.21120422707463,20.256932232532762,373.454916160843,336.63429213919824,emergency
Q3,2025-06-16,06:00,True,1329.4256623691456,183.00092955552228,45.13279093962949,2716.5673104136185,1169.1282236904935,economic
Q3,2025-06-16,12:00,True,-321.8527023877167,-625.9877333371767,36.3024756994168,629.9886650900853,359.8271655734304,emergency
Q3,2025-06-16,18:00,True,250.56439491230213,138.43315957073318,20.505875652769443,279.61551371328835,336.73964897100814,economic
Q3,2025-06-17,06:00,True,1669.1539354519255,169.84220850477803,47.32321874086691,3316.6356300684074,1371.477742763508,economic
Q3,2025-06-17,12:00,True,616.352802472383,361.8481631982431,39.404185662591715,525.5723083406315,371.91995636023546,economic
Q3,2025-06-17,18:00,True,439.7120864313056,252.14158208512936,20.55155346072844,236.09893526666895,343.7789454219235,economic
Q3,2025-06-18,06:00,True,1459.3226089355246,282.5895970310562,47.43753982392497,3132.335115293382,1020.4423881569784,economic
Q3,2025-06-18,12:00,True,1308.1116748020356,998.2788086467717,39.20782243951588,650.5571929103883,382.81556453551457,economic
Q3,2025-06-18,18:00,True,150.76279135054526,84.4735884604791,20.505071859414198,316.07540521880003,363.67815502821134,economic
Q3,2025-06-19,06:00,True,2126.7209411506533,330.70744790488305,44.9662098060177,3581.9218707430255,616.1359529392764,economic
Q3,2025-06-19,12:00,True,-447.89930197241864,-889.8631213506886,36.61892224036828,955.9090421911502,458.1914354579968,emergency
Q3,2025-06-19,18:00,True,76.77611131815112,51.75921564219607,20.916950613833034,410.1809580311492,371.40378811150003,economic
Q3,2025-06-20,06:00,True,89.7083580528374,-2.926452172716332,22.38427047692711,76.69893030774875,13.266811552212857,emergency
Q3,2025-06-20,12:00,False,17.03307011309107,7.103173463089389,21.363733323872232,11.476282283720934,2.0925334043126327,keep
Q3,2025-06-20,18:00,False,-38.15142061974773,-50.707019392576285,14.737193878735143,9.342118049851194,19.834734213674835,keep
Q3,2025-06-21,06:00,False,2.443183517802157,-36.56403477580807,22.458677719346262,31.29078350680669,20.253494015150977,keep
Q3,2025-06-21,12:00,False,0.0,0.0,20.56902185314928,1.4187503028609854,1.4187503028609854,keep
Q3,2025-06-21,18:00,False,0.0,0.0,15.000213138364652,12.29188515304179,12.29188515304179,keep
Q3,2025-06-22,06:00,True,2468.7515114490852,618.69505971792,44.413777832824515,3746.471508617906,765.0118999740582,economic
Q3,2025-06-22,12:00,True,1376.780428241697,1213.2983118142736,37.06573693537727,293.41377164313883,378.62748555959536,economic
Q3,2025-06-22,18:00,True,-183.32503807604638,-252.03447879845953,20.396936995285596,356.5035051134314,239.16491478473688,emergency
Q3,2025-06-23,06:00,True,-54.610928147150645,-424.9010596917645,39.42055125763635,905.3134738504968,541.0878771741463,emergency
Q3,2025-06-23,12:00,True,-125.73387047679324,-276.16716818681016,34.4297143175211,309.1695383611801,257.2589181909449,emergency
Q3,2025-06-23,18:00,True,-106.93425303487471,-144.22357565226048,20.414219153862838,279.26187614852995,234.340685882583,emergency
Q3,2025-06-24,06:00,True,160.82910517352724,-46.07946966795948,46.94834862650063,537.8390556182028,458.0970623723907,emergency
Q3,2025-06-24,12:00,True,-365.4076607427223,-514.1133678834376,38.59561980619728,343.89284887507074,261.3499895581077,emergency
Q3,2025-06-24,18:00,True,-40.79117002009051,-61.45881811297022,20.69159225643592,320.3034276004289,245.50689501317675,emergency
Q3,2025-06-25,06:00,True,924.3943910948553,-487.90129519123394,43.78910620591681,2432.364719622251,457.8984778611077,emergency
Q3,2025-06-25,12:00,True,96.50175474560017,-497.65003830961723,35.20486961446416,836.0401267933079,358.61139839806106,emergency
Q3,2025-06-25,18:00,True,-299.2947479874196,-456.5722059986542,20.336434681043304,341.2989513052174,181.8498129020106,emergency
Q3,2025-06-26,06:00,True,-294.8401711122328,-1273.4440276286205,39.94998615106121,1701.5190050082545,400.9086193707635,emergency
Q3,2025-06-26,12:00,True,505.53036929521073,253.58713119502323,33.732727674824915,407.6580630104695,777.7504704821288,economic
Q3,2025-06-26,18:00,True,-43.96824917859833,-59.88985687274544,20.167796558980033,274.03828681002324,249.3883100977897,emergency
Q3,2025-06-27,06:00,True,124.59447199918378,-13.086762399319671,23.543507615532317,96.12817268351489,2.8957837336427303,emergency
Q3,2025-06-27,12:00,True,173.07795312323745,104.84834853679867,21.407342147859243,0.0,14.177728267258203,economic
Q3,2025-06-27,18:00,False,2.5086167907490373,0.49942591482737286,14.495314748696446,1.7227191514346032,1.900661903669743,keep
Q3,2025-06-28,06:00,True,-284.1529829441179,-479.54233028372494,23.237203358468236,237.7710143566748,103.22541533516363,emergency
Q3,2025-06-28,12:00,True,711.3946282751564,607.2346698841793,21.317136052640617,0.0,14.177728267258203,economic
Q3,2025-06-28,18:00,False,2.3912460431966207,0.5230850719481168,14.730240804098468,1.0346339750770994,0.0,keep
Q3,2025-06-29,06:00,True,1490.8637945986484,-173.8287818790199,43.58018444143153,2628.8936532321823,305.0826238141319,emergency
Q3,2025-06-29,12:00,True,450.56384819863075,292.4095414641697,36.50624109498353,566.8730479638333,617.5946100064726,economic
Q3,2025-06-29,18:00,True,-29.877404425687082,-57.72865200644537,20.817133529899323,268.36172203093986,243.3733543154175,emergency
Q3,2025-06-30,06:00,True,-366.80362420066535,-604.4687937509957,41.00666054915095,538.6284541598361,302.86469656662564,emergency
Q3,2025-06-30,12:00,True,-215.54771745040713,-399.0347105795345,35.65717614064846,589.9425656355019,378.5033552651226,emergency
Q3,2025-06-30,18:00,True,249.26679872236056,140.70127954203872,20.726634355866114,232.4347198589877,299.8382372649223,economic
Q3,2025-07-01,06:00,True,29722.793318587304,24692.59702689279,85.41453093905085,15841.584646645193,1517.6702738947076,economic
Q3,2025-07-01,12:00,True,2362.0137979266547,1337.4548080860388,44.724015298389425,159.30243380591105,925.5734242291037,economic
Q3,2025-07-01,18:00,True,187.9242464005038,93.40190517295139,25.31279558200423,426.8742240653984,388.0807229103972,economic
Q3,2025-07-02,06:00,True,7359.950628241148,4958.32122859716,56.266813503327114,6712.907239446081,1688.003983153692,economic
Q3,2025-07-02,12:00,True,3483.8041854765784,2409.043801436691,41.09852426932251,90.43393567116902,801.3752540190867,economic
Q3,2025-07-02,18:00,True,90.96944449974704,58.56134920478917,24.141162067607784,465.3651295905156,385.7650464477746,economic
Q3,2025-07-03,06:00,True,10968.360380556931,8096.854407625616,67.524076510429,8803.521118751622,2148.8041565234685,economic
Q3,2025-07-03,12:00,True,2244.000007253122,1886.9159421629429,44.06741053813147,186.23647411534364,280.5994090213353,economic
Q3,2025-07-03,18:00,True,513.8993242210591,118.1720572952172,24.890204364938107,378.0494187214115,385.1568526737474,economic
Q3,2025-07-04,06:00,True,-163.04974583173043,-571.4694203201379,26.303043822081452,1553.3908671731942,1105.8144635100602,emergency
Q3,2025-07-04,12:00,True,1187.0197372206276,1187.0197372206276,23.422791017312672,3.5203776949228995,3.5203776949228995,economic
Q3,2025-07-04,18:00,False,0.0,0.0,16.021312179434858,9.33063178955706,9.33063178955706,keep
Q3,2025-07-05,06:00,False,-12.881295749061856,-27.863991668084054,25.257145188032556,285.3764477126264,279.031914931954,keep
Q3,2025-07-05,12:00,False,-28.671990522642776,-36.01896362082698,23.229154391507933,0.0,0.0,keep
Q3,2025-07-05,18:00,False,0.0,0.0,16.481216757118226,7.038143034111499,7.038143034111499,keep
Q3,2025-07-06,06:00,True,11692.172345086012,7904.038720359903,66.42772553600119,9527.132736455756,1521.5047717964658,economic
Q3,2025-07-06,12:00,True,367.1851323939924,140.6531902195802,45.754408102295045,602.2148040056879,770.4327630864475,economic
Q3,2025-07-06,18:00,True,602.6496177794863,147.0657122644693,25.35706907670736,366.8084081897265,388.08072291039764,economic
Q3,2025-07-07,06:00,True,1175.1158188622405,-93.5118319814109,48.20723060489762,2119.531751167202,958.1903050651831,emergency
Q3,2025-07-07,12:00,True,-611.9708883115318,-967.4429883327748,41.34221178175331,555.2062118457652,239.61258044157717,emergency
Q3,2025-07-07,18:00,True,791.4299719721826,317.0225523901035,25.04645846353015,322.061072550066,371.368996763478,economic
Q3,2025-07-08,06:00,True,-820.0492666994019,-1770.6435624845408,48.925780204504335,1067.853112446011,412.01521533843936,emergency
Q3,2025-07-08,12:00,True,-294.4905690592676,-583.2069222701839,42.494809919585826,521.8600062779883,215.2091067260228,emergency
Q3,2025-07-08,18:00,True,668.8816900822999,387.88522673331295,25.3523021451458,369.8944184072802,373.0501869799583,economic
Q3,2025-07-09,06:00,True,66.21129793876675,-35.602246164097636,47.63801614122043,1181.413320297809,1082.881257241775,emergency
Q3,2025-07-09,12:00,True,-1241.4318075888832,-2022.5102708395707,41.112381218997754,846.7432109892299,217.4610256271376,emergency
Q3,2025-07-09,18:00,True,768.0009775506124,301.8300698916447,25.039048296796413,310.87941835133313,362.0524810967098,economic
Q3,2025-07-10,06:00,True,-947.3600643446605,-2163.4075749842323,46.045073589659076,1771.4718768343812,789.4700862127675,emergency
Q3,2025-07-10,12:00,True,1005.5358331753209,752.3475493057349,41.6474206545028,434.32066121503965,248.88447328888753,economic
Q3,2025-07-10,18:00,True,397.71097045300036,268.03641079468986,25.048273733501205,251.0756517744935,234.12150890806595,economic
Q3,2025-07-11,06:00,False,0.0,0.0,31.41018077247135,0.0,0.0,keep
Q3,2025-07-11,12:00,False,-130.02323882814886,-177.861662626201,28.034983054735836,21.925704800481753,0.0,keep
Q3,2025-07-11,18:00,False,0.0,0.0,18.716911381776928,0.0,0.0,keep
Q3,2025-07-12,06:00,True,-198.8020831763434,-285.6136950619075,29.13735446885138,64.19360500032235,58.404503559231784,emergency
Q3,2025-07-12,12:00,True,154.18935862429848,127.31667954363729,27.170707465296974,4.503274868684798,0.0,economic
Q3,2025-07-12,18:00,True,144.6530094579657,110.54299430720448,18.951002644767755,0.0,0.0,economic
Q3,2025-07-13,06:00,True,-139.18180881429504,-227.17820055645097,47.89424039959629,123.64437847496231,37.51237834726771,emergency
Q3,2025-07-13,12:00,True,-269.6230083035043,-459.3761862099418,42.47669033953117,364.7003561781729,179.77057459880348,emergency
Q3,2025-07-13,18:00,True,280.76185463644697,138.44192249488054,24.570959219932305,352.2446510746968,340.56092099254533,economic
Q3,2025-07-14,06:00,True,-235.92028241741474,-770.3603641964037,45.360071823510616,782.5356954484589,693.5960223547305,emergency
Q3,2025-07-14,12:00,True,-531.1029235275115,-1337.4822695843204,40.254234893357484,915.5723538196333,268.8932697776311,emergency
Q3,2025-07-14,18:00,True,679.870061822018,375.6963385480795,25.356043419821447,357.4967262020467,369.4009288784815,economic
Q3,2025-07-15,06:00,False,0.0,0.0,46.39604699305502,170.44699728884552,170.44699728884552,keep
Q3,2025-07-15,12:00,True,-239.42457822236815,-403.48937916379816,41.043844588525786,370.04695660758784,267.13024495360185,emergency
Q3,2025-07-15,18:00,True,257.4845720034222,147.52860024165267,24.65031780597773,346.57956564115227,348.8408437224675,economic
Q3,2025-07-16,06:00,True,-46.46651020036421,-87.72762393409357,45.574804183530865,453.45601264037145,375.68539941667143,emergency
Q3,2025-07-16,12:00,True,-494.57879915382745,-907.1660554379179,40.74722005478927,789.4783460380451,410.8941901089092,emergency
Q3,2025-07-16,18:00,True,367.4233657496714,200.5494558727913,25.073024128268184,362.969514793459,363.1488702929445,economic
Q3,2025-07-17,06:00,True,-266.80593942113865,-1261.4775243158067,46.48741203180155,829.0782899777148,670.519820289249,emergency
Q3,2025-07-17,12:00,True,141.4148211502861,-398.55792559368456,40.890209408194195,634.0037696150314,189.87259378683132,emergency
Q3,2025-07-17,18:00,True,570.5904262459327,369.1189990837865,24.86383373419266,344.301241813395,347.9644765003118,economic
Q3,2025-07-18,06:00,False,0.0,0.0,35.70479546683498,0.0,0.0,keep
Q3,2025-07-18,12:00,False,-113.8000912711218,-147.03420422561612,32.64933583820805,6.734268438920935,0.0,keep
Q3,2025-07-18,18:00,False,0.0,0.0,19.719678739856516,4.1123151315115365,4.1123151315115365,keep
Q3,2025-07-19,06:00,False,0.0,0.0,36.02804684617634,0.0,0.0,keep
Q3,2025-07-19,12:00,False,0.0,0.0,33.9081240096415,0.0,0.0,keep
Q3,2025-07-19,18:00,False,0.0,0.0,19.93821349725671,0.0,0.0,keep
Q3,2025-07-20,06:00,False,-185.6878354508985,-274.13621198516194,48.12851019055564,136.9484904402841,136.9484904402841,keep
Q3,2025-07-20,12:00,True,-505.55144508097845,-725.6438637096726,42.21733621394264,221.40809582694806,73.36392844786974,emergency
Q3,2025-07-20,18:00,True,188.32142857014634,102.2754108442967,24.59881951549091,223.24540714825594,241.45591767028577,economic
Q3,2025-07-21,06:00,True,-186.18530078745258,-263.4540276975158,48.89506675019452,51.42062779312198,4.337643721544168,emergency
Q3,2025-07-21,12:00,True,-1091.7791517188282,-1566.233381496364,43.07935122192201,384.76179993007275,89.65442607397767,emergency
Q3,2025-07-21,18:00,True,620.8609676369683,406.48156402395557,25.14901092808557,130.73794616634189,278.54182892451695,economic
Q3,2025-07-22,06:00,True,1.9384271410460485,-1019.5144199386013,50.00887060231605,2730.182795205299,1308.9933912043539,emergency
Q3,2025-07-22,12:00,True,1466.0375952111651,1224.0144598713623,43.62895933182388,212.29274743426396,70.4812961544634,economic
Q3,2025-07-22,18:00,True,338.9577343671762,139.79259300842278,25.184550716143047,227.30405449623754,291.19808348719744,economic
Q3,2025-07-23,06:00,False,-72.18214621471465,-87.87391713095712,53.17908018789116,0.0,0.0,keep
Q3,2025-07-23,12:00,True,-478.3823441741256,-692.0939397355178,45.57754925796775,199.89480148119424,69.83512934169073,emergency
Q3,2025-07-23,18:00,True,463.0971016255853,263.11391797997794,25.012751923823032,226.55736261158734,305.76198226251665,economic
Q3,2025-07-24,06:00,True,-60.8443200264081,-102.08318454782057,53.63564434363665,131.7966555083276,78.97527677191266,emergency
Q3,2025-07-24,12:00,True,-700.1341967664197,-1119.1799529708687,45.475879028016834,435.24155439824904,72.74388815503937,emergency
Q3,2025-07-24,18:00,True,337.02631338591897,160.339641755902,25.48182337582596,192.10792216999766,333.38010215356894,economic
Q3,2025-07-25,06:00,True,-411.3691703981916,-536.0090337149777,31.456159565405255,86.80920513522108,23.112508598889534,emergency
Q3,2025-07-25,12:00,True,535.1110770174707,534.8809826438446,29.05493260178187,0.0,0.0,economic
Q3,2025-07-25,18:00,False,1.1280510711294482,1.1280510711294482,19.603431618034318,0.0,0.0,keep
Q3,2025-07-26,06:00,False,-42.27041333918143,-51.45963363030751,31.88574260217093,0.0,0.0,keep
Q3,2025-07-26,12:00,False,-0.8979566975035594,-1.1280510711294482,28.076535588476023,0.0,0.0,keep
Q3,2025-07-26,18:00,False,0.0,0.0,19.07547304715045,0.0,0.0,keep
Q3,2025-07-27,06:00,True,-163.19245041593746,-454.15975260142113,48.22169548666021,664.1345552661783,429.23245015099315,emergency
Q3,2025-07-27,12:00,True,-1749.4401091776508,-2710.70975197038,39.227348511489204,973.1295480902385,183.43610401519197,emergency
Q3,2025-07-27,18:00,True,441.62997429295314,297.33707631492007,24.918392471078185,154.9766836290754,287.9261836959604,economic
Q3,2025-07-28,06:00,True,-1012.3196033264217,-2014.8558130794936,50.49102374097786,2133.4674657879536,512.1400612441093,emergency
Q3,2025-07-28,12:00,True,925.3186053108676,671.3791421133128,43.435943750315644,984.6724124964378,398.8966496966102,economic
Q3,2025-07-28,18:00,True,392.84135446155346,195.44047153804544,24.48416974411116,218.11749085698386,310.500932908821,economic
Q3,2025-07-29,06:00,True,542.2496238882977,-288.7381233547298,48.681509019803684,1569.5528630261651,478.3676119165949,emergency
Q3,2025-07-29,12:00,True,844.9089265885281,541.7064130608951,41.079278162126926,340.3348009638455,381.9264374065051,economic
Q3,2025-07-29,18:00,True,65.54464130594805,27.68001374449332,24.235872288217795,256.2365563459307,328.73739018163974,economic
Q3,2025-07-30,06:00,True,793.0186553907076,-221.72688529769403,46.5555288683094,2561.1740381098957,1188.2013609145101,emergency
Q3,2025-07-30,12:00,True,157.62634625877425,94.3841274424337,39.08734609437393,778.7525271405228,738.1624065083042,economic
Q3,2025-07-30,18:00,True,51.255010931385314,42.46509760297522,24.002350624560304,270.06067160627435,278.0990597072614,economic
Q3,2025-07-31,06:00,True,-6.988608616749971,-74.13204605961619,45.591233715896436,161.45573617273226,91.44266121539965,emergency
Q3,2025-07-31,12:00,True,109.43473101800971,77.94690175959113,39.30154169479399,175.8024857594079,152.72866357462306,economic
Q3,2025-07-31,18:00,False,2.689944686577357,-0.7188764448055736,24.014979658354086,290.97019795522976,279.0104492109076,keep
Q3,2025-08-01,06:00,False,-3.260885494240938,-4.642616635868762,30.212836248524777,9.26893935142914,6.973398479778808,keep
Q3,2025-08-01,12:00,False,-13.230614727703855,-16.106835320682876,28.553468946137045,0.0,0.0,keep
Q3,2025-08-01,18:00,False,-39.35259840409968,-51.800336354870524,18.778485710584526,11.112523439963752,0.0,keep
Q3,2025-08-02,06:00,False,-13.166809727219125,-18.74596639129595,32.475288990571514,0.0,0.0,keep
Q3,2025-08-02,12:00,False,-14.189354925374053,-16.10683532069379,30.543358421383772,0.0,0.0,keep
Q3,2025-08-02,18:00,False,-39.35259840409968,-51.800336354870524,18.76384154504221,11.112523439963752,0.0,keep
Q3,2025-08-03,06:00,True,-721.8543377014257,-1267.4631464808888,40.26914898931266,826.3288174350133,411.9065268854142,emergency
Q3,2025-08-03,12:00,True,1197.3635091352655,1148.0524704753757,37.48525166424322,12.41846288528177,4.579891963420948,economic
Q3,2025-08-03,18:00,True,225.73471521250372,168.17803530882722,24.145473683859873,115.06844967417362,153.3635427099481,economic
Q3,2025-08-04,06:00,True,-27.343938752994937,-128.58437984035203,43.109610286788055,167.3378262496684,91.83148895802333,emergency
Q3,2025-08-04,12:00,True,205.58090456236107,170.3030363239383,39.17922643189781,19.418671883453612,0.0,economic
Q3,2025-08-04,18:00,True,4.088519135569707,-44.94435101319264,24.217852029015184,362.942988824803,257.81967692654405,emergency
Q3,2025-08-05,06:00,False,-88.15447294560519,-111.93958235867467,43.053756898399804,19.41433440389676,19.41433440389676,keep
Q3,2025-08-05,12:00,False,0.0,0.0,38.786604110512826,0.0,0.0,keep
Q3,2025-08-05,18:00,False,26.638492444839624,-7.715693430412102,24.63081542344301,242.37122758983628,241.388904146095,keep
Q3,2025-08-06,06:00,False,-60.89109486037549,-78.74938295056927,48.702323749368745,17.70999068184392,17.70999068184392,keep
Q3,2025-08-06,12:00,False,-29.022253440713815,-62.446211579807546,45.405228920377546,47.28895394233143,15.691806688663718,keep
Q3,2025-08-06,18:00,False,36.85638586921985,-9.814617290096749,24.54499120855439,67.9459990954175,69.53836963356059,keep
Q3,2025-08-07,06:00,True,-47.05425754796879,-74.75732772034098,47.698499996641594,77.66109041804862,34.541889354980526,emergency
Q3,2025-08-07,12:00,True,-13.066820543396199,-34.13488377350404,40.70480714734861,128.84159179822223,121.0300354167131,emergency
Q3,2025-08-07,18:00,False,52.91917000348758,7.405162363371324,24.30304301384558,85.64212482195333,82.6714885636419,keep
Q3,2025-08-08,06:00,False,-6.7703690994705035,-8.88610944305401,28.71241107239717,0.0,0.0,keep
Q3,2025-08-08,12:00,False,0.0,0.0,26.796163999067574,0.0,0.0,keep
Q3,2025-08-08,18:00,False,0.0,0.0,19.202507924339894,0.0,0.0,keep
Q3,2025-08-09,06:00,False,-6.7703690994705035,-8.88610944305401,29.117508844123282,0.0,0.0,keep
Q3,2025-08-09,12:00,False,0.0,0.0,27.569170648579522,0.0,0.0,keep
Q3,2025-08-09,18:00,False,0.0,0.0,19.36932902657365,0.0,0.0,keep
Q3,2025-08-10,06:00,True,-29.47275533030305,-87.05814631923568,47.03157246231628,53.07939125863652,0.0,emergency
Q3,2025-08-10,12:00,False,0.0,0.0,43.47601772415011,0.0,0.0,keep
Q3,2025-08-10,18:00,False,0.0,0.0,25.322651255860066,0.0,0.0,keep
Q3,2025-08-11,06:00,False,0.0,0.0,44.607742003385844,0.0,0.0,keep
Q3,2025-08-11,12:00,False,0.0,0.0,39.4277847082361,0.0,0.0,keep
Q3,2025-08-11,18:00,False,0.0,0.0,25.0057702913252,0.0,0.0,keep
Q3,2025-08-12,06:00,False,-4.654998028509258,-11.694069553785084,50.06864589010609,7.115777993051324,0.0,keep
Q3,2025-08-12,12:00,False,0.0,0.0,44.91121642850855,0.0,0.0,keep
Q3,2025-08-12,18:00,False,0.0,0.0,25.462260638652232,0.0,0.0,keep
Q3,2025-08-13,06:00,False,-5.029560802171934,-6.208206126197183,44.24018768108996,6.457298183847342,6.039938635065371,keep
Q3,2025-08-13,12:00,False,-8.51301748819359,-27.262059008346114,39.23885373558589,41.215450471254485,23.000671952950142,keep
Q3,2025-08-13,18:00,False,-15.911947140715256,-34.512494836963015,25.157256192514808,23.23506548508783,6.3830432389881935,keep
Q3,2025-08-14,06:00,False,-5.903328497789647,-8.450487370246265,46.36848718926349,5.677946227400184,0.0,keep
Q3,2025-08-14,12:00,False,0.0,0.0,41.85965323014204,0.0,0.0,keep
Q3,2025-08-14,18:00,False,0.0,0.0,25.487944636262032,7.046178512356846,7.046178512356846,keep
Q3,2025-08-15,06:00,False,0.0,0.0,31.29059821966407,0.0,0.0,keep
Q3,2025-08-15,12:00,False,0.0,0.0,29.616012489856093,0.0,0.0,keep
Q3,2025-08-15,18:00,False,0.0,0.0,18.981674212777786,0.0,0.0,keep
Q3,2025-08-16,06:00,False,-4.36000636090031,-6.628280425782577,31.957191760160388,0.3764943010388606,0.0,keep
Q3,2025-08-16,12:00,False,0.0,0.0,30.644111846771622,0.0,0.0,keep
Q3,2025-08-16,18:00,False,0.0,0.0,19.15895975836256,2.842170943040401e-14,2.842170943040401e-14,keep
Q3,2025-08-17,06:00,False,0.0,0.0,47.980265167045744,0.0,0.0,keep
Q3,2025-08-17,12:00,False,0.0,0.0,42.56179979428281,0.0,0.0,keep
Q3,2025-08-17,18:00,False,0.0,0.0,25.41386003550711,12.33303194218837,12.33303194218837,keep
Q3,2025-08-18,06:00,False,0.0,0.0,47.32938305184915,0.0,0.0,keep
Q3,2025-08-18,12:00,False,-10.003076721966863,-12.576411469344748,42.095830673287956,0.657347733647498,0.0,keep
Q3,2025-08-18,18:00,False,0.0,0.0,25.451223237828252,12.133547827032771,12.133547827032771,keep
Q3,2025-08-19,06:00,False,-5.1556594585161815,-7.837868535549205,47.152120077923676,0.5456683374938507,0.0,keep
Q3,2025-08-19,12:00,False,-6.9264587877652435,-8.637611431608093,42.05296825500059,0.5014692959183549,0.0,keep
Q3,2025-08-19,18:00,False,-2.598556290779795e-13,-9.094947017729282e-13,25.538292903126248,0.0,0.0,keep
Q3,2025-08-20,06:00,True,-40.64247389148477,-77.62556365884666,50.921710003607096,53.35090285830984,0.0,emergency
Q3,2025-08-20,12:00,False,0.0,0.0,43.840251847148494,0.0,0.0,keep
Q3,2025-08-20,18:00,False,0.0,0.0,25.251037571299765,23.362651956016066,23.362651956016066,keep
Q3,2025-08-21,06:00,False,-5.105729443070622,-7.837868535549205,48.50063946026716,0.6411757847046715,0.0,keep
Q3,2025-08-21,12:00,False,-29.133371346961333,-36.33064876271965,42.90336925450972,2.109229501644336,0.0,keep
Q3,2025-08-21,18:00,False,0.0,0.0,25.100387893936908,15.516764135106541,15.516764135106541,keep
Q3,2025-08-22,06:00,False,-28.54279713874082,-34.747753038467636,30.009651674483457,0.0,0.0,keep
Q3,2025-08-22,12:00,False,0.0,0.0,28.48199472985929,0.0,0.0,keep
Q3,2025-08-22,18:00,False,-37.74503087242829,-58.71449246822249,18.88157117577724,29.06801944067672,5.400124791776761e-13,keep
Q3,2025-08-23,06:00,False,-2.4948592339573485,-4.156982447424525,27.89022008726184,2.058013984567765,5.400124791776761e-13,keep
Q3,2025-08-23,12:00,False,-6.496390726949487e-14,-4.547473508864641e-13,25.938614463130133,0.0,0.0,keep
Q3,2025-08-23,18:00,False,-24.41874038205827,-37.9847072609773,19.016088977962184,18.80524147778351,5.400124791776761e-13,keep
Q3,2025-08-24,06:00,True,-25.782611458920655,-44.19876250100788,46.776178086386224,71.90124306469852,34.93957514279788,emergency
Q3,2025-08-24,12:00,False,-58.12722383240959,-71.9034773864405,42.811783653425806,0.0,0.0,keep
Q3,2025-08-24,18:00,False,-26.778710226275898,-41.655771463095334,25.345527717838973,20.609142413699715,5.400124791776761e-13,keep
Q3,2025-08-25,06:00,True,66.29519590248348,1.925412315515132,59.861835108319084,53.666947237414774,13.819169907553402,emergency
Q3,2025-08-25,12:00,False,-6.191850771375616,-7.659330216825765,51.15344467569145,0.0,0.0,keep
Q3,2025-08-25,18:00,False,0.0,0.0,24.916290586300917,5.403315039650579,5.403315039650579,keep
Q3,2025-08-26,06:00,True,-360.7217424735647,-547.7181452361241,48.21295664102631,165.23706340243905,26.21611744977929,emergency
Q3,2025-08-26,12:00,True,522.7056627862912,522.7056627862912,43.987730932746324,0.0,0.0,economic
Q3,2025-08-26,18:00,False,0.0,0.0,25.77468721928613,43.616213950400834,43.616213950400834,keep
Q3,2025-08-27,06:00,True,79.53973717521882,-978.1120069308636,51.156683080140326,1399.9352508558443,106.8484953477381,emergency
Q3,2025-08-27,12:00,True,2443.801287664163,2267.1133126063733,42.3098344827319,0.0,132.90094476226497,economic
Q3,2025-08-27,18:00,False,0.0,0.0,24.640283317895605,30.82709210769019,30.82709210769019,keep
Q3,2025-08-28,06:00,True,-669.2900272989687,-1301.4414055950092,47.94630297100067,778.1243782661377,144.23136719915,emergency
Q3,2025-08-28,12:00,True,1331.5492096729856,1268.345904729249,39.72979391184115,0.0,44.121964806977275,economic
Q3,2025-08-28,18:00,False,0.0,0.0,24.64689875525229,29.399416458215455,29.399416458215455,keep
Q3,2025-08-29,06:00,False,1.2992781453898974e-13,0.0,31.38637431203635,0.0,0.0,keep
Q3,2025-08-29,12:00,False,-4.397812140156216,-5.353858257582033,28.70340048008478,0.0,0.0,keep
Q3,2025-08-29,18:00,False,-7.563578431256117,-13.512385709072987,18.51926348918612,6.68169198886153,0.0,keep
Q3,2025-08-30,06:00,False,-5.602450156777975,-7.084599409474322,30.93753483264788,0.37069550007203134,3.097966327914037e-12,keep
Q3,2025-08-30,12:00,False,36.13849513347727,8.547142069594884,29.1249882730082,13.3017223911271,0.0,keep
Q3,2025-08-30,18:00,False,0.0,0.0,18.706121969663787,0.0,0.0,keep
Q3,2025-08-31,06:00,False,-4.717644125265776,-23.085442865294453,46.929411042982395,15.386800028038579,8.881982611263538,keep
Q3,2025-08-31,12:00,False,0.0,0.0,42.004569932603445,0.0,0.0,keep
Q3,2025-08-31,18:00,False,0.0,0.0,24.999379397429227,131.26711675860042,131.26711675860042,keep
Q3,2025-09-01,06:00,False,-7.164412293030184,-32.8223803787796,49.03697548884599,25.868961161994605,0.0,keep
Q3,2025-09-01,12:00,False,0.0,0.0,41.31891067446176,0.0,0.0,keep
Q3,2025-09-01,18:00,False,0.0,0.0,23.497179266499266,0.0,0.0,keep
Q3,2025-09-02,06:00,True,-507.35202770060124,-604.1479886878269,43.39550917898934,120.60979135667492,45.39323579874741,emergency
Q3,2025-09-02,12:00,True,199.7446370094112,199.74463700941124,38.32220774662201,0.0,0.0,economic
Q3,2025-09-02,18:00,False,0.0,0.0,23.865706911068322,3.542370275178314,3.542370275178314,keep
Q3,2025-09-03,06:00,True,-245.1641898691826,-315.87324944189095,45.15269706747854,129.70632291061247,41.64380449038106,emergency
Q3,2025-09-03,12:00,False,0.0,0.0,40.12385385517828,0.0,0.0,keep
Q3,2025-09-03,18:00,False,0.0,0.0,22.7894121666133,21.8895084326399,21.8895084326399,keep
Q3,2025-09-04,06:00,True,-304.26758906493484,-411.3486222995234,44.123661201387904,149.59692634672314,48.99102446530645,emergency
Q3,2025-09-04,12:00,False,0.0,0.0,40.36255749359999,0.0,0.0,keep
Q3,2025-09-04,18:00,False,0.0,0.0,22.601095229665507,19.801358725939394,19.801358725939394,keep
Q3,2025-09-05,06:00,True,-130.5609269173105,-284.7785460943005,25.46942748756111,316.05660036520027,41.056721270437095,emergency
Q3,2025-09-05,12:00,False,0.0,0.0,24.090077462286065,0.0,0.0,keep
Q3,2025-09-05,18:00,False,0.0,0.0,16.487997995981832,153.2009632660867,153.2009632660867,keep
Q3,2025-09-06,06:00,True,-151.52294305201193,-325.5442191620441,25.907597200811523,348.0025745309914,75.92548804060732,emergency
Q3,2025-09-06,12:00,False,0.0,0.0,24.141013031980062,0.0,0.0,keep
Q3,2025-09-06,18:00,False,0.0,0.0,16.60287264859851,61.13097470017732,61.13097470017732,keep
Q3,2025-09-07,06:00,True,-812.4262631427457,-1345.2524117122157,39.56208578932152,654.0691195294787,223.4165780354407,emergency
Q3,2025-09-07,12:00,True,789.6654033852392,789.6654033852392,35.91966525087133,0.0,0.0,economic
Q3,2025-09-07,18:00,False,0.0,0.0,21.435288325274698,0.0,0.0,keep
Q3,2025-09-08,06:00,True,-323.6151355642777,-514.1645496057236,44.866598093357794,314.00075510357317,100.77872068825064,emergency
Q3,2025-09-08,12:00,True,-17.376003393312985,-67.52000515116742,38.24749303418011,50.418745740851136,0.0,emergency
Q3,2025-09-08,18:00,False,0.0,0.0,21.278606298889503,18.223152310760497,18.223152310760497,keep
Q3,2025-09-09,06:00,True,-580.8487214427448,-1267.5016396296696,38.50435427680153,515.4528140216742,109.2246310696865,emergency
Q3,2025-09-09,12:00,True,1282.5829960226254,1282.5829960226238,34.93180706456451,0.0,0.0,economic
Q3,2025-09-09,18:00,False,0.0,0.0,20.66535924752341,32.49098321240626,32.49098321240626,keep
Q3,2025-09-10,06:00,True,-130.37049832667748,-247.02513258540557,45.030636549860326,218.68410883150779,89.42564931073895,emergency
Q3,2025-09-10,12:00,False,0.0,0.0,37.489354877580496,0.0,0.0,keep
Q3,2025-09-10,18:00,False,0.0,0.0,20.58519556994223,21.708329674988136,21.708329674988136,keep
Q3,2025-09-11,06:00,True,-149.65869976643057,-237.69252704793507,44.39397085580785,192.9709257896564,102.54833747191418,emergency
Q3,2025-09-11,12:00,False,0.0,0.0,39.7583460234083,0.0,0.0,keep
Q3,2025-09-11,18:00,False,0.0,0.0,20.376838906823046,0.0,0.0,keep
Q3,2025-09-12,06:00,True,-71.4255277084036,-167.2403083178615,27.37718095797936,161.20738644121957,54.630576648558474,emergency
Q3,2025-09-12,12:00,False,0.0,0.0,24.975886080583557,0.0,0.0,keep
Q3,2025-09-12,18:00,False,0.0,0.0,16.08883457671331,86.48095349340076,86.48095349340076,keep
Q3,2025-09-13,06:00,True,-66.82509726252407,-167.34729002728636,27.223330950519664,171.2962598330867,60.366264119575305,emergency
Q3,2025-09-13,12:00,False,0.0,0.0,25.064673854843704,0.0,0.0,keep
Q3,2025-09-13,18:00,False,0.0,0.0,16.396044724533215,50.49022975274369,50.49022975274369,keep
Q3,2025-09-14,06:00,False,-11.016820294284635,-38.55887102999259,46.9736417548196,46.0379665419112,21.38945914981946,keep
Q3,2025-09-14,12:00,False,0.0,0.0,37.64933988598037,0.0,0.0,keep
Q3,2025-09-14,18:00,False,0.0,0.0,20.34942510542633,112.90596468498313,112.90596468498313,keep
Q3,2025-09-15,06:00,True,-180.5481541714587,-378.38182814832544,37.79563280840615,221.92097766092775,57.185571487970435,emergency
Q3,2025-09-15,12:00,False,0.0,0.0,33.97646497623604,82.63752073943863,82.63752073943863,keep
Q3,2025-09-15,18:00,True,-18.62934979638554,-28.249684217287722,19.666263076400437,151.82951928442242,125.87503240727142,emergency
Q3,2025-09-16,06:00,True,-54.29336038523641,-242.34121940724435,45.65722025181358,195.253856975146,32.90863463084277,emergency
Q3,2025-09-16,12:00,False,0.0,0.0,39.319383610025184,0.0,0.0,keep
Q3,2025-09-16,18:00,True,-45.48194335747127,-65.63925787504922,19.66884466518575,162.46282837585488,101.11401361037463,emergency
Q3,2025-09-17,06:00,True,-59.90790772782542,-294.9775370241259,44.15902820408377,300.298262666016,108.90416074927529,emergency
Q3,2025-09-17,12:00,False,0.0,0.0,38.3505888289565,0.0,0.0,keep
Q3,2025-09-17,18:00,False,0.0,0.0,19.765934907868356,115.52792120278048,115.52792120278048,keep
Q3,2025-09-18,06:00,True,-349.3110907936081,-1069.431935341105,39.01462278052878,1145.9262176752482,239.04085335901817,emergency
Q3,2025-09-18,12:00,True,620.5993712068172,611.1872784971429,34.10585304782857,177.56690353075658,176.75345887437413,economic
Q3,2025-09-18,18:00,True,-41.131582437587966,-65.65626193490607,19.36305206780111,287.5228662371561,199.87634709719987,emergency
Q3,2025-09-19,06:00,True,-43.72150098126648,-101.567588417558,28.382780423257906,81.51844211822049,0.0,emergency
Q3,2025-09-19,12:00,False,0.0,0.0,25.43652356174982,0.0,0.0,keep
Q3,2025-09-19,18:00,False,-31.05993590978966,-39.24432292362326,15.763363469239062,68.36326849397938,68.36326849397938,keep
Q3,2025-09-20,06:00,False,-22.197174142604126,-45.46143951543854,28.782521963352067,48.86597360940374,13.260953221401849,keep
Q3,2025-09-20,12:00,False,0.0,0.0,26.030623852998872,0.0,0.0,keep
Q3,2025-09-20,18:00,False,0.0,0.0,15.715983645265517,26.818626034402513,26.818626034402513,keep
Q3,2025-09-21,06:00,True,-4.392640866582951,-125.79811845169615,42.68580255680956,198.47108400722226,34.67020585409972,emergency
Q3,2025-09-21,12:00,False,0.0,0.0,36.31175648446155,0.0,0.0,keep
Q3,2025-09-21,18:00,False,0.0,0.0,19.687761830714667,43.864718134857185,43.864718134857185,keep
Q3,2025-09-22,06:00,True,-16.82435281081703,-76.52100729513404,45.614006517429075,143.08252754301128,77.21850663965483,emergency
Q3,2025-09-22,12:00,False,0.0,0.0,40.084991066304696,0.0,0.0,keep
Q3,2025-09-22,18:00,False,-5.19711258155959e-13,-1.3642420526593924e-12,19.63735378752759,56.99005079218023,56.99005079218114,keep
Q3,2025-09-23,06:00,True,-56.741850144211526,-134.9987703076531,43.73975753733173,143.08252754301122,77.21850663965478,emergency
Q3,2025-09-23,12:00,False,0.0,0.0,37.278039106858174,15.240063214578754,15.240063214578754,keep
Q3,2025-09-23,18:00,False,0.0,0.0,19.36524000868061,113.88843001380087,113.88843001380087,keep
Q3,2025-09-24,06:00,True,-96.87768542841708,-294.0378721948905,37.636427050499016,237.9217505051992,92.3866389673696,emergency
Q3,2025-09-24,12:00,True,-23.896858670905203,-41.97173695363017,33.175035627266524,466.57427406503734,408.40582825432716,emergency
Q3,2025-09-24,18:00,True,1.9300570163628827,-6.32578654224244,19.20108388675604,183.44172512529246,170.20893448810955,emergency
Q3,2025-09-25,06:00,True,-71.90255856494825,-334.43628877512083,39.688220820535896,684.8734919395546,311.669178687096,emergency
Q3,2025-09-25,12:00,True,285.7566883150465,249.70517852854354,34.3972252467019,184.1769241247714,109.68940168412621,economic
Q3,2025-09-25,18:00,False,26.21136869252671,12.949448858708843,19.094117333647578,201.13904352350335,213.1793023694288,keep
Q3,2025-09-26,06:00,False,-13.122722551827403,-17.223573349274375,28.07042118318588,23.456661374610462,23.456661374610462,keep
Q3,2025-09-26,12:00,False,0.0,0.0,25.18069552431583,0.0,0.0,keep
Q3,2025-09-26,18:00,False,0.0,0.0,15.420396400444664,35.78075268438511,35.78075268438511,keep
Q3,2025-09-27,06:00,True,-130.4090561346159,-425.0498750856568,27.06214213266723,395.9691999041419,18.2968017613957,emergency
Q3,2025-09-27,12:00,True,425.04987508565324,425.0498750856532,24.786423766547664,0.0,0.0,economic
Q3,2025-09-27,18:00,False,0.0,0.0,16.350331672341703,35.78075268438511,35.78075268438511,keep
Q3,2025-09-28,06:00,True,-272.82644152650664,-2123.3375404602557,43.446459086117166,2913.229938769153,1044.708196516257,emergency
Q3,2025-09-28,12:00,True,2070.488726776813,2039.685733103581,35.45481728592348,42.48663646503701,72.47184442379474,economic
Q3,2025-09-28,18:00,False,0.0,0.0,19.429609250975616,84.18287712140264,84.18287712140264,keep
Q3,2025-09-29,06:00,True,-53.267540816954885,-273.2427928640145,37.32477999461724,475.05435287850736,269.00320778258214,emergency
Q3,2025-09-29,12:00,True,-98.38176814962158,-367.3936186009448,32.64034188190569,800.9718602354834,297.9413618894474,emergency
Q3,2025-09-29,18:00,False,32.82600183160444,-87.1833800958807,18.60068342662422,506.1167357912003,497.285166480949,keep
Q3,2025-09-30,06:00,True,237.97483873409132,-1918.6746663868262,41.60218998265398,3294.0033568982935,780.8102728611663,emergency
Q3,2025-09-30,12:00,True,211.76976778794193,30.68835230106652,34.42425611315099,750.6768801428713,389.04145889194626,emergency
Q3,2025-09-30,18:00,False,43.269910543265595,-72.48981305894658,18.72926134119046,511.79101618110826,497.2851664809501,keep
Q3,2025-10-01,06:00,True,-695.3251561366349,-1476.5964701682465,35.13357388814957,1730.0752654262096,545.1955425712257,emergency
Q3,2025-10-01,12:00,True,1372.7689311238305,1157.6607277794917,32.4956173635179,797.9930817359436,429.2117646691429,economic
Q3,2025-10-01,18:00,True,-90.38919019463708,-299.63317475817666,18.386680674424,652.0523881684787,501.4847732202843,emergency
Q3,2025-10-02,06:00,True,4.96003073571124,-43.15496203199473,38.10232194360666,258.4469240382708,215.74756689540106,emergency
Q3,2025-10-02,12:00,True,-165.4752141992568,-781.3905142565369,33.03890422041304,849.045899715864,372.3717862727069,emergency
Q3,2025-10-02,18:00,False,2.5258479733973704,-132.22664281185826,18.441924008341612,496.4823431464273,483.63547713022615,keep
Q3,2025-10-03,06:00,True,-107.2016830851171,-225.12285882488868,20.194294348652704,186.5055942724261,26.400066609945895,emergency
Q3,2025-10-03,12:00,False,-17.83708495596842,-26.432072801759205,18.308524363175092,5.046741211373501,5.046741211373501,keep
Q3,2025-10-03,18:00,True,-38.05813647786944,-157.6004175973762,13.123972859402228,228.4311051674806,147.7643482993035,emergency
Q3,2025-10-04,06:00,False,-5.8547925242136065,-17.65400467991094,24.884314081747124,41.29983339891379,24.588949964865293,keep
Q3,2025-10-04,12:00,False,-14.151120107620436,-40.1669209564443,21.470480072854972,44.139326206228276,22.688128687066353,keep
Q3,2025-10-04,18:00,True,-39.401224413737424,-145.1921827551232,13.075348332165836,230.45788988733386,158.72083260145106,emergency
Q3,2025-10-05,06:00,True,-125.34652635136679,-275.0370664553881,40.47953126694916,835.3685027134553,637.7600787249906,emergency
Q3,2025-10-05,12:00,True,2.131509724548579,-381.01486660070213,32.673021964067175,898.4506129447747,503.9033229833467,emergency
Q3,2025-10-05,18:00,True,-79.69299347313071,-318.7670705004075,17.814083240378746,635.4467346750022,509.88433813086965,emergency
Q3,2025-10-06,06:00,True,-25.900703872845554,-1634.4205005235438,35.30981955659492,3261.4334100954416,1147.7534713713721,emergency
Q3,2025-10-06,12:00,True,897.0742990356738,604.5759098088955,30.32895430614459,788.3549451509657,547.0290417167136,economic
Q3,2025-10-06,18:00,True,-134.52078686560662,-396.52349731572144,17.192765073975874,711.0417273115479,509.8843381308694,emergency
Q3,2025-10-07,06:00,True,66.75140750971775,-189.2308077950262,35.27957185079604,1165.2559430949295,921.3781800299605,emergency
Q3,2025-10-07,12:00,True,-306.3205072116113,-834.703201639189,30.01060874221543,1240.1440299869703,580.8502700121043,emergency
Q3,2025-10-07,18:00,True,-98.6910689773382,-323.77295003635385,17.306806783508495,699.4423780739213,549.6757221776122,emergency
Q3,2025-10-08,06:00,True,198.29737456871212,-308.1515701462558,34.29676201234101,1072.0022772482425,682.2072030168715,emergency
Q3,2025-10-08,12:00,True,-25.785062890365232,-269.9127127899269,29.8408701991068,795.1531203846542,573.625339047861,emergency
Q3,2025-10-08,18:00,True,-163.56358677713783,-460.5170862334817,17.155853393603785,793.2299506001513,559.3685889138046,emergency
Q3,2025-10-09,06:00,True,29.284324070826827,-1250.820465231005,37.36502980375628,1481.8913792206322,355.10356754908435,emergency
Q3,2025-10-09,12:00,True,196.85376193941565,146.06166616148553,31.688305381818502,580.1360479485085,550.1574209285006,economic
Q3,2025-10-09,18:00,True,-169.46935242107475,-487.28382856084954,17.432294252670367,786.68215270729,559.3685889138053,emergency
Q3,2025-10-10,06:00,True,-66.62650823890972,-90.31953778513343,21.279493740324362,86.66217682845792,39.785693547263236,emergency
Q3,2025-10-10,12:00,True,66.11153401208867,66.11153401208867,18.606328360577113,0.0,0.0,economic
Q3,2025-10-10,18:00,True,-21.084219292620027,-46.00439010442278,12.83242286976891,50.745900855499656,27.41143830490458,emergency
Q3,2025-10-11,06:00,True,-203.27214606927527,-345.5376640267452,19.389800074507058,397.34082967556833,100.95806246735162,emergency
Q3,2025-10-11,12:00,True,373.26153759082786,373.2615375908274,16.516191053011593,0.0,8.526512829121202e-13,economic
Q3,2025-10-11,18:00,True,-75.79734939505607,-124.05735299627122,11.619079517780596,69.59805226388909,49.23364458581369,emergency
Q3,2025-10-12,06:00,True,-462.5500993991658,-904.9390910957687,34.675729430385445,1240.5392765269394,491.82493093514205,emergency
Q3,2025-10-12,12:00,True,692.8658177525788,628.7226755233942,28.84520162364801,760.9202577558589,703.61820547813,economic
Q3,2025-10-12,18:00,True,-140.01847365422742,-226.7444934668656,16.547758342724645,515.4128183832706,477.60929278283226,emergency
Q3,2025-10-13,06:00,True,-331.41177334317945,-963.578899945536,36.2305980280703,1044.0204068172395,415.89947495630855,emergency
Q3,2025-10-13,12:00,True,56.61885679873999,-72.7886944755897,31.65885641924254,933.6330169926208,652.3357810332803,emergency
Q3,2025-10-13,18:00,True,-149.7698180426863,-272.72347523280973,16.83087874519395,393.7783076012197,275.63899410638163,emergency
Q3,2025-10-14,06:00,True,509.74469730209535,-732.4164727803462,39.0340898967485,2200.6868218058303,621.6232293108627,emergency
Q3,2025-10-14,12:00,True,317.75379228023814,195.66536646140335,33.22876599299356,984.8577577267032,802.021115411658,economic
Q3,2025-10-14,18:00,True,-157.90028383255608,-295.39284379108403,17.192970144867637,384.20711945507674,274.464054083536,emergency
Q3,2025-10-15,06:00,True,160.3303796758329,-682.840127240499,38.6904909351202,1471.159976043616,500.6178414274534,emergency
Q3,2025-10-15,12:00,True,269.1909905551936,63.00483495933349,32.62931847512852,663.0760655955105,608.2911615697519,economic
Q3,2025-10-15,18:00,True,-252.45771190220452,-474.74071441072374,16.576601060919998,444.1721770018329,274.46405408353417,emergency
Q3,2025-10-16,06:00,True,793.9531029569841,-961.2301738623286,41.01992983826533,3697.7083432787103,821.3204463680829,emergency
Q3,2025-10-16,12:00,True,924.2207759512125,685.2388720552003,33.11190527831159,994.7784979055987,625.3173290691733,economic
Q3,2025-10-16,18:00,True,-67.87326871838481,-146.3375285229325,17.20617072903056,349.95115225566065,274.46405408353405,emergency
Q3,2025-10-17,06:00,True,-353.73025749856095,-1040.4724591821662,18.155244283065965,1193.901542129238,379.46900858687235,emergency
Q3,2025-10-17,12:00,True,569.3456738943099,511.5051436932408,15.722133368980842,0.0,3.4719738463329577,economic
Q3,2025-10-17,18:00,True,-78.23188437992103,-161.4431460632586,11.521195340012165,131.0424890845943,64.90866346365192,emergency
Q3,2025-10-18,06:00,True,-51.6433074680172,-481.857965320195,20.881124580956413,446.9082957662804,62.424805114251285,emergency
Q3,2025-10-18,12:00,False,0.0,0.0,18.614035148013084,0.0,0.0,keep
Q3,2025-10-18,18:00,True,-75.2995114302202,-144.8705184547507,11.739214397916843,68.95757787010643,7.125117427063685,emergency
Q3,2025-10-19,06:00,True,93.06020181679418,-726.0121866235984,40.74342616777393,1577.2601938826888,638.8179215505342,emergency
Q3,2025-10-19,12:00,True,75.59194791744814,-161.11172275816352,33.8755189178909,563.1977094115896,363.73697702669494,emergency
Q3,2025-10-19,18:00,True,523.1420679160451,194.4935559898904,16.794030599367023,221.20188784452137,402.2002110586512,economic
Q3,2025-10-20,06:00,True,-232.5387615491229,-903.5889912721558,42.85651121550993,1167.8250818570295,524.5397082460562,emergency
Q3,2025-10-20,12:00,True,-173.6369444047914,-330.71721787504066,33.72674137173182,471.36443774078566,291.36574057056964,emergency
Q3,2025-10-20,18:00,True,791.2463867951865,318.2814780578822,16.71099499494187,199.41963493222863,468.92161685894825,economic
Q3,2025-10-21,06:00,True,-171.50966811403146,-2700.075330468846,41.9843338886655,4740.872828683328,1537.6304917965786,emergency
Q3,2025-10-21,12:00,True,-384.5506547128586,-667.309951890707,32.76423461340908,660.7472165619597,381.8737072435696,emergency
Q3,2025-10-21,18:00,True,802.6559435045554,309.34293622796844,17.066756896965153,177.36934699011874,522.9511494017484,economic
Q3,2025-10-22,06:00,True,109.13834068705131,-1539.2031038803011,39.28959341380863,3299.436934621208,1177.2275937957845,emergency
Q3,2025-10-22,12:00,True,-242.11944320646992,-417.5993772505676,30.894459844703224,1064.1233630775332,934.3666011007813,emergency
Q3,2025-10-22,18:00,True,403.9866971988388,177.58659650077286,16.168999594670197,346.32066548081843,526.6097752969343,economic
Q3,2025-10-23,06:00,True,-550.6994691166769,-2176.0043516410333,45.6484751267144,2450.7790059417416,645.1001958652538,emergency
Q3,2025-10-23,12:00,True,1021.0169354019256,666.7933330727917,34.46657192893482,113.66881764672252,422.5252296007854,economic
Q3,2025-10-23,18:00,True,273.8642723019136,142.47329189612446,16.14076078227786,119.23819461894311,119.23819461894311,economic
Q3,2025-10-24,06:00,True,-186.32456727743067,-479.6090323720837,17.976134300907393,983.2552942013372,478.6178868465913,emergency
Q3,2025-10-24,12:00,True,442.73153573076263,386.6033133274195,15.481220777846715,7.219804040479858,17.16627180463979,economic
Q3,2025-10-24,18:00,False,0.0,0.0,10.44864908911907,0.0,0.0,keep
Q3,2025-10-25,06:00,True,-214.52758681534846,-518.7007219304478,17.81044729885219,1035.33175822827,584.1407567421427,emergency
Q3,2025-10-25,12:00,True,527.163336865052,504.45578749439164,15.257247200964407,0.0,9.417227400625109,economic
Q3,2025-10-25,18:00,False,0.0,0.0,10.26006419498778,0.0,0.0,keep
Q3,2025-10-26,06:00,True,-641.9255201773399,-2260.046432945464,41.836728606457775,3717.333578873316,1110.6647038911947,emergency
Q3,2025-10-26,12:00,True,2079.496049497547,1422.6041717475061,31.79417474351225,428.3418654324547,484.1609858061382,economic
Q3,2025-10-26,18:00,True,-616.7886720469737,-961.6941166540998,15.066587609083443,420.06662442821846,148.75799145593749,emergency
Q3,2025-10-27,06:00,True,3261.0940723708636,-1007.5812827243989,46.465294947347545,8578.679771321858,2116.9558771183397,emergency
Q3,2025-10-27,12:00,True,3206.2115750179237,2759.3408793978215,33.56720010923776,84.3915047247308,544.1554583952951,economic
Q3,2025-10-27,18:00,True,-163.63157128687791,-357.2820108626811,14.92226369789137,546.2575816090218,334.1519487924611,emergency
Q3,2025-10-28,06:00,True,3272.227273995544,-350.14206108482006,46.60777868547419,8037.867731654585,1950.4355274849925,emergency
Q3,2025-10-28,12:00,True,4144.793582150693,3761.63229073649,33.07464993998931,159.49653189142418,332.76064285775794,economic
Q3,2025-10-28,18:00,True,-153.27545062008096,-239.40254122564352,15.00740241585967,439.00163026397536,340.70789435795996,emergency
Q3,2025-10-29,06:00,True,450.52580959024414,-443.37209132249626,43.281815633841546,2345.2022905692065,1031.0731103767896,emergency
Q3,2025-10-29,12:00,True,223.4284052659709,157.72100978121068,32.06775668680366,281.54186132478355,275.6389265231147,economic
Q3,2025-10-29,18:00,False,-12.01678503571751,-23.724647213953403,14.227092167369081,366.81253331587766,376.73898824035166,keep
Q3,2025-10-30,06:00,True,-529.0356045826493,-1512.201614709942,36.49154993109659,2856.648575527763,1699.6871122256312,emergency
Q3,2025-10-30,12:00,True,484.0061901369907,458.5167047937366,28.423616748674778,244.51809145029574,269.72217794212224,economic
Q3,2025-10-30,18:00,False,3.570749420570402,-3.8208835111108783,14.036308008938326,343.5034883585456,339.0407775142172,keep
Q3,2025-10-31,06:00,True,-169.12958376373402,-424.1932354319183,19.27524001108791,317.9179433179098,28.765346029072546,emergency
Q3,2025-10-31,12:00,False,0.0,0.0,16.897422625704955,2.36451033504909,2.36451033504909,keep
Q3,2025-10-31,18:00,False,0.0,0.0,10.052045836267357,15.844355048456634,15.844355048456634,keep
Q3,2025-11-01,06:00,True,-139.6198963839147,-311.13531486679415,17.900459851007483,284.4746082918382,84.47298438581987,emergency
Q3,2025-11-01,12:00,False,0.0,0.0,15.619593111637888,2.36451033504909,2.36451033504909,keep
Q3,2025-11-01,18:00,False,0.0,0.0,10.082379092175136,31.72471728449392,31.72471728449392,keep
Q3,2025-11-02,06:00,True,187.76275637486935,-4291.458974688575,46.650606938592944,7771.525186761061,1615.1891372611922,emergency
Q3,2025-11-02,12:00,True,4252.002543989441,4000.017356510595,35.07571638564943,190.64290468549956,369.54529612723087,economic
Q3,2025-11-02,18:00,True,-116.92834172162337,-178.80033536009523,14.44587890402343,469.3898882155495,411.3001193697393,emergency
Q3,2025-11-03,06:00,True,-1024.3926975740799,-3171.809838382231,44.42321704946895,3971.6653676096885,836.5327727714013,emergency
Q3,2025-11-03,12:00,True,2952.835963191193,2684.3003188877924,34.029872292409166,191.65796286302447,344.2578695323904,economic
Q3,2025-11-03,18:00,False,-40.81869300178717,-70.25307250273545,14.59541544635502,398.87945968460434,411.263340797907,keep
Q3,2025-11-04,06:00,True,-1232.4138487752623,-3904.249771056217,42.20602558296187,3254.937215650675,1056.4084615661682,emergency
Q3,2025-11-04,12:00,True,3579.736276684611,3319.942571216726,31.698303506100178,179.6470449500493,315.056448778686,economic
Q3,2025-11-04,18:00,True,-127.64674373921198,-193.38425066746458,14.16471930565006,453.62504003468604,401.80550540992925,emergency
Q3,2025-11-05,06:00,True,-936.8425988758223,-1759.5658311643065,43.45035189570129,754.931578255521,273.8803337375353,emergency
Q3,2025-11-05,12:00,True,1163.8074395149542,943.7501169339284,33.36653046260507,193.9446722203092,344.1286085315095,economic
Q3,2025-11-05,18:00,True,-110.7322657993557,-164.70533790956324,13.848675942064341,440.65560668710253,412.1329015765459,emergency
Q3,2025-11-06,06:00,True,-304.08260326244965,-1896.3757333487792,42.863687730814526,2859.2985682433728,424.8067102014152,emergency
Q3,2025-11-06,12:00,True,1699.536879633947,1524.4403212688103,30.94032969054617,219.5427718940806,309.46255644973286,economic
Q3,2025-11-06,18:00,False,-34.25151688625813,-49.7839734434001,14.070859954785321,387.14667576329475,378.7817466449201,keep
Q3,2025-11-07,06:00,True,-21.432771667182543,-77.74600346578154,18.012908534976003,103.06791116452445,27.766955534204712,emergency
Q3,2025-11-07,12:00,True,17.679040376542616,17.679040376542616,14.104075139578686,4.284319008849934,4.284319008849934,economic
Q3,2025-11-07,18:00,False,0.0,0.0,9.995872120728869,51.01753621760213,51.01753621760213,keep
Q3,2025-11-08,06:00,False,-2.5874809992167562,-9.884887973204513,17.98683482375384,18.438564410434992,19.387014550915183,keep
Q3,2025-11-08,12:00,False,0.0,0.0,14.387452697280631,0.0,0.0,keep
Q3,2025-11-08,18:00,False,0.0,0.0,9.77823496467282,44.94221674252509,44.94221674252509,keep
Q3,2025-11-09,06:00,True,41.26673385803798,-613.0519846348368,43.37097453749247,1123.808043093517,527.0204487322558,emergency
Q3,2025-11-09,12:00,True,837.9350898251146,592.4484315734061,31.668235272550945,170.71049885059637,403.44962435027077,economic
Q3,2025-11-09,18:00,True,-290.61942934361934,-400.73480352349907,14.129713728481526,559.3224286714174,385.6352574974791,emergency
Q3,2025-11-10,06:00,True,-110.9012707855648,-1074.5752429500735,45.22500360440421,2539.3952592902724,1446.9342780793058,emergency
Q3,2025-11-10,12:00,True,550.5337483859298,445.60733466268306,32.8042633543088,246.04558814756365,294.73352963067026,economic
Q3,2025-11-10,18:00,True,-265.1641841923704,-627.2578799036363,14.61544743227317,793.4486562574406,402.3219048026654,emergency
Q3,2025-11-11,06:00,True,-627.6749597804501,-1348.3118292902511,44.9987452040935,1002.3411449643721,451.15602329191154,emergency
Q3,2025-11-11,12:00,True,1003.757610382677,810.8664701263037,32.64352935592613,95.70532701167735,292.67386256522474,economic
Q3,2025-11-11,18:00,True,-225.1945879156701,-615.1449291956487,14.62773905571628,787.7239116496348,398.3093893997295,emergency
Q3,2025-11-12,06:00,True,-300.0511480437954,-871.8630783364968,42.99394024442157,2569.582895364397,1654.5737711630009,emergency
Q3,2025-11-12,12:00,True,1022.5672676466136,928.3638751835547,31.332050255099148,215.40116220571298,299.17599849486317,economic
Q3,2025-11-12,18:00,True,-201.34695226360708,-650.7874148012361,14.447868151095381,751.9191526139275,331.69032499191667,emergency
Q3,2025-11-13,06:00,True,-362.5108819380871,-1104.148479200821,41.818669257142574,1787.6708511351164,1046.2999637283415,emergency
Q3,2025-11-13,12:00,True,275.86625576324,75.6163449788719,29.7811366191426,343.90141720451425,450.7122391605857,economic
Q3,2025-11-13,18:00,True,-21.63089141514729,-491.859312449666,14.896204625063888,804.667591911019,341.59698979894404,emergency
Q3,2025-11-14,06:00,True,-1.923514400592195,-159.3276759671644,19.03828548482621,79.89990185817169,0.0,emergency
Q3,2025-11-14,12:00,False,-6.496390726949487e-14,-2.2737367544323206e-13,16.344846230323704,0.0,0.0,keep
Q3,2025-11-14,18:00,False,0.0,0.0,10.693275591284717,11.770144970959336,11.770144970959336,keep
Q3,2025-11-15,06:00,False,-19.384825916547015,-45.210986135916755,21.451680376051957,12.53781730719652,0.0,keep
Q3,2025-11-15,12:00,False,0.0,0.0,17.023545772452323,0.0,0.0,keep
Q3,2025-11-15,18:00,False,0.0,0.0,10.630453171010634,1.0666838054983998,1.0666838054983998,keep
Q3,2025-11-16,06:00,True,-247.46349417575777,-460.61787208129886,44.850457463821584,712.4608452948167,483.20932855667184,emergency
Q3,2025-11-16,12:00,True,411.6273957878479,403.8060543206875,32.053244202800045,161.29881275680634,189.2397494637587,economic
Q3,2025-11-16,18:00,True,-33.339794757481116,-82.77508856638451,14.62598214743997,331.28057466658265,260.15050063959836,emergency
Q3,2025-11-17,06:00,True,397.7748410325296,-1008.7491491613057,45.076586523982385,2247.5232024170055,467.534978659656,emergency
Q3,2025-11-17,12:00,True,1729.9801816034599,1672.9630706270545,32.71533590672263,116.68761984067305,177.8058148699563,economic
Q3,2025-11-17,18:00,True,-18.269778854226814,-45.6169266030156,14.52693013271705,279.57987949021583,209.23335029708528,emergency
Q3,2025-11-18,06:00,False,19.43164112908367,-21.93597545303328,44.22360219248097,89.16638114292272,87.66453827965267,keep
Q3,2025-11-18,12:00,False,-59.567115367107874,-99.6415729413693,33.861247451925706,271.55463477691524,295.4010880116017,keep
Q3,2025-11-18,18:00,True,-69.67212410940189,-273.64246862462005,15.028359892497189,466.3340281553626,352.93580128990016,emergency
Q3,2025-11-19,06:00,True,366.0132263023137,-887.6906747956486,48.43915743266396,2271.6565008256107,533.3345706037347,emergency
Q3,2025-11-19,12:00,True,1170.9320136912706,1144.9295577176747,33.804262990863776,174.68512156269958,161.87477675412754,economic
Q3,2025-11-19,18:00,False,32.27362578012061,3.5018738032221908,14.760901003327346,293.6487353487648,301.213174638689,keep
Q3,2025-11-20,06:00,True,-224.24420039739442,-396.48091060599745,43.84718049430664,452.97177123156644,338.7351532881273,emergency
Q3,2025-11-20,12:00,True,261.79059654815836,183.93192215495174,32.89518689281179,140.56080972871064,216.157617293724,economic
Q3,2025-11-20,18:00,True,-41.50757042025875,-205.9555078583148,14.81870327495233,348.66717105078067,231.10664892262423,emergency
Q3,2025-11-21,06:00,True,-34.94730947109689,-62.41712936288252,19.29989858747188,249.91228042187788,222.7129164108796,emergency
Q3,2025-11-21,12:00,True,60.02987446253246,60.02987446253246,15.442397864494598,0.0,0.0,economic
Q3,2025-11-21,18:00,False,0.0,0.0,10.072416436464401,59.511212920946434,59.511212920946434,keep
Q3,2025-11-22,06:00,False,-218.52204704562666,-251.97626159436868,19.90519329948682,3.927933170316635,0.0,keep
Q3,2025-11-22,12:00,False,0.0,0.0,16.335324031975848,0.0,0.0,keep
Q3,2025-11-22,18:00,False,0.0,0.0,10.298042452078287,95.74872264956548,95.74872264956548,keep
Q3,2025-11-23,06:00,True,1205.0792586265165,-583.9643463670263,48.61500989767942,3304.075765013716,981.4393532293975,emergency
Q3,2025-11-23,12:00,True,955.6984743920391,879.0390626518432,33.11591721214103,30.32946664881706,120.89718331620281,economic
Q3,2025-11-23,18:00,True,-95.64111512842453,-285.251312736488,14.812088176231036,379.97646130376785,250.3644254104599,emergency
Q3,2025-11-24,06:00,True,-670.3213123178829,-1647.8554133578546,44.13014031859391,1960.032277656711,1015.3404554867352,emergency
Q3,2025-11-24,12:00,True,587.088678349856,470.96624807505793,33.053253789401,21.232905568549995,139.29604704346252,economic
Q3,2025-11-24,18:00,True,-76.87148209589441,-264.74155574938004,14.80782527827367,374.4502042720752,249.63343475334852,emergency
Q3,2025-11-25,06:00,True,-15.004204342061957,-110.73044349797696,49.375978219346045,225.0495176973865,102.28833373945386,emergency
Q3,2025-11-25,12:00,False,60.30876190311301,16.005522588279657,36.96126614218293,127.42547270116924,182.3777437259653,keep
Q3,2025-11-25,18:00,True,-109.27957926157931,-307.08045341059267,14.84631488684631,311.1174965340099,118.33020102867266,emergency
Q3,2025-11-26,06:00,True,-229.55849482851255,-903.5216244841334,47.01681112946241,776.7979764022394,236.51424793012188,emergency
Q3,2025-11-26,12:00,True,280.2078483794474,69.81567380335952,35.91562201933935,393.47184284437606,171.02599396191167,economic
Q3,2025-11-26,18:00,True,-103.83549382564358,-324.12125123252827,14.706550514569557,285.42541852198127,75.9766483872711,emergency
Q3,2025-11-27,06:00,True,-1316.3667212499408,-2000.3179145818428,44.664952723528145,652.0318758846631,309.2964065743387,emergency
Q3,2025-11-27,12:00,True,861.7084463913786,797.7949879843352,34.98385512193729,288.98427472672387,170.45421243025828,economic
Q3,2025-11-27,18:00,True,9.040350976231204,-31.676842334372576,14.480179941118719,266.39439096975536,244.03068343204262,emergency
Q3,2025-11-28,06:00,True,128.99938476889272,46.88406592509193,19.572020422433496,425.05675205017644,365.42629809655745,economic
Q3,2025-11-28,12:00,False,-1.2992781453898974e-13,-4.547473508864641e-13,15.834358086602938,0.0,0.0,keep
Q3,2025-11-28,18:00,False,0.0,0.0,10.326798877240144,73.21390207852312,73.21390207852312,keep
Q3,2025-11-29,06:00,False,0.0,0.0,23.425223970663307,0.0,0.0,keep
Q3,2025-11-29,12:00,False,0.0,0.0,18.883669615301436,0.0,0.0,keep
Q3,2025-11-29,18:00,False,0.0,0.0,10.148370716536192,43.610328678147255,43.610328678147255,keep
Q3,2025-11-30,06:00,True,-1036.3913064432882,-1501.9329394375163,47.99084091423101,262.06606197419705,70.26275476232553,emergency
Q3,2025-11-30,12:00,True,1487.7638650014883,1378.3769375864622,36.314605727398636,317.83363659733914,209.72741613192113,economic
Q3,2025-11-30,18:00,True,-25.79013852868477,-130.15299967865224,14.422376078095285,260.33519964574896,112.8191462226722,emergency
Q3,2025-12-01,06:00,True,9551.042305347202,6061.749410130106,69.17965747669774,4693.60193891747,275.4936453635215,economic
Q3,2025-12-01,12:00,True,1703.3000984516116,1615.6742939171986,44.353057808794546,274.16472214825217,228.08591599059923,economic
Q3,2025-12-01,18:00,True,171.79825259800813,68.4730414019488,17.66563568333448,165.35336631298298,118.1696829164141,economic
Q3,2025-12-02,06:00,True,8234.042971825587,5650.887406359488,68.49048519669941,5079.143027224928,1373.2341223494032,economic
Q3,2025-12-02,12:00,True,482.8550335469202,452.50360538165023,42.945659938253606,136.08039968112598,183.21512468809055,economic
Q3,2025-12-02,18:00,True,289.2298211802047,157.5979575684067,17.251556307076864,109.5100965906795,118.16968291641422,economic
Q3,2025-12-03,06:00,True,9433.301457154323,4072.1823085707542,67.886149260986,10229.422402679349,1653.1428232974722,economic
Q3,2025-12-03,12:00,True,687.8101387295137,404.68542949426853,42.19907090089655,385.37667416406475,596.4419685707301,economic
Q3,2025-12-03,18:00,True,-41.75473606308567,-153.13900580008928,16.52106748471889,301.53263899384217,118.16968291641422,emergency
Q3,2025-12-04,06:00,True,9933.493670308184,6869.314974703267,69.27213469606413,5136.92499055131,857.7717075130738,economic
Q3,2025-12-04,12:00,True,265.0460578524823,168.76255371258776,43.770220716684115,93.7655138169821,203.05661472659347,economic
Q3,2025-12-04,18:00,True,268.47508158264577,130.50122919353151,17.24499074274271,123.3791195393797,118.16968291641444,economic
Q3,2025-12-05,06:00,True,287.977250995047,-80.20640974184195,26.831247316875768,922.1664525243876,622.5120692829198,emergency
Q3,2025-12-05,12:00,True,359.67833469848813,269.2267113074793,19.45973154470695,106.86102409887803,139.9927265490494,economic
Q3,2025-12-05,18:00,True,174.1491743145622,139.57398910165443,10.727547647861298,0.0,67.79277050693457,economic
Q3,2025-12-06,06:00,True,508.08288733864487,-32.478361674771186,28.743268260119173,636.5116652206676,236.59122233827895,emergency
Q3,2025-12-06,12:00,True,521.944723664154,447.1382342687485,20.426584721579502,3.341381538673943,141.55846331558632,economic
Q3,2025-12-06,18:00,True,56.14271848136783,43.082716386410084,10.569058719738639,21.459895648590532,51.401739557357246,economic
Q3,2025-12-07,06:00,True,4808.316795368017,2345.834692081055,62.62637951758406,2879.7642716049104,376.7384506784407,economic
Q3,2025-12-07,12:00,True,370.5922469713739,102.64124738265019,42.51463379058359,119.41926225580926,263.80959296278365,economic
Q3,2025-12-07,18:00,True,189.87575337690072,64.50981882619647,16.460750075391726,162.55915473912364,164.89532752870332,economic
Q3,2025-12-08,06:00,True,3632.53702189988,1305.6819357216905,62.81473638691987,3939.5968578647917,1364.7518450887728,economic
Q3,2025-12-08,12:00,True,1225.8551045841646,1095.9228434493223,42.25157596859029,278.2032463487835,194.02772872754917,economic
Q3,2025-12-08,18:00,True,367.18529100725755,168.27927527891282,16.49662562590074,114.71529904340923,182.10704310786883,economic
Q3,2025-12-09,06:00,True,3209.628031180313,732.6712407685648,60.0202787001447,2824.0020967991363,364.558810665232,economic
Q3,2025-12-09,12:00,True,535.655289490032,470.3091571624336,41.17045972408188,299.2154964370876,250.22331975683778,economic
Q3,2025-12-09,18:00,True,432.0281537605626,183.89360886439044,16.30554952725484,94.36383949345816,179.30455941885597,economic
Q3,2025-12-10,06:00,True,1145.8268073846987,-1034.6677209455002,57.848070525638526,4255.805131350278,418.23311183194403,emergency
Q3,2025-12-10,12:00,True,1104.1653546513799,941.5431507633366,41.71657054520489,401.82500852217447,250.22331975683812,economic
Q3,2025-12-10,18:00,True,374.3469329600847,152.86751364129353,16.186816583635284,104.9495755625777,182.107043107869,economic
Q3,2025-12-11,06:00,True,1538.4083039493005,170.55169655584535,56.18503152474082,1389.0205442842284,132.73923188482615,economic
Q3,2025-12-11,12:00,True,80.16267362752335,-101.01442565716147,40.16758878736824,395.99716369051333,250.22331975683778,emergency
Q3,2025-12-11,18:00,True,282.1696630686655,95.85653621653447,15.973266628096463,149.21997736532182,163.46607753989747,economic
Q3,2025-12-12,06:00,True,-49.910547694174106,-111.36586333713785,28.28794094783647,82.71382259089972,52.52037382629874,emergency
Q3,2025-12-12,12:00,True,151.60355506727137,151.60355506727137,20.29690324612832,2.842170943040401e-14,0.0,economic
Q3,2025-12-12,18:00,False,0.0,0.0,10.637127381164804,0.0,0.0,keep
Q3,2025-12-13,06:00,True,-906.7921923867698,-1793.9691329469758,30.839427441334582,940.6609204691073,118.91055252182855,emergency
Q3,2025-12-13,12:00,True,2249.796128998887,2249.7961289988843,22.73612638575282,0.0,1.8189894035458565e-12,economic
Q3,2025-12-13,18:00,False,0.0,0.0,10.607371541321726,0.0,0.0,keep
Q3,2025-12-14,06:00,True,1140.759082740472,-105.33013553245517,55.18575802739944,3172.5926302089347,1316.8853824648518,emergency
Q3,2025-12-14,12:00,True,473.6482576991387,70.38323939313254,39.72335366911806,611.0294928596534,333.13476115240485,economic
Q3,2025-12-14,18:00,True,228.06953649489895,79.1391339729718,16.013973481274373,128.92537838930605,200.52426234187374,economic
Q3,2025-12-15,06:00,True,1365.9992940442698,-741.9040443036672,57.274738877426735,4750.248986139698,1356.9376148459278,emergency
Q3,2025-12-15,12:00,True,952.2514931239104,664.0403997378132,39.67887054326185,605.3325763787515,262.33997814808833,economic
Q3,2025-12-15,18:00,True,473.52541578622913,298.5760241720988,15.844069406167101,36.26880943277877,188.0903816150484,economic
Q3,2025-12-16,06:00,True,1891.6204215785233,197.5897521702863,58.097868450543885,1551.8987815544215,213.1271015447545,economic
Q3,2025-12-16,12:00,True,313.2408726435352,162.8808558187014,40.422877736574605,405.3120634161369,253.71470665423408,economic
Q3,2025-12-16,18:00,True,425.01273018790107,223.55579993941592,16.195420103539327,77.69518513863693,192.12428324147027,economic
Q3,2025-12-17,06:00,True,884.9463351781347,-1136.0587517359338,57.75826946033197,1950.1939083682782,367.3301348015366,emergency
Q3,2025-12-17,12:00,True,242.7547267630828,154.9284624226159,40.0285120143563,303.1101065026859,255.44602366341508,economic
Q3,2025-12-17,18:00,True,437.5795471958419,241.75742039401283,15.923569533106363,72.43864868608773,192.12428324147038,economic
Q3,2025-12-18,06:00,True,1047.3968609121077,-1311.007424109206,57.38061379096375,4129.18389905442,1176.338619707029,emergency
Q3,2025-12-18,12:00,True,1441.7051398451997,1229.474194684055,40.04525143511735,491.303275702765,255.44602366341513,economic
Q3,2025-12-18,18:00,True,578.3331110235727,401.2830826889808,15.871161360945425,36.26880943277888,192.12428324147015,economic
Q3,2025-12-19,06:00,True,-173.1661056563598,-276.84262819702417,29.294259348701573,239.83439662893727,53.981145591387246,emergency
Q3,2025-12-19,12:00,True,274.26337704635455,272.8304597404276,21.61788142935162,1.9838158948783189,5.400124791776761e-13,economic
Q3,2025-12-19,18:00,False,-5.23156083210282,-18.701482808774017,10.072646647078274,10.316080654017014,0.0,keep
Q3,2025-12-20,06:00,True,-11.500991606583025,-76.46315641570436,31.309440608325342,71.56731466323379,28.00284787418002,emergency
Q3,2025-12-20,12:00,True,65.1132805097824,57.32411891487709,22.6259308606697,6.306845973273994,2.5011104298755527e-12,economic
Q3,2025-12-20,18:00,False,11.08082941948286,-17.569157263546913,10.154905023938543,24.527016682100054,0.0,keep
Q3,2025-12-21,06:00,True,332.71154543391685,-1394.3639244865433,56.47507117530972,1838.7640640501672,358.5059444549381,emergency
Q3,2025-12-21,12:00,True,206.22155920864498,-34.73590774519471,40.515170761110284,467.7776862360896,250.22331975683778,emergency
Q3,2025-12-21,18:00,True,456.97299483193376,311.47493640303037,16.042883276733626,50.54769417827288,147.47277751469687,economic
Q3,2025-12-22,06:00,True,700.6753753916884,-1296.399496003049,56.213410795450706,2225.8057636849126,443.48417224131333,emergency
Q3,2025-12-22,12:00,True,788.4473546124766,593.3346786645611,39.4847676292222,115.68918420859836,255.4460236634152,economic
Q3,2025-12-22,18:00,True,186.1530123446497,112.7154832710036,15.60839838077818,118.24175777027403,147.4727775146972,economic
Q3,2025-12-23,06:00,True,42.705075958603516,-935.1213446308145,55.815340560679566,1159.2711472835567,341.98925148135083,emergency
Q3,2025-12-23,12:00,True,366.35609900031307,153.75758829777462,39.42541034554063,317.7951771373919,175.03613047188344,economic
Q3,2025-12-23,18:00,True,227.02772917565397,98.17865489882612,15.536790793234061,106.84069342659836,143.60887731976993,economic
Q3,2025-12-24,06:00,True,122.75231580593149,-726.180348232503,55.507801661686564,1007.4564707312876,339.8309874805067,emergency
Q3,2025-12-24,12:00,True,284.8446724826872,227.29673610770683,39.29610988118045,192.04744977252312,174.31401159222128,economic
Q3,2025-12-24,18:00,True,124.38610306001672,73.77821858473592,15.335107446910094,133.01214452735098,147.47277751469716,economic
Q3,2025-12-25,06:00,True,36.62414323108564,-1261.3545735947093,52.9186887942829,1411.5991896661199,347.4080191370462,emergency
Q3,2025-12-25,12:00,True,192.07474171773393,132.0110717679121,38.67278630732673,298.88155220419355,327.62780364368587,economic
Q3,2025-12-25,18:00,True,100.64483684310143,57.40075325250137,15.336793313409835,129.41893830455035,148.93681366232659,economic
Q3,2025-12-26,06:00,True,-58.46979108698973,-331.50062926311847,29.090875050629077,206.7400470027883,39.819399404627006,emergency
Q3,2025-12-26,12:00,True,234.9608195664189,203.5991541346175,22.26612447421387,35.26117864123205,49.24354983761792,economic
Q3,2025-12-26,18:00,True,120.43253633444476,52.118755019520904,10.121394255880029,73.42501271330075,19.662047111578033,economic
Q3,2025-12-27,06:00,True,-46.63807339066,-290.86604889131627,30.396235940770808,217.5497264197362,50.62907882157498,emergency
Q3,2025-12-27,12:00,True,221.45085504835066,193.88548345783602,22.84399232561688,37.91471860468471,49.24354983761745,economic
Q3,2025-12-27,18:00,True,120.43253633444439,52.118755019520904,10.150842943146948,73.42501271330028,19.662047111577763,economic
Q3,2025-12-28,06:00,True,135.6281709429538,-1480.4196481515078,55.69129810397103,1810.1936756155142,339.15392559165537,emergency
Q3,2025-12-28,12:00,True,682.1456868441148,497.61777784581653,39.852694736099316,94.25397394881475,208.13732577209112,economic
Q3,2025-12-28,18:00,True,283.6108886973498,207.4823938439646,15.506588933317092,119.91937743502103,162.5507791765241,economic
Q3,2025-12-29,06:00,True,-60.83764364205358,-470.1480706348642,52.9418845751999,602.4847863087343,315.32997782597124,emergency
Q3,2025-12-29,12:00,True,101.13557425266585,59.89208479800277,38.309014225822295,207.5845091893773,176.8332701603356,economic
Q3,2025-12-29,18:00,True,40.79629434420836,-7.249133963246322,14.933306563945337,207.81788453162562,162.55077917652375,emergency
Q3,2025-12-30,06:00,True,-99.57507167444912,-675.3279959129834,54.30845876988905,903.5602038146303,445.94270695038904,emergency
Q3,2025-12-30,12:00,True,291.6174223914955,265.8118569457492,38.7323070223232,185.2732955023896,178.49610813488437,economic
Q3,2025-12-30,18:00,True,104.30430594792091,87.19287589112896,14.904111517664216,161.3048576630922,162.55077917652363,economic
Q3,2025-12-31,06:00,True,-46.02094146402695,-365.85329941491,55.1027200559113,646.8546729441384,339.2794666067724,emergency
Q3,2025-12-31,12:00,True,154.4092798570729,117.58974083049402,38.01635218340804,206.68871624870394,177.06303955644842,economic
Q3,2025-12-31,18:00,True,84.68145131084718,56.59000225488535,14.647041398026195,136.3523322667187,162.02299808125974,economic
