model,date,release_time,accepted,expected_saving_yuan,bootstrap_lower_yuan,threshold_yuan,old_tail_emergency_kwh,new_tail_emergency_kwh,reason
Q4-3,2025-02-01,06:00,False,0.0,0.0,20.224435490320012,0.0,0.0,keep
Q4-3,2025-02-01,12:00,False,-16.809239241244693,-19.520406860799994,15.47940054679412,0.0,0.0,keep
Q4-3,2025-02-01,18:00,False,6.660979254099177,-4.481501802417181,8.143639010573011,9.030044622132834,10.275868840433475,keep
Q4-3,2025-02-02,06:00,False,-8.731149137020111e-13,-2.7284841053187847e-12,56.546261325622794,0.0,1.1368683772161603e-12,keep
Q4-3,2025-02-02,12:00,False,0.0,0.0,38.98289873478734,85.07904111088965,85.07904111088965,keep
Q4-3,2025-02-02,18:00,False,0.0,0.0,15.465020673521334,91.5351442653888,91.5351442653888,keep
Q4-3,2025-02-03,06:00,False,8.395335708673184e-13,0.0,59.466067875124146,1.1368683772161603e-12,0.0,keep
Q4-3,2025-02-03,12:00,False,0.0,0.0,41.02203158529637,20.66718795054817,20.66718795054817,keep
Q4-3,2025-02-03,18:00,False,0.0,0.0,15.561660490649508,77.02439910978205,77.02439910978205,keep
Q4-3,2025-02-04,06:00,False,-44.750022908149894,-59.422161566559225,61.935089030845155,0.0,0.0,keep
Q4-3,2025-02-04,12:00,False,0.0,0.0,42.937498355071135,0.0,0.0,keep
Q4-3,2025-02-04,18:00,False,0.0,0.0,15.629684642636844,75.73573094533117,75.73573094533117,keep
Q4-3,2025-02-05,06:00,False,-42.40275749008782,-69.62519383092581,56.6618743302285,35.08670894510624,7.349589983760779,keep
Q4-3,2025-02-05,12:00,False,0.0,0.0,39.58218869817916,53.694627510594614,53.694627510594614,keep
Q4-3,2025-02-05,18:00,False,0.9333175560284741,0.15037319038065108,15.037079957079648,71.71004787779884,71.91662371376697,keep
Q4-3,2025-02-06,06:00,False,-39.551227046771416,-60.36766233454546,61.74823653460692,31.05092834120137,6.110667527536862e-13,keep
Q4-3,2025-02-06,12:00,False,0.0,0.0,42.866216421120896,0.0,0.0,keep
Q4-3,2025-02-06,18:00,False,0.0,0.0,14.951736254910651,78.40379064005401,78.40379064005401,keep
Q4-3,2025-02-07,06:00,False,-27.032420698380157,-48.65835725708166,21.499880261132496,31.050928341201427,6.963318810448982e-13,keep
Q4-3,2025-02-07,12:00,False,0.0,0.0,15.653568641176353,0.0,0.0,keep
Q4-3,2025-02-07,18:00,False,0.0,0.0,8.285893217013324,0.0,0.0,keep
Q4-3,2025-02-08,06:00,False,-2.2624062802353895,-3.969882718149165,17.428001627268014,4.354299273644813,6.536993168992922e-13,keep
Q4-3,2025-02-08,12:00,False,-7.145571290989003,-9.103262055643427,13.56765204920957,0.0,0.0,keep
Q4-3,2025-02-08,18:00,False,0.0,0.0,8.206304371096925,0.0,0.0,keep
Q4-3,2025-02-09,06:00,False,-21.250747645147158,-46.75797248407616,57.8291010695119,30.306224251101867,0.018640053619378705,keep
Q4-3,2025-02-09,12:00,False,0.0,0.0,37.58859651651958,28.386618910650213,28.386618910650213,keep
Q4-3,2025-02-09,18:00,False,0.0,0.0,14.995329474534032,65.27368864787763,65.27368864787763,keep
Q4-3,2025-02-10,06:00,False,0.0,0.0,52.04280055867259,0.0,0.0,keep
Q4-3,2025-02-10,12:00,False,-148.37104072988387,-235.16421202896962,37.13010577979201,204.06548728371445,240.92111464959055,keep
Q4-3,2025-02-10,18:00,False,-0.37678084542527646,-5.78837989201611,14.5181378590651,187.41121560411057,181.46968872108903,keep
Q4-3,2025-02-11,06:00,False,0.0,0.0,53.51798206201972,0.0,0.0,keep
Q4-3,2025-02-11,12:00,False,0.0,0.0,39.07169908890059,35.36772737992828,35.36772737992828,keep
Q4-3,2025-02-11,18:00,False,0.0,0.0,15.106349219214708,74.6939029008264,74.6939029008264,keep
Q4-3,2025-02-12,06:00,False,0.0,0.0,53.69083565659139,0.0,0.0,keep
Q4-3,2025-02-12,12:00,False,0.0,0.0,38.0655826920254,2.784482542174146,2.784482542174146,keep
Q4-3,2025-02-12,18:00,False,0.0,0.0,15.269018156371168,40.88083966760951,40.88083966760951,keep
Q4-3,2025-02-13,06:00,False,0.0,0.0,48.039216897223675,0.0,0.0,keep
Q4-3,2025-02-13,12:00,False,0.0,0.0,34.86015229830824,156.99522012642956,156.99522012642956,keep
Q4-3,2025-02-13,18:00,False,0.0,0.0,14.54347484915346,119.58082468501289,119.58082468501289,keep
Q4-3,2025-02-14,06:00,False,-69.88478987786222,-85.24408435651276,18.203443968549163,0.0,0.0,keep
Q4-3,2025-02-14,12:00,False,-12.835888986835535,-17.589921944922935,13.034103530020133,0.0,1.3073986337985843e-12,keep
Q4-3,2025-02-14,18:00,False,0.0,0.0,7.797068199943606,0.0,0.0,keep
Q4-3,2025-02-15,06:00,False,0.0,0.0,17.979795949095028,0.0,0.0,keep
Q4-3,2025-02-15,12:00,False,-16.073437119970404,-25.83191624410938,14.738331533953925,18.182522490616407,7.958078640513122e-13,keep
Q4-3,2025-02-15,18:00,False,-36.179514034324136,-45.05720312133144,7.803839982640325,2.216210955765007,2.2737367544323206e-13,keep
Q4-3,2025-02-16,06:00,True,-2.8177095837991852,-48.21182300898768,53.41089646158617,122.52321054032677,67.02822759927585,emergency
Q4-3,2025-02-16,12:00,False,45.08008487715471,25.822232340887147,37.82822190756787,158.28892933888642,190.2805203175061,keep
Q4-3,2025-02-16,18:00,True,-19.283780758518105,-39.51712292092555,14.638467159657557,214.88992947342433,169.36873434603842,emergency
Q4-3,2025-02-17,06:00,True,-13.293097065705842,-33.56842346081339,51.6180827167657,85.33011558357009,46.6773177222866,emergency
Q4-3,2025-02-17,12:00,False,31.613211661290556,12.380313652364931,36.35728400012713,90.87420275390741,119.69964411905767,keep
Q4-3,2025-02-17,18:00,False,22.468980530874703,0.14284372780456484,14.937884363828475,157.25544204949279,186.72515202440366,keep
Q4-3,2025-02-18,06:00,True,10.27245907812921,-8.947680826174292,44.58219895720111,93.56916513980025,78.85080436560474,emergency
Q4-3,2025-02-18,12:00,False,26.035731373895786,19.074247830735022,32.181281117070256,100.43547508526058,111.32558151310252,keep
Q4-3,2025-02-18,18:00,True,-11.793227807988067,-31.749369191952383,14.20951592751941,268.7121865933034,228.90991413838196,emergency
Q4-3,2025-02-19,06:00,False,-16.46794725052591,-40.2665553368588,45.84332884424453,37.01220266011728,23.853947207586543,keep
Q4-3,2025-02-19,12:00,False,-1.5162277055133018,-2.5103202599129872,33.47503327897605,171.05086632551183,171.05086632551183,keep
Q4-3,2025-02-19,18:00,False,0.0,0.0,15.289533014155401,130.90862662187237,130.90862662187237,keep
Q4-3,2025-02-20,06:00,True,-11.330217909981256,-22.935314476195344,48.07068425303553,74.67908035924575,62.34238530389723,emergency
Q4-3,2025-02-20,12:00,False,13.448592623111288,-6.285755247750785,33.65725502521531,113.65218270439755,113.65218270440096,keep
Q4-3,2025-02-20,18:00,False,0.0,0.0,14.919504468635495,128.60561125557376,128.60561125557376,keep
Q4-3,2025-02-21,06:00,False,-71.98134017510431,-103.27757503384419,17.136233094852688,0.0,0.0,keep
Q4-3,2025-02-21,12:00,False,0.0,0.0,12.322730596721813,0.0,0.0,keep
Q4-3,2025-02-21,18:00,False,0.0,0.0,7.8281622601241985,0.0,0.0,keep
Q4-3,2025-02-22,06:00,False,0.49134775742616904,-9.369186266024395,17.446602863930615,12.135527913241106,3.9174631101085993,keep
Q4-3,2025-02-22,12:00,False,0.0,0.0,13.578937503187078,0.0,0.0,keep
Q4-3,2025-02-22,18:00,False,0.0,0.0,8.121883564695397,0.0,0.0,keep
Q4-3,2025-02-23,06:00,True,2.079654688255694,-196.43846225189364,47.247489502501196,172.74333243006083,48.215157985840676,emergency
Q4-3,2025-02-23,12:00,True,133.7984126775768,131.62835143483426,35.06546257075704,154.42424317940527,154.42424317940527,economic
Q4-3,2025-02-23,18:00,True,-6.549497428012491,-18.351675664729555,15.011469755001821,216.3291862314445,195.02581920339105,emergency
Q4-3,2025-02-24,06:00,True,-122.71665473451883,-243.78846844167325,44.586230158347796,113.13173580009425,34.38768086075811,emergency
Q4-3,2025-02-24,12:00,True,191.99502342074356,143.8223644004019,33.46081944258514,100.40774612368807,100.6354383168524,economic
Q4-3,2025-02-24,18:00,True,-7.405876969625983,-15.978516691550567,15.174930486450421,152.31010203228539,134.68687844079852,emergency
Q4-3,2025-02-25,06:00,False,-19.950683892532197,-35.4640255409291,43.05749304665708,35.587857223737046,13.798778978458415,keep
Q4-3,2025-02-25,12:00,False,0.0,0.0,33.07559181167608,65.94848474727416,65.94848474727416,keep
Q4-3,2025-02-25,18:00,False,0.0,0.0,15.152740046377309,114.95484295182484,114.95484295182484,keep
Q4-3,2025-02-26,06:00,False,20.163014757645914,1.8846549623250215,39.73969652043048,154.65412944892398,154.35575712364619,keep
Q4-3,2025-02-26,12:00,False,0.0,0.0,31.718560607571945,114.04135209742458,114.04135209742458,keep
Q4-3,2025-02-26,18:00,False,0.0,0.0,15.243369931917139,59.17341912370455,59.17341912370455,keep
Q4-3,2025-02-27,06:00,True,-51.73908361242343,-129.34770903105527,39.73140103734715,89.32218661768604,0.0,emergency
Q4-3,2025-02-27,12:00,False,0.0,0.0,30.38716595910876,2.842170943040401e-14,2.842170943040401e-14,keep
Q4-3,2025-02-27,18:00,False,0.0,0.0,14.960813048012573,54.53028649020905,54.53028649020905,keep
Q4-3,2025-02-28,06:00,False,-38.37316116519922,-65.16889524308726,14.13187800179759,30.981010248413213,0.5329530048771858,keep
Q4-3,2025-02-28,12:00,False,0.0,0.0,12.036086970919252,0.0,0.0,keep
Q4-3,2025-02-28,18:00,False,-3.6907728304053062,-5.482410126718605,7.796375318946909,0.0,0.0,keep
Q4-3,2025-03-01,06:00,False,0.0,0.0,17.59986991911393,0.0,0.0,keep
Q4-3,2025-03-01,12:00,False,-14.536680239866723,-21.986028917970543,14.32981512852111,15.013456842796074,0.0,keep
Q4-3,2025-03-01,18:00,False,-7.718075478878886,-24.711138753495106,8.188802486174453,42.557551088129514,3.239907884478157,keep
Q4-3,2025-03-02,06:00,True,181.50933314002063,-274.15674920980257,49.16857830080427,574.6440377399309,53.34939007150129,emergency
Q4-3,2025-03-02,12:00,False,0.0,0.0,38.17389455570126,2.842170943040401e-14,2.842170943040401e-14,keep
Q4-3,2025-03-02,18:00,False,0.0,0.0,14.990953036327165,64.71476042053393,64.71476042053393,keep
Q4-3,2025-03-03,06:00,False,0.0,0.0,49.35992887507475,32.86353800315692,32.86353800315692,keep
Q4-3,2025-03-03,12:00,False,0.0,0.0,35.39363257437753,18.40223991343032,18.40223991343032,keep
Q4-3,2025-03-03,18:00,False,0.0,0.0,14.16598636558564,43.307772596758355,43.307772596758355,keep
Q4-3,2025-03-04,06:00,True,-25.646235415976168,-391.32849878615787,42.28052267821975,442.91264256504314,2.842170943040401e-14,emergency
Q4-3,2025-03-04,12:00,False,0.0,0.0,31.45336726351695,11.282363107910669,11.282363107910669,keep
Q4-3,2025-03-04,18:00,False,0.0,0.0,15.17870663348503,56.86774821401153,56.86774821401153,keep
Q4-3,2025-03-05,06:00,False,0.0,0.0,43.90465966826859,0.0,0.0,keep
Q4-3,2025-03-05,12:00,False,0.0,0.0,34.25073696265968,0.7077972893077913,0.7077972893077913,keep
Q4-3,2025-03-05,18:00,False,0.0,0.0,15.147293232338601,0.0,0.0,keep
Q4-3,2025-03-06,06:00,False,0.0,0.0,41.9339913729602,0.0,0.0,keep
Q4-3,2025-03-06,12:00,False,0.0,0.0,32.697452130512985,68.10459545477454,68.10459545477454,keep
Q4-3,2025-03-06,18:00,False,0.0,0.0,14.560263421785356,62.34983580642756,62.34983580642756,keep
Q4-3,2025-03-07,06:00,False,-3.6354330943565536,-27.23145907318394,17.543001685560725,20.427887872204963,0.0,keep
Q4-3,2025-03-07,12:00,False,-16.9645719452883,-28.635977542060573,14.38591305368602,5.419692250821129,0.0,keep
Q4-3,2025-03-07,18:00,False,0.0,0.0,7.932639798838353,0.0,0.0,keep
Q4-3,2025-03-08,06:00,False,4.682581575609578,-4.850481842071928,14.33917845235427,22.713474722399155,5.58217292016576,keep
Q4-3,2025-03-08,12:00,True,-17.230652496041497,-29.82077486077469,12.124016248746937,67.36371449494328,20.848701453646214,emergency
Q4-3,2025-03-08,18:00,False,-45.63300130856996,-55.55321898434613,7.731029394345179,0.0,0.0,keep
Q4-3,2025-03-09,06:00,True,-22.595537489719785,-94.61712704097354,43.240011179638195,230.65108838578215,122.63638774064623,emergency
Q4-3,2025-03-09,12:00,False,31.132641591305923,20.06253697715465,32.94167073426166,134.0806293720425,150.69807892842766,keep
Q4-3,2025-03-09,18:00,True,70.67137752237069,30.492422456994714,14.851592374004934,39.32573366795873,47.87485213495529,economic
Q4-3,2025-03-10,06:00,True,-7.129039045072461,-54.170406861426365,42.36223058263524,173.60375121203185,104.86855249299504,emergency
Q4-3,2025-03-10,12:00,True,-57.916975648322534,-155.20696367380918,32.32463778703579,199.245250373438,179.66354478679273,emergency
Q4-3,2025-03-10,18:00,True,-234.15913987594578,-292.5274932297499,15.244086677979478,104.70584162594128,51.096866253180565,emergency
Q4-3,2025-03-11,06:00,True,359.98184325293323,-591.0535206387209,38.06623123925487,2030.5202638648698,376.5271381839132,emergency
Q4-3,2025-03-11,12:00,True,1046.7971012774417,1003.7681644329143,30.483118669470972,57.040660639416046,100.83322310282904,economic
Q4-3,2025-03-11,18:00,True,-25.577025873678007,-35.41085290306728,14.744733267624746,63.28079392519783,51.096866253180565,emergency
Q4-3,2025-03-12,06:00,True,25.237981602566308,-269.50649998057963,40.93254612889771,346.47466996884907,98.34463602060077,emergency
Q4-3,2025-03-12,12:00,True,364.2393425995462,246.82465356438226,32.122802532518584,168.97775046108438,286.1446013871897,economic
Q4-3,2025-03-12,18:00,True,-485.6240779844789,-572.0671296536875,14.552255903569797,68.19354460185559,52.580813851639505,emergency
Q4-3,2025-03-13,06:00,True,-139.1716196260536,-661.8344884070495,42.581474598491035,896.9004994693918,260.8526759131262,emergency
Q4-3,2025-03-13,12:00,True,309.6316260077457,260.5448643706072,30.237899576217497,139.9516924301945,150.11830415484542,economic
Q4-3,2025-03-13,18:00,True,-13.974490413317458,-47.118086537030024,14.016151678472133,160.3809242116265,116.19857821604069,emergency
Q4-3,2025-03-14,06:00,True,110.6691426863346,37.82702552949679,12.632720501998898,129.1504255398969,79.03450017298968,economic
Q4-3,2025-03-14,12:00,True,111.02416181655624,106.59835065098923,10.962108516746184,24.1222930574952,23.657660371181777,economic
Q4-3,2025-03-14,18:00,False,7.213218657803461,2.6079982770671677,7.323656559574533,12.73669685549919,14.702693322301513,keep
Q4-3,2025-03-15,06:00,True,76.96801414486855,-297.6293549232568,13.852142383421658,740.1200488151762,100.7355957971169,emergency
Q4-3,2025-03-15,12:00,True,480.1665294692063,439.84530682225954,11.66078068019013,37.83940931127296,61.372524497751726,economic
Q4-3,2025-03-15,18:00,True,153.28734891919316,119.29513102777287,7.790465299671877,10.24667821776012,0.0,economic
Q4-3,2025-03-16,06:00,True,-79.13627257754155,-1077.858095937777,39.60844182215853,1255.934469442703,302.8035802242448,emergency
Q4-3,2025-03-16,12:00,True,776.274316971573,648.3598687100628,32.587077899132474,228.0042893807099,342.5576498608401,economic
Q4-3,2025-03-16,18:00,True,-78.75557982723593,-128.1335923505103,15.118665032624905,163.70106452791595,145.66470057675656,emergency
Q4-3,2025-03-17,06:00,True,26.909840303355338,-46.803219349721076,33.55043747839312,296.38222229060386,238.1602679924623,emergency
Q4-3,2025-03-17,12:00,True,-598.1972048207728,-1160.9805713688415,28.240471107643298,939.3957747603587,366.4280825478145,emergency
Q4-3,2025-03-17,18:00,True,-122.2476105479278,-190.12176346367437,14.96537050883098,202.10095622259973,151.3426560021618,emergency
Q4-3,2025-03-18,06:00,True,-327.098651777801,-714.9745701957854,41.49584133825869,558.7731243892453,288.3615481876657,emergency
Q4-3,2025-03-18,12:00,True,634.5433458472481,613.3220841069542,30.730024989440928,244.61540549007293,233.40751885246743,economic
Q4-3,2025-03-18,18:00,True,67.14241892404782,36.63211779278398,14.920941911205968,126.49470516932195,144.29120165755307,economic
Q4-3,2025-03-19,06:00,True,-401.13993141406087,-1781.306347229529,34.0718191839138,2004.9092945456503,500.083072479413,emergency
Q4-3,2025-03-19,12:00,True,2547.924179958333,2418.134689833998,28.704383767272653,158.96158838430665,304.6097710799198,economic
Q4-3,2025-03-19,18:00,True,-125.57804391064649,-195.6793520162455,14.779615999513267,153.10418686800108,97.88583634210852,emergency
Q4-3,2025-03-20,06:00,True,20.614793583765927,-255.83124327897016,37.90724143362275,471.4099790296035,240.80530341454516,emergency
Q4-3,2025-03-20,12:00,True,136.95890144495166,43.692699841276365,31.586857454934446,155.852649428296,213.20514435609095,economic
Q4-3,2025-03-20,18:00,True,61.32845557819,8.977842598911241,14.40454110274284,196.99073313118822,144.5375283015444,emergency
Q4-3,2025-03-21,06:00,True,-7.620124548297225,-61.019388894350094,11.688880642092743,88.72755932211464,50.36921209972829,emergency
Q4-3,2025-03-21,12:00,True,45.283445122174754,27.581198117798067,10.596982897123006,53.62473200177638,47.32267021523846,economic
Q4-3,2025-03-21,18:00,False,-114.51039955519626,-156.90748045602686,7.204387634258172,34.76152930805205,15.361323383462377,keep
Q4-3,2025-03-22,06:00,True,28.527303295581767,-38.570112932072966,12.73545769061164,119.31358853678785,52.159110583345395,emergency
Q4-3,2025-03-22,12:00,True,97.18962820907745,64.03653342886494,11.035896090811056,51.49612663803805,51.835056078246,economic
Q4-3,2025-03-22,18:00,False,-40.95044392961279,-92.26409951471395,7.5852859428672,27.52660003690201,10.25231223786409,keep
Q4-3,2025-03-23,06:00,True,426.97031624257545,-68.98919328466584,38.294182687418136,953.374009678133,384.8306664474993,emergency
Q4-3,2025-03-23,12:00,True,470.40586412303,403.73883203340785,29.522379845731717,277.87641158334054,269.26160773506444,economic
Q4-3,2025-03-23,18:00,True,16.40960972667556,-9.551415832144812,15.064442743015267,158.99845100684706,139.21142493188427,emergency
Q4-3,2025-03-24,06:00,True,127.28280216093218,-445.1486379341086,35.084938733159646,901.7263993771755,368.9523827410866,emergency
Q4-3,2025-03-24,12:00,True,78.82471349256762,-53.8500927094492,28.31383053240755,503.8652347632292,320.90562897647357,emergency
Q4-3,2025-03-24,18:00,True,-31.02868957290555,-72.78859838886274,15.047190758996342,257.1268361035105,219.89184018578385,emergency
Q4-3,2025-03-25,06:00,True,132.63925754497333,-150.0934080105954,40.5445473937821,607.8026926525682,279.5216290448816,emergency
Q4-3,2025-03-25,12:00,True,170.2049435223148,103.59646344114981,30.81680338952422,301.26871319468614,287.8104709809876,economic
Q4-3,2025-03-25,18:00,True,83.80964202458651,52.99007320280498,14.63404503956782,199.95239383659646,217.23647014413507,economic
Q4-3,2025-03-26,06:00,True,151.74948012332473,-153.90665314262,33.13164971135184,655.9858588661264,319.23873834054086,emergency
Q4-3,2025-03-26,12:00,True,362.1263587888835,258.9063737111147,27.965677548418103,256.00297930790293,260.3949175796995,economic
Q4-3,2025-03-26,18:00,False,-15.707499421686219,-63.59080625439492,15.01625663112793,230.29248256419703,227.419533987028,keep
Q4-3,2025-03-27,06:00,True,924.0121921068653,-451.5120995381155,37.11413376331568,2168.690998053943,608.7951643753828,emergency
Q4-3,2025-03-27,12:00,True,1555.0052252371736,1491.4983288013154,28.674899021464896,225.9154958062681,279.585226318851,economic
Q4-3,2025-03-27,18:00,True,-53.25197342322681,-110.56076035264596,15.09407106643391,253.1715080185985,215.13229113365082,emergency
Q4-3,2025-03-28,06:00,True,75.39169093393808,-5.379270286477458,11.20948936286374,54.25254359414737,23.352172677255737,emergency
Q4-3,2025-03-28,12:00,True,84.01187546518842,50.024325348084744,9.380356907370077,20.27498403512061,26.702596354768502,economic
Q4-3,2025-03-28,18:00,False,-56.53115687563558,-67.47976602719245,6.732390713848264,2.5125454836915537,0.5367505430967299,keep
Q4-3,2025-03-29,06:00,True,89.52625282899578,23.330719388905326,10.240681984623253,167.47809113519872,99.36878727972666,economic
Q4-3,2025-03-29,12:00,True,30.922887745528342,14.636124498061235,8.980191650193806,111.44328378498136,96.93516685319142,economic
Q4-3,2025-03-29,18:00,False,8.310521239522702,-2.7647133891492657,6.970300471386699,33.61854573618075,0.1335810753071769,keep
Q4-3,2025-03-30,06:00,True,467.575253996465,-303.43105778430527,35.37796259089951,1354.6609622187018,544.326904896804,emergency
Q4-3,2025-03-30,12:00,True,48.484643963034806,-79.9560907756013,26.528322835925266,331.5738662261731,279.7943202830529,emergency
Q4-3,2025-03-30,18:00,True,496.19458625428837,285.6634007662754,14.519754879573755,159.59790223670677,167.8442742356633,economic
Q4-3,2025-03-31,06:00,True,5350.4032164413575,2455.397238399671,41.96708739948509,5288.27176970332,726.8230981116916,economic
Q4-3,2025-03-31,12:00,True,5138.056735579411,4757.393750552991,31.068828687444373,413.5668227364355,720.4583184827966,economic
Q4-3,2025-03-31,18:00,True,227.19606740023448,122.36616514453067,14.524471931074663,204.195268033018,178.6905193988348,economic
Q4-3,2025-04-01,06:00,True,2706.103583499374,-73.69195270982405,44.63045527965076,3670.4249237666686,614.0001275231908,emergency
Q4-3,2025-04-01,12:00,True,2715.5339255238205,2093.7191913194783,31.66091626928748,207.05853426679232,713.3462494796343,economic
Q4-3,2025-04-01,18:00,True,145.99839638656792,98.01173424477287,15.249506396757255,213.1669840843515,167.5728716840964,economic
Q4-3,2025-04-02,06:00,True,3091.2020012886424,908.0579924855471,42.259780869271474,3732.024732431447,707.1756238552823,economic
Q4-3,2025-04-02,12:00,True,2251.414712024504,1809.949790614793,27.934364278622787,272.6165128314309,737.4973642966615,economic
Q4-3,2025-04-02,18:00,True,164.84400105132903,90.62144906221911,14.650958728610185,202.1464436081402,165.95670768526202,economic
Q4-3,2025-04-03,06:00,True,289.69843299825527,-155.09883643404004,36.05506737657474,888.3090881000712,347.72846867921646,emergency
Q4-3,2025-04-03,12:00,True,-125.45582636968597,-204.69689353199465,28.11059091455353,289.62328576314246,243.1499832700074,emergency
Q4-3,2025-04-03,18:00,True,288.3296018093068,164.26879401603196,14.933419353646226,152.05951890692256,170.5209350631925,economic
Q4-3,2025-04-04,06:00,True,-9.404584118081656,-111.96210031970327,9.544820631705269,173.06378907386727,111.07250567552774,emergency
Q4-3,2025-04-04,12:00,False,21.957392128779407,6.189164974096684,8.383872320352182,9.010901017802354,3.5582011854064888,keep
Q4-3,2025-04-04,18:00,True,40.65405470492135,30.56103528501663,6.619431413428803,0.0,0.0,economic
Q4-3,2025-04-05,06:00,True,29.952582069800222,-209.49494548502946,10.253331398811383,581.9104310935866,274.292703377488,emergency
Q4-3,2025-04-05,12:00,True,345.4379044304494,324.8286573315223,8.909280930046753,36.210586942500925,77.53918716728379,economic
Q4-3,2025-04-05,18:00,True,42.4759752219382,33.02438115017003,6.9964680063686515,24.928048735170137,0.0,economic
Q4-3,2025-04-06,06:00,True,924.4631238617435,-214.47792221746886,33.69402008222747,1655.6043854500208,331.21463789751795,emergency
Q4-3,2025-04-06,12:00,True,-263.1783520267355,-913.2046796100053,27.37545124455719,1227.1580065436801,320.12581905186755,emergency
Q4-3,2025-04-06,18:00,True,426.21491013755235,223.2379447143943,14.807316941260567,69.40411766617069,174.31427524892047,economic
Q4-3,2025-04-07,06:00,True,4553.428069400243,2036.452354106375,36.814132069465295,4309.62393471388,758.7621430984552,economic
Q4-3,2025-04-07,12:00,True,965.2463888433175,702.7817156727651,27.621481929540543,598.7983949457156,395.8772678864026,economic
Q4-3,2025-04-07,18:00,True,413.87304862416227,204.85119482534444,14.928714172464026,61.94767272583658,178.55194463762814,economic
Q4-3,2025-04-08,06:00,True,753.960180690135,-85.73454687805298,34.65529905192322,1264.2782929676582,328.69866774121965,emergency
Q4-3,2025-04-08,12:00,True,310.1433481379195,183.35947178584306,28.530475222630105,500.9115102830924,256.67570273505373,economic
Q4-3,2025-04-08,18:00,True,222.45869832175515,124.07221375673592,14.431252476831318,123.94548233296314,174.57083066497535,economic
Q4-3,2025-04-09,06:00,True,586.6673070716627,-3.727821029259758,35.12605135594981,1628.043740148336,777.0428004833454,emergency
Q4-3,2025-04-09,12:00,True,426.4081975856789,99.4438109637016,29.353811139962104,695.5338058413699,243.62304661883013,economic
Q4-3,2025-04-09,18:00,True,339.1126773319869,173.60192610385602,15.553180747364882,105.6563458430362,172.82882669970763,economic
Q4-3,2025-04-10,06:00,True,309.1498431913464,-367.43400116351904,34.20861930208445,1654.451554686471,548.1155512738219,emergency
Q4-3,2025-04-10,12:00,True,443.69795584037087,206.25534791333848,28.20647131747704,543.4228752023371,202.19744723396502,economic
Q4-3,2025-04-10,18:00,True,457.31521712368016,273.94805588687217,15.642300072379427,84.15656910524444,165.89004359041132,economic
Q4-3,2025-04-11,06:00,True,187.14307829061744,-25.76146034088791,9.62650885703107,604.3914075842143,222.4383990866421,emergency
Q4-3,2025-04-11,12:00,True,186.29023698633137,167.87558688886023,8.140366901335986,48.532696852624895,54.50221311501815,economic
Q4-3,2025-04-11,18:00,False,-0.08487092668578305,-0.10332112813921412,6.49595714337672,1.7637847026517761,1.7637847026517761,keep
Q4-3,2025-04-12,06:00,True,-0.8597259313714867,-22.592362278758934,10.249062291120557,114.22022450137473,91.39682241043299,emergency
Q4-3,2025-04-12,12:00,True,30.66479090297019,21.90684118081026,9.345198215747226,52.1577918607378,48.76038475684754,economic
Q4-3,2025-04-12,18:00,False,6.254031116749519,3.992546666239832,6.777386859830581,2.0920566184968266,2.0920566184968266,keep
Q4-3,2025-04-13,06:00,True,164.02713505155583,0.41024721799067304,28.89691274872301,629.5332353496049,360.64875623204284,emergency
Q4-3,2025-04-13,12:00,True,422.99618918086964,113.8923141330019,25.583431548817504,730.8954044636596,268.002436451016,economic
Q4-3,2025-04-13,18:00,True,179.2721158115731,85.60949766295204,14.58003088853687,174.9480894008601,226.710685969751,economic
Q4-3,2025-04-14,06:00,True,886.0204763572832,334.63613007254116,32.655961152754664,1076.027766465666,172.6055955407337,economic
Q4-3,2025-04-14,12:00,True,-23.65347678267783,-113.92097063087672,26.569075385913806,348.68409380624746,195.7474607188791,emergency
Q4-3,2025-04-14,18:00,True,350.24670548531424,189.47737626398447,15.182447244657476,124.45138581373374,220.46868355697455,economic
Q4-3,2025-04-15,06:00,True,1518.1422026745488,-163.49729036657868,31.39379439902997,2738.3946031407736,695.4737234452731,emergency
Q4-3,2025-04-15,12:00,True,1276.21464084225,938.3155913629671,25.757857399032176,704.8955559979023,308.55582247957625,economic
Q4-3,2025-04-15,18:00,True,209.87177864288375,105.50740867546867,14.473736964020762,168.3166731362037,209.44562969457525,economic
Q4-3,2025-04-16,06:00,True,1361.9746390747841,-473.07145795289193,35.348441440768504,2699.562850400968,557.6734217017715,emergency
Q4-3,2025-04-16,12:00,True,2413.655030614292,2325.785655471061,28.745717870623384,335.10513569556406,274.83335394026074,economic
Q4-3,2025-04-16,18:00,True,305.94362795797895,172.85738473007163,15.13282219040331,187.714575696947,205.1094057875291,economic
Q4-3,2025-04-17,06:00,True,116.22017686457633,-1165.6708696410524,30.79627986239355,2254.0739178916283,919.5955334477701,emergency
Q4-3,2025-04-17,12:00,True,1045.2199086958756,650.5452978529564,26.486921507425404,729.0927522877842,262.53256915143413,economic
Q4-3,2025-04-17,18:00,True,336.5928086548998,158.53398331424,14.73142063287088,140.28198104727562,214.9299907033202,economic
Q4-3,2025-04-18,06:00,True,-71.6096257661229,-192.0641444275141,8.934107165440315,456.1555559180478,249.64021666167912,emergency
Q4-3,2025-04-18,12:00,False,0.0,0.0,7.931403921933352,71.6988416553711,71.6988416553711,keep
Q4-3,2025-04-18,18:00,False,0.0,0.0,6.4558973257412555,0.0,0.0,keep
Q4-3,2025-04-19,06:00,True,5.077440461086588,-25.000517565087193,8.468516099945619,210.1346521613319,183.54305838451836,emergency
Q4-3,2025-04-19,12:00,True,-63.007796438831264,-252.98272483972033,8.02146553092359,506.3979229538131,247.3713109593528,emergency
Q4-3,2025-04-19,18:00,False,0.366485732780916,0.3295331843260101,6.437858128681833,15.468055615276853,15.468055615276853,keep
Q4-3,2025-04-20,06:00,True,173.39130532179902,-350.4031648178421,29.183266047981007,1237.527951291279,534.6028809450752,emergency
Q4-3,2025-04-20,12:00,True,-84.73413774519581,-529.3839207775945,25.39514473275802,946.8510360170596,283.61646651648095,emergency
Q4-3,2025-04-20,18:00,True,355.45628095434705,184.7074134695389,15.97995696572281,100.92924309913087,241.79522655597793,economic
Q4-3,2025-04-21,06:00,True,489.1257670556055,-6.510748460972762,30.557243932254227,1009.9598459175783,243.75490413119286,emergency
Q4-3,2025-04-21,12:00,True,-65.5868016945002,-201.24731126276944,26.233333974987573,433.6923353639228,213.73952599257723,emergency
Q4-3,2025-04-21,18:00,True,327.47397020522277,154.0347279665546,16.057128332704604,161.80056542379418,278.46098882113597,economic
Q4-3,2025-04-22,06:00,True,1523.9112966602722,-473.2735503694639,33.311809758141244,3913.1084626901275,867.6297455577997,emergency
Q4-3,2025-04-22,12:00,True,2205.7219784261706,1795.307792454908,26.96774407257835,736.1820652726087,267.101314720441,economic
Q4-3,2025-04-22,18:00,True,323.8889381608404,157.40086741759686,15.382229622191572,102.41536070085306,204.293315772171,economic
Q4-3,2025-04-23,06:00,True,1978.6603071699474,-356.44937653480605,32.58071357768391,4492.657322481619,906.158632892902,emergency
Q4-3,2025-04-23,12:00,True,1043.9455426000545,703.9635892489982,25.885195099474092,848.451058647993,450.75933270960513,economic
Q4-3,2025-04-23,18:00,True,336.17675504268993,189.159062628644,15.001979684884759,120.69603068782419,193.98630976091465,economic
Q4-3,2025-04-24,06:00,True,-84.2475164142195,-1028.7018681647812,26.6782771702509,1411.1497959464832,370.3350887089876,emergency
Q4-3,2025-04-24,12:00,True,38.6587188392308,-735.1371331551809,24.889785479274703,1448.24970848396,281.22049041703133,emergency
Q4-3,2025-04-24,18:00,True,410.63171806253484,253.32495531583234,15.49621958305665,62.511553534277596,223.02114033918662,economic
Q4-3,2025-04-25,06:00,True,-46.525668297394866,-144.13061442503155,8.28805220597529,98.42060589363155,43.734311898428814,emergency
Q4-3,2025-04-25,12:00,True,44.65126836665315,30.643572540457285,7.7280707172894605,38.77293953000827,32.89209292376876,economic
Q4-3,2025-04-25,18:00,True,53.116789852994124,47.55891012172202,6.228557606093066,22.00736611940482,21.53383723167464,economic
Q4-3,2025-04-26,06:00,True,-72.91275033281073,-218.6911706919616,8.629563819365332,172.43943257745605,88.45468722171205,emergency
Q4-3,2025-04-26,12:00,True,57.09269004884025,34.808765952537215,8.263425685263027,216.8168877456352,209.31508659769224,economic
Q4-3,2025-04-26,18:00,True,96.94515334040487,77.58094245531038,6.677328051149202,39.195788036333894,67.35472573987124,economic
Q4-3,2025-04-27,06:00,True,454.33715078913656,-697.9470413243293,29.08695600918579,2341.726522877451,737.8022572478453,emergency
Q4-3,2025-04-27,12:00,True,60.37672251959417,-428.6924124898046,24.44120295417864,923.0506481547262,348.2231444023087,emergency
Q4-3,2025-04-27,18:00,True,185.10099205751789,108.24200507208708,14.740399800001905,267.36207414878646,237.35654210994727,economic
Q4-3,2025-04-28,06:00,True,358.38069123470154,-298.35603212212544,35.19130078415074,2017.6228157345297,1088.7021814875368,emergency
Q4-3,2025-04-28,12:00,True,261.94335186042855,186.66452405559767,28.123796053638664,401.62626674314595,341.72707039121656,economic
Q4-3,2025-04-28,18:00,True,73.06418841174849,48.65332911484006,14.867561041869799,288.6159333933823,253.2290315964416,economic
Q4-3,2025-04-29,06:00,True,261.40042419107704,-777.0945985233234,28.193178889661315,1839.3415107364956,537.9270585948781,emergency
Q4-3,2025-04-29,12:00,True,-227.65318130824127,-564.430805577836,25.421515779093674,808.5700829405565,388.1300658951719,emergency
Q4-3,2025-04-29,18:00,True,264.13315804539667,180.28359372500773,14.833760386528388,247.46772448674938,187.845096017502,economic
Q4-3,2025-04-30,06:00,True,23.021848824926817,-55.815280505706475,24.903758000261952,825.1960300054006,622.1890786253565,emergency
Q4-3,2025-04-30,12:00,True,-45.26962851911412,-319.52732841838815,22.269697651201515,589.8056181816041,266.8055651474482,emergency
Q4-3,2025-04-30,18:00,True,53.320282105980375,32.084777170775055,14.647853489714139,215.41285716336438,180.51663481423304,economic
Q4-3,2025-05-01,06:00,True,-308.9752854502428,-1323.318365944744,29.90003796200463,2153.9177867257163,252.45795920418414,emergency
Q4-3,2025-05-01,12:00,True,1291.4017206531244,1032.091433225839,26.19493534746611,212.39904207661323,499.17464189567954,economic
Q4-3,2025-05-01,18:00,True,55.36006374496722,15.63094981194996,15.715924949483588,328.7879468117428,187.84509601750187,emergency
Q4-3,2025-05-02,06:00,True,-143.73927257335757,-288.0838317483285,11.515670092600613,180.5770891353835,17.986359583475974,emergency
Q4-3,2025-05-02,12:00,True,355.37350829523444,343.4369010587775,10.73198889337165,5.489900097946247,10.896059746381951,economic
Q4-3,2025-05-02,18:00,False,0.0,0.0,8.403189285272843,0.0,0.0,keep
Q4-3,2025-05-03,06:00,True,-127.77626987734321,-224.90194048205328,10.845922579639902,85.13516891541323,42.63392930921373,emergency
Q4-3,2025-05-03,12:00,True,249.44810813920893,239.9293180097152,10.200061959690549,21.686814055657578,40.99535350494707,economic
Q4-3,2025-05-03,18:00,False,0.0,0.0,8.307624750162555,0.0,0.0,keep
Q4-3,2025-05-04,06:00,False,0.0,0.0,30.591746445794573,810.5760199596803,810.5760199596803,keep
Q4-3,2025-05-04,12:00,False,-9.674435466612913,-16.690093679299025,26.23154333811447,35.62883485077032,22.78163958063533,keep
Q4-3,2025-05-04,18:00,True,-21.7331847929731,-42.07315560704592,16.387874476057444,74.42203464702209,35.552570054999705,emergency
Q4-3,2025-05-05,06:00,True,-56.22594431937965,-86.81672452622297,32.04436688157453,100.18753604768926,94.35211425775776,emergency
Q4-3,2025-05-05,12:00,True,86.81672452621945,86.81672452621888,26.997246102084162,21.686814055657692,21.686814055657692,economic
Q4-3,2025-05-05,18:00,False,0.0,0.0,16.19513651068606,0.0,0.0,keep
Q4-3,2025-05-06,06:00,True,598.2597769472017,-1626.162984374947,33.80470147253482,3531.729100850653,1183.3374517622142,emergency
Q4-3,2025-05-06,12:00,True,194.7364603546477,114.27820368471657,26.082717626410037,626.5828847809757,674.3371705084284,economic
Q4-3,2025-05-06,18:00,True,168.87607473806335,50.06779443380207,16.63327334258663,319.288019765767,324.96673162650154,economic
Q4-3,2025-05-07,06:00,True,-53.56381851532604,-634.0145299421006,32.442302499886424,1956.4167158672742,1120.6735011771163,emergency
Q4-3,2025-05-07,12:00,True,568.0733391916324,476.1702760549697,26.930415845209957,628.9506704126507,544.9677004280978,economic
Q4-3,2025-05-07,18:00,True,51.3170395747994,27.082289702642914,16.044172147540873,469.0930232166771,488.08282638164223,economic
Q4-3,2025-05-08,06:00,True,-687.907869648526,-1028.614085980459,30.9234533286883,792.7562844384092,389.51290812640707,emergency
Q4-3,2025-05-08,12:00,True,52.554920257556276,27.341077183208245,26.42948029403981,452.18800671493966,457.4117724137117,economic
Q4-3,2025-05-08,18:00,True,194.00167166288287,72.07847268867499,17.188443585789287,386.1434051147865,445.0853005916262,economic
Q4-3,2025-05-09,06:00,True,-51.55517303121847,-63.51480443392952,11.42004227142987,71.3486549138729,49.95822519726755,emergency
Q4-3,2025-05-09,12:00,False,-10.54628298893259,-23.098685952121844,10.332002531093519,26.445296343367545,27.35255799317997,keep
Q4-3,2025-05-09,18:00,True,50.17432782114305,38.32906009671683,8.405778993043253,11.675819367459553,12.688408892317113,economic
Q4-3,2025-05-10,06:00,True,143.87631874540688,-77.03888030318899,12.875027128343703,251.0104160997838,43.011077360413026,emergency
Q4-3,2025-05-10,12:00,True,482.9244079193459,443.14222242847313,10.953517408781776,11.360485409432158,47.515838865816875,economic
Q4-3,2025-05-10,18:00,True,29.481511255930787,24.0373659258374,8.992853748163018,11.827015875236043,14.069053968242315,economic
Q4-3,2025-05-11,06:00,True,640.2732200967096,-200.4742242451698,34.176061340188134,1812.3266686012435,847.0243540747186,emergency
Q4-3,2025-05-11,12:00,True,1573.2296723951733,1422.7016968158764,27.689346304928574,735.1514031004846,685.1102788639708,economic
Q4-3,2025-05-11,18:00,True,182.72987461366168,61.33345563900832,16.829309149386678,391.95706465369904,463.88766397340066,economic
Q4-3,2025-05-12,06:00,True,1630.0891264600455,865.11623244922,32.7781739299609,2548.74455205568,1260.8005261827702,economic
Q4-3,2025-05-12,12:00,True,1299.3784188044299,1196.6307471102382,26.8734623656366,556.4394151771742,579.6132656490774,economic
Q4-3,2025-05-12,18:00,True,181.2585570014194,27.911280664347487,16.78442163727944,391.7703112914602,433.64042513647536,economic
Q4-3,2025-05-13,06:00,True,-194.5063413571374,-501.093947164022,33.18692484799172,910.5236684876107,584.9814933542565,emergency
Q4-3,2025-05-13,12:00,True,127.85409495728844,35.177590832125134,26.199245117972133,586.978644833336,540.9550566333834,economic
Q4-3,2025-05-13,18:00,True,23.73285564395721,-5.917752029112443,16.79392331251815,408.12104702580973,377.0144186994107,emergency
Q4-3,2025-05-14,06:00,True,-70.90833639738943,-130.58870040689786,31.667786700998224,546.8019888037758,501.37023530074924,emergency
Q4-3,2025-05-14,12:00,False,-2.309760700187713,-47.07504946413883,27.40272197144163,381.9430253199009,381.94302531990155,keep
Q4-3,2025-05-14,18:00,True,-37.83526494962775,-88.6172097207309,16.532877936076957,346.7977393719766,288.42555347024313,emergency
Q4-3,2025-05-15,06:00,True,-470.4820231023356,-805.8388405543221,32.87853306841833,778.9644545362769,716.0010697932446,emergency
Q4-3,2025-05-15,12:00,True,872.7553147330658,729.9040161968696,28.83347927148265,457.1771827922373,327.6287487882713,economic
Q4-3,2025-05-15,18:00,False,67.81581651350923,1.3160722264219464,16.915444687989115,388.61785509698143,412.6465531578791,keep
Q4-3,2025-05-16,06:00,True,-27.466262632153498,-42.72529742779443,11.638360286110096,51.04853836121151,27.72167800989689,emergency
Q4-3,2025-05-16,12:00,True,39.05424123382679,34.35785313768224,11.090477766757491,16.517892515741153,15.05440023304834,economic
Q4-3,2025-05-16,18:00,False,2.520822470594404,2.299178860440861,8.946682961736341,0.0,0.4176677771885693,keep
Q4-3,2025-05-17,06:00,False,0.0,0.0,11.896277730542453,29.224375066887603,29.224375066887603,keep
Q4-3,2025-05-17,12:00,False,0.0,0.0,11.29939712000258,21.488613205910212,21.488613205910212,keep
Q4-3,2025-05-17,18:00,False,0.0,0.0,8.974807856987393,10.976522333091339,10.976522333091339,keep
Q4-3,2025-05-18,06:00,True,-766.4531642811461,-1362.4896015940058,32.804938007094364,766.5997339506506,416.6587094112048,emergency
Q4-3,2025-05-18,12:00,True,606.2417329062831,321.0363456630468,27.259134946672408,478.4992194859283,679.6227146111039,economic
Q4-3,2025-05-18,18:00,False,-4.760567441849945,-60.28176439711933,17.075833113064064,327.3766708693979,366.02983018879956,keep
Q4-3,2025-05-19,06:00,False,57.326090078060126,-53.073377605516264,30.308447990047547,394.7130515366856,394.7130515366856,keep
Q4-3,2025-05-19,12:00,True,71.63541514362741,-119.26966450891747,25.216147778683414,888.7799368768526,639.5544383319785,emergency
Q4-3,2025-05-19,18:00,False,25.66668418995771,7.340938936996077,16.712865480761188,408.5725270622893,401.7192118321034,keep
Q4-3,2025-05-20,06:00,True,315.1925831415827,-767.721572996008,31.390666937712542,1506.725185828919,385.1591524463878,emergency
Q4-3,2025-05-20,12:00,True,1520.8217754647824,1386.223565980589,26.948120208514474,594.8419962864016,591.1513469964495,economic
Q4-3,2025-05-20,18:00,False,41.52142071333304,11.10641463280425,16.8562889849693,419.40863967971666,428.06000425046545,keep
Q4-3,2025-05-21,06:00,True,-83.53434973078483,-631.5778639736012,30.901921217538302,1295.2397914800972,883.7490131949307,emergency
Q4-3,2025-05-21,12:00,True,803.5609320534493,730.8026207810317,27.26088842493213,590.1666205842045,508.6667937667596,economic
Q4-3,2025-05-21,18:00,True,84.59260956586246,21.88470868880702,16.94493742592326,380.00807478363004,409.36564229293634,economic
Q4-3,2025-05-22,06:00,True,-17.654826053119336,-103.02121649326276,30.652071891646333,167.18304073401123,155.32016279340348,emergency
Q4-3,2025-05-22,12:00,False,28.240064384157318,-38.72355724700401,26.240950491654353,464.4979126882142,459.0848043161286,keep
Q4-3,2025-05-22,18:00,True,-63.875745586218535,-110.03985435392678,16.95032448504786,446.19592881952576,410.58781063809556,emergency
Q4-3,2025-05-23,06:00,False,0.0,0.0,10.67526115654308,23.950533419817305,23.950533419817305,keep
Q4-3,2025-05-23,12:00,True,108.48613070665265,36.987404057273096,10.26436735477501,137.71628272891274,66.56227406271569,economic
Q4-3,2025-05-23,18:00,True,60.355303478538396,37.12487977591263,8.462289446003318,2.8446063087646394,20.41208271891395,economic
Q4-3,2025-05-24,06:00,False,0.0,0.0,11.053510475322934,18.046550187826256,18.046550187826256,keep
Q4-3,2025-05-24,12:00,False,-144.42148794150182,-171.17209474830042,10.532098006269553,26.49859824878564,26.49859824878564,keep
Q4-3,2025-05-24,18:00,False,-35.699621831748,-44.56989069357223,8.708390125759289,45.925733897925454,42.53073954504259,keep
Q4-3,2025-05-25,06:00,False,-230.7757771577402,-475.38155207912723,29.190322017455394,362.5770533889428,367.4589807672812,keep
Q4-3,2025-05-25,12:00,True,-230.51466026478184,-520.0360294120637,24.868561511699127,653.8489055116243,591.0297267221457,emergency
Q4-3,2025-05-25,18:00,True,40.95152467517137,28.946393755702868,17.026002389245463,417.9966760753165,419.1512094757278,economic
Q4-3,2025-05-26,06:00,True,57.115055412272824,-114.3236335607959,28.850748206399423,687.8183146308586,528.9895146519734,emergency
Q4-3,2025-05-26,12:00,True,-97.82853219632497,-615.2552718905622,25.58982380303389,1248.9462859721307,525.5690103635111,emergency
Q4-3,2025-05-26,18:00,True,56.830934568122494,26.592099729731082,16.699100642076164,335.8483403551743,352.9773453940795,economic
Q4-3,2025-05-27,06:00,True,1542.2933483239897,538.7020886361098,33.861330713032835,3444.4277948800095,1483.591972114733,economic
Q4-3,2025-05-27,12:00,True,2152.2852608500025,2022.3990377370737,27.870072881638475,553.246287580493,502.1651949780337,economic
Q4-3,2025-05-27,18:00,True,166.42626556308394,57.94409330246858,17.480464367487436,362.74514263546905,417.91503889945034,economic
Q4-3,2025-05-28,06:00,True,72.26136151783592,-78.55428115408768,31.724375290886712,909.2443722646966,664.6983269427728,emergency
Q4-3,2025-05-28,12:00,True,43.61781917471171,-66.00902322001366,26.128666310938474,634.0324967699238,538.832061013374,emergency
Q4-3,2025-05-28,18:00,True,67.85589044344242,35.00522974922637,17.2993059667314,416.1430745705185,416.38611981506324,economic
Q4-3,2025-05-29,06:00,True,955.8045994648144,342.4733545017611,34.7886642131088,2118.9486142344585,1446.0093827952012,economic
Q4-3,2025-05-29,12:00,True,1230.1230799792804,1090.1475765234352,27.079616799068084,575.8823666038534,477.74870018994625,economic
Q4-3,2025-05-29,18:00,False,79.625781703477,11.200581678939898,17.50576490936412,413.481019781539,440.27395372003593,keep
Q4-3,2025-05-30,06:00,False,-97.2938548613275,-134.30300503650642,11.996540691291743,58.01599817451029,58.01599817451029,keep
Q4-3,2025-05-30,12:00,False,-75.46542298901514,-94.8746385133793,11.073455569811866,44.04761763093535,44.04761763093535,keep
Q4-3,2025-05-30,18:00,True,-32.34649381006774,-57.317222535146584,8.994547181635047,101.36044091440345,88.36210694122047,emergency
Q4-3,2025-05-31,06:00,True,-87.26498749185731,-114.27700094334523,12.429887462714168,60.325908998206856,37.08877931299152,emergency
Q4-3,2025-05-31,12:00,True,102.02524794642656,77.61992414329939,11.457875165034698,51.65788642570044,54.46896068944898,economic
Q4-3,2025-05-31,18:00,True,-53.92345687758738,-73.47775061843913,8.642801991471956,73.85706382694214,60.09720958771419,emergency
Q4-3,2025-06-01,06:00,True,1279.178901250395,3.080398483301906,49.711368947370644,1699.1164150276147,596.3249923078097,emergency
Q4-3,2025-06-01,12:00,True,1254.478112481175,667.578314493729,37.97328975827322,50.114734457202076,473.00268886074787,economic
Q4-3,2025-06-01,18:00,False,-55.792977572513855,-148.94385628539794,19.90984874510135,500.89269294346616,500.08528609726295,keep
Q4-3,2025-06-02,06:00,True,137.70727750559846,-1226.2659049278172,45.91863582931466,1862.238790897955,597.835511122096,emergency
Q4-3,2025-06-02,12:00,True,865.9761272657197,555.8848904570626,37.745821356002004,268.3424988572817,498.2639690061633,economic
Q4-3,2025-06-02,18:00,True,-29.591618264336777,-172.80027111752293,20.534459639624135,573.336255170717,497.5664619348221,emergency
Q4-3,2025-06-03,06:00,True,6752.91123866105,4197.702559309162,54.772411202072114,6004.132426274809,1600.7863783481616,economic
Q4-3,2025-06-03,12:00,True,4441.273262416248,3538.491753559628,37.67755588035262,153.5630468305468,659.6973670613985,economic
Q4-3,2025-06-03,18:00,True,-65.61289395502652,-233.73079156277936,20.952976784644573,406.5246883193822,317.1018442629985,emergency
Q4-3,2025-06-04,06:00,True,-234.543857623426,-720.6278961916323,50.382273468168464,856.2558362806052,448.01045542649524,emergency
Q4-3,2025-06-04,12:00,False,7.888482279617678,-103.33172168755391,39.999897990505936,534.8147024541255,509.16750282242754,keep
Q4-3,2025-06-04,18:00,False,141.00854555221474,-4.181396297528953,21.345778717890195,344.22098582612784,335.168072686282,keep
Q4-3,2025-06-05,06:00,True,3771.4645048992534,1222.2137561837487,53.69835337230466,5418.637749490064,1153.2291153940055,economic
Q4-3,2025-06-05,12:00,True,3499.65693809089,1959.531278768211,40.118882837014546,250.90975742585067,352.9540182224024,economic
Q4-3,2025-06-05,18:00,True,-215.88395551422855,-384.433365980703,21.44581420849235,347.6413939521748,323.2905046914214,emergency
Q4-3,2025-06-06,06:00,False,19.697964039397643,6.29268987270134,19.74568105394562,36.426624151293424,24.3200587592263,keep
Q4-3,2025-06-06,12:00,True,-55.871439786203545,-95.79794783514444,17.802471338461633,65.87418201322373,41.94141056457897,emergency
Q4-3,2025-06-06,18:00,True,30.362450364832515,18.867631256489688,12.99729795324512,36.91713003468783,40.142422587542114,economic
Q4-3,2025-06-07,06:00,False,15.75966860290386,0.7674005465467421,21.096895979259184,25.38746751338681,24.3200587592263,keep
Q4-3,2025-06-07,12:00,False,-17.91203435853023,-29.037101045214513,17.10857545389753,49.14894279596626,46.404450747000936,keep
Q4-3,2025-06-07,18:00,False,0.0,0.0,13.075854638191272,36.396785703527655,36.396785703527655,keep
Q4-3,2025-06-08,06:00,True,1306.8800425751083,-677.5495208331032,45.76559643024263,3460.1517288776968,516.2077690432457,emergency
Q4-3,2025-06-08,12:00,True,1449.1523548039677,1417.1087386121108,37.183441231989576,505.8050852741211,494.5130610526379,economic
Q4-3,2025-06-08,18:00,True,-204.72098617266334,-318.3306524772806,21.756105028461896,207.13864295887117,181.9231066078346,emergency
Q4-3,2025-06-09,06:00,True,-195.58975828621354,-753.502509728306,48.1471072619357,949.9460246155753,514.978082094307,emergency
Q4-3,2025-06-09,12:00,True,263.1357118293941,157.31281463157939,39.588174427936984,257.3630039038321,220.18086598807668,economic
Q4-3,2025-06-09,18:00,True,-360.9981198333296,-528.4693351571532,21.591665669696447,230.4775272549458,141.3219338378916,emergency
Q4-3,2025-06-10,06:00,True,125.68342762746084,-316.23190798488787,44.99347060699933,1529.5422860840022,929.7701077142883,emergency
Q4-3,2025-06-10,12:00,True,-728.6828157214676,-1274.5386953828493,39.1497196425964,1305.86302787283,724.3237953605478,emergency
Q4-3,2025-06-10,18:00,True,105.10340826818927,66.48197025549234,21.81270341869598,284.3226686595326,258.94688295063054,economic
Q4-3,2025-06-11,06:00,True,2115.066735639652,300.9130750983583,52.739808514504816,2927.490537776546,727.9047311228347,economic
Q4-3,2025-06-11,12:00,True,-840.2312650807922,-1421.6344409894164,41.2881765868835,910.5459494287197,487.57187664037485,emergency
Q4-3,2025-06-11,18:00,True,24.230243024146862,5.499373814327555,21.636422879187286,280.1119321248832,261.46074391460786,emergency
Q4-3,2025-06-12,06:00,True,1107.2151534328252,-1298.5192493904817,51.61615905795207,4035.723599137971,1243.3556774310998,emergency
Q4-3,2025-06-12,12:00,True,1572.6383861700044,1423.034147746174,41.38066027798749,437.3546406027141,596.1482977692982,economic
Q4-3,2025-06-12,18:00,True,31.002604050247747,-2.132767108723783,21.982607499081077,332.3837591121295,303.55999247315515,emergency
Q4-3,2025-06-13,06:00,True,29.20185240825893,-104.68955106880637,19.993626496548394,254.8293110726362,89.75978789177125,emergency
Q4-3,2025-06-13,12:00,False,-48.444233046914306,-53.50553385799867,18.221669797577242,2.854910192702789,1.7282078677243362,keep
Q4-3,2025-06-13,18:00,False,0.0,0.0,13.196870154089721,33.2288945026836,33.2288945026836,keep
Q4-3,2025-06-14,06:00,True,166.53471565340973,44.371359484757185,20.415302919872634,225.6059730804729,93.38016625144884,economic
Q4-3,2025-06-14,12:00,False,11.300978742061355,-11.561985353549971,19.450084563333775,38.14820915853352,16.562069489329815,keep
Q4-3,2025-06-14,18:00,False,1.0518448283946777,-7.9556601636959385,14.021722930266986,33.301083562205804,17.285467363159,keep
Q4-3,2025-06-15,06:00,True,2361.5629026381594,616.9598035978394,47.378677779017586,3967.878806232954,1521.99323803998,economic
Q4-3,2025-06-15,12:00,True,-666.2830056035143,-1177.9718149114826,39.25238073793101,1052.741021583981,719.8162990883297,emergency
Q4-3,2025-06-15,18:00,True,-99.05510518000581,-138.47331318635452,22.23189933108332,377.9759997783108,326.1475385335549,emergency
Q4-3,2025-06-16,06:00,True,1159.0406242564977,1.8207643573662924,49.235395166609145,2740.4166318789303,1196.8114005737941,emergency
Q4-3,2025-06-16,12:00,True,656.3355701114658,349.8688281589977,39.772719623506596,615.5358407971165,558.870282659846,economic
Q4-3,2025-06-16,18:00,True,86.82244437091973,53.318899158913155,22.139045463270456,345.76018352189317,388.0807229103974,economic
Q4-3,2025-06-17,06:00,True,1586.0350356849256,28.54060894661052,51.919625857294115,3122.1151657739565,1198.5888513781026,emergency
Q4-3,2025-06-17,12:00,True,1383.3108199921012,1112.0033851047447,43.23320986386504,538.7512592491369,380.99073728189455,economic
Q4-3,2025-06-17,18:00,True,429.9148030859361,245.54154876772975,22.14246548929061,244.96927693954615,331.7832291079104,economic
Q4-3,2025-06-18,06:00,True,1085.4916296782274,-134.77401427395776,51.64753725800098,2989.016429973374,1084.849104459723,emergency
Q4-3,2025-06-18,12:00,True,1643.8452174903214,1237.3094884486673,42.631506687605935,684.6728460367829,350.33997332947456,economic
Q4-3,2025-06-18,18:00,True,355.01291084636597,190.91407384741888,22.447527923728288,299.4989779992907,366.27036125275595,economic
Q4-3,2025-06-19,06:00,True,2281.0616519489363,366.6248844055383,48.47256477284904,3509.9154014564465,630.5471863342943,economic
Q4-3,2025-06-19,12:00,True,-638.51845644175,-1129.7597199669444,39.54388947454634,946.0780913959046,439.76555147187685,emergency
Q4-3,2025-06-19,18:00,True,170.52113049820767,93.91302892830838,22.673966771142066,398.28139702029625,372.49469457861596,economic
Q4-3,2025-06-20,06:00,True,43.75233243398303,-6.7918410428806055,20.34088337212526,56.95827965666081,13.266811552212857,emergency
Q4-3,2025-06-20,12:00,False,9.61174664934671,-1.7223088338141679,19.016724230014514,28.87048363323163,25.67160604319605,keep
Q4-3,2025-06-20,18:00,False,-36.26480095864047,-48.28320387482631,14.160175318340727,9.342118049851194,21.234005186556146,keep
Q4-3,2025-06-21,06:00,False,1.5086348300547554,-25.169404021061837,19.441275009505823,31.29078350680669,20.253494015150977,keep
Q4-3,2025-06-21,12:00,False,0.0,0.0,17.93914738450756,1.4187503028609854,1.4187503028609854,keep
Q4-3,2025-06-21,18:00,False,0.0,0.0,13.713483615819959,12.1823110544143,12.1823110544143,keep
Q4-3,2025-06-22,06:00,True,2471.2432883358015,310.95900498639884,47.87452879826883,3829.66968279456,814.7459642893423,economic
Q4-3,2025-06-22,12:00,True,1502.7025586182142,1388.7977637483427,39.67349810237846,284.4738097989883,347.33469798215356,economic
Q4-3,2025-06-22,18:00,True,-38.72495662801286,-69.11731561807301,22.342096161689174,299.2909959575395,234.340685882583,emergency
Q4-3,2025-06-23,06:00,True,-68.28077148199753,-469.20929443595367,42.54482246662434,936.5368741691441,587.9725340979976,emergency
Q4-3,2025-06-23,12:00,True,-95.49715008664381,-261.8588246594154,36.92469985844306,323.80788338456966,258.8188697785872,emergency
Q4-3,2025-06-23,18:00,True,-141.06508386063334,-211.48933059383853,22.286616944463354,318.19763678695256,226.98861388520106,emergency
Q4-3,2025-06-24,06:00,True,173.45465225391166,-85.81347127895064,52.882173289868206,514.3384850272384,414.0487424864459,emergency
Q4-3,2025-06-24,12:00,True,-408.01678244627624,-576.4410493477844,43.12626248720825,308.5583089665559,234.20619703430822,emergency
Q4-3,2025-06-24,18:00,True,25.475671742337322,8.610434676912519,22.623571511851647,300.902369965736,268.5072117456624,emergency
Q4-3,2025-06-25,06:00,True,968.2882672574696,-568.8777127309055,47.76070138741929,2546.2874354909554,533.1772931244163,emergency
Q4-3,2025-06-25,12:00,True,-103.23048431461261,-810.8244553366112,37.99777273082914,821.4010824077848,334.28609963604345,emergency
Q4-3,2025-06-25,18:00,True,-217.21570994038808,-329.72435044337607,22.157095144149604,408.53781573708136,229.16244745521487,emergency
Q4-3,2025-06-26,06:00,True,-356.70423156787604,-1392.5726995606083,42.486479107032544,1691.0676913030513,395.4080062220153,emergency
Q4-3,2025-06-26,12:00,True,465.93742954616766,235.152320245821,35.67229827144601,457.47905289219034,729.2622840967061,economic
Q4-3,2025-06-26,18:00,True,-3.2887812036561375,-24.214865370540338,21.80776284203685,286.14664004263295,259.4761939291826,emergency
Q4-3,2025-06-27,06:00,True,128.75754192728292,-47.10010136637993,19.884732336818796,158.44114715453082,1.9841467414230465,emergency
Q4-3,2025-06-27,12:00,True,257.9505814370489,197.56592085401547,18.206477993931454,0.0,14.177728267258203,economic
Q4-3,2025-06-27,18:00,False,2.2431100485679445,0.4485443588597492,13.087473408265003,1.7067214790815797,1.8834778147127054,keep
Q4-3,2025-06-28,06:00,True,-131.09485538153103,-272.77187023581524,20.297395116627484,233.0105700573505,152.17431013981724,emergency
Q4-3,2025-06-28,12:00,True,471.6970694657464,382.961392791608,18.54949082576109,0.0,14.177728267258203,economic
Q4-3,2025-06-28,18:00,False,2.1801807122825005,0.4769145308116549,13.581982406982021,1.0346339750770994,0.0,keep
Q4-3,2025-06-29,06:00,True,1650.3317409724875,-185.18455350446038,47.54002153566865,2685.6314820367784,250.23739052406472,emergency
Q4-3,2025-06-29,12:00,True,504.7026024194944,365.83750835449075,38.50151332944208,583.1607873758253,636.8747682667106,economic
Q4-3,2025-06-29,18:00,True,86.20266175675104,26.950542122835486,22.46902949066389,254.9840432222968,282.2464316189995,economic
Q4-3,2025-06-30,06:00,True,-431.9557152558584,-663.5621171856174,44.0691717608052,546.4730281938314,326.67202059296073,emergency
Q4-3,2025-06-30,12:00,True,-352.7319720220976,-563.1951866618738,36.77525445579997,693.8184771366701,498.83104140357796,emergency
Q4-3,2025-06-30,18:00,True,314.5689416847311,180.1955666139179,22.30180561593705,223.92837423224785,319.3923447222513,economic
Q4-3,2025-07-01,06:00,True,33643.176188360325,27521.07242707859,98.61402500896176,15011.130659057482,1457.019002733445,economic
Q4-3,2025-07-01,12:00,True,2873.830306960313,1644.715331325685,52.49133139046902,157.02944066421367,925.5734242291039,economic
Q4-3,2025-07-01,18:00,True,226.51268475915026,150.68949460498627,30.13081265026119,456.80361589172765,388.08072291039775,economic
Q4-3,2025-07-02,06:00,True,8633.967824231668,5853.206392941924,64.64045493437162,6680.494631017556,1683.3305065103107,economic
Q4-3,2025-07-02,12:00,True,3946.4780491668134,2758.159895159453,47.22209207002524,87.63403790318864,897.2435837409063,economic
Q4-3,2025-07-02,18:00,True,154.3441641854712,102.48701074495375,28.98254586330783,457.4572634952349,385.76504644777447,economic
Q4-3,2025-07-03,06:00,True,13082.254268871531,9616.729816054592,80.4784998913753,8322.571867238576,2240.6312141772214,economic
Q4-3,2025-07-03,12:00,True,2169.489032545926,1731.9087449152503,52.193104109842295,182.8142683553117,285.9733773499969,economic
Q4-3,2025-07-03,18:00,True,623.0540233182203,145.36062021153583,30.109168063823507,365.81116125989547,364.40352634327064,economic
Q4-3,2025-07-04,06:00,True,255.07274992376284,-52.9443230200116,24.9341067207146,2334.1086611524306,907.5531722575043,emergency
Q4-3,2025-07-04,12:00,True,511.20546583961914,511.20546583961914,22.206252206525036,3.5203776949228995,3.5203776949228995,economic
Q4-3,2025-07-04,18:00,False,0.0,0.0,16.82692326251615,3.203556445377785,3.203556445377785,keep
Q4-3,2025-07-05,06:00,True,-25.45325727393719,-44.50160560342556,23.90372313227697,277.4289365075474,255.17582234337226,emergency
Q4-3,2025-07-05,12:00,False,8.320347620636763,-0.9508164740946086,22.340040407265217,0.0,0.0,keep
Q4-3,2025-07-05,18:00,False,0.0,0.0,16.776037292366272,17.967494674201703,17.967494674201703,keep
Q4-3,2025-07-06,06:00,True,13590.783414545436,8704.77232619316,78.09453059930468,9272.949091629305,1389.8491657182926,economic
Q4-3,2025-07-06,12:00,True,497.92087218964735,285.3346013341099,53.63009980426113,536.2192697588748,673.435143025738,economic
Q4-3,2025-07-06,18:00,True,736.0870771142744,175.76552715400877,30.80699122108208,390.7986364679065,374.61358520616534,economic
Q4-3,2025-07-07,06:00,True,1484.807853053164,63.6755172778003,55.05896491836985,2195.3484674464507,1056.316323536029,economic
Q4-3,2025-07-07,12:00,True,-675.9293250865693,-1108.7845737361577,47.827118568472315,554.2056749585099,220.6527668629127,emergency
Q4-3,2025-07-07,18:00,True,943.0161085272905,343.71403355717575,30.043592185732066,342.74895371949174,383.7120266214382,economic
Q4-3,2025-07-08,06:00,True,-891.7264641176835,-2022.7652728740425,56.86139222515905,1065.6042592107383,408.07237478199784,emergency
Q4-3,2025-07-08,12:00,True,-261.61702427329567,-622.4839406284591,50.15484896786072,484.71684976810036,154.35482008337405,emergency
Q4-3,2025-07-08,18:00,True,715.8555081017358,410.91766810778694,30.663202330517418,422.5591995096263,388.08072291039764,economic
Q4-3,2025-07-09,06:00,True,92.2155304374924,-28.746090127550087,54.86785982742792,1234.8893088786904,1126.0617114919494,emergency
Q4-3,2025-07-09,12:00,True,-1374.4294432417169,-2364.6036867285648,48.30479260470375,854.1225580251122,111.38333121371033,emergency
Q4-3,2025-07-09,18:00,True,1072.2889263114168,412.75592859542934,30.431370493299006,218.7290762819855,345.04279903873703,economic
Q4-3,2025-07-10,06:00,True,-955.5366404534107,-2278.266167715152,52.92938219920316,1688.1440612172664,862.1779797043955,emergency
Q4-3,2025-07-10,12:00,True,1061.7556398708755,727.2893343647484,48.08610630985728,420.5276685093713,206.09383486893853,economic
Q4-3,2025-07-10,18:00,True,405.94471708912545,267.11137233910324,29.72971628212051,264.7814800545758,234.12150890806606,economic
Q4-3,2025-07-11,06:00,False,0.0,0.0,31.58562573427135,0.0,0.0,keep
Q4-3,2025-07-11,12:00,False,-146.64677631375517,-200.60342184080218,27.775048863415485,21.925704800481753,0.0,keep
Q4-3,2025-07-11,18:00,False,0.0,0.0,19.780037912039713,0.0,0.0,keep
Q4-3,2025-07-12,06:00,True,-126.17894449041947,-181.71523306408562,28.28860012247104,64.19360500032235,58.404503559231784,emergency
Q4-3,2025-07-12,12:00,False,37.92332069399968,8.951790450817498,26.480501478950966,4.503274868684798,0.0,keep
Q4-3,2025-07-12,18:00,True,37.03908749993194,24.525882263467338,19.583642056258153,0.0,0.0,economic
Q4-3,2025-07-13,06:00,True,-142.16701178226882,-230.13798663246052,54.24635189531523,123.64437847496231,37.51237834726771,emergency
Q4-3,2025-07-13,12:00,True,-249.46846177525848,-450.6224380677422,48.50810521737636,339.6836580122067,209.88147501658455,emergency
Q4-3,2025-07-13,18:00,True,309.8710840170064,165.25452932512496,29.07850937568876,436.3174999276721,372.46351995426323,economic
Q4-3,2025-07-14,06:00,True,-270.5294210740331,-880.718619568816,52.08754202100678,755.5521115450077,704.3316951871518,emergency
Q4-3,2025-07-14,12:00,True,-357.31201770826937,-1366.113878935139,47.00234372043375,930.8082812599342,184.85043884948345,emergency
Q4-3,2025-07-14,18:00,True,796.3709940552432,415.10870415161526,30.56688093674858,387.4016259702023,390.67403047629296,economic
Q4-3,2025-07-15,06:00,False,43.88808194420589,9.577548748408347,53.42974094470664,140.70970476465186,134.68619500571572,keep
Q4-3,2025-07-15,12:00,True,-302.2517773208813,-505.0256811647323,46.53292660300808,356.24958246586345,257.0142546702299,emergency
Q4-3,2025-07-15,18:00,True,335.5093224955501,185.67134955031253,29.417810377718485,351.8423633771191,352.2945100385208,economic
Q4-3,2025-07-16,06:00,True,-115.60717515369547,-222.33547635342984,52.831287106296074,397.2291670348484,321.19575820621344,emergency
Q4-3,2025-07-16,12:00,True,-1011.2957861364632,-1639.3908658885412,47.60773482077254,1274.4613022670396,714.1037745406271,emergency
Q4-3,2025-07-16,18:00,True,411.33926801164023,212.38753716092228,30.423872482118238,410.4346532488679,319.9140803377734,economic
Q4-3,2025-07-17,06:00,True,-241.3218257830339,-1420.9903495283834,53.41275641277033,807.0093931506877,626.2789233989665,emergency
Q4-3,2025-07-17,12:00,True,355.58677437659105,-325.1124397589939,47.19533444604531,642.1918759503831,105.68471015295358,emergency
Q4-3,2025-07-17,18:00,True,684.8974851531099,402.85064461988947,29.82759018485699,361.1668464022191,382.6062338167076,economic
Q4-3,2025-07-18,06:00,False,0.0,0.0,34.92890419099139,0.0,0.0,keep
Q4-3,2025-07-18,12:00,False,-124.54535571262606,-161.01325842999358,31.240033504242756,6.734268438920935,0.0,keep
Q4-3,2025-07-18,18:00,False,0.0,0.0,20.371858369075944,4.044472377263446,4.044472377263446,keep
Q4-3,2025-07-19,06:00,False,-0.7936082911453144,-0.9008526548132068,34.36790734245272,0.0,0.0,keep
Q4-3,2025-07-19,12:00,False,-2.5475771503886664,-3.2003738501734915,32.01178188128954,0.0,0.0,keep
Q4-3,2025-07-19,18:00,False,-17.60665399699324,-23.10873337105295,20.514827562641774,0.0,0.0,keep
Q4-3,2025-07-20,06:00,False,-180.47581883275024,-269.53589488939724,54.76020660140255,136.9484904402841,136.9484904402841,keep
Q4-3,2025-07-20,12:00,True,-566.0730501273101,-852.2985348824441,48.851113795619916,228.5632326421362,44.71406556820486,emergency
Q4-3,2025-07-20,18:00,True,209.54557788068368,117.12918578874199,29.544618269446765,183.40316542643927,212.9644360040096,economic
Q4-3,2025-07-21,06:00,True,-184.28942668191718,-263.57853404053907,56.17333792695327,67.0367117539887,25.800634808746395,emergency
Q4-3,2025-07-21,12:00,True,-827.7336325577025,-1345.1582996242073,49.85648019573151,922.8874974659539,587.1676606904217,emergency
Q4-3,2025-07-21,18:00,True,486.5555605548053,287.31584001463585,30.040678235593624,169.80007250383187,290.0933696885794,economic
Q4-3,2025-07-22,06:00,True,-68.64880940421034,-1253.2892336883572,57.62054817411873,2841.0690187468026,1298.8834928324573,emergency
Q4-3,2025-07-22,12:00,True,1558.3238083837307,1298.0482048471167,50.33025450805,208.3797882343638,76.71470089172658,economic
Q4-3,2025-07-22,18:00,True,324.76114594268483,152.96131951033567,30.49275794485146,226.0804010160117,266.9465101494184,economic
Q4-3,2025-07-23,06:00,False,-90.21099135340774,-110.63601942456626,60.714331695778284,1.8565665562184677,6.821210263296962e-13,keep
Q4-3,2025-07-23,12:00,True,-632.9030386612459,-927.2648132812101,52.72822891462822,198.90644357991118,70.85361858606962,emergency
Q4-3,2025-07-23,18:00,True,562.2263061601199,300.41267173996715,29.58140736234981,188.25545289790114,298.4714435057242,economic
Q4-3,2025-07-24,06:00,True,-47.16897100431353,-79.78639718345948,61.67005657304808,136.80213400650467,85.61335333223138,emergency
Q4-3,2025-07-24,12:00,True,-904.3635705700175,-1390.639729415916,52.24025976251756,398.8509588138724,84.71646089243893,emergency
Q4-3,2025-07-24,18:00,True,393.27858566617095,204.45593478960882,30.03868816593697,182.4632860151928,302.4529660642618,economic
Q4-3,2025-07-25,06:00,True,-389.54092592724135,-505.1826103817766,30.473126115107515,86.80920513522108,19.105976653098054,emergency
Q4-3,2025-07-25,12:00,True,504.2769156830713,504.04483850721954,28.400054387716388,0.0,0.0,economic
Q4-3,2025-07-25,18:00,False,1.1377718745570746,1.1377718745570746,20.43279841889041,0.0,0.0,keep
Q4-3,2025-07-26,06:00,False,-17.398896142944718,-21.181264869672304,31.28827783135196,25.463090937581683,15.77336113146805,keep
Q4-3,2025-07-26,12:00,True,-1.1022236928407831,-40.136619996078025,27.595192099402542,89.5674185307139,1.3952864948333286,emergency
Q4-3,2025-07-26,18:00,True,-41.55705431505163,-74.5576729582026,19.805311746665158,85.27211409413604,2.1600499167107046e-12,emergency
Q4-3,2025-07-27,06:00,True,-196.00838862680172,-558.2637976735514,55.3857777638918,664.1345552661782,406.12352367782887,emergency
Q4-3,2025-07-27,12:00,True,-1938.5664312758436,-2986.872785539814,45.21399853132513,961.8935652565632,182.08157790646578,emergency
Q4-3,2025-07-27,18:00,True,430.78475367400745,269.2533210751171,29.958219417837384,166.87807535603497,305.3373793915151,economic
Q4-3,2025-07-28,06:00,True,-1117.5694211505217,-2190.9193432449,58.712710612851936,2056.94720398564,518.7123916818703,emergency
Q4-3,2025-07-28,12:00,True,1028.4667364359725,738.1132734785033,50.48591251752286,973.6865697224187,423.53455517769476,economic
Q4-3,2025-07-28,18:00,True,404.1547818008848,222.98112409608714,29.39104752728046,209.71263599362965,313.2838544280486,economic
Q4-3,2025-07-29,06:00,True,1012.6450207773853,-97.82088364896944,56.51604686751603,1663.0969685076298,479.5178801521709,emergency
Q4-3,2025-07-29,12:00,True,1079.6097105763677,728.1986205535951,47.730640770340976,317.81174328040174,434.38966762955636,economic
Q4-3,2025-07-29,18:00,False,44.42663001354822,27.713610444255803,28.86930962967262,288.67123587477465,319.92820424523916,keep
Q4-3,2025-07-30,06:00,True,846.604366015679,-373.00265862169897,53.53071648405017,2569.8482484711744,1173.4769907776163,emergency
Q4-3,2025-07-30,12:00,True,176.93305726122594,58.33303312836125,45.934018059919744,687.0530763366596,695.2859331356102,economic
Q4-3,2025-07-30,18:00,True,67.8448698815299,48.549898323099114,28.947859248139444,272.6767267397472,300.0406552741907,economic
Q4-3,2025-07-31,06:00,True,94.69350236863897,53.60332913917087,52.10226908108844,190.22989112392918,150.72307928931048,economic
Q4-3,2025-07-31,12:00,True,-38.68159172052921,-79.65610322606153,44.94246843001222,175.8024857594079,152.72866357462306,emergency
Q4-3,2025-07-31,18:00,True,4.777722044957304,-10.51059401216935,28.368200033967426,293.15893257078073,275.1263735424774,emergency
Q4-3,2025-08-01,06:00,False,-7.394811930011332,-10.528206815608428,28.65227046225103,9.26893935142914,4.563700668223902,keep
Q4-3,2025-08-01,12:00,False,-14.637772001274568,-17.819896349377814,27.14659289718903,0.0,0.0,keep
Q4-3,2025-08-01,18:00,False,-43.53798934910252,-57.30962081180769,19.08748899900742,11.112523439963752,0.0,keep
Q4-3,2025-08-02,06:00,False,0.0,0.0,31.21534387502892,0.0,0.0,keep
Q4-3,2025-08-02,12:00,False,-9.034959207790832,-16.375069529254688,28.886574928964286,18.2951449966572,0.0,keep
Q4-3,2025-08-02,18:00,True,-49.10071593835145,-91.44902407201153,19.237660950555316,102.17197259595991,3.183231456205249e-12,emergency
Q4-3,2025-08-03,06:00,True,-709.46816032513,-1254.9713776720778,46.35414111373064,805.878949380499,363.53752074070235,emergency
Q4-3,2025-08-03,12:00,True,1217.5543131149707,1156.0409946086784,43.275326236322734,12.41846288528177,0.0,economic
Q4-3,2025-08-03,18:00,True,282.9837136881708,212.98155416871188,28.530957077140975,102.18320119911209,142.1005199133142,economic
Q4-3,2025-08-04,06:00,True,-18.34352329887639,-130.40062547257952,49.43257643416076,167.3378262496684,91.83148895802333,emergency
Q4-3,2025-08-04,12:00,True,194.63773164134992,155.65675677553455,45.326306109745104,19.418671883453612,0.0,economic
Q4-3,2025-08-04,18:00,True,34.00033156693234,-22.230876553050823,28.760432707213404,371.7912586995768,322.86872076285067,emergency
Q4-3,2025-08-05,06:00,False,-76.94379794699933,-97.77536777963542,48.84234627748208,19.41433440389676,19.41433440389676,keep
Q4-3,2025-08-05,12:00,False,0.0,0.0,44.420421732175335,0.0,0.0,keep
Q4-3,2025-08-05,18:00,False,32.20848704513706,-9.234050925539577,29.340109691801747,186.1288786070694,185.15954724582014,keep
Q4-3,2025-08-06,06:00,False,-51.40574972575035,-66.60182821163471,56.87343110382605,17.70999068184392,17.70999068184392,keep
Q4-3,2025-08-06,12:00,False,-35.47020071280831,-75.78411718618877,53.076155031139415,47.28895394233143,15.435909033831507,keep
Q4-3,2025-08-06,18:00,False,36.97689897843865,-34.82475838392131,29.509829903996337,46.03776379705141,46.31817309022779,keep
Q4-3,2025-08-07,06:00,True,-43.79389440253908,-69.21571572112589,53.23045642645124,73.49873381180032,30.37953274873223,emergency
Q4-3,2025-08-07,12:00,False,-17.088083726601585,-40.91145114316441,46.00648307462114,99.05339400516357,106.89126962868409,keep
Q4-3,2025-08-07,18:00,False,33.30886020835319,-14.159873673957918,28.740700354184707,70.5225023354825,75.47374987534965,keep
Q4-3,2025-08-08,06:00,False,-6.955611765060376,-9.129240441641741,26.969999425876026,0.0,0.0,keep
Q4-3,2025-08-08,12:00,False,0.0,0.0,25.519747756187062,0.0,0.0,keep
Q4-3,2025-08-08,18:00,False,6.496390726949487e-14,0.0,19.755475726059483,0.0,0.0,keep
Q4-3,2025-08-09,06:00,False,-7.646516842136148,-10.036053355303011,27.398915400795996,0.0,0.0,keep
Q4-3,2025-08-09,12:00,False,0.0,0.0,26.220369769310082,0.0,0.0,keep
Q4-3,2025-08-09,18:00,False,0.0,0.0,19.931505007993316,0.0,0.0,keep
Q4-3,2025-08-10,06:00,True,-30.250305095184295,-89.35491295820975,55.177026615678656,53.07939125863652,0.0,emergency
Q4-3,2025-08-10,12:00,False,0.0,0.0,49.909296706882714,0.0,0.0,keep
Q4-3,2025-08-10,18:00,False,0.0,0.0,30.286495663716977,0.0,0.0,keep
Q4-3,2025-08-11,06:00,False,0.0,0.0,51.17134846752788,0.0,0.0,keep
Q4-3,2025-08-11,12:00,False,0.0,0.0,45.73068668471199,0.0,0.0,keep
Q4-3,2025-08-11,18:00,False,0.0,0.0,29.7356719988185,5.684341886080802e-14,5.684341886080802e-14,keep
Q4-3,2025-08-12,06:00,False,-4.612085030981168,-11.586265517187712,57.10373284578348,7.115777993051324,0.0,keep
Q4-3,2025-08-12,12:00,False,0.0,0.0,52.11627704664296,0.0,0.0,keep
Q4-3,2025-08-12,18:00,False,0.0,0.0,30.36421321294692,0.0,0.0,keep
Q4-3,2025-08-13,06:00,False,-7.890592842685821,-9.73970268022822,49.938809730582705,6.457298183847342,4.722726239952259,keep
Q4-3,2025-08-13,12:00,False,-8.427844674721333,-27.51192117066239,44.678195939503475,41.215450471254485,25.777961387473795,keep
Q4-3,2025-08-13,18:00,False,-19.529991053012445,-42.35991418412232,29.59500021318882,23.23506548508783,6.3830432389881935,keep
Q4-3,2025-08-14,06:00,False,-5.477922342175849,-7.841527637348918,53.23540880068258,5.677946227400184,0.0,keep
Q4-3,2025-08-14,12:00,False,0.0,0.0,47.57276771837663,0.0,0.0,keep
Q4-3,2025-08-14,18:00,False,0.0,0.0,30.064019271662048,7.151491284778103,7.151491284778103,keep
Q4-3,2025-08-15,06:00,False,0.0,0.0,29.636928530320237,0.0,0.0,keep
Q4-3,2025-08-15,12:00,False,0.0,0.0,28.088159170913382,0.0,0.0,keep
Q4-3,2025-08-15,18:00,False,0.0,0.0,19.68360641755543,0.0,0.0,keep
Q4-3,2025-08-16,06:00,False,-4.146521956348677,-6.303731702049845,29.281107658226496,0.30830723344263333,0.0,keep
Q4-3,2025-08-16,12:00,False,0.0,0.0,28.315393813056122,0.0,0.0,keep
Q4-3,2025-08-16,18:00,False,0.0,0.0,19.508829147553964,0.0,0.0,keep
Q4-3,2025-08-17,06:00,False,0.0,0.0,55.558968077280035,0.0,0.0,keep
Q4-3,2025-08-17,12:00,False,0.0,0.0,48.41386355059642,0.0,0.0,keep
Q4-3,2025-08-17,18:00,False,0.0,0.0,30.389119387397376,12.233905189619975,12.233905189619975,keep
Q4-3,2025-08-18,06:00,False,0.0,0.0,55.28305719716939,0.0,0.0,keep
Q4-3,2025-08-18,12:00,False,-10.70910802862623,-13.464072383038001,48.659183516922276,0.5573705726827711,0.0,keep
Q4-3,2025-08-18,18:00,False,0.0,0.0,29.882648004248303,13.172901228641535,13.172901228641535,keep
Q4-3,2025-08-19,06:00,False,0.0,0.0,53.83858230868469,0.0,0.0,keep
Q4-3,2025-08-19,12:00,False,-24.789796995654275,-30.914012553585053,48.274881764439435,1.7454292200003465,0.0,keep
Q4-3,2025-08-19,18:00,False,-0.008756452669591195,-0.01746806045775884,30.217687360654203,0.0071898336957474385,0.0,keep
Q4-3,2025-08-20,06:00,True,-39.90923338312885,-76.2251024588113,58.19582714706853,53.35090285830984,0.0,emergency
Q4-3,2025-08-20,12:00,False,0.0,0.0,50.733130122100995,0.0,0.0,keep
Q4-3,2025-08-20,18:00,False,0.0,0.0,30.115516730389565,22.782444237878053,22.782444237878053,keep
Q4-3,2025-08-21,06:00,False,-4.8199045001987795,-7.3990951239538845,54.09888460412385,0.5886525993699365,0.0,keep
Q4-3,2025-08-21,12:00,False,-19.710877972703592,-24.580367850416224,47.66742056759604,1.2612700369542154,0.0,keep
Q4-3,2025-08-21,18:00,False,0.0,0.0,29.429576788232627,15.267091732973313,15.267091732973313,keep
Q4-3,2025-08-22,06:00,False,-32.0422890499315,-39.008004060786334,27.88159721359798,0.0,0.0,keep
Q4-3,2025-08-22,12:00,False,0.0,0.0,26.73068974677412,0.0,0.0,keep
Q4-3,2025-08-22,18:00,False,-42.3727633817368,-65.9131874827035,19.071294858039263,29.06801944067672,1.1368683772161603e-13,keep
Q4-3,2025-08-23,06:00,False,-5.700572245621386,-9.49840313344248,26.001244291219294,8.25401239824248,4.831690603168681e-13,keep
Q4-3,2025-08-23,12:00,False,1.948917218084846e-13,0.0,24.543833765288475,0.0,0.0,keep
Q4-3,2025-08-23,18:00,False,-26.712644034461455,-41.55300183138388,19.038475033616756,18.80524147778351,4.831690603168681e-13,keep
Q4-3,2025-08-24,06:00,True,-25.137575869285683,-43.092987204487144,54.89556834214787,71.90124306469852,34.92742306943063,emergency
Q4-3,2025-08-24,12:00,False,-71.86914142953968,-88.90225345116869,49.83223767843352,0.0,0.0,keep
Q4-3,2025-08-24,18:00,False,-33.10621273554833,-51.49855314418528,30.215046132036914,20.609142413699715,1.3642420526593924e-12,keep
Q4-3,2025-08-25,06:00,True,69.69114481405008,4.549277962789347,68.00869714052314,58.09095393102268,15.45845878047595,emergency
Q4-3,2025-08-25,12:00,False,0.0,0.0,59.04345560444756,0.0,0.0,keep
Q4-3,2025-08-25,18:00,False,0.0,0.0,29.404720594380883,4.5463466117919324,4.5463466117919324,keep
Q4-3,2025-08-26,06:00,True,-436.47482110237576,-660.2461302959646,56.03932641981995,165.23706340243905,26.21611744977929,emergency
Q4-3,2025-08-26,12:00,True,624.1383047195413,624.1383047195413,50.667428965205815,0.0,0.0,economic
Q4-3,2025-08-26,18:00,False,0.0,0.0,30.248359518053995,43.47153593933854,43.47153593933854,keep
Q4-3,2025-08-27,06:00,True,63.80616835364077,-1221.1734697253542,58.135558856651826,1358.3964467134192,93.78189265453693,emergency
Q4-3,2025-08-27,12:00,True,2967.8026082651118,2746.610651245832,48.83542080613639,0.0,132.6938846257688,economic
Q4-3,2025-08-27,18:00,False,0.0,0.0,28.978828935664627,29.804131507474608,29.804131507474608,keep
Q4-3,2025-08-28,06:00,True,-863.2960369486398,-1585.378561480967,54.17086531590662,679.3946582865093,73.06652762369254,emergency
Q4-3,2025-08-28,12:00,True,1572.6947916583554,1498.915045215699,45.3383182922301,0.0,43.89108933841736,economic
Q4-3,2025-08-28,18:00,False,0.0,0.0,28.881314976068207,29.399416458215455,29.399416458215455,keep
Q4-3,2025-08-29,06:00,False,-1.948917218084846e-13,-9.094947017729282e-13,30.102651086871983,0.0,0.0,keep
Q4-3,2025-08-29,12:00,False,-4.845030686678976,-5.898298227260966,27.214447676012195,0.0,0.0,keep
Q4-3,2025-08-29,18:00,False,-8.332727372757354,-14.886475666586193,18.703630432484744,6.68169198886153,4.831690603168681e-13,keep
Q4-3,2025-08-30,06:00,False,-0.6903428154844602,-0.8729756028260454,29.029995290468936,0.05817136886813046,0.0,keep
Q4-3,2025-08-30,12:00,False,39.35893719512414,9.313435872776608,27.538244598836553,13.3017223911271,0.0,keep
Q4-3,2025-08-30,18:00,False,-20.376625694624046,-33.49381462342717,18.94601914345519,19.424465390846763,0.0,keep
Q4-3,2025-08-31,06:00,False,-33.07207799483096,-40.26166016761999,52.87278144953966,8.881982611263538,8.881982611263538,keep
Q4-3,2025-08-31,12:00,False,0.0,0.0,47.073448530856936,0.0,0.0,keep
Q4-3,2025-08-31,18:00,False,0.0,0.0,28.94453793341727,136.52184267640087,136.52184267640087,keep
Q4-3,2025-09-01,06:00,False,-7.406525095715036,-33.931573733283585,48.773293403036625,25.868961161994605,0.0,keep
Q4-3,2025-09-01,12:00,False,0.0,0.0,41.39771934937002,0.0,0.0,keep
Q4-3,2025-09-01,18:00,False,0.0,0.0,23.791159659737932,0.0,0.0,keep
Q4-3,2025-09-02,06:00,True,-497.54182904880275,-593.4724349704629,44.86478601413905,124.8312401409645,57.85510416907658,emergency
Q4-3,2025-09-02,12:00,True,190.47072828449018,190.47072828449018,38.51672014308717,0.0,0.0,economic
Q4-3,2025-09-02,18:00,False,0.0,0.0,24.255510906555013,5.0874251401644415,5.0874251401644415,keep
Q4-3,2025-09-03,06:00,True,-242.64846027724266,-312.9301335513883,46.691985053075086,129.70632291061247,41.64380449038106,emergency
Q4-3,2025-09-03,12:00,False,0.0,0.0,41.705504528655695,0.0,0.0,keep
Q4-3,2025-09-03,18:00,False,0.0,0.0,23.87686070826726,19.684893953366895,19.684893953366895,keep
Q4-3,2025-09-04,06:00,True,-309.2440773221205,-417.569299169646,45.19875599542563,149.59692634672314,58.75794804835459,emergency
Q4-3,2025-09-04,12:00,False,2.598556290779795e-13,0.0,41.43453251435302,0.0,0.0,keep
Q4-3,2025-09-04,18:00,False,0.0,0.0,23.16635512515812,18.019905741297634,18.019905741297634,keep
Q4-3,2025-09-05,06:00,True,-104.53679425426371,-233.19397759610047,20.892907225121267,316.05660036520027,44.585339057015325,emergency
Q4-3,2025-09-05,12:00,False,0.0,0.0,19.826095311182904,0.0,0.0,keep
Q4-3,2025-09-05,18:00,False,0.0,0.0,14.893701129968157,155.4917298693532,155.4917298693532,keep
Q4-3,2025-09-06,06:00,True,-132.26050697975668,-264.36882459286244,21.151712722767556,332.5565258120882,75.92548804060732,emergency
Q4-3,2025-09-06,12:00,False,-51.67165617914212,-76.25406857952476,19.845781397024776,25.896332873093456,1.2505552149377763e-12,keep
Q4-3,2025-09-06,18:00,True,-34.79630486853356,-59.8962171012156,14.299655780309822,156.95521796891614,73.10494687922545,emergency
Q4-3,2025-09-07,06:00,True,-755.7420870525474,-1254.967222362713,40.38085699288539,655.6922080699542,223.4165780354407,emergency
Q4-3,2025-09-07,12:00,True,717.2844138766956,717.2844138766941,36.402297947791695,0.0,0.0,economic
Q4-3,2025-09-07,18:00,False,0.0,0.0,22.83809239961869,0.0,0.0,keep
Q4-3,2025-09-08,06:00,True,-217.22608342851152,-381.1258902074678,46.34782536664656,314.00075510357317,89.62188038202919,emergency
Q4-3,2025-09-08,12:00,False,-16.21340279517037,-65.5181082688432,39.07365957646283,44.84554943103251,0.0,keep
Q4-3,2025-09-08,18:00,False,0.0,0.0,22.23546266395014,32.872516921765396,32.872516921765396,keep
Q4-3,2025-09-09,06:00,True,-552.9182165264136,-1201.7675030967582,40.072302702065784,507.7681230139716,124.40043133688505,emergency
Q4-3,2025-09-09,12:00,True,1196.3549596546202,1196.3549596546181,36.38484558155377,0.0,2.2737367544323206e-12,economic
Q4-3,2025-09-09,18:00,False,0.0,0.0,21.938869184727256,46.80405546064344,46.80405546064344,keep
Q4-3,2025-09-10,06:00,True,-138.27880925715556,-259.65318198700226,46.85743915082821,218.68410883150779,77.62496421432581,emergency
Q4-3,2025-09-10,12:00,False,0.0,0.0,39.039912263032285,0.0,0.0,keep
Q4-3,2025-09-10,18:00,False,0.0,0.0,21.89012308494831,29.730462279283984,29.730462279283984,keep
Q4-3,2025-09-11,06:00,True,-163.01798026856315,-254.19263163450978,44.6111468947677,192.9709257896564,102.54833747191418,emergency
Q4-3,2025-09-11,12:00,False,0.0,0.0,39.8008840748777,0.0,0.0,keep
Q4-3,2025-09-11,18:00,False,-16.854527713446522,-18.047984122917114,20.863788567381754,0.0,0.0,keep
Q4-3,2025-09-12,06:00,True,-53.5065968161166,-127.01792682441737,22.261534093490788,159.4817176091816,52.904907816520506,emergency
Q4-3,2025-09-12,12:00,False,0.0,0.0,20.395442931631635,0.0,0.0,keep
Q4-3,2025-09-12,18:00,False,0.0,0.0,14.298885300029283,80.4166397395619,80.4166397395619,keep
Q4-3,2025-09-13,06:00,True,-45.13316344857055,-100.18776784094734,22.073883309496356,145.2206831480117,60.366264119575305,emergency
Q4-3,2025-09-13,12:00,False,0.0,0.0,20.408975164543435,0.0,0.0,keep
Q4-3,2025-09-13,18:00,False,0.0,0.0,14.431169989957043,74.88088794907668,74.88088794907668,keep
Q4-3,2025-09-14,06:00,False,-11.262356054297664,-39.41824619003455,48.32865100204777,46.0379665419112,21.38945914981946,keep
Q4-3,2025-09-14,12:00,False,0.0,0.0,38.983624287234214,0.0,0.0,keep
Q4-3,2025-09-14,18:00,False,0.0,0.0,21.614149780981915,105.75697026784121,105.75697026784121,keep
Q4-3,2025-09-15,06:00,True,-217.68123253179107,-382.39642056034063,39.87084031886239,175.45419880710546,45.84228030629714,emergency
Q4-3,2025-09-15,12:00,True,-49.29825337701095,-125.01131699858252,35.485056369024015,118.68559123307898,68.70977323921971,emergency
Q4-3,2025-09-15,18:00,False,0.0,0.0,20.990300269233877,102.6204905012545,102.6204905012545,keep
Q4-3,2025-09-16,06:00,True,-55.11414159318311,-244.814955795875,47.74584396390698,195.253856975146,33.01450827747547,emergency
Q4-3,2025-09-16,12:00,False,0.0,0.0,41.00486419555852,0.0,0.0,keep
Q4-3,2025-09-16,18:00,True,-14.424211430307293,-20.70235263334689,21.530829307353468,156.4897511630731,138.6400622696255,emergency
Q4-3,2025-09-17,06:00,True,-63.750836576441685,-315.31154856885405,45.760563502275424,300.29826266601606,98.57046023657261,emergency
Q4-3,2025-09-17,12:00,False,0.0,0.0,39.398409608155454,0.0,0.0,keep
Q4-3,2025-09-17,18:00,False,0.0,0.0,20.489791657799096,135.16542451965336,135.16542451965336,keep
Q4-3,2025-09-18,06:00,True,-330.2706709310654,-1037.129198048911,40.51305058168314,1137.1437517147192,240.43219075178956,emergency
Q4-3,2025-09-18,12:00,True,599.3967016585054,585.9018540146599,35.102539067722795,137.21473795642157,126.7606252864108,economic
Q4-3,2025-09-18,18:00,True,-43.93355408186497,-63.727404734476295,20.788543532719913,234.24058872990497,185.54821953216288,emergency
Q4-3,2025-09-19,06:00,True,-34.530352246814346,-79.69669266909114,23.999990946745058,81.51844211822049,1.1368683772161603e-13,emergency
Q4-3,2025-09-19,12:00,False,0.0,0.0,21.066106709539266,0.0,0.0,keep
Q4-3,2025-09-19,18:00,False,-24.804414379717787,-31.182187998554582,13.883211466046305,71.41419609204021,68.36326849397935,keep
Q4-3,2025-09-20,06:00,False,-18.80093750890332,-38.551133448201654,23.427660788074792,48.86597360940374,12.160422983389708,keep
Q4-3,2025-09-20,12:00,False,-12.791391256002303,-18.211472296679858,21.245950167416282,0.0,0.0,keep
Q4-3,2025-09-20,18:00,False,-44.15069050491055,-72.77352710030596,13.66532509696821,42.30060676671681,39.751936173702944,keep
Q4-3,2025-09-21,06:00,True,20.612892622983573,-52.342557068376976,44.2160263686121,138.01606709166873,51.26200135160937,emergency
Q4-3,2025-09-21,12:00,False,0.0,0.0,37.49546527943847,0.0,0.0,keep
Q4-3,2025-09-21,18:00,False,0.0,0.0,20.93548903782709,39.79496100625818,39.79496100625818,keep
Q4-3,2025-09-22,06:00,True,-17.52014192693722,-79.32763735168464,47.83832014664573,143.08252754301128,77.21850663965483,emergency
Q4-3,2025-09-22,12:00,False,0.0,0.0,41.86535480282868,0.0,0.0,keep
Q4-3,2025-09-22,18:00,False,0.0,0.0,21.022612369572247,80.77751917644582,80.77751917644582,keep
Q4-3,2025-09-23,06:00,True,-58.8682829688526,-137.2139500527246,45.84573964366686,143.08252754301122,77.21850663965478,emergency
Q4-3,2025-09-23,12:00,False,0.0,0.0,39.08094720538776,24.910681897643258,24.910681897643258,keep
Q4-3,2025-09-23,18:00,False,0.0,0.0,19.93738890505238,100.92702001501254,100.92702001501254,keep
Q4-3,2025-09-24,06:00,True,-16.897360384493886,-185.82533100247747,38.9670678576215,237.6886341361914,133.3738407984549,emergency
Q4-3,2025-09-24,12:00,True,-26.03694740197365,-42.88393944132258,34.05748762208481,498.5798232545823,455.98413805721196,emergency
Q4-3,2025-09-24,18:00,False,4.409055681501025,-18.415643873442605,19.96190643300883,178.59491552206543,207.52030079124324,keep
Q4-3,2025-09-25,06:00,True,-58.67869505113582,-291.8991941894469,41.458072547252556,682.1847606952921,341.279493199439,emergency
Q4-3,2025-09-25,12:00,True,232.4621336545385,201.31690621632697,35.0208763972394,198.62791873434435,128.20094978422014,economic
Q4-3,2025-09-25,18:00,False,16.61015901796548,9.862105790236456,20.391751629253406,221.40755922449694,213.17930236942868,keep
Q4-3,2025-09-26,06:00,False,-12.996988357058074,-17.69431220251863,23.924467932937706,23.456661374610462,23.456661374610462,keep
Q4-3,2025-09-26,12:00,False,0.0,0.0,20.678392663998466,0.0,0.0,keep
Q4-3,2025-09-26,18:00,False,0.0,0.0,13.148547707112137,35.78075268438511,35.78075268438511,keep
Q4-3,2025-09-27,06:00,True,-84.5745390407412,-294.2211328491758,22.605785136108377,395.9691999041419,40.54238335033379,emergency
Q4-3,2025-09-27,12:00,True,294.2211328491758,294.2211328491758,20.721041638120496,0.0,0.0,economic
Q4-3,2025-09-27,18:00,False,7.295692246633183,0.008868073528071983,14.175091851694226,44.709480697773415,36.810383659994955,keep
Q4-3,2025-09-28,06:00,True,-263.8105072996454,-2020.5695194639445,45.45071810500216,2904.9836943761325,1134.9889342146432,emergency
Q4-3,2025-09-28,12:00,True,2012.9679641816301,1973.382215239194,37.05534239426505,34.337919945235285,68.13609821956098,economic
Q4-3,2025-09-28,18:00,False,0.0,0.0,20.068812650208898,83.8681365569172,83.8681365569172,keep
Q4-3,2025-09-29,06:00,True,-23.65312531934588,-199.76359108985918,39.44395605332221,453.20657563952324,270.9332945723318,emergency
Q4-3,2025-09-29,12:00,True,-127.21262994981771,-434.98065848387836,34.07377818180318,807.447909633754,300.41378557177006,emergency
Q4-3,2025-09-29,18:00,False,46.889824704037565,-33.41686019530082,19.50032780930739,483.9242417175043,510.2094083495763,keep
Q4-3,2025-09-30,06:00,True,211.25134468550283,-1956.779137702997,43.65539634940923,3132.748168723565,782.0030731663085,emergency
Q4-3,2025-09-30,12:00,True,146.71786847140277,-47.36117212238605,36.087919210282585,762.7427270186556,400.07681481198534,emergency
Q4-3,2025-09-30,18:00,True,82.72072895926118,12.621810133824443,19.482520910080375,543.2565560808132,508.2183700671809,emergency
Q4-3,2025-10-01,06:00,True,-615.9409984717282,-1609.7373139859064,36.45098547480905,2263.4782402325945,791.8572655490195,emergency
Q4-3,2025-10-01,12:00,True,1233.8938070380436,1004.1168122113941,32.173607368998304,846.5037121022121,429.2117646691429,economic
Q4-3,2025-10-01,18:00,True,-74.64079669157486,-247.062145636206,18.13997851905313,652.4524997544642,520.3003669197096,emergency
Q4-3,2025-10-02,06:00,True,-3.9112764519053904,-56.1051663083188,37.29536937220647,251.58495775287895,213.78574290376628,emergency
Q4-3,2025-10-02,12:00,True,-191.3212726476236,-835.4521510348131,32.339161323695066,862.0252661534843,362.09099122772784,emergency
Q4-3,2025-10-02,18:00,False,82.20044374414731,-0.0387615251623384,17.965879489070268,514.1267001309818,512.5468399576395,keep
Q4-3,2025-10-03,06:00,True,-80.46789316441277,-171.27986942958682,15.576188161937413,186.5055942724261,29.663067721369995,emergency
Q4-3,2025-10-03,12:00,False,-14.20025363905136,-21.042795889428817,14.001162230862496,5.046741211373501,5.046741211373501,keep
Q4-3,2025-10-03,18:00,True,-36.34987079038514,-149.16873975175247,10.401480414761597,226.8428657890761,147.7643482993035,emergency
Q4-3,2025-10-04,06:00,False,-0.9996988457909799,-4.424613843382758,20.371751919680865,41.29983339891379,36.15031813363389,keep
Q4-3,2025-10-04,12:00,True,-9.097517547883726,-43.848375604964986,16.687433971404424,71.90517002666019,29.608486679049975,emergency
Q4-3,2025-10-04,18:00,True,2.734965441690413,-95.3747484673222,10.711152302563708,222.9846752060447,160.70167481384806,emergency
Q4-3,2025-10-05,06:00,True,-99.49285773526108,-334.0481889197386,40.09614152740451,811.7821305890486,595.7406771220119,emergency
Q4-3,2025-10-05,12:00,True,-15.944329581969285,-417.68799622196184,32.27499753122656,989.6858037625269,544.0925900049542,emergency
Q4-3,2025-10-05,18:00,True,-105.7121190613646,-379.86811151120764,18.166620250492144,669.6257100197064,509.88433813086976,emergency
Q4-3,2025-10-06,06:00,True,19.642326846415187,-1560.019897681419,36.3630777157236,3371.032820632045,1272.0594372271134,emergency
Q4-3,2025-10-06,12:00,True,226.05181065658059,-65.6307842963088,30.24823050960365,772.9320493899071,538.1044907295288,emergency
Q4-3,2025-10-06,18:00,True,-124.96263808674587,-364.6406455246444,16.82957903446805,692.1305581104634,509.8843381308693,emergency
Q4-3,2025-10-07,06:00,True,43.5283196895598,-246.43344230264637,35.76321831495438,1192.2446542473592,901.7899551838311,emergency
Q4-3,2025-10-07,12:00,True,-279.8296575337815,-751.5397693469336,30.015937790557295,1219.4859367832955,617.051927688824,emergency
Q4-3,2025-10-07,18:00,True,-137.4843518880028,-402.4343156978145,16.893030739614098,760.2661234170839,539.9131762376705,emergency
Q4-3,2025-10-08,06:00,True,190.07978229121545,-301.0823702548441,34.399853430381945,1042.5348097716087,682.2072030168715,emergency
Q4-3,2025-10-08,12:00,True,-65.39431198918606,-306.705174700682,29.426672325485455,836.4268748830491,581.1426360809526,emergency
Q4-3,2025-10-08,18:00,True,-195.52755436624756,-467.8645811174434,17.266324213079752,869.0531682815342,560.1901781169455,emergency
Q4-3,2025-10-09,06:00,True,7.527732641484249,-1255.3839397725887,37.06610807662948,1479.0672680629093,347.87659551920444,emergency
Q4-3,2025-10-09,12:00,True,146.30896967697495,94.73511984265213,31.64810965609123,609.383435023133,544.5087375884455,economic
Q4-3,2025-10-09,18:00,True,-177.51837345150673,-430.8058446532559,17.51003951009347,809.4608771586476,557.0703375270318,emergency
Q4-3,2025-10-10,06:00,True,-46.2429880745415,-62.80643892037915,16.895631936768847,86.66217682845792,39.785693547263236,emergency
Q4-3,2025-10-10,12:00,True,45.48791452604383,45.487914526043824,14.670985928160771,0.0,0.0,economic
Q4-3,2025-10-10,18:00,True,-15.916642690150804,-36.44450500901803,9.780926579566747,50.745900855499656,28.637713450461433,emergency
Q4-3,2025-10-11,06:00,True,-149.76579175041797,-286.5064922149635,15.883775661222082,489.18221972737456,83.47715160565292,emergency
Q4-3,2025-10-11,12:00,True,330.6816836922851,312.9301333542249,13.275573306507857,50.06151868094156,39.66309168187615,economic
Q4-3,2025-10-11,18:00,True,-63.61010942552317,-99.19077185403876,8.953569894179404,86.14292891794156,53.50601477187081,emergency
Q4-3,2025-10-12,06:00,True,-490.0145056244166,-953.1307182776973,35.19683968335008,1237.9101404347534,461.26774496566367,emergency
Q4-3,2025-10-12,12:00,True,682.3446448806872,622.3053545120852,29.079315255996814,745.898273234683,656.775042315376,economic
Q4-3,2025-10-12,18:00,False,-101.14910808933304,-170.72624102620716,16.062949918182312,499.4675860314178,477.7421883474775,keep
Q4-3,2025-10-13,06:00,True,-342.5128691432938,-941.8286626214916,36.70922161505242,1003.482637748097,415.89947495630855,emergency
Q4-3,2025-10-13,12:00,True,24.094026286076968,-104.53535903016427,31.374864117346775,944.8911073065595,622.7869166986056,emergency
Q4-3,2025-10-13,18:00,True,-171.26953669331368,-307.31455651815554,16.904268043712303,393.3434782040872,266.6330287199488,emergency
Q4-3,2025-10-14,06:00,True,428.4804763103646,-934.4795347924883,39.622672775059016,2160.674577981301,628.6253619825478,emergency
Q4-3,2025-10-14,12:00,True,321.1179723598919,231.0263538244338,33.38219342498377,977.2431076285945,760.365744548076,economic
Q4-3,2025-10-14,18:00,True,-153.6478230393441,-305.02797069450025,17.261471198528167,379.2841867546339,258.95367254829944,emergency
Q4-3,2025-10-15,06:00,True,166.39859575701743,-701.4318382008569,39.3279671184278,1476.2819466203318,533.4320979394281,emergency
Q4-3,2025-10-15,12:00,True,231.96721300977515,29.833705586166236,32.56775503529993,657.3007285315326,608.2911615697519,emergency
Q4-3,2025-10-15,18:00,True,-315.64764310671734,-555.4882271892529,15.80781803585938,435.9613261731272,263.1890487038619,emergency
Q4-3,2025-10-16,06:00,True,567.8833003172947,-1303.000529123613,42.49087814937698,3501.441548791669,790.3843108211261,emergency
Q4-3,2025-10-16,12:00,True,1029.7126153655818,848.3495911547288,33.98272886457975,934.6595648265934,673.7269912177264,economic
Q4-3,2025-10-16,18:00,True,-88.9106838479753,-235.5259428642239,17.207155489502767,379.4513016619421,274.99317326156813,emergency
Q4-3,2025-10-17,06:00,True,-202.03560074276186,-800.2729401998607,14.80457430652242,1309.0016385120548,344.09613921009446,emergency
Q4-3,2025-10-17,12:00,True,456.4646278247873,397.948276384908,12.729803075904275,0.0,4.510515099113661,economic
Q4-3,2025-10-17,18:00,True,-42.881351456096006,-105.17149435695319,8.950700931078316,123.31682511667532,75.92578605329754,emergency
Q4-3,2025-10-18,06:00,True,-28.68026159895632,-359.71399124866224,16.721685428910565,446.9082957662804,88.61452944731198,emergency
Q4-3,2025-10-18,12:00,False,5.637783142703907,-16.140852104335863,14.552695250255589,47.90608551123347,0.0,keep
Q4-3,2025-10-18,18:00,True,-103.24240678514423,-175.2759020540052,9.046018177112403,68.95757787010643,7.125117427063685,emergency
Q4-3,2025-10-19,06:00,True,59.96504556525143,-688.0363495118256,42.61220724633195,1523.712823548625,685.2262639439812,emergency
Q4-3,2025-10-19,12:00,True,130.41291776685455,-122.38965203456009,35.03588492579201,550.2250123851063,384.6118931287697,emergency
Q4-3,2025-10-19,18:00,True,471.30862616527503,171.5037164893206,16.317178627964648,240.77135048395542,405.1414590297557,economic
Q4-3,2025-10-20,06:00,True,-180.1925952374877,-753.4109901949818,43.913432673851815,1137.0027676573436,580.6198810965617,emergency
Q4-3,2025-10-20,12:00,True,-128.48852052827158,-285.9350222650537,34.33569735429753,484.67560578124073,300.2292125778142,emergency
Q4-3,2025-10-20,18:00,True,739.2083467170693,315.61880583351825,16.71443093684432,195.06061715418548,465.9071395043218,economic
Q4-3,2025-10-21,06:00,True,-272.07520665705056,-2729.8583985229943,43.58750427349947,4699.773981006009,1739.2143039105088,emergency
Q4-3,2025-10-21,12:00,True,-571.3309273976646,-875.4735655253708,33.346155297339735,694.2023531164582,381.87370724356947,emergency
Q4-3,2025-10-21,18:00,True,792.1949451204242,325.4035645170446,17.31315480180289,192.52593096693613,499.52627885822005,economic
Q4-3,2025-10-22,06:00,True,-75.86044970502087,-1810.3657896044842,40.66119489962136,3403.2449052641414,1215.6471514284674,emergency
Q4-3,2025-10-22,12:00,True,-338.5122198287368,-498.4083972786225,31.347699327177317,1093.2479302702654,1012.8774809297119,emergency
Q4-3,2025-10-22,18:00,True,443.3750357548901,230.9656978843627,16.509902569122914,370.7795615591382,511.5487784989266,economic
Q4-3,2025-10-23,06:00,True,-642.9209655373884,-2376.2296353639836,46.864079515942095,2525.6651316270772,627.7480660984371,emergency
Q4-3,2025-10-23,12:00,True,1242.9826058984142,870.1898768649555,35.6080785507262,97.11311747112438,324.302224996868,economic
Q4-3,2025-10-23,18:00,True,195.05545201436624,100.93450648866065,16.199063853086024,155.82559874253968,133.9881027671841,economic
Q4-3,2025-10-24,06:00,True,-158.93884431724825,-402.42762861497,14.484453666429932,995.7646711167965,466.56537608817484,emergency
Q4-3,2025-10-24,12:00,True,364.08491978161226,321.0670978295377,12.365235537180615,8.770804231567126,9.893445926907475,economic
Q4-3,2025-10-24,18:00,False,0.0,0.0,8.063491147423868,0.0,0.0,keep
Q4-3,2025-10-25,06:00,True,-170.63415295915865,-430.9496474940474,14.336499491814953,1085.4494648354917,602.8736282125616,emergency
Q4-3,2025-10-25,12:00,True,427.68910317924804,410.70827294582045,11.869051183427358,47.97472320171164,36.99309107084352,economic
Q4-3,2025-10-25,18:00,False,6.366169806607624,4.215436763834532,7.772300607435067,0.0,0.0,keep
Q4-3,2025-10-26,06:00,True,-743.4924094802724,-2412.769888683681,43.27732831601063,3650.021286542681,1093.5415456829735,emergency
Q4-3,2025-10-26,12:00,True,2178.3748047355493,1539.035694795712,33.12224959365177,411.21870722423375,484.1609858061382,economic
Q4-3,2025-10-26,18:00,True,-579.2573462928128,-905.4658963192323,15.423550757813908,411.6134762821672,153.04065601175137,emergency
Q4-3,2025-10-27,06:00,True,3495.1211398877895,-1050.7434890251318,48.714886572314775,8763.432924893266,1988.0354588891635,emergency
Q4-3,2025-10-27,12:00,True,3635.262873180348,3119.6649287231207,35.114620380783414,77.83792506152633,516.9096571875463,economic
Q4-3,2025-10-27,18:00,True,-132.97018638973785,-290.0098840286696,15.132382197429717,553.0840412380447,364.18981502606584,emergency
Q4-3,2025-10-28,06:00,True,3521.0627783612695,-421.48423065343945,49.0569336604237,8184.041595470534,1893.0591778618825,emergency
Q4-3,2025-10-28,12:00,True,4476.201678257165,4072.594636151582,34.7011257750437,135.08347581526857,339.1443867541939,economic
Q4-3,2025-10-28,18:00,False,56.121174195572266,4.542367338265924,15.05911202503609,391.2661993563162,379.7258780105791,keep
Q4-3,2025-10-29,06:00,True,503.4087063431409,-525.7599537686203,46.2100596137383,2439.822059088946,1010.788527309656,emergency
Q4-3,2025-10-29,12:00,True,210.25229202226782,142.8149179944785,33.58899552112642,267.14225449948844,297.2073956437017,economic
Q4-3,2025-10-29,18:00,True,36.32832380989816,24.25969343753559,14.597211356603141,365.45906669336466,365.3546848391202,economic
Q4-3,2025-10-30,06:00,True,-632.925398688272,-1678.2027371986205,38.360329576881476,2756.948041006616,1683.6387628686266,emergency
Q4-3,2025-10-30,12:00,True,839.6599153157575,815.9723756242488,30.110960734092938,237.89178226870126,229.36382894553958,economic
Q4-3,2025-10-30,18:00,False,6.60903352810442,4.093275628954871,14.304966865845516,294.8593439404326,310.48799341270444,keep
Q4-3,2025-10-31,06:00,True,-136.95606659802613,-345.7243651045303,15.996377926292595,364.31037444279923,80.24166348815993,emergency
Q4-3,2025-10-31,12:00,False,0.0,0.0,13.892663774026996,2.657656979444141,2.657656979444141,keep
Q4-3,2025-10-31,18:00,False,0.0,0.0,7.940453893619955,14.777233752896848,14.777233752896848,keep
Q4-3,2025-11-01,06:00,True,-108.33529489084145,-243.99808596153633,14.284588426995525,284.47460829183825,87.16257784863942,emergency
Q4-3,2025-11-01,12:00,True,-13.511399743475614,-23.302887931547957,12.383187161888909,58.58434335105227,23.156159494652172,emergency
Q4-3,2025-11-01,18:00,True,21.91581126895575,13.593351293403202,7.832370371039252,29.552179064997347,29.552179064997574,economic
Q4-3,2025-11-02,06:00,True,527.8249379280358,-4345.29642195573,49.69478610008904,7919.77297232137,1643.9257097468476,emergency
Q4-3,2025-11-02,12:00,True,4695.126150941974,4449.844655090657,36.782753324266146,188.94409064078746,369.99272450599386,economic
Q4-3,2025-11-02,18:00,False,-43.38484972491794,-89.20487148436611,14.758308433920071,412.8542489325389,399.69006002480563,keep
Q4-3,2025-11-03,06:00,True,-1095.6604188163838,-3386.161354570867,47.57572502826718,4015.9292162018455,749.5768922431496,emergency
Q4-3,2025-11-03,12:00,True,3335.414662918119,3021.891702179113,36.034876071555615,172.94009725146503,360.2213161786681,economic
Q4-3,2025-11-03,18:00,False,2.48360018775848,-25.087306047740185,14.811075082568339,388.175169951946,398.8549154464908,keep
Q4-3,2025-11-04,06:00,True,-1316.0317390015935,-4288.207717907893,45.17039625873552,3255.5079766379476,1052.2135531349513,emergency
Q4-3,2025-11-04,12:00,True,4189.447491521013,3893.9414635657395,34.19475094118831,148.88002032703025,284.80704620953594,economic
Q4-3,2025-11-04,18:00,True,-121.85760710387675,-188.3298838481478,14.800338462075407,455.867320643213,394.7953620692194,emergency
Q4-3,2025-11-05,06:00,True,-1081.522334184486,-1924.9742825797557,46.66816817042619,750.3888112559282,279.92604036460955,emergency
Q4-3,2025-11-05,12:00,True,1239.5129879951633,1001.1921412624467,35.371250179750184,164.78587004476896,352.283073753644,economic
Q4-3,2025-11-05,18:00,True,-82.40423991267491,-144.7880152417565,14.556116340172602,444.2432734528975,400.05166018569423,emergency
Q4-3,2025-11-06,06:00,True,-586.9854335783903,-2304.523842677471,46.46198885765683,2860.5080976160402,386.031075800334,emergency
Q4-3,2025-11-06,12:00,True,2113.2928640003847,1956.154266699245,32.99434896894755,200.71265721482564,309.2264083475832,economic
Q4-3,2025-11-06,18:00,False,-38.68462405757052,-52.63226091181264,14.345134224267397,384.35715962882784,385.38396547379114,keep
Q4-3,2025-11-07,06:00,True,-19.02690905956651,-69.74018634645313,15.003709323074899,103.06791116452445,21.98771162838932,emergency
Q4-3,2025-11-07,12:00,True,9.052058404318034,-1.791064410648687,11.425163776233546,70.9630185687192,22.285358548213082,emergency
Q4-3,2025-11-07,18:00,True,22.127703500411762,13.724778120508518,8.012023532054496,49.159925320166394,49.15992532016594,economic
Q4-3,2025-11-08,06:00,True,-10.843204163505497,-36.723801635436985,15.299531403397008,120.8743965751836,91.70795833483044,emergency
Q4-3,2025-11-08,12:00,True,94.72480976754295,56.01555152499227,11.840691807613792,141.96661758546787,0.0,economic
Q4-3,2025-11-08,18:00,True,40.211616448065854,29.085690953834273,7.893168632065818,29.721931256890514,40.92497098636835,economic
Q4-3,2025-11-09,06:00,True,100.01703045149156,-513.796991075699,46.689598600529976,1104.4259209647757,543.3487606004499,emergency
Q4-3,2025-11-09,12:00,True,757.3254716083399,517.3767032570632,33.534379500676145,189.03023611293008,384.26594831802385,economic
Q4-3,2025-11-09,18:00,True,-230.69319554785875,-342.1511299281517,13.972942593436,531.957782397136,376.7830660487301,emergency
Q4-3,2025-11-10,06:00,True,92.65618835596453,-687.9434855159776,49.3714195976205,2574.807908825677,1621.6870850612981,emergency
Q4-3,2025-11-10,12:00,True,374.97709417158444,302.63153377468814,34.80360116569348,281.69055388882674,299.2342961417606,economic
Q4-3,2025-11-10,18:00,True,-231.4792630577819,-588.4810603840792,14.369393349588213,761.3538638304237,390.2488112045803,emergency
Q4-3,2025-11-11,06:00,True,-687.3228288886048,-1389.2056470807556,48.60484721584337,1004.0474842826042,458.20796441143466,emergency
Q4-3,2025-11-11,12:00,True,1086.6605085598185,872.6335772528871,34.575495183576564,92.15344604903055,308.906269935756,economic
Q4-3,2025-11-11,18:00,True,-220.49751587316464,-628.3210145404043,14.644639297955814,795.3982271494303,387.2334806208026,emergency
Q4-3,2025-11-12,06:00,True,-384.76616573194764,-1009.5933053630322,46.208490591705115,2541.3875000071116,1619.4164426045568,emergency
Q4-3,2025-11-12,12:00,True,691.8974356182563,590.6533233889277,32.87562856412725,196.25636691436438,298.22290700433166,economic
Q4-3,2025-11-12,18:00,True,-182.1380023463284,-620.979871779264,13.914001208630188,749.249790274456,322.4417449650367,emergency
Q4-3,2025-11-13,06:00,True,-520.5461372642379,-1328.1813182283424,45.470750125732515,1751.5926417600976,1023.7460066843612,emergency
Q4-3,2025-11-13,12:00,False,179.74149185489938,11.804198753905439,32.07641537664918,353.4857569890203,381.90182815643425,keep
Q4-3,2025-11-13,18:00,True,54.24590830560277,-266.3993253342911,15.374209141891008,631.6200193014056,342.6809211557218,emergency
Q4-3,2025-11-14,06:00,True,-0.4676805769044474,-139.200032658885,15.338117813970957,79.89990185817169,0.0,emergency
Q4-3,2025-11-14,12:00,False,-1.2992781453898974e-13,-4.547473508864641e-13,12.734462732413974,0.0,3.126388037344441e-13,keep
Q4-3,2025-11-14,18:00,False,0.0,0.0,8.390622359207494,11.770144970959336,11.770144970959336,keep
Q4-3,2025-11-15,06:00,False,-16.21507007029855,-37.8182043675406,18.404727141980022,12.53781730719652,0.0,keep
Q4-3,2025-11-15,12:00,False,3.2481953634747435e-14,-2.2737367544323206e-13,13.569541246383208,0.0,0.0,keep
Q4-3,2025-11-15,18:00,False,0.0,0.0,8.42237759648116,0.0,0.0,keep
Q4-3,2025-11-16,06:00,True,-297.10754648714124,-500.3042780542424,49.07849136026055,708.3225092925774,511.2299584969819,emergency
Q4-3,2025-11-16,12:00,True,316.603943699869,297.42367822851764,34.32062011526674,124.65925342287346,192.97807400059685,economic
Q4-3,2025-11-16,18:00,True,-0.9543695288611409,-40.86839047035028,14.592982065054443,313.84822053186167,229.4611129770143,emergency
Q4-3,2025-11-17,06:00,True,476.0699055526865,-971.3880127606722,48.8712805569101,2192.477564609009,513.15753578822,emergency
Q4-3,2025-11-17,12:00,True,1803.043146710371,1734.4947662003217,34.57585795650309,135.77106945803735,171.91112519480055,economic
Q4-3,2025-11-17,18:00,True,-46.44916877328852,-88.41523957527988,15.325532537010279,294.2206939311468,218.22372337544118,emergency
Q4-3,2025-11-18,06:00,True,-4.11563145765909,-12.664122160123952,48.88562391848225,84.94625612239008,58.830547798007956,emergency
Q4-3,2025-11-18,12:00,False,24.96535873657273,10.531073892568342,36.874994937798746,236.44984482909013,266.30919363482144,keep
Q4-3,2025-11-18,18:00,True,-105.00444954231644,-312.5391981679136,15.36241687433085,430.42078018251743,323.602377521903,emergency
Q4-3,2025-11-19,06:00,True,199.91415026266418,-1293.0929505442455,53.579497790094585,2246.498015093201,528.9191558812722,emergency
Q4-3,2025-11-19,12:00,True,1387.177624298306,1372.1361586990568,36.50640470452384,148.42092717210733,154.62120887948925,economic
Q4-3,2025-11-19,18:00,False,7.229522006792292,-20.515548210826363,14.838995939700455,289.8118497380241,280.1005947388445,keep
Q4-3,2025-11-20,06:00,True,-264.5915312929088,-423.06854780827325,47.99848164991772,399.0602943876882,306.44295043978076,emergency
Q4-3,2025-11-20,12:00,True,263.33321139761244,145.87253536669232,35.13450279181169,178.64087804249237,265.4164145257327,economic
Q4-3,2025-11-20,18:00,True,-38.92781691014217,-247.97920584536163,14.850467015242891,373.8411094382442,196.3311596192691,emergency
Q4-3,2025-11-21,06:00,True,-19.64709937579778,-38.64198751038778,16.136632581328232,234.54392651989667,212.44507577486854,emergency
Q4-3,2025-11-21,12:00,True,25.672578303194314,25.672578303194314,12.385627080209625,0.0,0.0,economic
Q4-3,2025-11-21,18:00,False,0.0,0.0,7.985952787947939,57.48673143914715,57.48673143914715,keep
Q4-3,2025-11-22,06:00,False,-191.01472183975582,-220.03013459806198,17.351783838244835,3.927933170316635,0.0,keep
Q4-3,2025-11-22,12:00,False,-41.306889503175526,-47.97917129196503,13.498291372063315,0.0,0.0,keep
Q4-3,2025-11-22,18:00,False,8.250384888139317,-40.25706550628456,8.494846175927414,98.00914817647686,98.00914817647686,keep
Q4-3,2025-11-23,06:00,True,1044.0649556375283,-1059.7993795808097,53.26761750112685,3229.6346164069228,1040.068646899625,emergency
Q4-3,2025-11-23,12:00,True,1083.3722387658195,1022.3447940904516,35.06376180423131,55.134453618710495,117.94477118608427,economic
Q4-3,2025-11-23,18:00,True,-87.48991764445475,-275.09854848077885,14.638622359107572,368.13918094127945,210.36090169437045,emergency
Q4-3,2025-11-24,06:00,True,-859.2012772675164,-1944.1509444413891,48.067464975173635,1957.1406561692033,1037.8147908492008,emergency
Q4-3,2025-11-24,12:00,True,640.8064449803722,522.8496599905302,35.43913893017918,21.546736913912127,131.57807195425062,economic
Q4-3,2025-11-24,18:00,True,-83.07496108615561,-268.3330704122045,14.657303278720395,359.1512378276775,229.8939599522903,emergency
Q4-3,2025-11-25,06:00,True,-19.701869226065085,-141.75685233144077,54.54028160434557,284.84577319919185,108.3607620385032,emergency
Q4-3,2025-11-25,12:00,False,34.621526008477964,26.554575285857844,39.73481357901127,116.76546836367197,193.71317316858705,keep
Q4-3,2025-11-25,18:00,True,-119.17954018030807,-336.8360287408531,14.66844129722055,286.1325758103662,116.42511235405436,emergency
Q4-3,2025-11-26,06:00,True,-282.29204584031737,-1063.527630837303,52.59496827550804,762.8767788996336,236.514247930122,emergency
Q4-3,2025-11-26,12:00,True,388.5184450707094,301.7252219360828,38.99248123703802,389.7918163350884,217.13615226892279,economic
Q4-3,2025-11-26,18:00,True,-164.55276629849303,-500.2520590140216,14.641075081904068,358.6504989869106,75.14280024020752,emergency
Q4-3,2025-11-27,06:00,True,-1597.723402173156,-2355.3354301485224,49.49759460102202,638.2568623263903,309.2964065743387,emergency
Q4-3,2025-11-27,12:00,True,1137.7288994642615,1074.3910857871335,38.084067174698795,274.42892613732255,127.4073094127184,economic
Q4-3,2025-11-27,18:00,True,-3.0570521590143116,-50.222010057329086,14.259289350292821,266.94368465945263,243.07241108983544,emergency
Q4-3,2025-11-28,06:00,True,-5.03008031993399,-137.82487698916066,16.00426996896578,408.62937533443215,227.04384018015585,emergency
Q4-3,2025-11-28,12:00,True,22.91500661764056,22.91500661764029,12.678348290101681,0.0,5.115907697472721e-13,economic
Q4-3,2025-11-28,18:00,False,-0.7471447910643292,-1.610621394112286,8.107914606503348,68.53317455426816,67.81013756953024,keep
Q4-3,2025-11-29,06:00,False,-20.15227489832887,-24.259793320678,19.68564084446332,4.472883948375738,0.0,keep
Q4-3,2025-11-29,12:00,False,-16.981093866958545,-22.52994115356705,15.36083778953513,5.4256210897510755,1.2822086471074954,keep
Q4-3,2025-11-29,18:00,False,0.0,0.0,8.187588727626306,43.531132325298074,43.531132325298074,keep
Q4-3,2025-11-30,06:00,True,-1123.4351876345083,-1646.7429742977415,54.698908388747384,266.4103475711315,75.07491166519924,emergency
Q4-3,2025-11-30,12:00,True,1801.0794329461996,1758.7868692602685,39.95152217829342,295.66826853415864,213.52057055572436,economic
Q4-3,2025-11-30,18:00,True,-25.76463185548051,-179.66797658751636,14.771183885459221,263.34675645164066,111.68749687436741,emergency
Q4-3,2025-12-01,06:00,True,9197.566372727664,5275.682479102049,80.07282416458521,4437.615158620659,275.4936453635215,economic
Q4-3,2025-12-01,12:00,True,2621.549382657787,2509.811995555785,51.043388556965034,282.12362857059264,233.55239238559466,economic
Q4-3,2025-12-01,18:00,True,174.65625621321905,77.23286573132762,18.048775986753558,161.13189815026317,118.16968291641405,economic
Q4-3,2025-12-02,06:00,True,7249.416449484488,4132.513335391509,80.85336595909786,5190.983999877277,1283.4790550873345,economic
Q4-3,2025-12-02,12:00,True,743.8447155734874,705.5258932910365,49.76148000959561,108.7954116123392,192.24265727327122,economic
Q4-3,2025-12-02,18:00,True,307.52954173059436,179.58279787228906,18.234011133482078,120.5122211351038,118.16968291641422,economic
Q4-3,2025-12-03,06:00,True,12150.120406596849,4957.550891447116,82.73911412055273,10314.92096752016,1699.6279232475028,economic
Q4-3,2025-12-03,12:00,True,770.3658412828224,539.618906475004,48.36937543865791,364.7513455031211,557.9532126217807,economic
Q4-3,2025-12-03,18:00,True,2.8306150642840535,-90.0050366575273,16.895927313606357,285.1348122713847,118.16968291641422,emergency
Q4-3,2025-12-04,06:00,True,10906.84360189181,7734.939753844317,81.49823520406886,5070.072510967015,775.6513533578493,economic
Q4-3,2025-12-04,12:00,True,279.2674202494983,145.1680590060496,50.555696538998866,74.1000409161129,206.90012680057964,economic
Q4-3,2025-12-04,18:00,True,298.0613814657312,149.13069585821313,17.58522472501064,128.02856436999014,118.16968291641436,economic
Q4-3,2025-12-05,06:00,True,233.45791093138448,-65.90782988581223,23.82859941933409,938.146742808994,675.5919532670812,emergency
Q4-3,2025-12-05,12:00,True,325.1111996150303,268.4639884011202,16.159756617354684,101.70582921137037,134.3832057193648,economic
Q4-3,2025-12-05,18:00,True,17.8058314918381,15.530689267842035,9.020976880198493,0.0,6.129228317293382,economic
Q4-3,2025-12-06,06:00,True,545.815492185018,85.41232542463663,26.340254124031777,683.2338400671273,373.3328007341189,economic
Q4-3,2025-12-06,12:00,True,385.99185240784175,297.2319225546937,18.3157011925187,11.189948014304832,140.65666012423497,economic
Q4-3,2025-12-06,18:00,True,-5.908041926561965,-30.0802575275211,8.837785527987878,52.26133994736716,0.0,emergency
Q4-3,2025-12-07,06:00,True,5482.994022295123,2985.2668937724516,75.4094717172355,2959.0888136891353,79.80572552783633,economic
Q4-3,2025-12-07,12:00,True,740.4826174574241,461.43538683154236,49.6858029899716,39.437615864415875,246.09081868193414,economic
Q4-3,2025-12-07,18:00,True,262.45632411533484,112.46082739658623,17.190517281596577,167.97150746898456,175.11852568178733,economic
Q4-3,2025-12-08,06:00,True,4515.988816947864,1623.1939462335977,75.4748994272519,4584.96508252903,1406.3495624423745,economic
Q4-3,2025-12-08,12:00,True,2225.0067407844354,2096.2765476617783,48.976880191825394,256.77469400822326,220.37484502537268,economic
Q4-3,2025-12-08,18:00,True,354.4332340749915,181.03574755632178,16.808086526836608,156.36909568368185,172.4183252995433,economic
Q4-3,2025-12-09,06:00,True,4059.0599571742205,1587.0779727366703,71.25696626488941,3004.606713968286,612.1664751290125,economic
Q4-3,2025-12-09,12:00,True,365.3074650609708,337.5137604948727,46.65581712457177,314.1741567883329,250.22331975683767,economic
Q4-3,2025-12-09,18:00,True,429.1894652398783,168.62887937842788,16.663409648083682,84.3708572083267,173.97147375040174,economic
Q4-3,2025-12-10,06:00,True,1503.2721302763593,-1302.1832276995701,69.67463957678834,4082.543008795812,398.5597636365426,emergency
Q4-3,2025-12-10,12:00,True,2391.098951716803,2257.3323921892884,49.247523988503964,393.1581574293484,250.22331975683812,economic
Q4-3,2025-12-10,18:00,True,418.747451085801,171.73791506454518,16.436641594784643,99.59903886883558,176.29039483617146,economic
Q4-3,2025-12-11,06:00,True,1697.1004056340507,71.20871281481077,65.81213145156335,1323.7308832558974,75.86350095761532,economic
Q4-3,2025-12-11,12:00,True,133.4341398385468,-24.096394678439808,45.42550370251157,347.96362140091003,250.22331975683778,emergency
Q4-3,2025-12-11,18:00,True,242.57112687364298,41.92655580664046,15.927039163363641,165.02797721355148,160.512821775612,economic
Q4-3,2025-12-12,06:00,True,-29.836606229177043,-43.200639974093065,25.99504101693793,147.12180922378116,120.979614704889,emergency
Q4-3,2025-12-12,12:00,True,43.20063997409307,43.200639974093065,17.523648521461233,0.0,0.0,economic
Q4-3,2025-12-12,18:00,False,0.0,0.0,9.3624701044479,0.0,0.0,keep
Q4-3,2025-12-13,06:00,True,-937.0393662463637,-1883.8058188047632,28.51481435869625,909.034617898832,105.19364351756906,emergency
Q4-3,2025-12-13,12:00,True,2374.2510555048066,2374.2510555048057,20.756830627869007,0.0,0.0,economic
Q4-3,2025-12-13,18:00,False,0.0,0.0,9.150780971349189,0.0,0.0,keep
Q4-3,2025-12-14,06:00,True,991.7979259686939,-455.8471720901909,66.32511099920012,3108.103778428552,1300.371597159248,emergency
Q4-3,2025-12-14,12:00,True,767.9434713953262,364.00180459637255,46.20735078741549,689.8766729174027,379.05392443014546,economic
Q4-3,2025-12-14,18:00,True,305.59779388977955,138.26958155332548,16.245772109974894,107.94710628408222,233.84636756568727,economic
Q4-3,2025-12-15,06:00,True,1073.2134328824015,-1537.8966332930324,68.47997677695604,4483.80197103943,1336.294050849316,emergency
Q4-3,2025-12-15,12:00,True,1409.633276434571,1117.6897228795065,45.7541258935648,607.3907101574746,273.3101734642887,economic
Q4-3,2025-12-15,18:00,True,525.4138567945212,348.22927582775566,16.04045430936082,36.26880943277877,226.84782783602031,economic
Q4-3,2025-12-16,06:00,True,2091.0395243896164,223.75062923228052,69.50689712234009,1553.8212291201912,185.540086392631,economic
Q4-3,2025-12-16,12:00,True,441.616308823409,281.17859843155014,46.98589990852518,408.01038458912114,250.22331975683767,economic
Q4-3,2025-12-16,18:00,True,414.74285068918925,205.52939352743124,17.30741253907049,76.82547242636099,199.10222469099187,economic
Q4-3,2025-12-17,06:00,True,992.8427618658463,-1191.5742519147736,68.85159544590631,1932.0776256645752,355.07053165049626,emergency
Q4-3,2025-12-17,12:00,True,291.129087935618,204.40835212273487,46.08263086237418,288.00849901622155,250.2233197568379,economic
Q4-3,2025-12-17,18:00,True,448.0142364796741,251.40060832099888,15.988753427297864,68.30519693333031,223.05211672337157,economic
Q4-3,2025-12-18,06:00,True,895.4322924374053,-2457.8591358740196,68.53546668131881,4209.402013003913,999.8464936499288,emergency
Q4-3,2025-12-18,12:00,True,2364.1430197447703,2201.651220538244,45.70039305405444,432.4818100323304,250.22331975683778,economic
Q4-3,2025-12-18,18:00,True,554.7802083460313,398.15958793741237,15.917681570111204,36.26880943277888,192.66157229340752,economic
Q4-3,2025-12-19,06:00,True,-204.17130314066125,-327.0035249157372,26.513266236288732,239.83439662893727,51.14798166505278,emergency
Q4-3,2025-12-19,12:00,True,324.3368512496142,322.8553658795463,18.998830679462213,1.9838158948783189,0.0,economic
Q4-3,2025-12-19,18:00,False,-5.308656505275168,-19.05108266771458,8.519817031593213,10.316080654017014,2.7000623958883807e-13,keep
Q4-3,2025-12-20,06:00,False,-35.451967659787115,-105.78865543339498,28.039462708921203,48.44486692304258,14.691797272831025,keep
Q4-3,2025-12-20,12:00,True,2.0226407456721085,-21.542867322230904,19.53922440449833,70.2628966550227,14.14098762006438,emergency
Q4-3,2025-12-20,18:00,False,38.58351708373838,5.823215733719053,8.506105379667643,28.591212721168148,0.37637948652516684,keep
Q4-3,2025-12-21,06:00,True,48.239589333058234,-2027.0569404042735,67.56917437068354,2159.923198848539,387.41898686139507,emergency
Q4-3,2025-12-21,12:00,True,701.8560867450655,476.16480180855797,46.44735193491847,409.64809207183976,250.22331975683767,economic
Q4-3,2025-12-21,18:00,True,510.5596838251046,411.36149034090914,16.3228723989901,60.77188944727823,121.0039800713206,economic
Q4-3,2025-12-22,06:00,True,734.4218637501286,-1409.5361069956111,67.42552880210108,2076.771896893484,385.02008771419924,emergency
Q4-3,2025-12-22,12:00,True,1119.8018304333023,915.308156882876,45.65090578899066,121.08793148511438,250.2233197568379,economic
Q4-3,2025-12-22,18:00,True,146.3651401517402,100.63551034247985,15.905437211184713,111.47753912582994,121.00398007132094,economic
Q4-3,2025-12-23,06:00,True,50.20517223934368,-1051.5800300739302,66.69887391456385,1169.7197161819868,351.85324261904634,emergency
Q4-3,2025-12-23,12:00,True,475.154464766819,241.53735253290915,45.37359376625592,327.7520632556234,175.03613047188344,economic
Q4-3,2025-12-23,18:00,True,207.40731250789236,134.54056362451183,15.958822856912153,80.92755713200336,117.14007987639366,economic
Q4-3,2025-12-24,06:00,True,165.84894130497827,-740.6705365802075,66.48583220217807,1002.4396999014133,357.4101571484954,emergency
Q4-3,2025-12-24,12:00,True,336.68795544221524,287.3052606001152,45.295733388618864,202.6993736221301,179.25201952827183,economic
Q4-3,2025-12-24,18:00,True,139.80879501219945,99.03403504995254,15.565051136044033,103.87158382821065,117.50042794881972,economic
Q4-3,2025-12-25,06:00,True,32.3437085882498,-1391.8194333992117,62.692802080027946,1483.696383811427,410.6975916632129,emergency
Q4-3,2025-12-25,12:00,True,241.98242847369696,176.47413589448288,43.635226502940476,332.2987740443413,416.2412736984468,economic
Q4-3,2025-12-25,18:00,True,131.01122465467463,95.17308716575212,15.03294883126903,140.49598835854647,150.0446086621815,economic
Q4-3,2025-12-26,06:00,True,-57.07006089468835,-320.6579902704747,26.061432224707236,206.7400470027883,39.819399404627006,emergency
Q4-3,2025-12-26,12:00,True,230.2847652849706,195.4332153475425,19.608375677234676,35.26117864123205,44.29740459983708,economic
Q4-3,2025-12-26,18:00,True,119.67441956461374,37.08085824065779,8.364099090786501,93.3346413776257,17.189196568982425,economic
Q4-3,2025-12-27,06:00,True,-37.2073224356554,-277.5375963081532,27.620038126701633,217.5497264197362,50.62907882157498,emergency
Q4-3,2025-12-27,12:00,True,222.53493511668725,190.9010446870816,20.24197384178127,36.459502331688896,46.014835616859685,economic
Q4-3,2025-12-27,18:00,True,133.62905528606785,58.9067301755894,8.348403759942267,93.3346413776257,49.45746710883731,economic
Q4-3,2025-12-28,06:00,True,121.83236719031586,-1636.1019194860119,66.2507280549486,1746.9470261926185,344.8652231943672,emergency
Q4-3,2025-12-28,12:00,True,784.263019237766,580.3864657148868,45.308111053922886,90.52670246700166,204.56110432489356,economic
Q4-3,2025-12-28,18:00,True,275.473714675544,219.97778877280638,15.436036093122498,131.87836129875757,161.682702165327,economic
Q4-3,2025-12-29,06:00,True,-93.63546012277264,-528.8596482093463,62.8186116947447,680.6735209876783,356.68331037893563,emergency
Q4-3,2025-12-29,12:00,True,105.98622623816287,63.722980599964465,43.99294417467476,212.03987606251076,170.23056729132225,economic
Q4-3,2025-12-29,18:00,True,55.82684835451106,6.211541262904315,15.205999815874229,210.93045533629845,158.30403761492232,emergency
Q4-3,2025-12-30,06:00,True,-48.526687464091324,-552.0697390406715,63.79528993830193,979.8730236251295,577.3316203249877,emergency
Q4-3,2025-12-30,12:00,True,289.46028951069417,186.72286326080038,43.99155178363829,232.7433950688204,169.6202579072468,economic
Q4-3,2025-12-30,18:00,True,99.04990658828982,73.94280714815636,14.970017858969827,174.47080007711725,161.6827021653272,economic
Q4-3,2025-12-31,06:00,True,-58.247710529922955,-413.8674412372554,66.19631591023479,665.7711647378624,333.63807984038954,emergency
Q4-3,2025-12-31,12:00,True,187.18150923381538,148.61047145141873,44.145730063409516,213.0471761132943,175.08550540535884,economic
Q4-3,2025-12-31,18:00,True,81.90484497783908,46.51333646689898,14.853315921167729,138.81387953918272,153.84138769040464,economic
