model,date,release_time,kind,objective_yuan,residual,milp,mip_gap,latest_source_date,scenario_count
Q2,2025-02-01,00:00,selected,43873.96424040233,2.1827872842550278e-11,False,0.0,2025-01-30,8
Q2,2025-02-02,00:00,selected,74572.18439491518,1.4551915228366852e-11,False,0.0,2025-02-01,8
Q2,2025-02-03,00:00,selected,72958.78022891453,2.1827872842550278e-11,False,0.0,2025-02-01,8
Q2,2025-02-04,00:00,selected,73107.1401807112,5.093170329928398e-11,False,0.0,2025-02-03,8
Q2,2025-02-05,00:00,selected,73556.98397373241,2.2367885321727954e-11,False,0.0,2025-02-03,8
Q2,2025-02-06,00:00,selected,73458.0040499983,1.4551915228366852e-11,False,0.0,2025-02-05,8
Q2,2025-02-07,00:00,selected,43981.11858889647,1.4551915228366852e-11,False,0.0,2025-02-05,8
Q2,2025-02-08,00:00,selected,43884.734842133745,2.9103830456733704e-11,False,0.0,2025-02-07,8
Q2,2025-02-09,00:00,selected,72109.51466344488,2.1827872842550278e-11,False,0.0,2025-02-07,8
Q2,2025-02-10,00:00,selected,71242.74931356446,3.637978807091713e-11,False,0.0,2025-02-07,8
Q2,2025-02-11,00:00,selected,70692.75388241532,3.637978807091713e-11,False,0.0,2025-02-07,8
Q2,2025-02-12,00:00,selected,70702.4063743123,2.1827872842550278e-11,False,0.0,2025-02-11,8
Q2,2025-02-13,00:00,selected,70622.37601772291,2.1827872842550278e-11,False,0.0,2025-02-11,8
Q2,2025-02-14,00:00,selected,43995.68997363705,7.275957614183426e-12,False,0.0,2025-02-11,8
Q2,2025-02-15,00:00,selected,43696.938976821366,1.4551915228366852e-11,False,0.0,2025-02-14,8
Q2,2025-02-16,00:00,selected,69121.2246956167,5.093170329928398e-11,False,0.0,2025-02-14,8
Q2,2025-02-17,00:00,selected,67834.08615689343,1.4551915228366852e-11,False,0.0,2025-02-14,8
Q2,2025-02-18,00:00,selected,67388.28977729961,4.3655745685100555e-11,False,0.0,2025-02-14,8
Q2,2025-02-19,00:00,selected,67785.23777673907,2.1827872842550278e-11,False,0.0,2025-02-14,8
Q2,2025-02-20,00:00,selected,67807.14481833941,2.1827872842550278e-11,False,0.0,2025-02-14,8
Q2,2025-02-21,00:00,selected,44153.70248481148,2.1827872842550278e-11,False,0.0,2025-02-14,8
Q2,2025-02-22,00:00,selected,43380.80437814786,8.731149137020111e-11,False,0.0,2025-02-21,8
Q2,2025-02-23,00:00,selected,66719.05163979267,1.4551915228366852e-10,False,0.0,2025-02-21,8
Q2,2025-02-24,00:00,selected,65076.61918242071,1.4551915228366852e-11,False,0.0,2025-02-21,8
Q2,2025-02-25,00:00,selected,64687.69036053271,1.2369127944111824e-10,False,0.0,2025-02-21,8
Q2,2025-02-26,00:00,selected,64520.5398080095,7.275957614183426e-12,False,0.0,2025-02-21,8
Q2,2025-02-27,00:00,selected,64482.301456889065,9.137579581874888e-12,False,0.0,2025-02-21,8
Q2,2025-02-28,00:00,selected,42872.93427127909,1.4551915228366852e-11,False,0.0,2025-02-21,8
Q2,2025-03-01,00:00,selected,42263.6351944902,1.4551915228366852e-11,False,0.0,2025-02-28,8
Q2,2025-03-02,00:00,selected,63274.59938753887,2.9103830456733704e-11,False,0.0,2025-02-28,8
Q2,2025-03-03,00:00,selected,64068.27628523638,5.093170329928398e-11,False,0.0,2025-03-02,8
Q2,2025-03-04,00:00,selected,64424.40163814512,4.3655745685100555e-11,False,0.0,2025-03-02,8
Q2,2025-03-05,00:00,selected,64627.94536300145,5.093170329928398e-11,False,0.0,2025-03-02,8
Q2,2025-03-06,00:00,selected,64472.20470230365,2.4556356947869062e-11,False,0.0,2025-03-02,8
Q2,2025-03-07,00:00,selected,42522.86751236688,1.4551915228366852e-11,False,0.0,2025-03-02,8
Q2,2025-03-08,00:00,selected,40989.60278250806,2.1827872842550278e-11,False,0.0,2025-03-07,8
Q2,2025-03-09,00:00,selected,63896.05368503077,4.3655745685100555e-11,False,0.0,2025-03-08,8
Q2,2025-03-10,00:00,selected,62075.528019604644,2.1827872842550278e-11,False,0.0,2025-03-08,8
Q2,2025-03-11,00:00,selected,62104.99741834904,2.1827872842550278e-11,False,0.0,2025-03-08,8
Q2,2025-03-12,00:00,selected,61327.56872976113,2.091837814077735e-11,False,0.0,2025-03-08,8
Q2,2025-03-13,00:00,selected,60239.28533174609,2.9103830456733704e-11,False,0.0,2025-03-08,8
Q2,2025-03-14,00:00,selected,38784.000769339684,7.275957614183426e-12,False,0.0,2025-03-08,8
Q2,2025-03-15,00:00,selected,38376.98601534451,1.0913936421275139e-11,False,0.0,2025-03-08,8
Q2,2025-03-16,00:00,selected,60739.05040237238,3.637978807091713e-11,False,0.0,2025-03-15,8
Q2,2025-03-17,00:00,selected,59385.94133735979,2.9103830456733704e-11,False,0.0,2025-03-15,8
Q2,2025-03-18,00:00,selected,57035.29930547335,1.4551915228366852e-11,False,0.0,2025-03-15,8
Q2,2025-03-19,00:00,selected,56818.86055749875,1.5916157281026244e-11,False,0.0,2025-03-15,8
Q2,2025-03-20,00:00,selected,55941.2806189188,2.1827872842550278e-11,False,0.0,2025-03-15,8
Q2,2025-03-21,00:00,selected,35588.87571308,1.4551915228366852e-11,False,0.0,2025-03-15,8
Q2,2025-03-22,00:00,selected,35825.58184443215,1.318767317570746e-11,False,0.0,2025-03-15,8
Q2,2025-03-23,00:00,selected,56671.43857177072,1.7280399333685637e-11,False,0.0,2025-03-16,8
Q2,2025-03-24,00:00,selected,55372.09753008105,2.1827872842550278e-11,False,0.0,2025-03-15,8
Q2,2025-03-25,00:00,selected,54497.82187525099,3.637978807091713e-11,False,0.0,2025-03-20,8
Q2,2025-03-26,00:00,selected,54725.47441423851,2.9103830456733704e-11,False,0.0,2025-03-25,8
Q2,2025-03-27,00:00,selected,53811.599180836085,5.093170329928398e-11,False,0.0,2025-03-25,8
Q2,2025-03-28,00:00,selected,33041.12416759282,1.6370904631912708e-11,False,0.0,2025-03-27,8
Q2,2025-03-29,00:00,selected,33232.445762204676,3.637978807091713e-12,False,0.0,2025-03-27,8
Q2,2025-03-30,00:00,selected,51797.22511705429,2.9103830456733704e-11,False,0.0,2025-03-29,8
Q2,2025-03-31,00:00,selected,52484.50767731182,2.9103830456733704e-11,False,0.0,2025-03-29,8
Q2,2025-04-01,00:00,selected,51236.41821575865,1.4551915228366852e-11,False,0.0,2025-03-31,8
Q2,2025-04-02,00:00,selected,51374.905369667176,4.3655745685100555e-11,False,0.0,2025-04-01,8
Q2,2025-04-03,00:00,selected,54206.81039114396,1.4551915228366852e-11,False,0.0,2025-04-02,8
Q2,2025-04-04,00:00,selected,32439.942820064553,7.275957614183426e-12,False,0.0,2025-04-02,8
Q2,2025-04-05,00:00,selected,32010.55236448817,1.4551915228366852e-11,False,0.0,2025-04-02,8
Q2,2025-04-06,00:00,selected,53193.18971296379,1.4551915228366852e-11,False,0.0,2025-04-02,8
Q2,2025-04-07,00:00,selected,52886.927928780366,3.637978807091713e-11,False,0.0,2025-04-02,8
Q2,2025-04-08,00:00,selected,52924.45884841337,4.3655745685100555e-11,False,0.0,2025-04-02,8
Q2,2025-04-09,00:00,selected,52405.958058571516,2.9103830456733704e-11,False,0.0,2025-04-02,8
Q2,2025-04-10,00:00,selected,52470.465307750324,1.4551915228366852e-11,False,0.0,2025-04-02,8
Q2,2025-04-11,00:00,selected,30369.73895584519,7.275957614183426e-12,False,0.0,2025-04-02,8
Q2,2025-04-12,00:00,selected,30634.152735696174,7.275957614183426e-12,False,0.0,2025-04-11,8
Q2,2025-04-13,00:00,selected,52238.08585658175,1.4551915228366852e-11,False,0.0,2025-04-11,8
Q2,2025-04-14,00:00,selected,51425.646993975635,5.093170329928398e-11,False,0.0,2025-04-13,8
Q2,2025-04-15,00:00,selected,51173.65592595512,2.9103830456733704e-11,False,0.0,2025-04-14,8
Q2,2025-04-16,00:00,selected,50649.547390365486,1.4551915228366852e-11,False,0.0,2025-04-14,8
Q2,2025-04-17,00:00,selected,50345.41555854148,2.9103830456733704e-11,False,0.0,2025-04-14,8
Q2,2025-04-18,00:00,selected,28350.808054175006,1.8189894035458565e-11,False,0.0,2025-04-14,8
Q2,2025-04-19,00:00,selected,28517.575792277927,1.4551915228366852e-11,False,0.0,2025-04-18,8
Q2,2025-04-20,00:00,selected,49649.62615784087,2.1827872842550278e-11,False,0.0,2025-04-18,8
Q2,2025-04-21,00:00,selected,48824.111006039384,2.9103830456733704e-11,False,0.0,2025-04-18,8
Q2,2025-04-22,00:00,selected,49194.111060827134,1.1368683772161603e-11,False,0.0,2025-04-21,8
Q2,2025-04-23,00:00,selected,49255.817320387265,2.1827872842550278e-11,False,0.0,2025-04-21,8
Q2,2025-04-24,00:00,selected,48721.3227445163,2.1827872842550278e-11,False,0.0,2025-04-21,8
Q2,2025-04-25,00:00,selected,26999.701404932715,1.4551915228366852e-11,False,0.0,2025-04-21,8
Q2,2025-04-26,00:00,selected,27013.564367493447,7.275957614183426e-12,False,0.0,2025-04-21,8
Q2,2025-04-27,00:00,selected,46945.010057892156,2.9103830456733704e-11,False,0.0,2025-04-21,8
Q2,2025-04-28,00:00,selected,46132.35628352822,3.637978807091713e-11,False,0.0,2025-04-21,8
Q2,2025-04-29,00:00,selected,48747.26311124278,1.4551915228366852e-11,False,0.0,2025-04-28,8
Q2,2025-04-30,00:00,selected,48171.55515751181,1.4551915228366852e-11,False,0.0,2025-04-28,8
Q2,2025-05-01,00:00,selected,47433.81491590541,2.9103830456733704e-11,False,0.0,2025-04-28,8
Q2,2025-05-02,00:00,selected,28511.287149983782,7.275957614183426e-12,False,0.0,2025-05-01,8
Q2,2025-05-03,00:00,selected,28966.46963645583,4.320099833421409e-12,False,0.0,2025-05-02,8
Q2,2025-05-04,00:00,selected,48470.52519305078,3.637978807091713e-11,False,0.0,2025-05-03,8
Q2,2025-05-05,00:00,selected,47997.331018606295,2.1827872842550278e-11,False,0.0,2025-05-04,8
Q2,2025-05-06,00:00,selected,50345.671376881466,1.4551915228366852e-11,False,0.0,2025-05-05,8
Q2,2025-05-07,00:00,selected,51196.0226581052,1.4551915228366852e-11,False,0.0,2025-05-05,8
Q2,2025-05-08,00:00,selected,52034.96040746463,2.9103830456733704e-11,False,0.0,2025-05-05,8
Q2,2025-05-09,00:00,selected,30227.067849487965,4.547473508864641e-12,False,0.0,2025-05-05,8
Q2,2025-05-10,00:00,selected,30044.52334452881,1.4551915228366852e-11,False,0.0,2025-05-05,8
Q2,2025-05-11,00:00,selected,51098.311179222605,2.1827872842550278e-11,False,0.0,2025-05-05,8
Q2,2025-05-12,00:00,selected,51325.00739381107,2.9103830456733704e-11,False,0.0,2025-05-05,8
Q2,2025-05-13,00:00,selected,51511.494064893,1.4551915228366852e-11,False,0.0,2025-05-05,8
Q2,2025-05-14,00:00,selected,51974.67832120207,1.4551915228366852e-11,False,0.0,2025-05-05,8
Q2,2025-05-15,00:00,selected,51645.64810839541,3.637978807091713e-11,False,0.0,2025-05-05,8
Q2,2025-05-16,00:00,selected,28870.813005959444,4.547473508864641e-12,False,0.0,2025-05-05,8
Q2,2025-05-17,00:00,selected,28380.270130648547,7.275957614183426e-12,False,0.0,2025-05-16,8
Q2,2025-05-18,00:00,selected,50913.13628244302,1.4551915228366852e-11,False,0.0,2025-05-16,8
Q2,2025-05-19,00:00,selected,50831.66019717682,3.637978807091713e-11,False,0.0,2025-05-16,8
Q2,2025-05-20,00:00,selected,50488.988463515045,1.4551915228366852e-11,False,0.0,2025-05-16,8
Q2,2025-05-21,00:00,selected,50854.89531545306,2.9103830456733704e-11,False,0.0,2025-05-16,8
Q2,2025-05-22,00:00,selected,50567.04851802198,2.1827872842550278e-11,False,0.0,2025-05-16,8
Q2,2025-05-23,00:00,selected,28232.90978144795,1.4551915228366852e-11,False,0.0,2025-05-16,8
Q2,2025-05-24,00:00,selected,28223.984678639863,3.637978807091713e-12,False,0.0,2025-05-16,8
Q2,2025-05-25,00:00,selected,49722.82495550332,2.1827872842550278e-11,False,0.0,2025-05-05,8
Q2,2025-05-26,00:00,selected,49258.7511899703,3.637978807091713e-11,False,0.0,2025-05-05,8
Q2,2025-05-27,00:00,selected,49728.39983830487,2.9103830456733704e-11,False,0.0,2025-05-05,8
Q2,2025-05-28,00:00,selected,49973.48843983713,7.275957614183426e-12,False,0.0,2025-05-05,8
Q2,2025-05-29,00:00,selected,49664.93642304944,2.9103830456733704e-11,False,0.0,2025-05-28,8
Q2,2025-05-30,00:00,selected,28067.90546362232,1.0913936421275139e-11,False,0.0,2025-05-28,8
Q2,2025-05-31,00:00,selected,27276.911184991353,1.0345502232667059e-11,False,0.0,2025-05-30,8
Q2,2025-06-01,00:00,selected,49165.25085088913,2.1827872842550278e-11,False,0.0,2025-05-30,8
Q2,2025-06-02,00:00,selected,60195.13450408195,3.637978807091713e-11,False,0.0,2025-06-01,8
Q2,2025-06-03,00:00,selected,61736.656689075055,3.637978807091713e-11,False,0.0,2025-06-02,8
Q2,2025-06-04,00:00,selected,64012.69700041269,2.1827872842550278e-11,False,0.0,2025-06-02,8
Q2,2025-06-05,00:00,selected,66875.43455677926,4.3655745685100555e-11,False,0.0,2025-06-02,8
Q2,2025-06-06,00:00,selected,41122.95321047878,7.275957614183426e-12,False,0.0,2025-06-02,8
Q2,2025-06-07,00:00,selected,42755.62758922919,2.1827872842550278e-11,False,0.0,2025-06-06,8
Q2,2025-06-08,00:00,selected,69078.8680712195,4.547473508864641e-13,False,0.0,2025-06-06,8
Q2,2025-06-09,00:00,selected,68712.6736496294,4.3655745685100555e-11,False,0.0,2025-06-08,8
Q2,2025-06-10,00:00,selected,68929.73001595339,2.9103830456733704e-11,False,0.0,2025-06-08,8
Q2,2025-06-11,00:00,selected,69755.96579640332,5.820766091346741e-11,False,0.0,2025-06-09,8
Q2,2025-06-12,00:00,selected,70750.65095908445,5.093170329928398e-11,False,0.0,2025-06-08,8
Q2,2025-06-13,00:00,selected,48213.958993012195,5.093170329928398e-11,False,0.0,2025-06-09,8
Q2,2025-06-14,00:00,selected,49285.682437597105,2.1827872842550278e-11,False,0.0,2025-06-13,8
Q2,2025-06-15,00:00,selected,71044.87164034347,2.9103830456733704e-11,False,0.0,2025-06-13,8
Q2,2025-06-16,00:00,selected,72646.39682206494,6.548361852765083e-11,False,0.0,2025-06-13,8
Q2,2025-06-17,00:00,selected,73112.54991906145,2.9103830456733704e-11,False,0.0,2025-06-13,8
Q2,2025-06-18,00:00,selected,73754.39120605722,4.3655745685100555e-11,False,0.0,2025-06-13,8
Q2,2025-06-19,00:00,selected,73627.14095948571,5.820766091346741e-11,False,0.0,2025-06-13,8
Q2,2025-06-20,00:00,selected,53310.64871863349,7.275957614183426e-11,False,0.0,2025-06-13,8
Q2,2025-06-21,00:00,selected,52390.042571305334,7.275957614183426e-12,False,0.0,2025-06-13,8
Q2,2025-06-22,00:00,selected,72375.35525872854,2.9103830456733704e-11,False,0.0,2025-06-21,8
Q2,2025-06-23,00:00,selected,73144.45656941058,5.820766091346741e-11,False,0.0,2025-06-21,8
Q2,2025-06-24,00:00,selected,72121.98654079759,2.9103830456733704e-11,False,0.0,2025-06-21,8
Q2,2025-06-25,00:00,selected,72178.17172786253,5.638867150992155e-11,False,0.0,2025-06-21,8
Q2,2025-06-26,00:00,selected,72559.52523461309,4.3655745685100555e-11,False,0.0,2025-06-21,8
Q2,2025-06-27,00:00,selected,49389.534951885114,7.275957614183426e-12,False,0.0,2025-06-21,8
Q2,2025-06-28,00:00,selected,48356.96584074949,2.9103830456733704e-11,False,0.0,2025-06-21,8
Q2,2025-06-29,00:00,selected,73056.54300581569,2.9103830456733704e-11,False,0.0,2025-06-21,8
Q2,2025-06-30,00:00,selected,73752.77050452014,2.9103830456733704e-11,False,0.0,2025-06-21,8
Q2,2025-07-01,00:00,selected,74496.44014129449,2.9103830456733704e-11,False,0.0,2025-06-21,8
Q2,2025-07-02,00:00,selected,74824.52049305322,4.3655745685100555e-11,False,0.0,2025-07-01,8
Q2,2025-07-03,00:00,selected,73240.3379742613,2.546585164964199e-11,False,0.0,2025-07-02,8
Q2,2025-07-04,00:00,selected,47071.031858950606,2.1827872842550278e-11,False,0.0,2025-07-02,8
Q2,2025-07-05,00:00,selected,47929.98998367308,2.1827872842550278e-11,False,0.0,2025-07-04,8
Q2,2025-07-06,00:00,selected,75395.07037481357,2.9103830456733704e-11,False,0.0,2025-07-05,8
Q2,2025-07-07,00:00,selected,78426.91101154797,7.275957614183426e-11,False,0.0,2025-07-06,8
Q2,2025-07-08,00:00,selected,79373.31579168703,4.3655745685100555e-11,False,0.0,2025-07-06,8
Q2,2025-07-09,00:00,selected,78763.37807135485,4.3655745685100555e-11,False,0.0,2025-07-05,8
Q2,2025-07-10,00:00,selected,79445.57483567583,1.4551915228366852e-11,False,0.0,2025-07-05,8
Q2,2025-07-11,00:00,selected,53657.29411529465,2.1827872842550278e-11,False,0.0,2025-07-05,8
Q2,2025-07-12,00:00,selected,54180.28289832075,2.9103830456733704e-11,False,0.0,2025-07-05,8
Q2,2025-07-13,00:00,selected,79883.80084411285,5.093170329928398e-11,False,0.0,2025-07-05,8
Q2,2025-07-14,00:00,selected,77756.98989040813,2.9103830456733704e-11,False,0.0,2025-07-13,8
Q2,2025-07-15,00:00,selected,79036.07405039787,1.8758328224066645e-11,False,0.0,2025-07-13,8
Q2,2025-07-16,00:00,selected,77593.9150467254,3.637978807091713e-11,False,0.0,2025-07-13,8
Q2,2025-07-17,00:00,selected,77420.7483325059,5.093170329928398e-11,False,0.0,2025-07-13,8
Q2,2025-07-18,00:00,selected,55658.644937324665,1.4551915228366852e-11,False,0.0,2025-07-15,8
Q2,2025-07-19,00:00,selected,55112.77016733941,5.093170329928398e-11,False,0.0,2025-07-15,8
Q2,2025-07-20,00:00,selected,79163.25965934464,2.1827872842550278e-11,False,0.0,2025-07-15,8
Q2,2025-07-21,00:00,selected,80076.4501958222,7.275957614183426e-11,False,0.0,2025-07-20,8
Q2,2025-07-22,00:00,selected,81753.7464440725,7.275957614183426e-11,False,0.0,2025-07-20,8
Q2,2025-07-23,00:00,selected,80675.77953830182,1.8189894035458565e-11,False,0.0,2025-07-20,8
Q2,2025-07-24,00:00,selected,81264.49434539047,5.820766091346741e-11,False,0.0,2025-07-05,8
Q2,2025-07-25,00:00,selected,56358.18896744315,2.1941559680271894e-11,False,0.0,2025-07-15,8
Q2,2025-07-26,00:00,selected,54865.35860080789,2.1827872842550278e-11,False,0.0,2025-07-15,8
Q2,2025-07-27,00:00,selected,80847.88228793345,7.275957614183426e-11,False,0.0,2025-07-21,8
Q2,2025-07-28,00:00,selected,81020.19989802354,3.637978807091713e-11,False,0.0,2025-07-20,8
Q2,2025-07-29,00:00,selected,81813.54505836946,7.275957614183426e-11,False,0.0,2025-07-26,8
Q2,2025-07-30,00:00,selected,80736.51703957564,2.9103830456733704e-11,False,0.0,2025-07-26,8
Q2,2025-07-31,00:00,selected,81241.12415021514,1.4551915228366852e-11,False,0.0,2025-07-26,8
Q2,2025-08-01,00:00,selected,54525.16391910419,2.9103830456733704e-11,False,0.0,2025-07-31,8
Q2,2025-08-02,00:00,selected,53640.99544796653,4.3655745685100555e-11,False,0.0,2025-08-01,8
Q2,2025-08-03,00:00,selected,80515.02302238098,7.275957614183426e-11,False,0.0,2025-08-01,8
Q2,2025-08-04,00:00,selected,80543.6792592676,5.820766091346741e-11,False,0.0,2025-08-03,8
Q2,2025-08-05,00:00,selected,80833.30468019262,1.4551915228366852e-11,False,0.0,2025-08-03,8
Q2,2025-08-06,00:00,selected,79085.26959976085,1.8417267710901797e-11,False,0.0,2025-08-03,8
Q2,2025-08-07,00:00,selected,77965.74963727599,2.1600499167107046e-11,False,0.0,2025-08-03,8
Q2,2025-08-08,00:00,selected,50539.951930529314,2.9103830456733704e-11,False,0.0,2025-08-03,8
Q2,2025-08-09,00:00,selected,50152.90822237217,9.663381206337363e-12,False,0.0,2025-08-08,8
Q2,2025-08-10,00:00,selected,75983.93961741134,1.4551915228366852e-11,False,0.0,2025-08-08,8
Q2,2025-08-11,00:00,selected,76614.1922179086,2.1827872842550278e-11,False,0.0,2025-08-08,8
Q2,2025-08-12,00:00,selected,77673.37373467757,5.275069270282984e-11,False,0.0,2025-08-11,8
Q2,2025-08-13,00:00,selected,76477.58566118203,4.001776687800884e-11,False,0.0,2025-08-12,8
Q2,2025-08-14,00:00,selected,76605.29572302336,1.4551915228366852e-11,False,0.0,2025-08-12,8
Q2,2025-08-15,00:00,selected,50471.55628638513,1.4551915228366852e-11,False,0.0,2025-08-12,8
Q2,2025-08-16,00:00,selected,50538.474243955265,1.7280399333685637e-11,False,0.0,2025-08-12,8
Q2,2025-08-17,00:00,selected,75127.82706470141,2.9103830456733704e-11,False,0.0,2025-08-12,8
Q2,2025-08-18,00:00,selected,75497.85298906168,2.9103830456733704e-11,False,0.0,2025-08-12,8
Q2,2025-08-19,00:00,selected,76970.54140272971,2.1827872842550278e-11,False,0.0,2025-08-12,8
Q2,2025-08-20,00:00,selected,73150.96328486652,2.9103830456733704e-11,False,0.0,2025-08-12,8
Q2,2025-08-21,00:00,selected,73315.81462704246,2.000888343900442e-11,False,0.0,2025-08-12,8
Q2,2025-08-22,00:00,selected,48332.6250034441,1.4551915228366852e-11,False,0.0,2025-08-19,8
Q2,2025-08-23,00:00,selected,48264.677946815806,2.1827872842550278e-11,False,0.0,2025-08-19,8
Q2,2025-08-24,00:00,selected,72350.45758129701,4.3655745685100555e-11,False,0.0,2025-08-19,8
Q2,2025-08-25,00:00,selected,72691.78559029473,3.637978807091713e-11,False,0.0,2025-08-19,8
Q2,2025-08-26,00:00,selected,72580.50462657405,3.410605131648481e-11,False,0.0,2025-08-25,8
Q2,2025-08-27,00:00,selected,72982.2786363987,2.9103830456733704e-11,False,0.0,2025-08-25,8
Q2,2025-08-28,00:00,selected,72816.80611912934,3.637978807091713e-11,False,0.0,2025-08-25,8
Q2,2025-08-29,00:00,selected,46581.870875249966,1.693933882052079e-11,False,0.0,2025-08-28,8
Q2,2025-08-30,00:00,selected,46418.479083339975,7.617018127348274e-12,False,0.0,2025-08-28,8
Q2,2025-08-31,00:00,selected,70970.02552040733,1.4551915228366852e-11,False,0.0,2025-08-28,8
Q2,2025-09-01,00:00,selected,69202.67566853999,2.091837814077735e-11,False,0.0,2025-08-28,8
Q2,2025-09-02,00:00,selected,67453.45078089922,1.4551915228366852e-11,False,0.0,2025-09-01,8
Q2,2025-09-03,00:00,selected,65105.67121396515,2.9103830456733704e-11,False,0.0,2025-09-01,8
Q2,2025-09-04,00:00,selected,63825.10258176591,9.322320693172514e-12,False,0.0,2025-09-01,8
Q2,2025-09-05,00:00,selected,40055.26303137437,1.4551915228366852e-11,False,0.0,2025-09-01,8
Q2,2025-09-06,00:00,selected,39843.34687262586,7.275957614183426e-12,False,0.0,2025-09-05,8
Q2,2025-09-07,00:00,selected,61122.50136789745,2.1827872842550278e-11,False,0.0,2025-09-06,8
Q2,2025-09-08,00:00,selected,61102.91687687481,1.1641532182693481e-10,False,0.0,2025-09-06,8
Q2,2025-09-09,00:00,selected,60713.503858348515,1.4551915228366852e-11,False,0.0,2025-09-08,8
Q2,2025-09-10,00:00,selected,61174.135810369626,2.1827872842550278e-11,False,0.0,2025-09-08,8
Q2,2025-09-11,00:00,selected,60806.28265394852,1.4551915228366852e-11,False,0.0,2025-09-10,8
Q2,2025-09-12,00:00,selected,39684.16584751115,7.275957614183426e-12,False,0.0,2025-09-10,8
Q2,2025-09-13,00:00,selected,39611.755029945285,1.4551915228366852e-11,False,0.0,2025-09-10,8
Q2,2025-09-14,00:00,selected,59309.30454786323,2.1827872842550278e-11,False,0.0,2025-09-10,8
Q2,2025-09-15,00:00,selected,60376.12704715222,1.4551915228366852e-11,False,0.0,2025-09-10,8
Q2,2025-09-16,00:00,selected,59717.736845287254,7.275957614183426e-12,False,0.0,2025-09-10,8
Q2,2025-09-17,00:00,selected,61479.79902311498,2.9103830456733704e-11,False,0.0,2025-09-10,8
Q2,2025-09-18,00:00,selected,60263.224305826356,3.637978807091713e-11,False,0.0,2025-09-10,8
Q2,2025-09-19,00:00,selected,40175.77557045482,2.1827872842550278e-11,False,0.0,2025-09-10,8
Q2,2025-09-20,00:00,selected,40117.02463087159,1.4551915228366852e-11,False,0.0,2025-09-10,8
Q2,2025-09-21,00:00,selected,60069.603189101035,7.275957614183426e-12,False,0.0,2025-09-10,8
Q2,2025-09-22,00:00,selected,60228.50656865084,2.1827872842550278e-11,False,0.0,2025-09-10,8
Q2,2025-09-23,00:00,selected,58975.43856888599,2.1827872842550278e-11,False,0.0,2025-09-20,8
Q2,2025-09-24,00:00,selected,60724.62445206575,1.4551915228366852e-11,False,0.0,2025-09-10,8
Q2,2025-09-25,00:00,selected,59526.720391547286,2.1827872842550278e-11,False,0.0,2025-09-10,8
Q2,2025-09-26,00:00,selected,39273.42982021832,1.4551915228366852e-11,False,0.0,2025-09-10,8
Q2,2025-09-27,00:00,selected,38961.983152438064,2.546585164964199e-11,False,0.0,2025-09-10,8
Q2,2025-09-28,00:00,selected,58906.06523452204,3.637978807091713e-11,False,0.0,2025-09-10,8
Q2,2025-09-29,00:00,selected,59134.07818260752,1.8189894035458565e-10,False,0.0,2025-09-10,8
Q2,2025-09-30,00:00,selected,58847.23111498305,2.9103830456733704e-11,False,0.0,2025-09-10,8
Q2,2025-10-01,00:00,selected,60202.41556602705,8.458300726488233e-11,False,0.0,2025-09-10,8
Q2,2025-10-02,00:00,selected,58008.43196792204,2.6204816094832495e-11,False,0.0,2025-09-10,8
Q2,2025-10-03,00:00,selected,36395.1484330041,3.637978807091713e-12,False,0.0,2025-10-02,8
Q2,2025-10-04,00:00,selected,36423.447306890266,1.8189894035458565e-11,False,0.0,2025-10-02,8
Q2,2025-10-05,00:00,selected,56783.79218772424,4.3655745685100555e-11,False,0.0,2025-10-02,8
Q2,2025-10-06,00:00,selected,55207.25855835093,1.4551915228366852e-11,False,0.0,2025-10-02,8
Q2,2025-10-07,00:00,selected,51772.4485039336,1.9667822925839573e-11,False,0.0,2025-10-05,8
Q2,2025-10-08,00:00,selected,52102.03504004791,2.1827872842550278e-11,False,0.0,2025-10-05,8
Q2,2025-10-09,00:00,selected,51458.916882945385,2.1827872842550278e-11,False,0.0,2025-10-05,8
Q2,2025-10-10,00:00,selected,33281.51486295414,7.673861546209082e-12,False,0.0,2025-10-05,8
Q2,2025-10-11,00:00,selected,33056.288827926255,1.5006662579253316e-11,False,0.0,2025-10-10,8
Q2,2025-10-12,00:00,selected,51869.94927094585,2.1827872842550278e-11,False,0.0,2025-10-10,8
Q2,2025-10-13,00:00,selected,51222.393598055416,1.4551915228366852e-11,False,0.0,2025-10-10,8
Q2,2025-10-14,00:00,selected,51080.96062406562,4.3655745685100555e-11,False,0.0,2025-10-10,8
Q2,2025-10-15,00:00,selected,51368.530713976106,3.637978807091713e-11,False,0.0,2025-10-10,8
Q2,2025-10-16,00:00,selected,50765.41816086353,1.4551915228366852e-11,False,0.0,2025-10-10,8
Q2,2025-10-17,00:00,selected,33738.686400324565,9.43600753089413e-12,False,0.0,2025-10-16,8
Q2,2025-10-18,00:00,selected,34026.481532478916,6.565414878423326e-12,False,0.0,2025-10-16,8
Q2,2025-10-19,00:00,selected,56940.922493286715,1.4551915228366852e-11,False,0.0,2025-10-16,8
Q2,2025-10-20,00:00,selected,57608.71606400815,1.4551915228366852e-11,False,0.0,2025-10-16,8
Q2,2025-10-21,00:00,selected,58363.806636711204,2.9103830456733704e-11,False,0.0,2025-10-16,8
Q2,2025-10-22,00:00,selected,56833.55125053602,1.4551915228366852e-11,False,0.0,2025-10-21,8
Q2,2025-10-23,00:00,selected,56239.68665729664,1.4551915228366852e-11,False,0.0,2025-10-21,8
Q2,2025-10-24,00:00,selected,31073.457103316927,7.275957614183426e-12,False,0.0,2025-10-21,8
Q2,2025-10-25,00:00,selected,31248.838899454237,3.637978807091713e-12,False,0.0,2025-10-21,8
Q2,2025-10-26,00:00,selected,54183.62951123397,2.1827872842550278e-11,False,0.0,2025-10-21,8
Q2,2025-10-27,00:00,selected,54613.07239085646,2.1827872842550278e-11,False,0.0,2025-10-21,8
Q2,2025-10-28,00:00,selected,57455.381691841336,4.3655745685100555e-11,False,0.0,2025-10-27,8
Q2,2025-10-29,00:00,selected,56583.762556868416,1.4551915228366852e-11,False,0.0,2025-10-27,8
Q2,2025-10-30,00:00,selected,57057.81028669383,2.1827872842550278e-11,False,0.0,2025-10-29,8
Q2,2025-10-31,00:00,selected,34913.03302015383,7.275957614183426e-12,False,0.0,2025-10-29,8
Q2,2025-11-01,00:00,selected,35320.867827399095,1.4551915228366852e-11,False,0.0,2025-10-29,8
Q2,2025-11-02,00:00,selected,58271.201454296905,2.9103830456733704e-11,False,0.0,2025-10-29,8
Q2,2025-11-03,00:00,selected,58832.158443311615,1.2391865311656147e-11,False,0.0,2025-10-29,8
Q2,2025-11-04,00:00,selected,60155.638368268985,3.625544309215911e-12,False,0.0,2025-10-29,8
Q2,2025-11-05,00:00,selected,59612.23572093629,2.1827872842550278e-11,False,0.0,2025-10-29,8
Q2,2025-11-06,00:00,selected,57951.337420263706,7.275957614183426e-12,False,0.0,2025-10-29,8
Q2,2025-11-07,00:00,selected,37754.11753483228,1.2420287021086551e-11,False,0.0,2025-11-06,8
Q2,2025-11-08,00:00,selected,38157.54360706931,1.8332002582610585e-11,False,0.0,2025-11-07,8
Q2,2025-11-09,00:00,selected,60590.89706099727,2.9103830456733704e-11,False,0.0,2025-11-08,8
Q2,2025-11-10,00:00,selected,60480.23870464343,1.4551915228366852e-11,False,0.0,2025-11-08,8
Q2,2025-11-11,00:00,selected,62766.097621801346,2.1827872842550278e-11,False,0.0,2025-11-10,8
Q2,2025-11-12,00:00,selected,62143.52230562636,2.9103830456733704e-11,False,0.0,2025-11-10,8
Q2,2025-11-13,00:00,selected,62386.630927473954,1.5774048733874224e-11,False,0.0,2025-11-10,8
Q2,2025-11-14,00:00,selected,40758.44281331593,2.1827872842550278e-11,False,0.0,2025-11-10,8
Q2,2025-11-15,00:00,selected,41322.58300256927,1.4551915228366852e-11,False,0.0,2025-11-10,8
Q2,2025-11-16,00:00,selected,63281.090552805275,5.093170329928398e-11,False,0.0,2025-11-10,8
Q2,2025-11-17,00:00,selected,63184.70646099849,3.3082869776990265e-11,False,0.0,2025-11-10,8
Q2,2025-11-18,00:00,selected,64414.85042699368,2.1827872842550278e-11,False,0.0,2025-11-10,8
Q2,2025-11-19,00:00,selected,64126.2154066993,1.511324398961733e-11,False,0.0,2025-11-10,8
Q2,2025-11-20,00:00,selected,64279.13531176213,3.637978807091713e-11,False,0.0,2025-11-10,8
Q2,2025-11-21,00:00,selected,42736.0371387244,1.4551915228366852e-11,False,0.0,2025-11-10,8
Q2,2025-11-22,00:00,selected,43155.92745741369,7.275957614183426e-12,False,0.0,2025-11-10,8
Q2,2025-11-23,00:00,selected,65428.722877989065,3.637268264355953e-11,False,0.0,2025-11-10,8
Q2,2025-11-24,00:00,selected,65458.77201891809,1.4551915228366852e-11,False,0.0,2025-11-10,8
Q2,2025-11-25,00:00,selected,66121.14790649332,2.1827872842550278e-11,False,0.0,2025-11-10,8
Q2,2025-11-26,00:00,selected,66645.98961588457,1.722710862850363e-11,False,0.0,2025-11-10,8
Q2,2025-11-27,00:00,selected,65613.15365617807,3.637978807091713e-11,False,0.0,2025-11-15,8
Q2,2025-11-28,00:00,selected,44303.02527556878,2.7581716510260034e-11,False,0.0,2025-11-15,8
Q2,2025-11-29,00:00,selected,44994.19113731383,1.4551915228366852e-11,False,0.0,2025-11-24,8
Q2,2025-11-30,00:00,selected,67873.40274533015,2.9103830456733704e-11,False,0.0,2025-11-29,8
Q2,2025-12-01,00:00,selected,68889.95887811393,1.4551915228366852e-11,False,0.0,2025-11-30,8
Q2,2025-12-02,00:00,selected,73186.17868543172,5.093170329928398e-11,False,0.0,2025-12-01,8
Q2,2025-12-03,00:00,selected,75250.02941159633,2.9103830456733704e-11,False,0.0,2025-12-02,8
Q2,2025-12-04,00:00,selected,75581.72259628068,4.547473508864641e-13,False,0.0,2025-12-02,8
Q2,2025-12-05,00:00,selected,54778.666503927845,5.093170329928398e-11,False,0.0,2025-12-02,8
Q2,2025-12-06,00:00,selected,55034.11268972431,1.2164491636212915e-11,False,0.0,2025-12-02,8
Q2,2025-12-07,00:00,selected,78292.06119931582,1.6143530956469476e-11,False,0.0,2025-12-06,8
Q2,2025-12-08,00:00,selected,79322.23504223194,2.9103830456733704e-11,False,0.0,2025-12-06,8
Q2,2025-12-09,00:00,selected,79281.77773239941,1.4551915228366852e-11,False,0.0,2025-12-06,8
Q2,2025-12-10,00:00,selected,79698.75971229322,2.9103830456733704e-11,False,0.0,2025-12-06,8
Q2,2025-12-11,00:00,selected,80013.87658181769,4.3655745685100555e-11,False,0.0,2025-12-06,8
Q2,2025-12-12,00:00,selected,59357.943932783615,7.275957614183426e-12,False,0.0,2025-12-06,8
Q2,2025-12-13,00:00,selected,59712.44124447837,2.1827872842550278e-11,False,0.0,2025-12-12,8
Q2,2025-12-14,00:00,selected,80667.53884410458,4.3655745685100555e-11,False,0.0,2025-12-09,8
Q2,2025-12-15,00:00,selected,80985.03765458515,1.4551915228366852e-11,False,0.0,2025-12-07,8
Q2,2025-12-16,00:00,selected,81283.48917420328,4.3655745685100555e-11,False,0.0,2025-12-07,8
Q2,2025-12-17,00:00,selected,81867.34837215077,4.3655745685100555e-11,False,0.0,2025-12-07,8
Q2,2025-12-18,00:00,selected,81997.27464252486,2.9103830456733704e-11,False,0.0,2025-12-07,8
Q2,2025-12-19,00:00,selected,62162.34271324075,2.1827872842550278e-11,False,0.0,2025-12-07,8
Q2,2025-12-20,00:00,selected,62184.46134324379,1.4551915228366852e-11,False,0.0,2025-12-19,8
Q2,2025-12-21,00:00,selected,82582.53150207536,2.9103830456733704e-11,False,0.0,2025-12-19,8
Q2,2025-12-22,00:00,selected,82325.28505356082,2.9103830456733704e-11,False,0.0,2025-12-19,8
Q2,2025-12-23,00:00,selected,82986.1958737251,2.9103830456733704e-11,False,0.0,2025-12-19,8
Q2,2025-12-24,00:00,selected,82922.7724574157,4.3655745685100555e-11,False,0.0,2025-12-19,8
Q2,2025-12-25,00:00,selected,82760.7114878109,1.4722445484949276e-11,False,0.0,2025-12-19,8
Q2,2025-12-26,00:00,selected,61099.53636964979,1.5006662579253316e-11,False,0.0,2025-12-19,8
Q2,2025-12-27,00:00,selected,61661.3717155868,1.4551915228366852e-11,False,0.0,2025-12-19,8
Q2,2025-12-28,00:00,selected,83636.09401137466,4.3655745685100555e-11,False,0.0,2025-12-19,8
Q2,2025-12-29,00:00,selected,84118.29071919159,2.9103830456733704e-11,False,0.0,2025-12-19,8
Q2,2025-12-30,00:00,selected,84376.66315735014,1.4665602066088468e-11,False,0.0,2025-12-19,8
Q2,2025-12-31,00:00,selected,84239.06945528212,2.9103830456733704e-11,False,0.0,2025-12-19,8
Q3,2025-02-01,00:00,selected,42359.551136152375,2.1827872842550278e-11,False,0.0,2025-01-31,8
Q3,2025-02-01,06:00,keep,29289.959598180656,2.2737367544323206e-13,False,0.0,2025-01-28,8
Q3,2025-02-01,06:00,selected,29289.959598180656,2.2737367544323206e-13,False,0.0,2025-01-28,8
Q3,2025-02-01,12:00,keep,23778.731627371435,9.094947017729282e-13,False,0.0,2025-01-31,8
Q3,2025-02-01,12:00,selected,23778.731627371435,9.094947017729282e-13,False,0.0,2025-01-31,8
Q3,2025-02-01,18:00,keep,12891.927039070637,1.5916157281026244e-12,False,0.0,2025-01-27,8
Q3,2025-02-01,18:00,selected,12891.927039070637,1.5916157281026244e-12,False,0.0,2025-01-27,8
Q3,2025-02-02,00:00,selected,76312.08030505017,1.4551915228366852e-11,False,0.0,2025-02-01,8
Q3,2025-02-02,06:00,keep,60738.45912951867,1.4551915228366852e-11,False,0.0,2025-01-28,8
Q3,2025-02-02,06:00,selected,60738.45912951867,1.4551915228366852e-11,False,0.0,2025-01-28,8
Q3,2025-02-02,12:00,keep,43492.95014120217,9.265477274311706e-12,False,0.0,2025-01-29,8
Q3,2025-02-02,12:00,selected,43492.95014120217,9.265477274311706e-12,False,0.0,2025-01-29,8
Q3,2025-02-02,18:00,keep,18036.589232707058,1.8189894035458565e-12,False,0.0,2025-01-27,8
Q3,2025-02-02,18:00,selected,18036.589232707058,1.8189894035458565e-12,False,0.0,2025-01-27,8
Q3,2025-02-03,00:00,selected,78319.26502938516,2.1827872842550278e-11,False,0.0,2025-02-02,8
Q3,2025-02-03,06:00,keep,62667.92551433836,1.4551915228366852e-11,False,0.0,2025-01-28,8
Q3,2025-02-03,06:00,selected,62667.92551433836,1.4551915228366852e-11,False,0.0,2025-01-28,8
Q3,2025-02-03,12:00,keep,44811.57174810122,7.275957614183426e-12,False,0.0,2025-02-02,8
Q3,2025-02-03,12:00,selected,44811.57174810122,7.275957614183426e-12,False,0.0,2025-02-02,8
Q3,2025-02-03,18:00,keep,17967.260348810585,3.126388037344441e-12,False,0.0,2025-01-27,8
Q3,2025-02-03,18:00,selected,17967.260348810585,3.126388037344441e-12,False,0.0,2025-01-27,8
Q3,2025-02-04,00:00,selected,80449.42875328548,4.3655745685100555e-11,False,0.0,2025-02-02,8
Q3,2025-02-04,06:00,keep,64838.76839656013,1.8189894035458565e-12,False,0.0,2025-02-03,8
Q3,2025-02-04,06:00,selected,64838.76839656013,1.8189894035458565e-12,False,0.0,2025-02-03,8
Q3,2025-02-04,12:00,keep,46635.40875386047,1.8189894035458565e-12,False,0.0,2025-02-02,8
Q3,2025-02-04,12:00,selected,46635.40875386047,1.8189894035458565e-12,False,0.0,2025-02-02,8
Q3,2025-02-04,18:00,keep,17928.65873450051,4.661160346586257e-12,False,0.0,2025-01-27,8
Q3,2025-02-04,18:00,selected,17928.65873450051,4.661160346586257e-12,False,0.0,2025-01-27,8
Q3,2025-02-05,00:00,selected,76081.13000713284,2.1827872842550278e-11,False,0.0,2025-02-02,8
Q3,2025-02-05,06:00,keep,60611.44490171965,9.094947017729282e-13,False,0.0,2025-02-03,8
Q3,2025-02-05,06:00,selected,60611.44490171965,9.094947017729282e-13,False,0.0,2025-02-03,8
Q3,2025-02-05,12:00,keep,43687.14706320539,1.4409806681214832e-11,False,0.0,2025-02-04,8
Q3,2025-02-05,12:00,selected,43687.14706320539,1.4409806681214832e-11,False,0.0,2025-02-04,8
Q3,2025-02-05,18:00,keep,17937.21265296903,6.59383658785373e-12,False,0.0,2025-02-04,8
Q3,2025-02-05,18:00,selected,17937.21265296903,6.59383658785373e-12,False,0.0,2025-02-04,8
Q3,2025-02-06,00:00,selected,80783.56312128538,4.3655745685100555e-11,False,0.0,2025-02-02,8
Q3,2025-02-06,06:00,keep,65261.137056917396,2.2737367544323206e-13,False,0.0,2025-02-03,8
Q3,2025-02-06,06:00,selected,65261.137056917396,2.2737367544323206e-13,False,0.0,2025-02-03,8
Q3,2025-02-06,12:00,keep,47012.48019895188,1.0260237104375847e-11,False,0.0,2025-02-04,8
Q3,2025-02-06,12:00,selected,47012.48019895188,1.0260237104375847e-11,False,0.0,2025-02-04,8
Q3,2025-02-06,18:00,keep,17935.238646371705,4.774847184307873e-12,False,0.0,2025-02-05,8
Q3,2025-02-06,18:00,selected,17935.238646371705,4.774847184307873e-12,False,0.0,2025-02-05,8
Q3,2025-02-07,00:00,selected,44128.0360379769,2.1827872842550278e-11,False,0.0,2025-02-02,8
Q3,2025-02-07,06:00,keep,30970.735171818727,1.8189894035458565e-12,False,0.0,2025-02-03,8
Q3,2025-02-07,06:00,selected,30970.735171818727,1.8189894035458565e-12,False,0.0,2025-02-03,8
Q3,2025-02-07,12:00,keep,23429.467611849464,9.094947017729282e-13,False,0.0,2025-02-04,8
Q3,2025-02-07,12:00,selected,23429.467611849464,9.094947017729282e-13,False,0.0,2025-02-04,8
Q3,2025-02-07,18:00,keep,12792.288298978909,3.637978807091713e-12,False,0.0,2025-02-05,8
Q3,2025-02-07,18:00,selected,12792.288298978909,3.637978807091713e-12,False,0.0,2025-02-05,8
Q3,2025-02-08,00:00,selected,37623.79275703464,1.0913936421275139e-11,False,0.0,2025-02-07,8
Q3,2025-02-08,06:00,keep,24749.027333940263,1.8189894035458565e-12,False,0.0,2025-02-07,8
Q3,2025-02-08,06:00,selected,24749.027333940263,1.8189894035458565e-12,False,0.0,2025-02-07,8
Q3,2025-02-08,12:00,keep,20128.76497609407,9.094947017729282e-13,False,0.0,2025-02-04,8
Q3,2025-02-08,12:00,selected,20128.76497609407,9.094947017729282e-13,False,0.0,2025-02-04,8
Q3,2025-02-08,18:00,keep,12945.610915815749,3.637978807091713e-12,False,0.0,2025-02-05,8
Q3,2025-02-08,18:00,selected,12945.610915815749,3.637978807091713e-12,False,0.0,2025-02-05,8
Q3,2025-02-09,00:00,selected,76694.9059419724,1.5411671938636573e-11,False,0.0,2025-02-08,8
Q3,2025-02-09,06:00,keep,61315.659796244894,2.2737367544323206e-13,False,0.0,2025-02-07,8
Q3,2025-02-09,06:00,selected,61315.659796244894,2.2737367544323206e-13,False,0.0,2025-02-07,8
Q3,2025-02-09,12:00,keep,42443.841552456106,9.812595180846984e-12,False,0.0,2025-02-04,8
Q3,2025-02-09,12:00,selected,42443.841552456106,9.812595180846984e-12,False,0.0,2025-02-04,8
Q3,2025-02-09,18:00,keep,17790.490050821616,3.922195901395753e-12,False,0.0,2025-02-05,8
Q3,2025-02-09,18:00,selected,17790.490050821616,3.922195901395753e-12,False,0.0,2025-02-05,8
Q3,2025-02-10,00:00,selected,73053.47899546128,4.3655745685100555e-11,False,0.0,2025-02-08,8
Q3,2025-02-10,06:00,keep,57597.709166031935,1.8189894035458565e-12,False,0.0,2025-02-07,8
Q3,2025-02-10,06:00,selected,57597.709166031935,1.8189894035458565e-12,False,0.0,2025-02-07,8
Q3,2025-02-10,12:00,keep,42692.49843467776,1.4551915228366852e-11,False,0.0,2025-02-04,8
Q3,2025-02-10,12:00,selected,42692.49843467776,1.4551915228366852e-11,False,0.0,2025-02-04,8
Q3,2025-02-10,18:00,keep,17951.82923915681,4.718003765447065e-12,False,0.0,2025-02-05,8
Q3,2025-02-10,18:00,selected,17951.82923915681,4.718003765447065e-12,False,0.0,2025-02-05,8
Q3,2025-02-11,00:00,selected,74139.38788170638,4.3655745685100555e-11,False,0.0,2025-02-08,8
Q3,2025-02-11,06:00,keep,58674.03181564053,9.094947017729282e-13,False,0.0,2025-02-10,8
Q3,2025-02-11,06:00,selected,58674.03181564053,9.094947017729282e-13,False,0.0,2025-02-10,8
Q3,2025-02-11,12:00,keep,44196.055519774854,1.6683543435647152e-11,False,0.0,2025-02-04,8
Q3,2025-02-11,12:00,selected,44196.055519774854,1.6683543435647152e-11,False,0.0,2025-02-04,8
Q3,2025-02-11,18:00,keep,17703.07586207184,3.410605131648481e-12,False,0.0,2025-02-05,8
Q3,2025-02-11,18:00,selected,17703.07586207184,3.410605131648481e-12,False,0.0,2025-02-05,8
Q3,2025-02-12,00:00,selected,74105.2890130969,2.1827872842550278e-11,False,0.0,2025-02-08,8
Q3,2025-02-12,06:00,keep,58666.588671955215,9.094947017729282e-13,False,0.0,2025-02-10,8
Q3,2025-02-12,06:00,selected,58666.588671955215,9.094947017729282e-13,False,0.0,2025-02-10,8
Q3,2025-02-12,12:00,keep,42274.97994876101,1.8134826973437157e-11,False,0.0,2025-02-04,8
Q3,2025-02-12,12:00,selected,42274.97994876101,1.8134826973437157e-11,False,0.0,2025-02-04,8
Q3,2025-02-12,18:00,keep,17732.867429394304,3.637978807091713e-12,False,0.0,2025-02-05,8
Q3,2025-02-12,18:00,selected,17732.867429394304,3.637978807091713e-12,False,0.0,2025-02-05,8
Q3,2025-02-13,00:00,selected,69313.63697800947,1.2892797940367018e-11,False,0.0,2025-02-08,8
Q3,2025-02-13,06:00,keep,53847.58567482045,4.547473508864641e-13,False,0.0,2025-02-10,8
Q3,2025-02-13,06:00,selected,53847.58567482045,4.547473508864641e-13,False,0.0,2025-02-10,8
Q3,2025-02-13,12:00,keep,39567.21607583825,1.4210854715202004e-11,False,0.0,2025-02-04,8
Q3,2025-02-13,12:00,selected,39567.21607583825,1.4210854715202004e-11,False,0.0,2025-02-04,8
Q3,2025-02-13,18:00,keep,17964.642131340766,6.934897101018578e-12,False,0.0,2025-02-05,8
Q3,2025-02-13,18:00,selected,17964.642131340766,6.934897101018578e-12,False,0.0,2025-02-05,8
Q3,2025-02-14,00:00,selected,40176.98695792993,1.4551915228366852e-11,False,0.0,2025-02-08,8
Q3,2025-02-14,06:00,keep,27455.920426024204,4.547473508864641e-13,False,0.0,2025-02-10,8
Q3,2025-02-14,06:00,selected,27455.920426024204,4.547473508864641e-13,False,0.0,2025-02-10,8
Q3,2025-02-14,12:00,keep,20183.49005049001,9.094947017729282e-13,False,0.0,2025-02-04,8
Q3,2025-02-14,12:00,selected,20183.49005049001,9.094947017729282e-13,False,0.0,2025-02-04,8
Q3,2025-02-14,18:00,keep,13042.861087156807,0.0,False,0.0,2025-02-05,8
Q3,2025-02-14,18:00,selected,13042.861087156807,0.0,False,0.0,2025-02-05,8
Q3,2025-02-15,00:00,selected,40567.772596074545,1.4551915228366852e-11,False,0.0,2025-02-08,8
Q3,2025-02-15,06:00,keep,26318.275073731675,1.8189894035458565e-12,False,0.0,2025-02-10,8
Q3,2025-02-15,06:00,selected,26318.275073731675,1.8189894035458565e-12,False,0.0,2025-02-10,8
Q3,2025-02-15,12:00,keep,22316.911931964594,9.094947017729282e-13,False,0.0,2025-02-04,8
Q3,2025-02-15,12:00,selected,22316.911931964594,9.094947017729282e-13,False,0.0,2025-02-04,8
Q3,2025-02-15,18:00,keep,12649.10936778081,0.0,False,0.0,2025-02-05,8
Q3,2025-02-15,18:00,selected,12649.10936778081,0.0,False,0.0,2025-02-05,8
Q3,2025-02-16,00:00,selected,74349.38755485653,3.637978807091713e-11,False,0.0,2025-02-08,8
Q3,2025-02-16,06:00,keep,58015.67735535779,1.7848833522293717e-11,False,0.0,2025-02-10,8
Q3,2025-02-16,06:00,selected,57999.57688921703,1.750777300912887e-11,False,0.0,2025-02-10,8
Q3,2025-02-16,12:00,keep,42367.796142610896,9.606537787476555e-12,False,0.0,2025-02-04,8
Q3,2025-02-16,12:00,selected,42367.796142610896,9.606537787476555e-12,False,0.0,2025-02-04,8
Q3,2025-02-16,18:00,keep,17628.82238137034,3.524291969370097e-12,False,0.0,2025-02-05,8
Q3,2025-02-16,18:00,selected,17627.54946776507,4.092726157978177e-12,False,0.0,2025-02-05,8
Q3,2025-02-17,00:00,selected,73593.02025484196,2.1827872842550278e-11,False,0.0,2025-02-08,8
Q3,2025-02-17,06:00,keep,57159.19105374147,2.5295321393059567e-11,False,0.0,2025-02-10,8
Q3,2025-02-17,06:00,selected,57143.49318060913,4.155253918725066e-11,False,0.0,2025-02-10,8
Q3,2025-02-17,12:00,keep,41154.27946173352,1.3784529073745944e-11,False,0.0,2025-02-04,8
Q3,2025-02-17,12:00,selected,41154.27946173352,1.3784529073745944e-11,False,0.0,2025-02-04,8
Q3,2025-02-17,18:00,keep,17516.645335089626,6.252776074688882e-12,False,0.0,2025-02-05,8
Q3,2025-02-17,18:00,selected,17516.645335089626,6.252776074688882e-12,False,0.0,2025-02-05,8
Q3,2025-02-18,00:00,selected,66450.63281339548,3.637978807091713e-11,False,0.0,2025-02-17,8
Q3,2025-02-18,06:00,keep,49849.33783661762,1.8189894035458565e-12,False,0.0,2025-02-10,8
Q3,2025-02-18,06:00,selected,49817.03549502542,7.275957614183426e-12,False,0.0,2025-02-10,8
Q3,2025-02-18,12:00,keep,36920.44748247191,7.673861546209082e-12,False,0.0,2025-02-04,8
Q3,2025-02-18,12:00,selected,36920.44748247191,7.673861546209082e-12,False,0.0,2025-02-04,8
Q3,2025-02-18,18:00,keep,17644.112087668094,1.8189894035458565e-12,False,0.0,2025-02-05,8
Q3,2025-02-18,18:00,selected,17624.21360435911,4.888534022029489e-12,False,0.0,2025-02-05,8
Q3,2025-02-19,00:00,selected,67091.90656865918,3.637978807091713e-11,False,0.0,2025-02-17,8
Q3,2025-02-19,06:00,keep,51298.456125802666,0.0,False,0.0,2025-02-10,8
Q3,2025-02-19,06:00,selected,51298.456125802666,0.0,False,0.0,2025-02-10,8
Q3,2025-02-19,12:00,keep,38544.55997127212,3.637978807091713e-12,False,0.0,2025-02-18,8
Q3,2025-02-19,12:00,selected,38544.55997127212,3.637978807091713e-12,False,0.0,2025-02-18,8
Q3,2025-02-19,18:00,keep,17773.950175556267,3.240074875066057e-12,False,0.0,2025-02-05,8
Q3,2025-02-19,18:00,selected,17773.950175556267,3.240074875066057e-12,False,0.0,2025-02-05,8
Q3,2025-02-20,00:00,selected,69380.92230752503,2.4101609596982598e-11,False,0.0,2025-02-17,8
Q3,2025-02-20,06:00,keep,53706.73738612252,1.3642420526593924e-11,False,0.0,2025-02-10,8
Q3,2025-02-20,06:00,selected,53697.279799667165,7.275957614183426e-12,False,0.0,2025-02-10,8
Q3,2025-02-20,12:00,keep,38595.85229927809,1.2448708730516955e-11,False,0.0,2025-02-18,8
Q3,2025-02-20,12:00,selected,38595.85229927809,1.2448708730516955e-11,False,0.0,2025-02-18,8
Q3,2025-02-20,18:00,keep,17848.457862483658,4.263256414560601e-12,False,0.0,2025-02-05,8
Q3,2025-02-20,18:00,selected,17848.457862483658,4.263256414560601e-12,False,0.0,2025-02-05,8
Q3,2025-02-21,00:00,selected,37200.926802429654,7.275957614183426e-12,False,0.0,2025-02-17,8
Q3,2025-02-21,06:00,keep,24156.325776642145,3.637978807091713e-12,False,0.0,2025-02-10,8
Q3,2025-02-21,06:00,selected,24156.325776642145,3.637978807091713e-12,False,0.0,2025-02-10,8
Q3,2025-02-21,12:00,keep,18370.42781731133,9.094947017729282e-13,False,0.0,2025-02-18,8
Q3,2025-02-21,12:00,selected,18370.42781731133,9.094947017729282e-13,False,0.0,2025-02-18,8
Q3,2025-02-21,18:00,keep,12686.428092885359,0.0,False,0.0,2025-02-05,8
Q3,2025-02-21,18:00,selected,12686.428092885359,0.0,False,0.0,2025-02-05,8
Q3,2025-02-22,00:00,selected,37421.56489734497,1.4551915228366852e-11,False,0.0,2025-02-21,8
Q3,2025-02-22,06:00,keep,24273.75001627097,9.094947017729282e-13,False,0.0,2025-02-10,8
Q3,2025-02-22,06:00,selected,24273.75001627097,9.094947017729282e-13,False,0.0,2025-02-10,8
Q3,2025-02-22,12:00,keep,20120.21696325455,2.2737367544323206e-13,False,0.0,2025-02-18,8
Q3,2025-02-22,12:00,selected,20120.21696325455,2.2737367544323206e-13,False,0.0,2025-02-18,8
Q3,2025-02-22,18:00,keep,12501.0731811975,0.0,False,0.0,2025-02-05,8
Q3,2025-02-22,18:00,selected,12501.0731811975,0.0,False,0.0,2025-02-05,8
Q3,2025-02-23,00:00,selected,67834.39460881203,3.637978807091713e-11,False,0.0,2025-02-21,8
Q3,2025-02-23,06:00,keep,52619.702587048465,7.275957614183426e-12,False,0.0,2025-02-10,8
Q3,2025-02-23,06:00,selected,52484.71435636484,1.4381384971784428e-11,False,0.0,2025-02-10,8
Q3,2025-02-23,12:00,keep,40044.6268770331,1.4779288903810084e-11,False,0.0,2025-02-18,8
Q3,2025-02-23,12:00,selected,39952.21717563268,7.275957614183426e-12,False,0.0,2025-02-18,8
Q3,2025-02-23,18:00,keep,17658.166263187442,2.8421709430404007e-12,False,0.0,2025-02-05,8
Q3,2025-02-23,18:00,selected,17658.166263187442,2.8421709430404007e-12,False,0.0,2025-02-05,8
Q3,2025-02-24,00:00,selected,65519.06126536904,1.4551915228366852e-11,False,0.0,2025-02-21,8
Q3,2025-02-24,06:00,keep,50574.233006092916,7.275957614183426e-12,False,0.0,2025-02-10,8
Q3,2025-02-24,06:00,selected,50370.69196784693,7.275957614183426e-12,False,0.0,2025-02-10,8
Q3,2025-02-24,12:00,keep,38299.05323899042,9.208633855450898e-12,False,0.0,2025-02-18,8
Q3,2025-02-24,12:00,selected,38076.37809804063,7.673861546209082e-12,False,0.0,2025-02-18,8
Q3,2025-02-24,18:00,keep,17613.263733391537,5.229594535194337e-12,False,0.0,2025-02-21,8
Q3,2025-02-24,18:00,selected,17610.062017817447,7.048583938740194e-12,False,0.0,2025-02-21,8
Q3,2025-02-25,00:00,selected,65345.10833966434,1.3415046851150692e-11,False,0.0,2025-02-21,8
Q3,2025-02-25,06:00,keep,49834.72025796485,7.275957614183426e-12,False,0.0,2025-02-24,8
Q3,2025-02-25,06:00,selected,49834.72025796485,7.275957614183426e-12,False,0.0,2025-02-24,8
Q3,2025-02-25,12:00,keep,38577.62433039257,6.792788553866558e-12,False,0.0,2025-02-18,8
Q3,2025-02-25,12:00,selected,38577.62433039257,6.792788553866558e-12,False,0.0,2025-02-18,8
Q3,2025-02-25,18:00,keep,17634.539362589734,2.3305801732931286e-12,False,0.0,2025-02-21,8
Q3,2025-02-25,18:00,selected,17634.539362589734,2.3305801732931286e-12,False,0.0,2025-02-21,8
Q3,2025-02-26,00:00,selected,59826.78288038439,4.961754821691338e-10,False,0.0,2025-02-21,8
Q3,2025-02-26,06:00,keep,45133.5846506486,7.275957614183426e-12,False,0.0,2025-02-24,8
Q3,2025-02-26,06:00,selected,45093.05708915913,1.0118128557223827e-11,False,0.0,2025-02-24,8
Q3,2025-02-26,12:00,keep,36404.00617930879,3.637978807091713e-12,False,0.0,2025-02-18,8
Q3,2025-02-26,12:00,selected,36403.38762617633,5.4569682106375694e-12,False,0.0,2025-02-18,8
Q3,2025-02-26,18:00,keep,17921.188323644157,3.552713678800501e-12,False,0.0,2025-02-21,8
Q3,2025-02-26,18:00,selected,17921.188323644157,3.552713678800501e-12,False,0.0,2025-02-21,8
Q3,2025-02-27,00:00,selected,61222.22590787734,3.637978807091713e-11,False,0.0,2025-02-21,8
Q3,2025-02-27,06:00,keep,46229.879039904496,1.8189894035458565e-12,False,0.0,2025-02-24,8
Q3,2025-02-27,06:00,selected,46146.02429974065,1.8189894035458565e-12,False,0.0,2025-02-24,8
Q3,2025-02-27,12:00,keep,35941.60130039106,9.094947017729282e-13,False,0.0,2025-02-18,8
Q3,2025-02-27,12:00,selected,35941.60130039106,9.094947017729282e-13,False,0.0,2025-02-18,8
Q3,2025-02-27,18:00,keep,17894.194940433154,6.323830348264892e-12,False,0.0,2025-02-21,8
Q3,2025-02-27,18:00,selected,17894.194940433154,6.323830348264892e-12,False,0.0,2025-02-21,8
Q3,2025-02-28,00:00,selected,31357.563922958216,1.7720552934611922e-11,False,0.0,2025-02-21,8
Q3,2025-02-28,06:00,keep,21199.669512656383,9.094947017729282e-13,False,0.0,2025-02-24,8
Q3,2025-02-28,06:00,selected,21199.669512656383,9.094947017729282e-13,False,0.0,2025-02-24,8
Q3,2025-02-28,12:00,keep,18400.31961705073,1.8189894035458565e-12,False,0.0,2025-02-18,8
Q3,2025-02-28,12:00,selected,18400.31961705073,1.8189894035458565e-12,False,0.0,2025-02-18,8
Q3,2025-02-28,18:00,keep,12986.454419703905,0.0,False,0.0,2025-02-21,8
Q3,2025-02-28,18:00,selected,12986.454419703905,0.0,False,0.0,2025-02-21,8
Q3,2025-03-01,00:00,selected,38590.8659813166,1.594849764115073e-10,False,0.0,2025-02-21,8
Q3,2025-03-01,06:00,keep,26030.002729702173,9.094947017729282e-13,False,0.0,2025-02-24,8
Q3,2025-03-01,06:00,selected,26030.002729702173,9.094947017729282e-13,False,0.0,2025-02-24,8
Q3,2025-03-01,12:00,keep,21628.848710946,4.547473508864641e-13,False,0.0,2025-02-18,8
Q3,2025-03-01,12:00,selected,21628.848710946,4.547473508864641e-13,False,0.0,2025-02-18,8
Q3,2025-03-01,18:00,keep,13038.726605271651,0.0,False,0.0,2025-02-21,8
Q3,2025-03-01,18:00,selected,13038.726605271651,0.0,False,0.0,2025-02-21,8
Q3,2025-03-02,00:00,selected,68395.06651304985,2.8352884695379076e-10,False,0.0,2025-02-21,8
Q3,2025-03-02,06:00,keep,55071.87861405514,7.275957614183426e-12,False,0.0,2025-02-24,8
Q3,2025-03-02,06:00,selected,54258.324085180524,8.01492205937393e-12,False,0.0,2025-02-24,8
Q3,2025-03-02,12:00,keep,42780.14752971612,1.4551915228366852e-11,False,0.0,2025-02-18,8
Q3,2025-03-02,12:00,selected,42780.14752971612,1.4551915228366852e-11,False,0.0,2025-02-18,8
Q3,2025-03-02,18:00,keep,18349.279645831386,1.8189894035458565e-12,False,0.0,2025-03-01,8
Q3,2025-03-02,18:00,selected,18349.279645831386,1.8189894035458565e-12,False,0.0,2025-03-01,8
Q3,2025-03-03,00:00,selected,70076.56497171689,2.1827872842550278e-11,False,0.0,2025-02-21,8
Q3,2025-03-03,06:00,keep,54762.211298909526,2.5352164811920375e-11,False,0.0,2025-03-02,8
Q3,2025-03-03,06:00,selected,54762.211298909526,2.5352164811920375e-11,False,0.0,2025-03-02,8
Q3,2025-03-03,12:00,keep,40885.9671888899,7.275957614183426e-12,False,0.0,2025-03-02,8
Q3,2025-03-03,12:00,selected,40885.9671888899,7.275957614183426e-12,False,0.0,2025-03-02,8
Q3,2025-03-03,18:00,keep,17533.081282657262,5.6843418860808015e-12,False,0.0,2025-03-01,8
Q3,2025-03-03,18:00,selected,17533.081282657262,5.6843418860808015e-12,False,0.0,2025-03-01,8
Q3,2025-03-04,00:00,selected,62063.77451954454,2.1264663521534307e-10,False,0.0,2025-02-21,8
Q3,2025-03-04,06:00,keep,48406.55093394149,7.275957614183426e-12,False,0.0,2025-03-03,8
Q3,2025-03-04,06:00,selected,47842.70795334662,7.275957614183426e-12,False,0.0,2025-03-03,8
Q3,2025-03-04,12:00,keep,36646.8878835084,9.244160992238903e-12,False,0.0,2025-03-03,8
Q3,2025-03-04,12:00,selected,36646.8878835084,9.244160992238903e-12,False,0.0,2025-03-03,8
Q3,2025-03-04,18:00,keep,17724.13604310377,6.87805368215777e-12,False,0.0,2025-03-01,8
Q3,2025-03-04,18:00,selected,17724.13604310377,6.87805368215777e-12,False,0.0,2025-03-01,8
Q3,2025-03-05,00:00,selected,65157.29946253129,3.544110586922383e-11,False,0.0,2025-02-21,8
Q3,2025-03-05,06:00,keep,50123.28672750665,9.094947017729282e-13,False,0.0,2025-03-03,8
Q3,2025-03-05,06:00,selected,50123.28672750665,9.094947017729282e-13,False,0.0,2025-03-03,8
Q3,2025-03-05,12:00,keep,39541.38543757844,1.4622969501942862e-11,False,0.0,2025-03-03,8
Q3,2025-03-05,12:00,selected,39541.38543757844,1.4622969501942862e-11,False,0.0,2025-03-03,8
Q3,2025-03-05,18:00,keep,17679.992277500412,9.094947017729282e-13,False,0.0,2025-03-03,8
Q3,2025-03-05,18:00,selected,17679.992277500412,9.094947017729282e-13,False,0.0,2025-03-03,8
Q3,2025-03-06,00:00,selected,63021.53657428172,2.3989699116100383e-11,False,0.0,2025-02-21,8
Q3,2025-03-06,06:00,keep,48325.69883957263,9.094947017729282e-13,False,0.0,2025-03-03,8
Q3,2025-03-06,06:00,selected,48325.69883957263,9.094947017729282e-13,False,0.0,2025-03-03,8
Q3,2025-03-06,12:00,keep,38175.65873652134,7.275957614183426e-12,False,0.0,2025-03-03,8
Q3,2025-03-06,12:00,selected,38175.65873652134,7.275957614183426e-12,False,0.0,2025-03-03,8
Q3,2025-03-06,18:00,keep,17721.977805549697,5.5422333389287814e-12,False,0.0,2025-03-03,8
Q3,2025-03-06,18:00,selected,17721.977805549697,5.5422333389287814e-12,False,0.0,2025-03-03,8
Q3,2025-03-07,00:00,selected,37423.569485975095,1.2278178473934531e-11,False,0.0,2025-02-21,8
Q3,2025-03-07,06:00,keep,24969.25214711298,1.8189894035458565e-12,False,0.0,2025-03-03,8
Q3,2025-03-07,06:00,selected,24969.25214711298,1.8189894035458565e-12,False,0.0,2025-03-03,8
Q3,2025-03-07,12:00,keep,21671.277946240825,9.094947017729282e-13,False,0.0,2025-03-03,8
Q3,2025-03-07,12:00,selected,21671.277946240825,9.094947017729282e-13,False,0.0,2025-03-03,8
Q3,2025-03-07,18:00,keep,12705.696526252797,0.0,False,0.0,2025-03-03,8
Q3,2025-03-07,18:00,selected,12705.696526252797,0.0,False,0.0,2025-03-03,8
Q3,2025-03-08,00:00,selected,31869.31368628734,1.4551915228366852e-11,False,0.0,2025-03-01,8
Q3,2025-03-08,06:00,keep,20594.23667466901,9.094947017729282e-13,False,0.0,2025-03-07,8
Q3,2025-03-08,06:00,selected,20594.23667466901,9.094947017729282e-13,False,0.0,2025-03-07,8
Q3,2025-03-08,12:00,keep,18203.109243426,9.094947017729282e-13,False,0.0,2025-03-07,8
Q3,2025-03-08,12:00,selected,18203.109243426,9.094947017729282e-13,False,0.0,2025-03-07,8
Q3,2025-03-08,18:00,keep,12143.14398811117,7.105427357601002e-15,False,0.0,2025-03-03,8
Q3,2025-03-08,18:00,selected,12143.14398811117,7.105427357601002e-15,False,0.0,2025-03-03,8
Q3,2025-03-09,00:00,selected,65147.3999598642,4.18367562815547e-11,False,0.0,2025-03-01,8
Q3,2025-03-09,06:00,keep,50713.79045835424,1.4551915228366852e-11,False,0.0,2025-03-07,8
Q3,2025-03-09,06:00,selected,50656.90034731298,1.4551915228366852e-11,False,0.0,2025-03-07,8
Q3,2025-03-09,12:00,keep,38851.868150458286,1.8758328224066645e-11,False,0.0,2025-03-07,8
Q3,2025-03-09,12:00,selected,38851.868150458286,1.8758328224066645e-11,False,0.0,2025-03-07,8
Q3,2025-03-09,18:00,keep,17651.783351155806,5.9117155615240335e-12,False,0.0,2025-03-03,8
Q3,2025-03-09,18:00,selected,17594.86490217191,1.8189894035458565e-12,False,0.0,2025-03-03,8
Q3,2025-03-10,00:00,selected,62130.256533938315,2.3874235921539366e-11,False,0.0,2025-03-01,8
Q3,2025-03-10,06:00,keep,47678.531808196625,1.4551915228366852e-11,False,0.0,2025-03-07,8
Q3,2025-03-10,06:00,selected,47625.16524877121,7.275957614183426e-12,False,0.0,2025-03-07,8
Q3,2025-03-10,12:00,keep,37602.79486540007,1.864464138634503e-11,False,0.0,2025-03-07,8
Q3,2025-03-10,12:00,selected,37392.196848265114,1.6825651982799172e-11,False,0.0,2025-03-07,8
Q3,2025-03-10,18:00,keep,18033.949572155958,3.637978807091713e-12,False,0.0,2025-03-03,8
Q3,2025-03-10,18:00,selected,17966.7220028244,1.8189894035458565e-12,False,0.0,2025-03-03,8
Q3,2025-03-11,00:00,selected,55367.052698798136,2.546585164964199e-11,False,0.0,2025-03-01,8
Q3,2025-03-11,06:00,keep,45295.77389646016,1.4551915228366852e-11,False,0.0,2025-03-07,8
Q3,2025-03-11,06:00,selected,43911.49887372717,7.275957614183426e-12,False,0.0,2025-03-07,8
Q3,2025-03-11,12:00,keep,35815.39709140657,3.637978807091713e-12,False,0.0,2025-03-07,8
Q3,2025-03-11,12:00,selected,34643.41978011816,3.865352482534945e-12,False,0.0,2025-03-07,8
Q3,2025-03-11,18:00,keep,17518.799091192108,3.126388037344441e-12,False,0.0,2025-03-03,8
Q3,2025-03-11,18:00,selected,17518.799091192108,3.126388037344441e-12,False,0.0,2025-03-03,8
Q3,2025-03-12,00:00,selected,62168.231028829185,3.637978807091713e-11,False,0.0,2025-03-11,8
Q3,2025-03-12,06:00,keep,48322.14051481214,7.275957614183426e-12,False,0.0,2025-03-07,8
Q3,2025-03-12,06:00,selected,47768.68672298384,1.4551915228366852e-11,False,0.0,2025-03-07,8
Q3,2025-03-12,12:00,keep,38310.54803707815,7.275957614183426e-12,False,0.0,2025-03-11,8
Q3,2025-03-12,12:00,selected,37947.6867385967,1.9554136088117957e-11,False,0.0,2025-03-11,8
Q3,2025-03-12,18:00,keep,17784.18784812138,3.637978807091713e-12,False,0.0,2025-03-03,8
Q3,2025-03-12,18:00,selected,17725.92710823094,5.4569682106375694e-12,False,0.0,2025-03-03,8
Q3,2025-03-13,00:00,selected,61745.560409158636,7.275957614183426e-12,False,0.0,2025-03-11,8
Q3,2025-03-13,06:00,keep,48990.64221955456,1.4551915228366852e-11,False,0.0,2025-03-12,8
Q3,2025-03-13,06:00,selected,48336.25879842181,1.4665602066088468e-11,False,0.0,2025-03-12,8
Q3,2025-03-13,12:00,keep,35501.60450725842,3.637978807091713e-12,False,0.0,2025-03-11,8
Q3,2025-03-13,12:00,selected,34839.82516180292,1.6257217794191092e-11,False,0.0,2025-03-11,8
Q3,2025-03-13,18:00,keep,17812.331798562303,1.8189894035458565e-12,False,0.0,2025-03-03,8
Q3,2025-03-13,18:00,selected,17732.63901141089,3.637978807091713e-12,False,0.0,2025-03-03,8
Q3,2025-03-14,00:00,selected,28956.63494683274,1.0913936421275139e-11,False,0.0,2025-03-11,8
Q3,2025-03-14,06:00,keep,19580.17692360559,1.8189894035458565e-12,False,0.0,2025-03-12,8
Q3,2025-03-14,06:00,selected,19371.094487427916,2.5579538487363607e-12,False,0.0,2025-03-12,8
Q3,2025-03-14,12:00,keep,17042.825403072762,9.094947017729282e-13,False,0.0,2025-03-11,8
Q3,2025-03-14,12:00,selected,16853.035668729328,5.8264504332328215e-12,False,0.0,2025-03-11,8
Q3,2025-03-14,18:00,keep,11731.443328705032,5.684341886080802e-14,False,0.0,2025-03-03,8
Q3,2025-03-14,18:00,selected,11731.443328705032,5.684341886080802e-14,False,0.0,2025-03-03,8
Q3,2025-03-15,00:00,selected,31637.305310411582,1.8189894035458565e-11,False,0.0,2025-03-11,8
Q3,2025-03-15,06:00,keep,20645.37704192767,3.637978807091713e-12,False,0.0,2025-03-12,8
Q3,2025-03-15,06:00,selected,19992.539988383065,3.637978807091713e-12,False,0.0,2025-03-12,8
Q3,2025-03-15,12:00,keep,17589.708557209226,3.637978807091713e-12,False,0.0,2025-03-11,8
Q3,2025-03-15,12:00,selected,16872.43757147976,5.9685589803848416e-12,False,0.0,2025-03-11,8
Q3,2025-03-15,18:00,keep,11845.779544487106,1.8189894035458565e-12,False,0.0,2025-03-03,8
Q3,2025-03-15,18:00,selected,11709.462184412025,0.0,False,0.0,2025-03-03,8
Q3,2025-03-16,00:00,selected,58983.23824464618,2.1827872842550278e-11,False,0.0,2025-03-11,8
Q3,2025-03-16,06:00,keep,47489.777120920895,1.4551915228366852e-11,False,0.0,2025-03-15,8
Q3,2025-03-16,06:00,selected,46338.724325566836,7.275957614183426e-12,False,0.0,2025-03-15,8
Q3,2025-03-16,12:00,keep,38216.35517654646,8.185452315956354e-12,False,0.0,2025-03-15,8
Q3,2025-03-16,12:00,selected,37522.53811656367,9.094947017729282e-12,False,0.0,2025-03-15,8
Q3,2025-03-16,18:00,keep,18181.24760770828,3.637978807091713e-12,False,0.0,2025-03-15,8
Q3,2025-03-16,18:00,selected,18181.24760770828,3.637978807091713e-12,False,0.0,2025-03-15,8
Q3,2025-03-17,00:00,selected,54894.84514706417,2.9103830456733704e-11,False,0.0,2025-03-11,8
Q3,2025-03-17,06:00,keep,40567.773256263376,1.4551915228366852e-11,False,0.0,2025-03-15,8
Q3,2025-03-17,06:00,selected,40470.39107517934,2.1827872842550278e-11,False,0.0,2025-03-15,8
Q3,2025-03-17,12:00,keep,35892.89677879768,7.275957614183426e-12,False,0.0,2025-03-15,8
Q3,2025-03-17,12:00,selected,34955.68887943867,1.8189894035458565e-11,False,0.0,2025-03-15,8
Q3,2025-03-17,18:00,keep,18297.10849144869,5.4569682106375694e-12,False,0.0,2025-03-15,8
Q3,2025-03-17,18:00,selected,18148.784291237724,7.275957614183426e-12,False,0.0,2025-03-15,8
Q3,2025-03-18,00:00,selected,62451.87763736194,2.864908310584724e-11,False,0.0,2025-03-11,8
Q3,2025-03-18,06:00,keep,49881.76088347653,2.1827872842550278e-11,False,0.0,2025-03-17,8
Q3,2025-03-18,06:00,selected,49464.444159484665,2.1827872842550278e-11,False,0.0,2025-03-17,8
Q3,2025-03-18,12:00,keep,36826.72411301702,1.0913936421275139e-11,False,0.0,2025-03-15,8
Q3,2025-03-18,12:00,selected,36066.2225165075,7.275957614183426e-12,False,0.0,2025-03-15,8
Q3,2025-03-18,18:00,keep,17730.178648245466,5.6843418860808015e-12,False,0.0,2025-03-15,8
Q3,2025-03-18,18:00,selected,17623.16862520255,7.048583938740194e-12,False,0.0,2025-03-15,8
Q3,2025-03-19,00:00,selected,51614.37111825239,3.637978807091713e-11,False,0.0,2025-03-11,8
Q3,2025-03-19,06:00,keep,43501.12323892102,2.1827872842550278e-11,False,0.0,2025-03-17,8
Q3,2025-03-19,06:00,selected,41607.982535261435,4.001776687800884e-11,False,0.0,2025-03-17,8
Q3,2025-03-19,12:00,keep,34575.89208139053,7.275957614183426e-12,False,0.0,2025-03-15,8
Q3,2025-03-19,12:00,selected,31837.736019749787,3.637978807091713e-12,False,0.0,2025-03-15,8
Q3,2025-03-19,18:00,keep,17991.264059558293,1.8189894035458565e-12,False,0.0,2025-03-15,8
Q3,2025-03-19,18:00,selected,17865.913309195188,1.8189894035458565e-12,False,0.0,2025-03-15,8
Q3,2025-03-20,00:00,selected,58589.47664950536,1.5916157281026244e-11,False,0.0,2025-03-11,8
Q3,2025-03-20,06:00,keep,45108.173284923316,7.275957614183426e-12,False,0.0,2025-03-17,8
Q3,2025-03-20,06:00,selected,44872.10281932783,1.4551915228366852e-11,False,0.0,2025-03-17,8
Q3,2025-03-20,12:00,keep,37791.868816051414,1.0913936421275139e-11,False,0.0,2025-03-15,8
Q3,2025-03-20,12:00,selected,37724.42653735626,1.0913936421275139e-11,False,0.0,2025-03-15,8
Q3,2025-03-20,18:00,keep,18047.227461171486,5.4569682106375694e-12,False,0.0,2025-03-19,8
Q3,2025-03-20,18:00,selected,17893.283662909245,3.637978807091713e-12,False,0.0,2025-03-19,8
Q3,2025-03-21,00:00,selected,28022.68108660328,1.0913936421275139e-11,False,0.0,2025-03-20,8
Q3,2025-03-21,06:00,keep,18504.925231315174,1.8189894035458565e-12,False,0.0,2025-03-20,8
Q3,2025-03-21,06:00,selected,18370.908173663793,3.637978807091713e-12,False,0.0,2025-03-20,8
Q3,2025-03-21,12:00,keep,16898.331206272862,3.637978807091713e-12,False,0.0,2025-03-15,8
Q3,2025-03-21,12:00,selected,16797.79540903968,1.8189894035458565e-12,False,0.0,2025-03-15,8
Q3,2025-03-21,18:00,keep,11556.570726006275,1.8189894035458565e-12,False,0.0,2025-03-19,8
Q3,2025-03-21,18:00,selected,11556.570726006275,1.8189894035458565e-12,False,0.0,2025-03-19,8
Q3,2025-03-22,00:00,selected,29460.928302473727,2.1827872842550278e-11,False,0.0,2025-03-20,8
Q3,2025-03-22,06:00,keep,19282.905908824017,1.8189894035458565e-12,False,0.0,2025-03-20,8
Q3,2025-03-22,06:00,selected,19121.775361550353,1.8189894035458565e-12,False,0.0,2025-03-20,8
Q3,2025-03-22,12:00,keep,17059.74927399346,9.094947017729282e-13,False,0.0,2025-03-15,8
Q3,2025-03-22,12:00,selected,16960.143345689718,3.637978807091713e-12,False,0.0,2025-03-15,8
Q3,2025-03-22,18:00,keep,11633.91041124735,1.8189894035458565e-12,False,0.0,2025-03-19,8
Q3,2025-03-22,18:00,selected,11633.91041124735,1.8189894035458565e-12,False,0.0,2025-03-19,8
Q3,2025-03-23,00:00,selected,59186.75612464045,4.3655745685100555e-11,False,0.0,2025-03-20,8
Q3,2025-03-23,06:00,keep,46672.86790062711,1.4551915228366852e-11,False,0.0,2025-03-22,8
Q3,2025-03-23,06:00,selected,45766.72330643205,1.4551915228366852e-11,False,0.0,2025-03-22,8
Q3,2025-03-23,12:00,keep,35648.365815023506,7.048583938740194e-12,False,0.0,2025-03-22,8
Q3,2025-03-23,12:00,selected,35202.235518639995,7.275957614183426e-12,False,0.0,2025-03-22,8
Q3,2025-03-23,18:00,keep,18220.746952430796,5.9117155615240335e-12,False,0.0,2025-03-15,8
Q3,2025-03-23,18:00,selected,18137.66189574132,3.637978807091713e-12,False,0.0,2025-03-15,8
Q3,2025-03-24,00:00,selected,55708.96641127445,3.54702933691442e-11,False,0.0,2025-03-20,8
Q3,2025-03-24,06:00,keep,42344.41561573536,1.4551915228366852e-11,False,0.0,2025-03-22,8
Q3,2025-03-24,06:00,selected,41878.742341075726,3.637978807091713e-11,False,0.0,2025-03-22,8
Q3,2025-03-24,12:00,keep,34038.907052845396,3.637978807091713e-12,False,0.0,2025-03-22,8
Q3,2025-03-24,12:00,selected,33723.93296332432,7.275957614183426e-12,False,0.0,2025-03-22,8
Q3,2025-03-24,18:00,keep,18430.7714359789,7.275957614183426e-12,False,0.0,2025-03-15,8
Q3,2025-03-24,18:00,selected,18313.141585086763,7.275957614183426e-12,False,0.0,2025-03-15,8
Q3,2025-03-25,00:00,selected,61946.27392232356,2.9103830456733704e-11,False,0.0,2025-03-20,8
Q3,2025-03-25,06:00,keep,48350.071623476455,1.4551915228366852e-11,False,0.0,2025-03-22,8
Q3,2025-03-25,06:00,selected,47879.28240793982,2.1827872842550278e-11,False,0.0,2025-03-22,8
Q3,2025-03-25,12:00,keep,36846.779730252,1.1368683772161603e-11,False,0.0,2025-03-22,8
Q3,2025-03-25,12:00,selected,36641.96631223863,1.0913936421275139e-11,False,0.0,2025-03-22,8
Q3,2025-03-25,18:00,keep,18282.902426258603,5.4569682106375694e-12,False,0.0,2025-03-15,8
Q3,2025-03-25,18:00,selected,18188.48418927107,5.4569682106375694e-12,False,0.0,2025-03-15,8
Q3,2025-03-26,00:00,selected,53599.280953183385,3.637978807091713e-11,False,0.0,2025-03-20,8
Q3,2025-03-26,06:00,keep,40177.621541129025,2.9103830456733704e-11,False,0.0,2025-03-22,8
Q3,2025-03-26,06:00,selected,39700.710222958194,2.546585164964199e-11,False,0.0,2025-03-22,8
Q3,2025-03-26,12:00,keep,34527.95446139824,7.275957614183426e-12,False,0.0,2025-03-22,8
Q3,2025-03-26,12:00,selected,34167.59356200154,7.275957614183426e-12,False,0.0,2025-03-22,8
Q3,2025-03-26,18:00,keep,18326.53270994952,7.275957614183426e-12,False,0.0,2025-03-15,8
Q3,2025-03-26,18:00,selected,18187.52385123036,8.185452315956354e-12,False,0.0,2025-03-15,8
Q3,2025-03-27,00:00,selected,56809.197098921446,4.3655745685100555e-11,False,0.0,2025-03-20,8
Q3,2025-03-27,06:00,keep,46946.09903532005,1.0913936421275139e-11,False,0.0,2025-03-22,8
Q3,2025-03-27,06:00,selected,44514.05365718805,1.0913936421275139e-11,False,0.0,2025-03-22,8
Q3,2025-03-27,12:00,keep,35160.83530520872,3.637978807091713e-12,False,0.0,2025-03-22,8
Q3,2025-03-27,12:00,selected,33328.78110163595,1.0913936421275139e-11,False,0.0,2025-03-22,8
Q3,2025-03-27,18:00,keep,18505.34984081704,3.637978807091713e-12,False,0.0,2025-03-15,8
Q3,2025-03-27,18:00,selected,18363.684372670046,8.640199666842818e-12,False,0.0,2025-03-15,8
Q3,2025-03-28,00:00,selected,26246.93260990469,1.4551915228366852e-11,False,0.0,2025-03-21,8
Q3,2025-03-28,06:00,keep,17653.952611591056,1.8189894035458565e-12,False,0.0,2025-03-22,8
Q3,2025-03-28,06:00,selected,17503.991389289866,1.8189894035458565e-12,False,0.0,2025-03-22,8
Q3,2025-03-28,12:00,keep,14768.643792324558,1.8189894035458565e-12,False,0.0,2025-03-22,8
Q3,2025-03-28,12:00,selected,14668.523014661674,1.8189894035458565e-12,False,0.0,2025-03-22,8
Q3,2025-03-28,18:00,keep,11231.988795926196,1.8189894035458565e-12,False,0.0,2025-03-15,8
Q3,2025-03-28,18:00,selected,11231.988795926196,1.8189894035458565e-12,False,0.0,2025-03-15,8
Q3,2025-03-29,00:00,selected,23809.054243926985,1.4551915228366852e-11,False,0.0,2025-03-28,8
Q3,2025-03-29,06:00,keep,16128.486017830954,1.8189894035458565e-12,False,0.0,2025-03-22,8
Q3,2025-03-29,06:00,selected,15996.498523516873,1.8189894035458565e-12,False,0.0,2025-03-22,8
Q3,2025-03-29,12:00,keep,14347.76647940876,1.8189894035458565e-12,False,0.0,2025-03-15,8
Q3,2025-03-29,12:00,selected,14230.381093960508,3.694822225952521e-12,False,0.0,2025-03-15,8
Q3,2025-03-29,18:00,keep,11155.161963759767,5.684341886080802e-14,False,0.0,2025-03-15,8
Q3,2025-03-29,18:00,selected,11136.49954956263,1.8189894035458565e-12,False,0.0,2025-03-15,8
Q3,2025-03-30,00:00,selected,53942.0937691021,2.1827872842550278e-11,False,0.0,2025-03-28,8
Q3,2025-03-30,06:00,keep,44395.59255548993,2.9103830456733704e-11,False,0.0,2025-03-22,8
Q3,2025-03-30,06:00,selected,43108.112346407535,2.9103830456733704e-11,False,0.0,2025-03-22,8
Q3,2025-03-30,12:00,keep,33404.136760934125,7.275957614183426e-12,False,0.0,2025-03-15,8
Q3,2025-03-30,12:00,selected,32825.41648176173,1.659827830735594e-11,False,0.0,2025-03-15,8
Q3,2025-03-30,18:00,keep,18573.18803304433,3.637978807091713e-12,False,0.0,2025-03-15,8
Q3,2025-03-30,18:00,selected,18382.513893695977,4.092726157978177e-12,False,0.0,2025-03-15,8
Q3,2025-03-31,00:00,selected,47021.679563623184,2.1827872842550278e-11,False,0.0,2025-03-28,8
Q3,2025-03-31,06:00,keep,55836.29374953568,2.9103830456733704e-11,False,0.0,2025-03-22,8
Q3,2025-03-31,06:00,selected,45823.82393666087,5.4569682106375694e-11,False,0.0,2025-03-22,8
Q3,2025-03-31,12:00,keep,38941.37467046233,1.4551915228366852e-11,False,0.0,2025-03-15,8
Q3,2025-03-31,12:00,selected,32779.76599015253,1.1368683772161603e-11,False,0.0,2025-03-15,8
Q3,2025-03-31,18:00,keep,18212.172837601454,9.094947017729282e-12,False,0.0,2025-03-15,8
Q3,2025-03-31,18:00,selected,18119.397659134396,4.547473508864641e-12,False,0.0,2025-03-15,8
Q3,2025-04-01,00:00,selected,56687.22020360273,2.9103830456733704e-11,False,0.0,2025-03-28,8
Q3,2025-04-01,06:00,keep,56579.36413236412,2.9103830456733704e-11,False,0.0,2025-03-22,8
Q3,2025-04-01,06:00,selected,50808.57267096144,1.4551915228366852e-11,False,0.0,2025-03-22,8
Q3,2025-04-01,12:00,keep,37655.20745959668,7.958078640513122e-12,False,0.0,2025-03-15,8
Q3,2025-04-01,12:00,selected,34994.48129913232,1.9554136088117957e-11,False,0.0,2025-03-15,8
Q3,2025-04-01,18:00,keep,18395.344056450303,7.275957614183426e-12,False,0.0,2025-03-15,8
Q3,2025-04-01,18:00,selected,18294.388412666336,6.366462912410498e-12,False,0.0,2025-03-15,8
Q3,2025-04-02,00:00,selected,54317.59642902736,9.322320693172514e-12,False,0.0,2025-03-28,8
Q3,2025-04-02,06:00,keep,54730.580955708596,2.9103830456733704e-11,False,0.0,2025-03-22,8
Q3,2025-04-02,06:00,selected,48622.69490903376,5.093170329928398e-11,False,0.0,2025-03-22,8
Q3,2025-04-02,12:00,keep,34796.09605090262,1.0913936421275139e-11,False,0.0,2025-03-15,8
Q3,2025-04-02,12:00,selected,32277.329741607067,1.864464138634503e-11,False,0.0,2025-03-15,8
Q3,2025-04-02,18:00,keep,18651.234076636527,1.0913936421275139e-11,False,0.0,2025-03-15,8
Q3,2025-04-02,18:00,selected,18543.15409541132,7.275957614183426e-12,False,0.0,2025-03-15,8
Q3,2025-04-03,00:00,selected,55620.67624164129,3.637978807091713e-11,False,0.0,2025-03-28,8
Q3,2025-04-03,06:00,keep,43975.801191030594,1.4551915228366852e-11,False,0.0,2025-03-22,8
Q3,2025-04-03,06:00,selected,43295.34143908928,7.275957614183426e-12,False,0.0,2025-03-22,8
Q3,2025-04-03,12:00,keep,34326.73510641411,1.0913936421275139e-11,False,0.0,2025-03-15,8
Q3,2025-04-03,12:00,selected,34131.656890787315,1.6370904631912708e-11,False,0.0,2025-03-15,8
Q3,2025-04-03,18:00,keep,18405.91676204046,7.275957614183426e-12,False,0.0,2025-03-15,8
Q3,2025-04-03,18:00,selected,18291.725187855198,9.094947017729282e-12,False,0.0,2025-03-15,8
Q3,2025-04-04,00:00,selected,22663.543890843735,7.275957614183426e-12,False,0.0,2025-03-28,8
Q3,2025-04-04,06:00,keep,15273.650129096857,1.8189894035458565e-12,False,0.0,2025-03-22,8
Q3,2025-04-04,06:00,selected,15124.851069193823,1.8189894035458565e-12,False,0.0,2025-03-22,8
Q3,2025-04-04,12:00,keep,13376.072596525068,3.637978807091713e-12,False,0.0,2025-03-15,8
Q3,2025-04-04,12:00,selected,13299.303623474325,1.8189894035458565e-12,False,0.0,2025-03-15,8
Q3,2025-04-04,18:00,keep,10876.169410999903,3.637978807091713e-12,False,0.0,2025-03-15,8
Q3,2025-04-04,18:00,selected,10807.826850609219,3.637978807091713e-12,False,0.0,2025-03-15,8
Q3,2025-04-05,00:00,selected,21918.039829410667,1.4551915228366852e-11,False,0.0,2025-03-28,8
Q3,2025-04-05,06:00,keep,16430.241875334144,5.4569682106375694e-12,False,0.0,2025-03-22,8
Q3,2025-04-05,06:00,selected,16103.203442031356,3.637978807091713e-12,False,0.0,2025-03-22,8
Q3,2025-04-05,12:00,keep,13678.372047114768,1.8189894035458565e-12,False,0.0,2025-03-15,8
Q3,2025-04-05,12:00,selected,13162.887482033628,3.637978807091713e-12,False,0.0,2025-03-15,8
Q3,2025-04-05,18:00,keep,10924.756394762224,7.673861546209082e-13,False,0.0,2025-03-15,8
Q3,2025-04-05,18:00,selected,10870.87613053528,1.8189894035458565e-12,False,0.0,2025-03-15,8
Q3,2025-04-06,00:00,selected,51112.75479105551,2.1827872842550278e-11,False,0.0,2025-03-28,8
Q3,2025-04-06,06:00,keep,42262.51166322395,1.0913936421275139e-11,False,0.0,2025-03-22,8
Q3,2025-04-06,06:00,selected,40088.732219314086,1.0913936421275139e-11,False,0.0,2025-03-22,8
Q3,2025-04-06,12:00,keep,34940.17397692443,1.0913936421275139e-11,False,0.0,2025-04-05,8
Q3,2025-04-06,12:00,selected,34140.1930478559,1.0913936421275139e-11,False,0.0,2025-04-05,8
Q3,2025-04-06,18:00,keep,18325.641366292122,5.4569682106375694e-12,False,0.0,2025-03-15,8
Q3,2025-04-06,18:00,selected,18159.616907192485,7.275957614183426e-12,False,0.0,2025-03-15,8
Q3,2025-04-07,00:00,selected,45307.79458806377,1.4551915228366852e-11,False,0.0,2025-03-28,8
Q3,2025-04-07,06:00,keep,47821.911401205165,1.8189894035458565e-11,False,0.0,2025-03-22,8
Q3,2025-04-07,06:00,selected,40400.12096837329,1.4551915228366852e-11,False,0.0,2025-03-22,8
Q3,2025-04-07,12:00,keep,34093.10885127235,7.275957614183426e-12,False,0.0,2025-04-05,8
Q3,2025-04-07,12:00,selected,32678.539400750225,7.275957614183426e-12,False,0.0,2025-04-05,8
Q3,2025-04-07,18:00,keep,18415.588653930037,2.9558577807620168e-12,False,0.0,2025-03-15,8
Q3,2025-04-07,18:00,selected,18243.824007170577,6.366462912410498e-12,False,0.0,2025-03-15,8
Q3,2025-04-08,00:00,selected,54582.12568014067,1.4551915228366852e-11,False,0.0,2025-04-07,8
Q3,2025-04-08,06:00,keep,43382.2057039747,1.0913936421275139e-11,False,0.0,2025-03-22,8
Q3,2025-04-08,06:00,selected,41506.14116762839,7.275957614183426e-12,False,0.0,2025-03-22,8
Q3,2025-04-08,12:00,keep,35458.37038777333,1.0913936421275139e-11,False,0.0,2025-04-05,8
Q3,2025-04-08,12:00,selected,34888.820531560246,7.275957614183426e-12,False,0.0,2025-04-05,8
Q3,2025-04-08,18:00,keep,18375.477903415212,4.547473508864641e-12,False,0.0,2025-03-15,8
Q3,2025-04-08,18:00,selected,18283.851042369082,7.275957614183426e-12,False,0.0,2025-03-15,8
Q3,2025-04-09,00:00,selected,53149.99099286849,1.4551915228366852e-11,False,0.0,2025-04-07,8
Q3,2025-04-09,06:00,keep,44455.84704577641,1.8189894035458565e-11,False,0.0,2025-03-22,8
Q3,2025-04-09,06:00,selected,42821.71655589246,2.546585164964199e-11,False,0.0,2025-03-22,8
Q3,2025-04-09,12:00,keep,36316.63068214361,7.275957614183426e-12,False,0.0,2025-03-31,8
Q3,2025-04-09,12:00,selected,35206.56527541015,1.0913936421275139e-11,False,0.0,2025-03-31,8
Q3,2025-04-09,18:00,keep,18597.494079156797,7.275957614183426e-12,False,0.0,2025-03-15,8
Q3,2025-04-09,18:00,selected,18455.665119394696,8.640199666842818e-12,False,0.0,2025-03-15,8
Q3,2025-04-10,00:00,selected,52496.494199509856,2.9103830456733704e-11,False,0.0,2025-04-07,8
Q3,2025-04-10,06:00,keep,43542.344199708285,1.8189894035458565e-11,False,0.0,2025-03-22,8
Q3,2025-04-10,06:00,selected,42072.19625848828,1.8189894035458565e-11,False,0.0,2025-03-22,8
Q3,2025-04-10,12:00,keep,34683.06554698196,1.0913936421275139e-11,False,0.0,2025-04-09,8
Q3,2025-04-10,12:00,selected,33682.04686790571,7.275957614183426e-12,False,0.0,2025-04-09,8
Q3,2025-04-10,18:00,keep,18504.75128583541,3.979039320256561e-12,False,0.0,2025-03-15,8
Q3,2025-04-10,18:00,selected,18315.25978257948,7.275957614183426e-12,False,0.0,2025-03-15,8
Q3,2025-04-11,00:00,selected,20923.529628867505,1.4551915228366852e-11,False,0.0,2025-04-07,8
Q3,2025-04-11,06:00,keep,16017.14837807357,3.637978807091713e-12,False,0.0,2025-04-10,8
Q3,2025-04-11,06:00,selected,15472.568377085781,4.320099833421409e-12,False,0.0,2025-04-10,8
Q3,2025-04-11,12:00,keep,13177.024490288637,1.8189894035458565e-12,False,0.0,2025-04-10,8
Q3,2025-04-11,12:00,selected,12842.901827655427,1.8189894035458565e-12,False,0.0,2025-04-10,8
Q3,2025-04-11,18:00,keep,10689.847583339784,0.0,False,0.0,2025-04-10,8
Q3,2025-04-11,18:00,selected,10689.847583339784,0.0,False,0.0,2025-04-10,8
Q3,2025-04-12,00:00,selected,23884.62212924713,4.092726157978177e-12,False,0.0,2025-04-07,8
Q3,2025-04-12,06:00,keep,16036.87466145527,1.8189894035458565e-12,False,0.0,2025-04-10,8
Q3,2025-04-12,06:00,selected,15898.208772134507,1.8189894035458565e-12,False,0.0,2025-04-10,8
Q3,2025-04-12,12:00,keep,14796.463191699766,1.8189894035458565e-12,False,0.0,2025-04-11,8
Q3,2025-04-12,12:00,selected,14678.974115643814,9.094947017729282e-13,False,0.0,2025-04-11,8
Q3,2025-04-12,18:00,keep,11055.47372035447,1.7763568394002505e-15,False,0.0,2025-04-11,8
Q3,2025-04-12,18:00,selected,11055.47372035447,1.7763568394002505e-15,False,0.0,2025-04-11,8
Q3,2025-04-13,00:00,selected,49301.38767622537,2.1827872842550278e-11,False,0.0,2025-04-07,8
Q3,2025-04-13,06:00,keep,35439.64539388658,1.0913936421275139e-11,False,0.0,2025-04-10,8
Q3,2025-04-13,06:00,selected,35093.915447269705,1.4551915228366852e-11,False,0.0,2025-04-10,8
Q3,2025-04-13,12:00,keep,31988.96078153933,2.1827872842550278e-11,False,0.0,2025-04-12,8
Q3,2025-04-13,12:00,selected,31013.283865796977,7.275957614183426e-12,False,0.0,2025-04-12,8
Q3,2025-04-13,18:00,keep,18577.587707576884,1.0913936421275139e-11,False,0.0,2025-04-11,8
Q3,2025-04-13,18:00,selected,18504.725068384247,9.094947017729282e-12,False,0.0,2025-04-11,8
Q3,2025-04-14,00:00,selected,52689.75283786027,2.9103830456733704e-11,False,0.0,2025-04-07,8
Q3,2025-04-14,06:00,keep,40738.79169467038,1.0913936421275139e-11,False,0.0,2025-04-10,8
Q3,2025-04-14,06:00,selected,38957.889247620784,7.275957614183426e-12,False,0.0,2025-04-10,8
Q3,2025-04-14,12:00,keep,33940.49948782666,1.0913936421275139e-11,False,0.0,2025-04-11,8
Q3,2025-04-14,12:00,selected,33798.02484697993,6.366462912410498e-12,False,0.0,2025-04-11,8
Q3,2025-04-14,18:00,keep,18790.445837488805,3.637978807091713e-12,False,0.0,2025-04-11,8
Q3,2025-04-14,18:00,selected,18701.424189207908,4.092726157978177e-12,False,0.0,2025-04-11,8
Q3,2025-04-15,00:00,selected,45296.455196457326,2.9103830456733704e-11,False,0.0,2025-04-14,8
Q3,2025-04-15,06:00,keep,40417.42398499697,2.546585164964199e-11,False,0.0,2025-03-30,8
Q3,2025-04-15,06:00,selected,36768.07537065634,1.4551915228366852e-11,False,0.0,2025-03-30,8
Q3,2025-04-15,12:00,keep,32234.393479710576,1.8189894035458565e-11,False,0.0,2025-04-14,8
Q3,2025-04-15,12:00,selected,30175.22961646158,7.275957614183426e-12,False,0.0,2025-04-14,8
Q3,2025-04-15,18:00,keep,18342.45689484769,9.094947017729282e-12,False,0.0,2025-04-11,8
Q3,2025-04-15,18:00,selected,18273.50632309708,5.4569682106375694e-12,False,0.0,2025-04-11,8
Q3,2025-04-16,00:00,selected,50346.72519167602,1.4551915228366852e-11,False,0.0,2025-04-15,8
Q3,2025-04-16,06:00,keep,46612.44995122621,1.8189894035458565e-11,False,0.0,2025-04-14,8
Q3,2025-04-16,06:00,selected,42007.560695759945,1.6825651982799172e-11,False,0.0,2025-04-14,8
Q3,2025-04-16,12:00,keep,35619.398150962064,7.275957614183426e-12,False,0.0,2025-04-14,8
Q3,2025-04-16,12:00,selected,32529.371781830883,7.958078640513122e-12,False,0.0,2025-04-14,8
Q3,2025-04-16,18:00,keep,18660.157282623226,5.4569682106375694e-12,False,0.0,2025-04-11,8
Q3,2025-04-16,18:00,selected,18592.453844794552,5.4569682106375694e-12,False,0.0,2025-04-11,8
Q3,2025-04-17,00:00,selected,46379.73403371011,1.4551915228366852e-11,False,0.0,2025-04-15,8
Q3,2025-04-17,06:00,keep,41654.890194242515,2.9103830456733704e-11,False,0.0,2025-04-14,8
Q3,2025-04-17,06:00,selected,38689.94662441346,1.8189894035458565e-11,False,0.0,2025-04-14,8
Q3,2025-04-17,12:00,keep,34093.53394929074,7.275957614183426e-12,False,0.0,2025-04-14,8
Q3,2025-04-17,12:00,selected,31223.02326454772,1.0913936421275139e-11,False,0.0,2025-04-14,8
Q3,2025-04-17,18:00,keep,18405.00748246342,5.4569682106375694e-12,False,0.0,2025-04-11,8
Q3,2025-04-17,18:00,selected,18324.458874361022,7.275957614183426e-12,False,0.0,2025-04-11,8
Q3,2025-04-18,00:00,selected,21201.541435377854,1.4551915228366852e-11,False,0.0,2025-04-15,8
Q3,2025-04-18,06:00,keep,15051.20896921301,3.637978807091713e-12,False,0.0,2025-04-03,8
Q3,2025-04-18,06:00,selected,14831.783402576648,5.4569682106375694e-12,False,0.0,2025-04-03,8
Q3,2025-04-18,12:00,keep,12874.05594185134,2.6147972675971687e-12,False,0.0,2025-04-14,8
Q3,2025-04-18,12:00,selected,12874.05594185134,2.6147972675971687e-12,False,0.0,2025-04-14,8
Q3,2025-04-18,18:00,keep,10574.760781122573,9.094947017729282e-13,False,0.0,2025-04-11,8
Q3,2025-04-18,18:00,selected,10574.760781122573,9.094947017729282e-13,False,0.0,2025-04-11,8
Q3,2025-04-19,00:00,selected,20675.652831377814,2.1827872842550278e-11,False,0.0,2025-04-15,8
Q3,2025-04-19,06:00,keep,13836.98418959292,1.8189894035458565e-12,False,0.0,2025-04-03,8
Q3,2025-04-19,06:00,selected,13736.339352544099,3.637978807091713e-12,False,0.0,2025-04-03,8
Q3,2025-04-19,12:00,keep,13324.702968582458,5.4569682106375694e-12,False,0.0,2025-04-18,8
Q3,2025-04-19,12:00,selected,13155.288888085752,5.4569682106375694e-12,False,0.0,2025-04-18,8
Q3,2025-04-19,18:00,keep,10441.3564346978,2.1316282072803006e-12,False,0.0,2025-04-11,8
Q3,2025-04-19,18:00,selected,10425.502423102125,2.1316282072803006e-12,False,0.0,2025-04-11,8
Q3,2025-04-20,00:00,selected,47223.85747142804,2.1827872842550278e-11,False,0.0,2025-04-15,8
Q3,2025-04-20,06:00,keep,36876.26117946169,7.275957614183426e-12,False,0.0,2025-04-14,8
Q3,2025-04-20,06:00,selected,35899.23530408911,1.8189894035458565e-11,False,0.0,2025-04-14,8
Q3,2025-04-20,12:00,keep,32264.32224231806,1.8189894035458565e-11,False,0.0,2025-04-19,8
Q3,2025-04-20,12:00,selected,31662.90332978746,1.4551915228366852e-11,False,0.0,2025-04-19,8
Q3,2025-04-20,18:00,keep,18705.126844454826,5.4569682106375694e-12,False,0.0,2025-04-11,8
Q3,2025-04-20,18:00,selected,18538.455381707525,5.4569682106375694e-12,False,0.0,2025-04-11,8
Q3,2025-04-21,00:00,selected,49615.00955342032,2.9103830456733704e-11,False,0.0,2025-04-15,8
Q3,2025-04-21,06:00,keep,38695.61999793378,1.0913936421275139e-11,False,0.0,2025-04-14,8
Q3,2025-04-21,06:00,selected,37427.20689733729,3.637978807091713e-12,False,0.0,2025-04-14,8
Q3,2025-04-21,12:00,keep,33165.60096948205,7.275957614183426e-12,False,0.0,2025-04-20,8
Q3,2025-04-21,12:00,selected,32971.26470057259,1.0913936421275139e-11,False,0.0,2025-04-20,8
Q3,2025-04-21,18:00,keep,18978.241241810658,5.4569682106375694e-12,False,0.0,2025-04-11,8
Q3,2025-04-21,18:00,selected,18870.040653580767,5.4569682106375694e-12,False,0.0,2025-04-11,8
Q3,2025-04-22,00:00,selected,44316.521635477446,2.9103830456733704e-11,False,0.0,2025-04-15,8
Q3,2025-04-22,06:00,keep,46060.59462581315,7.275957614183426e-12,False,0.0,2025-04-19,8
Q3,2025-04-22,06:00,selected,39863.05887153967,1.0913936421275139e-11,False,0.0,2025-04-19,8
Q3,2025-04-22,12:00,keep,34024.03658926018,7.275957614183426e-12,False,0.0,2025-04-20,8
Q3,2025-04-22,12:00,selected,30593.152800333417,2.9103830456733704e-11,False,0.0,2025-04-20,8
Q3,2025-04-22,18:00,keep,18673.792710553673,4.547473508864641e-12,False,0.0,2025-04-21,8
Q3,2025-04-22,18:00,selected,18586.419008059216,7.275957614183426e-12,False,0.0,2025-04-21,8
Q3,2025-04-23,00:00,selected,43026.3587547758,2.1827872842550278e-11,False,0.0,2025-04-22,8
Q3,2025-04-23,06:00,keep,46669.73020935719,4.729372449219227e-11,False,0.0,2025-04-19,8
Q3,2025-04-23,06:00,selected,39070.03889108221,1.0913936421275139e-11,False,0.0,2025-04-19,8
Q3,2025-04-23,12:00,keep,33091.326721381345,1.4551915228366852e-11,False,0.0,2025-04-20,8
Q3,2025-04-23,12:00,selected,31287.817719360286,1.0913936421275139e-11,False,0.0,2025-04-20,8
Q3,2025-04-23,18:00,keep,18822.35268782033,8.185452315956354e-12,False,0.0,2025-04-22,8
Q3,2025-04-23,18:00,selected,18700.02781701702,7.275957614183426e-12,False,0.0,2025-04-22,8
Q3,2025-04-24,00:00,selected,44575.7594820819,1.4551915228366852e-11,False,0.0,2025-04-23,8
Q3,2025-04-24,06:00,keep,34656.20660527391,1.4551915228366852e-11,False,0.0,2025-04-19,8
Q3,2025-04-24,06:00,selected,33375.06997278364,7.275957614183426e-12,False,0.0,2025-04-19,8
Q3,2025-04-24,12:00,keep,32337.11298750148,1.0913936421275139e-11,False,0.0,2025-04-20,8
Q3,2025-04-24,12:00,selected,30812.888805005394,1.4551915228366852e-11,False,0.0,2025-04-20,8
Q3,2025-04-24,18:00,keep,18621.100311769118,5.4569682106375694e-12,False,0.0,2025-04-22,8
Q3,2025-04-24,18:00,selected,18390.602339621943,5.9117155615240335e-12,False,0.0,2025-04-22,8
Q3,2025-04-25,00:00,selected,20908.697817724642,3.637978807091713e-12,False,0.0,2025-04-23,8
Q3,2025-04-25,06:00,keep,13898.29298752807,3.637978807091713e-12,False,0.0,2025-04-19,8
Q3,2025-04-25,06:00,selected,13691.605647767927,3.183231456205249e-12,False,0.0,2025-04-19,8
Q3,2025-04-25,12:00,keep,12761.759179738594,1.8189894035458565e-12,False,0.0,2025-04-24,8
Q3,2025-04-25,12:00,selected,12558.147908872259,1.8189894035458565e-12,False,0.0,2025-04-24,8
Q3,2025-04-25,18:00,keep,10448.174550211876,1.8189894035458565e-12,False,0.0,2025-04-24,8
Q3,2025-04-25,18:00,selected,10348.676169557102,4.547473508864641e-13,False,0.0,2025-04-24,8
Q3,2025-04-26,00:00,selected,20715.610700392008,9.094947017729282e-11,False,0.0,2025-04-25,8
Q3,2025-04-26,06:00,keep,13895.012866891386,3.637978807091713e-12,False,0.0,2025-04-19,8
Q3,2025-04-26,06:00,selected,13718.672872331203,3.637978807091713e-12,False,0.0,2025-04-19,8
Q3,2025-04-26,12:00,keep,13095.108072410918,5.4569682106375694e-12,False,0.0,2025-04-24,8
Q3,2025-04-26,12:00,selected,12933.283903045103,1.8189894035458565e-12,False,0.0,2025-04-24,8
Q3,2025-04-26,18:00,keep,10532.644197439613,1.8189894035458565e-12,False,0.0,2025-04-24,8
Q3,2025-04-26,18:00,selected,10388.055928610689,1.8189894035458565e-12,False,0.0,2025-04-24,8
Q3,2025-04-27,00:00,selected,43742.98462654927,1.0913936421275139e-10,False,0.0,2025-04-25,8
Q3,2025-04-27,06:00,keep,38227.91339388031,1.0913936421275139e-11,False,0.0,2025-04-19,8
Q3,2025-04-27,06:00,selected,35535.60998506494,7.275957614183426e-12,False,0.0,2025-04-19,8
Q3,2025-04-27,12:00,keep,31578.132678855254,1.0913936421275139e-11,False,0.0,2025-04-26,8
Q3,2025-04-27,12:00,selected,29921.529156560788,6.821210263296962e-12,False,0.0,2025-04-26,8
Q3,2025-04-27,18:00,keep,18470.47326317138,1.0913936421275139e-11,False,0.0,2025-04-26,8
Q3,2025-04-27,18:00,selected,18417.895994325674,7.275957614183426e-12,False,0.0,2025-04-26,8
Q3,2025-04-28,00:00,selected,52603.177260189594,3.1604940886609256e-11,False,0.0,2025-04-27,8
Q3,2025-04-28,06:00,keep,45580.51003826391,2.546585164964199e-11,False,0.0,2025-04-27,8
Q3,2025-04-28,06:00,selected,43585.67002766272,2.9103830456733704e-11,False,0.0,2025-04-27,8
Q3,2025-04-28,12:00,keep,34592.56583842666,1.0913936421275139e-11,False,0.0,2025-04-26,8
Q3,2025-04-28,12:00,selected,34125.637505316,3.637978807091713e-12,False,0.0,2025-04-26,8
Q3,2025-04-28,18:00,keep,18753.916200343847,2.546585164964199e-11,False,0.0,2025-04-26,8
Q3,2025-04-28,18:00,selected,18704.45557337218,1.000444171950221e-11,False,0.0,2025-04-26,8
Q3,2025-04-29,00:00,selected,44009.251822678,2.1827872842550278e-11,False,0.0,2025-04-28,8
Q3,2025-04-29,06:00,keep,36622.6014363684,1.4551915228366852e-11,False,0.0,2025-04-27,8
Q3,2025-04-29,06:00,selected,34669.13138086783,1.4551915228366852e-11,False,0.0,2025-04-27,8
Q3,2025-04-29,12:00,keep,31817.425122337703,1.8189894035458565e-11,False,0.0,2025-04-26,8
Q3,2025-04-29,12:00,selected,31514.678568225158,5.002220859751105e-12,False,0.0,2025-04-26,8
Q3,2025-04-29,18:00,keep,18590.308634811576,3.637978807091713e-12,False,0.0,2025-04-26,8
Q3,2025-04-29,18:00,selected,18421.288247119814,3.637978807091713e-12,False,0.0,2025-04-26,8
Q3,2025-04-30,00:00,selected,42222.01668110105,1.4551915228366852e-11,False,0.0,2025-04-28,8
Q3,2025-04-30,06:00,keep,32008.347766353676,7.275957614183426e-12,False,0.0,2025-04-27,8
Q3,2025-04-30,06:00,selected,31965.7598994822,1.0459189070388675e-11,False,0.0,2025-04-27,8
Q3,2025-04-30,12:00,keep,28874.496894917385,1.0913936421275139e-11,False,0.0,2025-04-26,8
Q3,2025-04-30,12:00,selected,28389.078715972628,1.0913936421275139e-11,False,0.0,2025-04-26,8
Q3,2025-04-30,18:00,keep,18350.44278614492,5.4569682106375694e-12,False,0.0,2025-04-26,8
Q3,2025-04-30,18:00,selected,18298.72212831639,3.637978807091713e-12,False,0.0,2025-04-26,8
Q3,2025-05-01,00:00,selected,44585.8694868602,7.275957614183426e-12,False,0.0,2025-04-28,8
Q3,2025-05-01,06:00,keep,37986.27139735986,7.275957614183426e-12,False,0.0,2025-04-27,8
Q3,2025-05-01,06:00,selected,36108.89311347956,1.0913936421275139e-11,False,0.0,2025-04-27,8
Q3,2025-05-01,12:00,keep,31460.695502881495,1.8189894035458565e-11,False,0.0,2025-04-26,8
Q3,2025-05-01,12:00,selected,30221.067689231986,1.0913936421275139e-11,False,0.0,2025-04-26,8
Q3,2025-05-01,18:00,keep,18375.835015727225,3.637978807091713e-12,False,0.0,2025-04-30,8
Q3,2025-05-01,18:00,selected,18265.7856589825,3.637978807091713e-12,False,0.0,2025-04-30,8
Q3,2025-05-02,00:00,selected,24761.393782002036,7.275957614183426e-12,False,0.0,2025-05-01,8
Q3,2025-05-02,06:00,keep,17892.45493855352,1.8189894035458565e-12,False,0.0,2025-05-01,8
Q3,2025-05-02,06:00,selected,17669.732952003647,1.8189894035458565e-12,False,0.0,2025-05-01,8
Q3,2025-05-02,12:00,keep,16114.204547090143,1.8189894035458565e-12,False,0.0,2025-05-01,8
Q3,2025-05-02,12:00,selected,15496.771329216697,2.7142732506035827e-12,False,0.0,2025-05-01,8
Q3,2025-05-02,18:00,keep,12739.838854149366,3.637978807091713e-12,False,0.0,2025-05-01,8
Q3,2025-05-02,18:00,selected,12739.838854149366,3.637978807091713e-12,False,0.0,2025-05-01,8
Q3,2025-05-03,00:00,selected,23659.123759752616,3.637978807091713e-12,False,0.0,2025-05-01,8
Q3,2025-05-03,06:00,keep,16672.16232779325,1.8189894035458565e-12,False,0.0,2025-05-01,8
Q3,2025-05-03,06:00,selected,16576.993607105993,2.6147972675971687e-12,False,0.0,2025-05-01,8
Q3,2025-05-03,12:00,keep,15349.352023875706,3.637978807091713e-12,False,0.0,2025-05-02,8
Q3,2025-05-03,12:00,selected,14897.63875383082,1.8189894035458565e-12,False,0.0,2025-05-02,8
Q3,2025-05-03,18:00,keep,12353.163531176053,3.637978807091713e-12,False,0.0,2025-05-02,8
Q3,2025-05-03,18:00,selected,12353.163531176053,3.637978807091713e-12,False,0.0,2025-05-02,8
Q3,2025-05-04,00:00,selected,50007.26923561205,3.637978807091713e-11,False,0.0,2025-05-01,8
Q3,2025-05-04,06:00,keep,38172.08561166281,1.8189894035458565e-11,False,0.0,2025-05-01,8
Q3,2025-05-04,06:00,selected,38172.08561166281,1.8189894035458565e-11,False,0.0,2025-05-01,8
Q3,2025-05-04,12:00,keep,32073.299627091106,5.4569682106375694e-12,False,0.0,2025-05-03,8
Q3,2025-05-04,12:00,selected,32073.299627091106,5.4569682106375694e-12,False,0.0,2025-05-03,8
Q3,2025-05-04,18:00,keep,19752.606921631945,9.094947017729282e-12,False,0.0,2025-05-03,8
Q3,2025-05-04,18:00,selected,19742.2535597721,9.549694368615746e-12,False,0.0,2025-05-03,8
Q3,2025-05-05,00:00,selected,51787.23285541937,7.275957614183426e-12,False,0.0,2025-05-01,8
Q3,2025-05-05,06:00,keep,37910.07076283332,3.637978807091713e-12,False,0.0,2025-05-04,8
Q3,2025-05-05,06:00,selected,37889.09716376141,7.560174708487466e-12,False,0.0,2025-05-04,8
Q3,2025-05-05,12:00,keep,32427.87903708101,8.185452315956354e-12,False,0.0,2025-05-04,8
Q3,2025-05-05,12:00,selected,32293.565335678348,8.185452315956354e-12,False,0.0,2025-05-04,8
Q3,2025-05-05,18:00,keep,19747.500314936704,9.094947017729282e-12,False,0.0,2025-05-04,8
Q3,2025-05-05,18:00,selected,19747.500314936704,9.094947017729282e-12,False,0.0,2025-05-04,8
Q3,2025-05-06,00:00,selected,45137.33037638455,2.1827872842550278e-11,False,0.0,2025-05-05,8
Q3,2025-05-06,06:00,keep,43913.76182145848,1.8189894035458565e-11,False,0.0,2025-05-05,8
Q3,2025-05-06,06:00,selected,40144.419904919574,1.8189894035458565e-11,False,0.0,2025-05-05,8
Q3,2025-05-06,12:00,keep,32506.35337935151,1.0913936421275139e-11,False,0.0,2025-05-05,8
Q3,2025-05-06,12:00,selected,31206.000963864273,1.0913936421275139e-11,False,0.0,2025-05-05,8
Q3,2025-05-06,18:00,keep,20202.22604236548,6.366462912410498e-12,False,0.0,2025-05-05,8
Q3,2025-05-06,18:00,selected,20169.67667343626,3.637978807091713e-12,False,0.0,2025-05-05,8
Q3,2025-05-07,00:00,selected,49765.700745933165,1.4551915228366852e-11,False,0.0,2025-05-06,8
Q3,2025-05-07,06:00,keep,40399.48361674382,1.4551915228366852e-11,False,0.0,2025-05-06,8
Q3,2025-05-07,06:00,selected,39732.971261091916,2.546585164964199e-11,False,0.0,2025-05-06,8
Q3,2025-05-07,12:00,keep,33232.144263982176,8.185452315956354e-12,False,0.0,2025-05-06,8
Q3,2025-05-07,12:00,selected,32268.981113960464,2.000888343900442e-11,False,0.0,2025-05-06,8
Q3,2025-05-07,18:00,keep,20217.832116577425,1.4551915228366852e-11,False,0.0,2025-05-06,8
Q3,2025-05-07,18:00,selected,20197.08392683044,1.0913936421275139e-11,False,0.0,2025-05-06,8
Q3,2025-05-08,00:00,selected,54067.13528135611,2.1827872842550278e-11,False,0.0,2025-05-06,8
Q3,2025-05-08,06:00,keep,39275.6837794922,1.4551915228366852e-11,False,0.0,2025-05-06,8
Q3,2025-05-08,06:00,selected,38904.84864166508,7.275957614183426e-12,False,0.0,2025-05-06,8
Q3,2025-05-08,12:00,keep,32671.825745629598,1.0913936421275139e-11,False,0.0,2025-05-06,8
Q3,2025-05-08,12:00,selected,32573.198612544962,1.0913936421275139e-11,False,0.0,2025-05-06,8
Q3,2025-05-08,18:00,keep,20578.15319280706,9.094947017729282e-12,False,0.0,2025-05-07,8
Q3,2025-05-08,18:00,selected,20553.93999991627,7.275957614183426e-12,False,0.0,2025-05-07,8
Q3,2025-05-09,00:00,selected,25702.60048668171,7.275957614183426e-12,False,0.0,2025-05-06,8
Q3,2025-05-09,06:00,keep,17282.76024216429,3.865352482534945e-12,False,0.0,2025-05-06,8
Q3,2025-05-09,06:00,selected,17282.76024216429,3.865352482534945e-12,False,0.0,2025-05-06,8
Q3,2025-05-09,12:00,keep,15604.070327734005,5.4569682106375694e-12,False,0.0,2025-05-08,8
Q3,2025-05-09,12:00,selected,15604.070327734005,5.4569682106375694e-12,False,0.0,2025-05-08,8
Q3,2025-05-09,18:00,keep,12620.511577313977,3.637978807091713e-12,False,0.0,2025-05-08,8
Q3,2025-05-09,18:00,selected,12620.511577313977,3.637978807091713e-12,False,0.0,2025-05-08,8
Q3,2025-05-10,00:00,selected,25672.802806922005,2.546585164964199e-11,False,0.0,2025-05-06,8
Q3,2025-05-10,06:00,keep,20067.510446162207,1.8189894035458565e-12,False,0.0,2025-05-06,8
Q3,2025-05-10,06:00,selected,19162.30454725528,9.890754881780595e-12,False,0.0,2025-05-06,8
Q3,2025-05-10,12:00,keep,16375.728277050239,3.637978807091713e-12,False,0.0,2025-05-08,8
Q3,2025-05-10,12:00,selected,15404.658899113,1.8189894035458565e-12,False,0.0,2025-05-08,8
Q3,2025-05-10,18:00,keep,13030.821309611114,1.8189894035458565e-12,False,0.0,2025-05-09,8
Q3,2025-05-10,18:00,selected,13003.044587004233,3.637978807091713e-12,False,0.0,2025-05-09,8
Q3,2025-05-11,00:00,selected,52790.000903920765,4.3655745685100555e-11,False,0.0,2025-05-06,8
Q3,2025-05-11,06:00,keep,45955.06259059419,1.8189894035458565e-11,False,0.0,2025-05-10,8
Q3,2025-05-11,06:00,selected,42685.42435893035,2.1827872842550278e-11,False,0.0,2025-05-10,8
Q3,2025-05-11,12:00,keep,34931.37206631168,7.275957614183426e-12,False,0.0,2025-05-08,8
Q3,2025-05-11,12:00,selected,32648.855527101183,1.4551915228366852e-11,False,0.0,2025-05-08,8
Q3,2025-05-11,18:00,keep,20552.726381407392,2.6489033189136535e-11,False,0.0,2025-05-10,8
Q3,2025-05-11,18:00,selected,20542.00259935745,7.275957614183426e-12,False,0.0,2025-05-10,8
Q3,2025-05-12,00:00,selected,46260.719535630444,2.1827872842550278e-11,False,0.0,2025-05-06,8
Q3,2025-05-12,06:00,keep,44694.44610872424,7.275957614183426e-12,False,0.0,2025-05-10,8
Q3,2025-05-12,06:00,selected,40100.752759855095,1.8189894035458565e-11,False,0.0,2025-05-10,8
Q3,2025-05-12,12:00,keep,34491.76981863629,1.0913936421275139e-11,False,0.0,2025-05-11,8
Q3,2025-05-12,12:00,selected,32054.939707598394,1.1823431123048067e-11,False,0.0,2025-05-11,8
Q3,2025-05-12,18:00,keep,20576.660596102338,9.094947017729282e-12,False,0.0,2025-05-11,8
Q3,2025-05-12,18:00,selected,20558.08011932482,5.4569682106375694e-12,False,0.0,2025-05-11,8
Q3,2025-05-13,00:00,selected,54424.99064155369,1.4551915228366852e-11,False,0.0,2025-05-06,8
Q3,2025-05-13,06:00,keep,41772.82988030187,1.8189894035458565e-11,False,0.0,2025-05-10,8
Q3,2025-05-13,06:00,selected,41094.55586574184,1.4551915228366852e-11,False,0.0,2025-05-10,8
Q3,2025-05-13,12:00,keep,32823.51480795788,2.1827872842550278e-11,False,0.0,2025-05-11,8
Q3,2025-05-13,12:00,selected,32417.497269992,1.0913936421275139e-11,False,0.0,2025-05-11,8
Q3,2025-05-13,18:00,keep,20659.34774491783,5.4569682106375694e-12,False,0.0,2025-05-12,8
Q3,2025-05-13,18:00,selected,20632.41950907842,1.000444171950221e-11,False,0.0,2025-05-12,8
Q3,2025-05-14,00:00,selected,52787.47099594326,2.9103830456733704e-11,False,0.0,2025-05-06,8
Q3,2025-05-14,06:00,keep,39552.765591539355,7.275957614183426e-12,False,0.0,2025-05-10,8
Q3,2025-05-14,06:00,selected,39508.04682857276,1.8189894035458565e-11,False,0.0,2025-05-10,8
Q3,2025-05-14,12:00,keep,34289.9624899394,1.5688783605583012e-11,False,0.0,2025-05-11,8
Q3,2025-05-14,12:00,selected,34083.44833768862,6.548361852765083e-11,False,0.0,2025-05-11,8
Q3,2025-05-14,18:00,keep,20332.493422515698,7.275957614183426e-12,False,0.0,2025-05-12,8
Q3,2025-05-14,18:00,selected,20332.493422515698,7.275957614183426e-12,False,0.0,2025-05-12,8
Q3,2025-05-15,00:00,selected,52471.18168462148,3.637978807091713e-11,False,0.0,2025-05-06,8
Q3,2025-05-15,06:00,keep,41693.00760501765,1.0913936421275139e-11,False,0.0,2025-05-14,8
Q3,2025-05-15,06:00,selected,41391.66900260334,1.8189894035458565e-11,False,0.0,2025-05-14,8
Q3,2025-05-15,12:00,keep,35714.23450703127,5.4569682106375694e-12,False,0.0,2025-05-11,8
Q3,2025-05-15,12:00,selected,34101.09662243478,6.821210263296962e-12,False,0.0,2025-05-11,8
Q3,2025-05-15,18:00,keep,20723.48979754863,7.275957614183426e-12,False,0.0,2025-05-12,8
Q3,2025-05-15,18:00,selected,20723.48979754863,7.275957614183426e-12,False,0.0,2025-05-12,8
Q3,2025-05-16,00:00,selected,24798.74625770518,1.0913936421275139e-11,False,0.0,2025-05-14,8
Q3,2025-05-16,06:00,keep,17824.702360484123,9.094947017729282e-13,False,0.0,2025-05-14,8
Q3,2025-05-16,06:00,selected,17793.425607416662,1.8189894035458565e-12,False,0.0,2025-05-14,8
Q3,2025-05-16,12:00,keep,16835.544332855516,1.8189894035458565e-12,False,0.0,2025-05-11,8
Q3,2025-05-16,12:00,selected,16708.99879339278,1.8189894035458565e-12,False,0.0,2025-05-11,8
Q3,2025-05-16,18:00,keep,13286.492022639564,1.8189894035458565e-12,False,0.0,2025-05-15,8
Q3,2025-05-16,18:00,selected,13286.492022639564,1.8189894035458565e-12,False,0.0,2025-05-15,8
Q3,2025-05-17,00:00,selected,25186.11004134978,2.1827872842550278e-11,False,0.0,2025-05-14,8
Q3,2025-05-17,06:00,keep,17489.830836411547,9.094947017729282e-13,False,0.0,2025-05-15,8
Q3,2025-05-17,06:00,selected,17489.830836411547,9.094947017729282e-13,False,0.0,2025-05-15,8
Q3,2025-05-17,12:00,keep,16511.929543722486,9.094947017729282e-13,False,0.0,2025-05-11,8
Q3,2025-05-17,12:00,selected,16511.929543722486,9.094947017729282e-13,False,0.0,2025-05-11,8
Q3,2025-05-17,18:00,keep,13257.014828947527,1.8189894035458565e-12,False,0.0,2025-05-15,8
Q3,2025-05-17,18:00,selected,13257.014828947527,1.8189894035458565e-12,False,0.0,2025-05-15,8
Q3,2025-05-18,00:00,selected,54570.408843114485,3.3651303965598345e-11,False,0.0,2025-05-14,8
Q3,2025-05-18,06:00,keep,42118.01523198168,2.9103830456733704e-11,False,0.0,2025-05-17,8
Q3,2025-05-18,06:00,selected,41469.463247196174,4.001776687800884e-11,False,0.0,2025-05-17,8
Q3,2025-05-18,12:00,keep,34977.77477127497,1.8189894035458565e-11,False,0.0,2025-05-11,8
Q3,2025-05-18,12:00,selected,34608.730834685644,7.275957614183426e-12,False,0.0,2025-05-11,8
Q3,2025-05-18,18:00,keep,20918.534883949076,7.275957614183426e-12,False,0.0,2025-05-15,8
Q3,2025-05-18,18:00,selected,20918.534883949076,7.275957614183426e-12,False,0.0,2025-05-15,8
Q3,2025-05-19,00:00,selected,49837.74705058265,4.3655745685100555e-11,False,0.0,2025-05-14,8
Q3,2025-05-19,06:00,keep,36768.079642086064,3.637978807091713e-12,False,0.0,2025-05-17,8
Q3,2025-05-19,06:00,selected,36768.079642086064,3.637978807091713e-12,False,0.0,2025-05-17,8
Q3,2025-05-19,12:00,keep,30874.29855688122,7.275957614183426e-12,False,0.0,2025-05-11,8
Q3,2025-05-19,12:00,selected,30519.705478129796,1.0913936421275139e-11,False,0.0,2025-05-11,8
Q3,2025-05-19,18:00,keep,20478.209281088974,1.5825207810848951e-10,False,0.0,2025-05-15,8
Q3,2025-05-19,18:00,selected,20478.209281088974,1.5825207810848951e-10,False,0.0,2025-05-15,8
Q3,2025-05-20,00:00,selected,49324.625652454204,3.183231456205249e-11,False,0.0,2025-05-14,8
Q3,2025-05-20,06:00,keep,41259.36141233497,1.0913936421275139e-11,False,0.0,2025-05-17,8
Q3,2025-05-20,06:00,selected,38620.64658361503,1.0913936421275139e-11,False,0.0,2025-05-17,8
Q3,2025-05-20,12:00,keep,33907.480517347176,7.275957614183426e-12,False,0.0,2025-05-11,8
Q3,2025-05-20,12:00,selected,31990.460717605747,1.4551915228366852e-11,False,0.0,2025-05-11,8
Q3,2025-05-20,18:00,keep,20854.55165426295,3.672084858408198e-11,False,0.0,2025-05-19,8
Q3,2025-05-20,18:00,selected,20854.55165426295,3.672084858408198e-11,False,0.0,2025-05-19,8
Q3,2025-05-21,00:00,selected,46650.730325286895,1.4551915228366852e-11,False,0.0,2025-05-14,8
Q3,2025-05-21,06:00,keep,39162.73724044946,3.637978807091713e-12,False,0.0,2025-05-17,8
Q3,2025-05-21,06:00,selected,37702.29999760331,8.767528925091028e-10,False,0.0,2025-05-17,8
Q3,2025-05-21,12:00,keep,33088.09206848513,1.8189894035458565e-11,False,0.0,2025-05-20,8
Q3,2025-05-21,12:00,selected,32060.377038098286,1.1823431123048067e-11,False,0.0,2025-05-20,8
Q3,2025-05-21,18:00,keep,20605.812531305302,7.275957614183426e-12,False,0.0,2025-05-20,8
Q3,2025-05-21,18:00,selected,20570.467894312373,1.0913936421275139e-11,False,0.0,2025-05-20,8
Q3,2025-05-22,00:00,selected,49745.557104813044,2.1827872842550278e-11,False,0.0,2025-05-14,8
Q3,2025-05-22,06:00,keep,37599.392278305626,7.275957614183426e-12,False,0.0,2025-05-17,8
Q3,2025-05-22,06:00,selected,37448.76819677235,7.73070496506989e-12,False,0.0,2025-05-17,8
Q3,2025-05-22,12:00,keep,32233.433527956586,5.093170329928398e-11,False,0.0,2025-05-20,8
Q3,2025-05-22,12:00,selected,32080.57338487691,1.1823431123048067e-11,False,0.0,2025-05-20,8
Q3,2025-05-22,18:00,keep,20917.75860993411,9.094947017729282e-12,False,0.0,2025-05-20,8
Q3,2025-05-22,18:00,selected,20917.75860993411,9.094947017729282e-12,False,0.0,2025-05-20,8
Q3,2025-05-23,00:00,selected,23922.309291565467,7.275957614183426e-12,False,0.0,2025-05-14,8
Q3,2025-05-23,06:00,keep,16756.583795802264,1.8189894035458565e-12,False,0.0,2025-05-17,8
Q3,2025-05-23,06:00,selected,16756.583795802264,1.8189894035458565e-12,False,0.0,2025-05-17,8
Q3,2025-05-23,12:00,keep,16133.669169095256,1.8189894035458565e-12,False,0.0,2025-05-20,8
Q3,2025-05-23,12:00,selected,15770.957949658148,3.637978807091713e-12,False,0.0,2025-05-20,8
Q3,2025-05-23,18:00,keep,13159.647877954112,1.8189894035458565e-12,False,0.0,2025-05-20,8
Q3,2025-05-23,18:00,selected,13159.647877954112,1.8189894035458565e-12,False,0.0,2025-05-20,8
Q3,2025-05-24,00:00,selected,24169.825760055766,1.0913936421275139e-11,False,0.0,2025-05-14,8
Q3,2025-05-24,06:00,keep,17220.541485930884,1.8189894035458565e-12,False,0.0,2025-05-17,8
Q3,2025-05-24,06:00,selected,17220.541485930884,1.8189894035458565e-12,False,0.0,2025-05-17,8
Q3,2025-05-24,12:00,keep,16209.778934041009,1.8189894035458565e-12,False,0.0,2025-05-23,8
Q3,2025-05-24,12:00,selected,16209.778934041009,1.8189894035458565e-12,False,0.0,2025-05-23,8
Q3,2025-05-24,18:00,keep,13090.80099301942,1.8189894035458565e-12,False,0.0,2025-05-20,8
Q3,2025-05-24,18:00,selected,13088.47180463464,1.8189894035458565e-12,False,0.0,2025-05-20,8
Q3,2025-05-25,00:00,selected,48539.74289979392,1.5575096767861396e-11,False,0.0,2025-05-14,8
Q3,2025-05-25,06:00,keep,37005.149164947376,1.0913936421275139e-11,False,0.0,2025-05-17,8
Q3,2025-05-25,06:00,selected,37005.149164947376,1.0913936421275139e-11,False,0.0,2025-05-17,8
Q3,2025-05-25,12:00,keep,31514.546014687483,7.275957614183426e-12,False,0.0,2025-05-23,8
Q3,2025-05-25,12:00,selected,31299.677792308637,1.0913936421275139e-11,False,0.0,2025-05-23,8
Q3,2025-05-25,18:00,keep,20821.774067541628,5.4569682106375694e-12,False,0.0,2025-05-20,8
Q3,2025-05-25,18:00,selected,20794.821491788738,9.094947017729282e-12,False,0.0,2025-05-20,8
Q3,2025-05-26,00:00,selected,47696.16888951672,2.1827872842550278e-11,False,0.0,2025-05-14,8
Q3,2025-05-26,06:00,keep,36607.421311231,9.094947017729282e-12,False,0.0,2025-05-25,8
Q3,2025-05-26,06:00,selected,36348.370105896465,1.2278178473934531e-11,False,0.0,2025-05-25,8
Q3,2025-05-26,12:00,keep,32939.163527919416,7.275957614183426e-12,False,0.0,2025-05-25,8
Q3,2025-05-26,12:00,selected,32295.55546204052,1.546140993013978e-11,False,0.0,2025-05-25,8
Q3,2025-05-26,18:00,keep,20651.182317678144,7.275957614183426e-12,False,0.0,2025-05-20,8
Q3,2025-05-26,18:00,selected,20639.74443222776,6.821210263296962e-12,False,0.0,2025-05-20,8
Q3,2025-05-27,00:00,selected,45231.93714596563,2.1827872842550278e-11,False,0.0,2025-05-14,8
Q3,2025-05-27,06:00,keep,44299.26383136134,3.637978807091713e-11,False,0.0,2025-05-17,8
Q3,2025-05-27,06:00,selected,40768.74680499885,1.4551915228366852e-11,False,0.0,2025-05-17,8
Q3,2025-05-27,12:00,keep,34470.87564218363,1.0913936421275139e-11,False,0.0,2025-05-25,8
Q3,2025-05-27,12:00,selected,31389.83234120089,1.7280399333685637e-11,False,0.0,2025-05-25,8
Q3,2025-05-27,18:00,keep,21042.326933798126,7.275957614183426e-12,False,0.0,2025-05-20,8
Q3,2025-05-27,18:00,selected,20979.354765988333,9.094947017729282e-12,False,0.0,2025-05-20,8
Q3,2025-05-28,00:00,selected,51257.733440027754,1.1368683772161603e-11,False,0.0,2025-05-14,8
Q3,2025-05-28,06:00,keep,39712.27529275164,2.7284841053187847e-11,False,0.0,2025-05-27,8
Q3,2025-05-28,06:00,selected,39427.73739965436,1.8189894035458565e-11,False,0.0,2025-05-27,8
Q3,2025-05-28,12:00,keep,32191.496333743184,1.0913936421275139e-11,False,0.0,2025-05-25,8
Q3,2025-05-28,12:00,selected,31946.980948435346,1.2278178473934531e-11,False,0.0,2025-05-25,8
Q3,2025-05-28,18:00,keep,21055.542471554643,3.637978807091713e-12,False,0.0,2025-05-20,8
Q3,2025-05-28,18:00,selected,21055.542471554643,3.637978807091713e-12,False,0.0,2025-05-20,8
Q3,2025-05-29,00:00,selected,51188.11145261504,9.208633855450898e-12,False,0.0,2025-05-14,8
Q3,2025-05-29,06:00,keep,44698.6581834385,3.637978807091713e-11,False,0.0,2025-05-27,8
Q3,2025-05-29,06:00,selected,42454.063986005596,2.546585164964199e-11,False,0.0,2025-05-27,8
Q3,2025-05-29,12:00,keep,33450.408916999964,6.821210263296962e-12,False,0.0,2025-05-25,8
Q3,2025-05-29,12:00,selected,31549.348932617297,9.094947017729282e-12,False,0.0,2025-05-25,8
Q3,2025-05-29,18:00,keep,21466.67941237012,5.4569682106375694e-12,False,0.0,2025-05-20,8
Q3,2025-05-29,18:00,selected,21421.771635672158,9.094947017729282e-12,False,0.0,2025-05-20,8
Q3,2025-05-30,00:00,selected,25182.836900030103,1.8189894035458565e-11,False,0.0,2025-05-14,8
Q3,2025-05-30,06:00,keep,18296.92712575314,1.8189894035458565e-12,False,0.0,2025-05-27,8
Q3,2025-05-30,06:00,selected,18296.92712575314,1.8189894035458565e-12,False,0.0,2025-05-27,8
Q3,2025-05-30,12:00,keep,16560.20700541645,9.094947017729282e-13,False,0.0,2025-05-25,8
Q3,2025-05-30,12:00,selected,16560.20700541645,9.094947017729282e-13,False,0.0,2025-05-25,8
Q3,2025-05-30,18:00,keep,13311.838073634093,1.8189894035458565e-12,False,0.0,2025-05-20,8
Q3,2025-05-30,18:00,selected,13296.691221953088,1.8189894035458565e-12,False,0.0,2025-05-20,8
Q3,2025-05-31,00:00,selected,27569.179095949665,1.0913936421275139e-11,False,0.0,2025-05-14,8
Q3,2025-05-31,06:00,keep,20248.272286446143,1.8189894035458565e-12,False,0.0,2025-05-27,8
Q3,2025-05-31,06:00,selected,20248.272286446143,1.8189894035458565e-12,False,0.0,2025-05-27,8
Q3,2025-05-31,12:00,keep,18210.527194210954,1.8189894035458565e-12,False,0.0,2025-05-25,8
Q3,2025-05-31,12:00,selected,18210.527194210954,1.8189894035458565e-12,False,0.0,2025-05-25,8
Q3,2025-05-31,18:00,keep,13484.43796623089,1.8189894035458565e-12,False,0.0,2025-05-20,8
Q3,2025-05-31,18:00,selected,13484.43796623089,1.8189894035458565e-12,False,0.0,2025-05-20,8
Q3,2025-06-01,00:00,selected,63704.94640644648,3.637978807091713e-11,False,0.0,2025-05-14,8
Q3,2025-06-01,06:00,keep,58063.219665075725,2.1827872842550278e-11,False,0.0,2025-05-31,8
Q3,2025-06-01,06:00,selected,54973.40246109108,1.4551915228366852e-11,False,0.0,2025-05-31,8
Q3,2025-06-01,12:00,keep,42020.97459250695,2.1827872842550278e-11,False,0.0,2025-05-31,8
Q3,2025-06-01,12:00,selected,40967.39121818461,1.4551915228366852e-11,False,0.0,2025-05-31,8
Q3,2025-06-01,18:00,keep,22376.674187851262,9.549694368615746e-12,False,0.0,2025-05-20,8
Q3,2025-06-01,18:00,selected,22345.655150576822,1.0913936421275139e-11,False,0.0,2025-05-20,8
Q3,2025-06-02,00:00,selected,66614.9031943353,2.1827872842550278e-11,False,0.0,2025-06-01,8
Q3,2025-06-02,06:00,keep,54088.00788202702,1.4551915228366852e-11,False,0.0,2025-06-01,8
Q3,2025-06-02,06:00,selected,51669.15171078695,5.093170329928398e-11,False,0.0,2025-06-01,8
Q3,2025-06-02,12:00,keep,43789.53455086873,4.3655745685100555e-11,False,0.0,2025-06-01,8
Q3,2025-06-02,12:00,selected,43290.06106207555,2.9103830456733704e-11,False,0.0,2025-06-01,8
Q3,2025-06-02,18:00,keep,24185.998645724172,2.1827872842550278e-11,False,0.0,2025-06-01,8
Q3,2025-06-02,18:00,selected,24062.57258410526,1.4551915228366852e-11,False,0.0,2025-06-01,8
Q3,2025-06-03,00:00,selected,61557.56698272152,2.1827872842550278e-11,False,0.0,2025-06-02,8
Q3,2025-06-03,06:00,keep,67681.29371062075,2.9103830456733704e-11,False,0.0,2025-06-02,8
Q3,2025-06-03,06:00,selected,55853.87339665285,2.9103830456733704e-11,False,0.0,2025-06-02,8
Q3,2025-06-03,12:00,keep,43186.91224958562,1.0913936421275139e-11,False,0.0,2025-06-01,8
Q3,2025-06-03,12:00,selected,39457.225797584724,2.9103830456733704e-11,False,0.0,2025-06-01,8
Q3,2025-06-03,18:00,keep,24264.140795606407,1.0913936421275139e-11,False,0.0,2025-06-01,8
Q3,2025-06-03,18:00,selected,24147.448437586667,1.8189894035458565e-11,False,0.0,2025-06-01,8
Q3,2025-06-04,00:00,selected,70862.62055084779,2.9103830456733704e-11,False,0.0,2025-06-02,8
Q3,2025-06-04,06:00,keep,57718.700106352924,2.1827872842550278e-11,False,0.0,2025-06-03,8
Q3,2025-06-04,06:00,selected,56956.595611588054,1.4551915228366852e-11,False,0.0,2025-06-03,8
Q3,2025-06-04,12:00,keep,45061.91345376682,1.4551915228366852e-11,False,0.0,2025-06-01,8
Q3,2025-06-04,12:00,selected,44962.08579299694,7.275957614183426e-12,False,0.0,2025-06-01,8
Q3,2025-06-04,18:00,keep,24117.167786761027,1.0913936421275139e-11,False,0.0,2025-06-01,8
Q3,2025-06-04,18:00,selected,24117.167786761027,1.0913936421275139e-11,False,0.0,2025-06-01,8
Q3,2025-06-05,00:00,selected,61954.33941683369,1.4551915228366852e-11,False,0.0,2025-06-04,8
Q3,2025-06-05,06:00,keep,64074.33265654425,2.1827872842550278e-11,False,0.0,2025-06-04,8
Q3,2025-06-05,06:00,selected,56287.6975431816,3.637978807091713e-11,False,0.0,2025-06-04,8
Q3,2025-06-05,12:00,keep,44364.410111576675,4.001776687800884e-11,False,0.0,2025-06-04,8
Q3,2025-06-05,12:00,selected,42658.078589612145,6.548361852765083e-11,False,0.0,2025-06-04,8
Q3,2025-06-05,18:00,keep,24505.25880595169,3.637978807091713e-12,False,0.0,2025-06-04,8
Q3,2025-06-05,18:00,selected,24505.25880595169,3.637978807091713e-12,False,0.0,2025-06-04,8
Q3,2025-06-06,00:00,selected,39033.15685206452,1.4551915228366852e-11,False,0.0,2025-06-04,8
Q3,2025-06-06,06:00,keep,26627.42000716006,3.637978807091713e-12,False,0.0,2025-06-04,8
Q3,2025-06-06,06:00,selected,26627.42000716006,3.637978807091713e-12,False,0.0,2025-06-04,8
Q3,2025-06-06,12:00,keep,24246.050245251467,3.637978807091713e-12,False,0.0,2025-06-05,8
Q3,2025-06-06,12:00,selected,24246.050245251467,3.637978807091713e-12,False,0.0,2025-06-05,8
Q3,2025-06-06,18:00,keep,16867.441945415925,1.8189894035458565e-12,False,0.0,2025-06-04,8
Q3,2025-06-06,18:00,selected,16867.441945415925,1.8189894035458565e-12,False,0.0,2025-06-04,8
Q3,2025-06-07,00:00,selected,43578.01531608915,1.4551915228366852e-11,False,0.0,2025-06-04,8
Q3,2025-06-07,06:00,keep,29366.5133161555,3.637978807091713e-12,False,0.0,2025-06-04,8
Q3,2025-06-07,06:00,selected,29366.5133161555,3.637978807091713e-12,False,0.0,2025-06-04,8
Q3,2025-06-07,12:00,keep,23472.41928428529,3.637978807091713e-12,False,0.0,2025-06-05,8
Q3,2025-06-07,12:00,selected,23472.41928428529,3.637978807091713e-12,False,0.0,2025-06-05,8
Q3,2025-06-07,18:00,keep,16820.503003406837,2.5011104298755527e-12,False,0.0,2025-06-04,8
Q3,2025-06-07,18:00,selected,16820.503003406837,2.5011104298755527e-12,False,0.0,2025-06-04,8
Q3,2025-06-08,00:00,selected,61255.12821003287,5.093170329928398e-11,False,0.0,2025-06-04,8
Q3,2025-06-08,06:00,keep,55710.55467797641,1.4551915228366852e-11,False,0.0,2025-06-04,8
Q3,2025-06-08,06:00,selected,50998.25066241655,1.4551915228366852e-11,False,0.0,2025-06-04,8
Q3,2025-06-08,12:00,keep,43148.67753203488,1.4551915228366852e-11,False,0.0,2025-06-06,8
Q3,2025-06-08,12:00,selected,41507.555346539215,2.546585164964199e-11,False,0.0,2025-06-06,8
Q3,2025-06-08,18:00,keep,24316.424417130238,2.1827872842550278e-11,False,0.0,2025-06-07,8
Q3,2025-06-08,18:00,selected,24259.434554882813,7.275957614183426e-12,False,0.0,2025-06-07,8
Q3,2025-06-09,00:00,selected,69926.10452617437,1.4551915228366852e-11,False,0.0,2025-06-08,8
Q3,2025-06-09,06:00,keep,54528.81849432088,1.4551915228366852e-11,False,0.0,2025-06-04,8
Q3,2025-06-09,06:00,selected,54019.47770847478,2.0463630789890885e-11,False,0.0,2025-06-04,8
Q3,2025-06-09,12:00,keep,44748.78146397988,1.4551915228366852e-11,False,0.0,2025-06-06,8
Q3,2025-06-09,12:00,selected,43811.54894366694,1.4551915228366852e-11,False,0.0,2025-06-06,8
Q3,2025-06-09,18:00,keep,25017.10035317619,7.275957614183426e-12,False,0.0,2025-06-07,8
Q3,2025-06-09,18:00,selected,24951.400467971776,7.275957614183426e-12,False,0.0,2025-06-07,8
Q3,2025-06-10,00:00,selected,64798.40522625062,2.9103830456733704e-11,False,0.0,2025-06-08,8
Q3,2025-06-10,06:00,keep,51278.51442778695,2.1827872842550278e-11,False,0.0,2025-06-04,8
Q3,2025-06-10,06:00,selected,50700.819939334,1.4551915228366852e-11,False,0.0,2025-06-04,8
Q3,2025-06-10,12:00,keep,46191.469216601625,1.4551915228366852e-11,False,0.0,2025-06-06,8
Q3,2025-06-10,12:00,selected,45455.49773871541,2.9103830456733704e-11,False,0.0,2025-06-06,8
Q3,2025-06-10,18:00,keep,25140.693412240675,3.637978807091713e-12,False,0.0,2025-06-08,8
Q3,2025-06-10,18:00,selected,25091.72127252296,3.637978807091713e-12,False,0.0,2025-06-08,8
Q3,2025-06-11,00:00,selected,68005.6934291491,3.637978807091713e-11,False,0.0,2025-06-08,8
Q3,2025-06-11,06:00,keep,60148.829626388935,3.637978807091713e-11,False,0.0,2025-06-04,8
Q3,2025-06-11,06:00,selected,56134.12728197275,2.2282620193436742e-11,False,0.0,2025-06-04,8
Q3,2025-06-11,12:00,keep,46824.77987117159,1.4551915228366852e-11,False,0.0,2025-06-06,8
Q3,2025-06-11,12:00,selected,46158.13969726416,7.275957614183426e-12,False,0.0,2025-06-06,8
Q3,2025-06-11,18:00,keep,24864.49585017531,1.0913936421275139e-11,False,0.0,2025-06-08,8
Q3,2025-06-11,18:00,selected,24841.026781320095,1.4551915228366852e-11,False,0.0,2025-06-08,8
Q3,2025-06-12,00:00,selected,66086.00744095897,4.3655745685100555e-11,False,0.0,2025-06-08,8
Q3,2025-06-12,06:00,keep,59354.93109687353,2.1827872842550278e-11,False,0.0,2025-06-04,8
Q3,2025-06-12,06:00,selected,56050.66436872797,2.1827872842550278e-11,False,0.0,2025-06-04,8
Q3,2025-06-12,12:00,keep,46408.309215828274,1.4551915228366852e-11,False,0.0,2025-06-06,8
Q3,2025-06-12,12:00,selected,44807.994262220105,7.275957614183426e-12,False,0.0,2025-06-06,8
Q3,2025-06-12,18:00,keep,25221.154474051833,3.637978807091713e-12,False,0.0,2025-06-08,8
Q3,2025-06-12,18:00,selected,25190.574168001534,3.637978807091713e-12,False,0.0,2025-06-08,8
Q3,2025-06-13,00:00,selected,40224.96818140411,2.3646862246096134e-11,False,0.0,2025-06-08,8
Q3,2025-06-13,06:00,keep,27899.40678215041,3.637978807091713e-12,False,0.0,2025-06-11,8
Q3,2025-06-13,06:00,selected,27396.156864470835,8.640199666842818e-12,False,0.0,2025-06-11,8
Q3,2025-06-13,12:00,keep,24584.20198224334,9.094947017729282e-13,False,0.0,2025-06-06,8
Q3,2025-06-13,12:00,selected,24584.20198224334,9.094947017729282e-13,False,0.0,2025-06-06,8
Q3,2025-06-13,18:00,keep,17210.67192043643,1.8189894035458565e-12,False,0.0,2025-06-08,8
Q3,2025-06-13,18:00,selected,17210.67192043643,1.8189894035458565e-12,False,0.0,2025-06-08,8
Q3,2025-06-14,00:00,selected,40681.06145301896,2.1827872842550278e-11,False,0.0,2025-06-08,8
Q3,2025-06-14,06:00,keep,27125.53806387876,3.637978807091713e-12,False,0.0,2025-06-04,8
Q3,2025-06-14,06:00,selected,26782.651531128457,7.219114195322618e-12,False,0.0,2025-06-04,8
Q3,2025-06-14,12:00,keep,25471.313676658392,3.637978807091713e-12,False,0.0,2025-06-06,8
Q3,2025-06-14,12:00,selected,25471.313676658392,3.637978807091713e-12,False,0.0,2025-06-06,8
Q3,2025-06-14,18:00,keep,17604.310458531483,1.8189894035458565e-12,False,0.0,2025-06-08,8
Q3,2025-06-14,18:00,selected,17560.174413328914,6.821210263296962e-12,False,0.0,2025-06-08,8
Q3,2025-06-15,00:00,selected,62056.91871774791,3.637978807091713e-11,False,0.0,2025-06-14,8
Q3,2025-06-15,06:00,keep,56253.69049725918,2.1827872842550278e-11,False,0.0,2025-06-14,8
Q3,2025-06-15,06:00,selected,51370.97046000328,2.9103830456733704e-11,False,0.0,2025-06-14,8
Q3,2025-06-15,12:00,keep,45506.53844824336,2.9103830456733704e-11,False,0.0,2025-06-14,8
Q3,2025-06-15,12:00,selected,44877.15614040369,2.546585164964199e-11,False,0.0,2025-06-14,8
Q3,2025-06-15,18:00,keep,25422.403679595478,1.0913936421275139e-11,False,0.0,2025-06-14,8
Q3,2025-06-15,18:00,selected,25388.08297454014,1.0913936421275139e-11,False,0.0,2025-06-14,8
Q3,2025-06-16,00:00,selected,66736.47155295631,2.9103830456733704e-11,False,0.0,2025-06-15,8
Q3,2025-06-16,06:00,keep,56683.61889945576,2.1827872842550278e-11,False,0.0,2025-06-14,8
Q3,2025-06-16,06:00,selected,53855.24611991418,1.546140993013978e-11,False,0.0,2025-06-14,8
Q3,2025-06-16,12:00,keep,45484.11614767378,1.4551915228366852e-11,False,0.0,2025-06-14,8
Q3,2025-06-16,12:00,selected,45076.05243176609,2.1827872842550278e-11,False,0.0,2025-06-14,8
Q3,2025-06-16,18:00,keep,25327.862205610872,7.275957614183426e-12,False,0.0,2025-06-14,8
Q3,2025-06-16,18:00,selected,25303.760562780208,5.4569682106375694e-12,False,0.0,2025-06-14,8
Q3,2025-06-17,00:00,selected,68427.16604378006,3.637978807091713e-11,False,0.0,2025-06-15,8
Q3,2025-06-17,06:00,keep,59843.602453249994,3.637978807091713e-11,False,0.0,2025-06-14,8
Q3,2025-06-17,06:00,selected,56361.2289193992,4.3655745685100555e-11,False,0.0,2025-06-14,8
Q3,2025-06-17,12:00,keep,49041.27255127127,2.9103830456733704e-11,False,0.0,2025-06-14,8
Q3,2025-06-17,12:00,selected,47728.900296874934,7.275957614183426e-12,False,0.0,2025-06-14,8
Q3,2025-06-17,18:00,keep,25171.64560014217,7.275957614183426e-12,False,0.0,2025-06-14,8
Q3,2025-06-17,18:00,selected,25080.585347125223,7.275957614183426e-12,False,0.0,2025-06-14,8
Q3,2025-06-18,00:00,selected,69159.57403710502,2.1827872842550278e-11,False,0.0,2025-06-15,8
Q3,2025-06-18,06:00,keep,60016.48587678981,3.637978807091713e-11,False,0.0,2025-06-14,8
Q3,2025-06-18,06:00,selected,56400.79994688201,1.4551915228366852e-11,False,0.0,2025-06-14,8
Q3,2025-06-18,12:00,keep,49119.494695165056,1.4551915228366852e-11,False,0.0,2025-06-14,8
Q3,2025-06-18,12:00,selected,46971.28047011034,1.4551915228366852e-11,False,0.0,2025-06-14,8
Q3,2025-06-18,18:00,keep,25415.52980992643,7.275957614183426e-12,False,0.0,2025-06-14,8
Q3,2025-06-18,18:00,selected,25396.281867785154,1.0913936421275139e-11,False,0.0,2025-06-14,8
Q3,2025-06-19,00:00,selected,64662.288774220804,1.5688783605583012e-11,False,0.0,2025-06-15,8
Q3,2025-06-19,06:00,keep,57447.02296574393,2.1827872842550278e-11,False,0.0,2025-06-14,8
Q3,2025-06-19,06:00,selected,52209.119682240686,1.9099388737231493e-11,False,0.0,2025-06-14,8
Q3,2025-06-19,12:00,keep,47318.92716274765,1.4551915228366852e-11,False,0.0,2025-06-18,8
Q3,2025-06-19,12:00,selected,46701.86061326435,1.4551915228366852e-11,False,0.0,2025-06-18,8
Q3,2025-06-19,18:00,keep,26047.386588384496,7.275957614183426e-12,False,0.0,2025-06-14,8
Q3,2025-06-19,18:00,selected,26005.14283339672,3.637978807091713e-12,False,0.0,2025-06-14,8
Q3,2025-06-20,00:00,selected,40792.64172300096,1.9099388737231493e-11,False,0.0,2025-06-15,8
Q3,2025-06-20,06:00,keep,26932.96447418643,3.637978807091713e-12,False,0.0,2025-06-14,8
Q3,2025-06-20,06:00,selected,26769.16756769033,7.275957614183426e-12,False,0.0,2025-06-14,8
Q3,2025-06-20,12:00,keep,25753.546635949177,3.637978807091713e-12,False,0.0,2025-06-19,8
Q3,2025-06-20,12:00,selected,25753.546635949177,3.637978807091713e-12,False,0.0,2025-06-19,8
Q3,2025-06-20,18:00,keep,17783.25046088752,2.2737367544323206e-13,False,0.0,2025-06-14,8
Q3,2025-06-20,18:00,selected,17783.25046088752,2.2737367544323206e-13,False,0.0,2025-06-14,8
Q3,2025-06-21,00:00,selected,38483.535314369765,5.093170329928398e-11,False,0.0,2025-06-20,8
Q3,2025-06-21,06:00,keep,27041.531609900056,3.637978807091713e-12,False,0.0,2025-06-14,8
Q3,2025-06-21,06:00,selected,27041.531609900056,3.637978807091713e-12,False,0.0,2025-06-14,8
Q3,2025-06-21,12:00,keep,24822.38531874941,4.547473508864641e-13,False,0.0,2025-06-19,8
Q3,2025-06-21,12:00,selected,24822.38531874941,4.547473508864641e-13,False,0.0,2025-06-19,8
Q3,2025-06-21,18:00,keep,18140.905339635883,1.8189894035458565e-12,False,0.0,2025-06-14,8
Q3,2025-06-21,18:00,selected,18140.905339635883,1.8189894035458565e-12,False,0.0,2025-06-14,8
Q3,2025-06-22,00:00,selected,63947.7121503824,9.094947017729282e-12,False,0.0,2025-06-20,8
Q3,2025-06-22,06:00,keep,56810.26950885822,1.4551915228366852e-11,False,0.0,2025-06-21,8
Q3,2025-06-22,06:00,selected,51369.431904521276,1.4551915228366852e-11,False,0.0,2025-06-21,8
Q3,2025-06-22,12:00,keep,46465.2406735725,1.4551915228366852e-11,False,0.0,2025-06-21,8
Q3,2025-06-22,12:00,selected,45197.391911383485,1.4551915228366852e-11,False,0.0,2025-06-21,8
Q3,2025-06-22,18:00,keep,25434.859256416217,7.275957614183426e-12,False,0.0,2025-06-21,8
Q3,2025-06-22,18:00,selected,25369.502892703495,3.637978807091713e-12,False,0.0,2025-06-21,8
Q3,2025-06-23,00:00,selected,65674.30327342032,3.637978807091713e-11,False,0.0,2025-06-20,8
Q3,2025-06-23,06:00,keep,49316.95383473007,7.275957614183426e-12,False,0.0,2025-06-21,8
Q3,2025-06-23,06:00,selected,48816.726965954105,1.4551915228366852e-11,False,0.0,2025-06-21,8
Q3,2025-06-23,12:00,keep,43380.455111873925,1.4551915228366852e-11,False,0.0,2025-06-21,8
Q3,2025-06-23,12:00,selected,43003.66022741407,2.9103830456733704e-11,False,0.0,2025-06-21,8
Q3,2025-06-23,18:00,keep,25339.467074388096,3.637978807091713e-12,False,0.0,2025-06-21,8
Q3,2025-06-23,18:00,selected,25312.76365835576,7.275957614183426e-12,False,0.0,2025-06-21,8
Q3,2025-06-24,00:00,selected,75218.42881142182,2.1827872842550278e-11,False,0.0,2025-06-20,8
Q3,2025-06-24,06:00,keep,57299.028173790444,7.275957614183426e-12,False,0.0,2025-06-21,8
Q3,2025-06-24,06:00,selected,57072.03683382734,1.6370904631912708e-11,False,0.0,2025-06-21,8
Q3,2025-06-24,12:00,keep,48216.360021830675,1.4551915228366852e-11,False,0.0,2025-06-21,8
Q3,2025-06-24,12:00,selected,48164.19515083214,2.9103830456733704e-11,False,0.0,2025-06-21,8
Q3,2025-06-24,18:00,keep,25663.977773108483,7.275957614183426e-12,False,0.0,2025-06-21,8
Q3,2025-06-24,18:00,selected,25626.52115292169,1.0913936421275139e-11,False,0.0,2025-06-21,8
Q3,2025-06-25,00:00,selected,66352.13725869784,3.637978807091713e-11,False,0.0,2025-06-20,8
Q3,2025-06-25,06:00,keep,56415.10714977204,2.1827872842550278e-11,False,0.0,2025-06-21,8
Q3,2025-06-25,06:00,selected,52926.26206292907,2.000888343900442e-11,False,0.0,2025-06-21,8
Q3,2025-06-25,12:00,keep,45817.178414456655,2.1827872842550278e-11,False,0.0,2025-06-21,8
Q3,2025-06-25,12:00,selected,44447.65983056849,2.1827872842550278e-11,False,0.0,2025-06-21,8
Q3,2025-06-25,18:00,keep,25243.147218721162,7.275957614183426e-12,False,0.0,2025-06-24,8
Q3,2025-06-25,18:00,selected,25082.620670296346,7.275957614183426e-12,False,0.0,2025-06-24,8
Q3,2025-06-26,00:00,selected,64292.05330851367,2.000888343900442e-11,False,0.0,2025-06-20,8
Q3,2025-06-26,06:00,keep,50697.73982385701,7.275957614183426e-12,False,0.0,2025-06-21,8
Q3,2025-06-26,06:00,selected,49299.844262351224,7.73070496506989e-12,False,0.0,2025-06-21,8
Q3,2025-06-26,12:00,keep,42938.0840572147,2.9103830456733704e-11,False,0.0,2025-06-21,8
Q3,2025-06-26,12:00,selected,41738.3264516528,7.275957614183426e-12,False,0.0,2025-06-21,8
Q3,2025-06-26,18:00,keep,24994.89258137037,7.275957614183426e-12,False,0.0,2025-06-21,8
Q3,2025-06-26,18:00,selected,24975.192002743064,3.637978807091713e-12,False,0.0,2025-06-21,8
Q3,2025-06-27,00:00,selected,40062.39270441499,2.9103830456733704e-11,False,0.0,2025-06-20,8
Q3,2025-06-27,06:00,keep,28370.01621521612,3.637978807091713e-12,False,0.0,2025-06-21,8
Q3,2025-06-27,06:00,selected,28106.713128487216,4.574118861455645e-12,False,0.0,2025-06-21,8
Q3,2025-06-27,12:00,keep,25734.586158533544,3.637978807091713e-12,False,0.0,2025-06-21,8
Q3,2025-06-27,12:00,selected,25630.02805194481,3.637978807091713e-12,False,0.0,2025-06-21,8
Q3,2025-06-27,18:00,keep,17510.220517453043,1.8189894035458565e-12,False,0.0,2025-06-21,8
Q3,2025-06-27,18:00,selected,17510.220517453043,1.8189894035458565e-12,False,0.0,2025-06-21,8
Q3,2025-06-28,00:00,selected,39281.27470783475,2.1827872842550278e-11,False,0.0,2025-06-20,8
Q3,2025-06-28,06:00,keep,28860.075241202834,7.275957614183426e-12,False,0.0,2025-06-21,8
Q3,2025-06-28,06:00,selected,28645.733432591074,3.637978807091713e-12,False,0.0,2025-06-21,8
Q3,2025-06-28,12:00,keep,25664.449971130536,3.637978807091713e-12,False,0.0,2025-06-21,8
Q3,2025-06-28,12:00,selected,24968.56967095411,7.275957614183426e-12,False,0.0,2025-06-21,8
Q3,2025-06-28,18:00,keep,17795.129543830688,1.8189894035458565e-12,False,0.0,2025-06-21,8
Q3,2025-06-28,18:00,selected,17795.129543830688,1.8189894035458565e-12,False,0.0,2025-06-21,8
Q3,2025-06-29,00:00,selected,63399.39030370457,2.9103830456733704e-11,False,0.0,2025-06-20,8
Q3,2025-06-29,06:00,keep,56311.13484302457,2.9103830456733704e-11,False,0.0,2025-06-21,8
Q3,2025-06-29,06:00,selected,51384.222674027136,1.4551915228366852e-11,False,0.0,2025-06-21,8
Q3,2025-06-29,12:00,keep,46142.77905524114,1.4551915228366852e-11,False,0.0,2025-06-28,8
Q3,2025-06-29,12:00,selected,45325.56347841711,2.9103830456733704e-11,False,0.0,2025-06-28,8
Q3,2025-06-29,18:00,keep,25637.756124059062,1.0913936421275139e-11,False,0.0,2025-06-28,8
Q3,2025-06-29,18:00,selected,25614.928247391497,3.637978807091713e-12,False,0.0,2025-06-28,8
Q3,2025-06-30,00:00,selected,69126.89980500174,6.548361852765083e-11,False,0.0,2025-06-20,8
Q3,2025-06-30,06:00,keep,50369.809185775106,1.4551915228366852e-11,False,0.0,2025-06-29,8
Q3,2025-06-30,06:00,selected,50125.25959404647,1.4551915228366852e-11,False,0.0,2025-06-29,8
Q3,2025-06-30,12:00,keep,44929.76697719121,2.1827872842550278e-11,False,0.0,2025-06-28,8
Q3,2025-06-30,12:00,selected,44780.320914776545,2.9103830456733704e-11,False,0.0,2025-06-28,8
Q3,2025-06-30,18:00,keep,25429.988002531234,7.275957614183426e-12,False,0.0,2025-06-28,8
Q3,2025-06-30,18:00,selected,25370.779123733497,3.637978807091713e-12,False,0.0,2025-06-28,8
Q3,2025-07-01,00:00,selected,61158.01257897494,1.4551915228366852e-11,False,0.0,2025-06-20,8
Q3,2025-07-01,06:00,keep,107573.80589248304,5.820766091346741e-11,False,0.0,2025-06-30,8
Q3,2025-07-01,06:00,selected,68574.7138051452,2.546585164964199e-11,False,0.0,2025-06-30,8
Q3,2025-07-01,12:00,keep,54341.57860675581,2.546585164964199e-11,False,0.0,2025-06-30,8
Q3,2025-07-01,12:00,selected,53083.74419377005,3.2741809263825417e-11,False,0.0,2025-06-30,8
Q3,2025-07-01,18:00,keep,31452.49210916864,1.0913936421275139e-11,False,0.0,2025-06-30,8
Q3,2025-07-01,18:00,selected,31358.99872722607,1.4551915228366852e-11,False,0.0,2025-06-30,8
Q3,2025-07-02,00:00,selected,63239.44050141318,1.4551915228366852e-11,False,0.0,2025-07-01,8
Q3,2025-07-02,06:00,keep,72436.30966602133,2.9103830456733704e-11,False,0.0,2025-07-01,8
Q3,2025-07-02,06:00,selected,61003.53001199912,1.4551915228366852e-11,False,0.0,2025-07-01,8
Q3,2025-07-02,12:00,keep,49551.57465518065,1.4438228390645236e-11,False,0.0,2025-06-30,8
Q3,2025-07-02,12:00,selected,47006.71242282051,2.9103830456733704e-11,False,0.0,2025-06-30,8
Q3,2025-07-02,18:00,keep,30142.910958947195,1.4551915228366852e-11,False,0.0,2025-06-30,8
Q3,2025-07-02,18:00,selected,30064.860021652326,1.4551915228366852e-11,False,0.0,2025-06-30,8
Q3,2025-07-03,00:00,selected,70169.17697587721,4.3655745685100555e-11,False,0.0,2025-07-01,8
Q3,2025-07-03,06:00,keep,88256.95116077228,5.820766091346741e-11,False,0.0,2025-07-01,8
Q3,2025-07-03,06:00,selected,70979.05460077911,3.637978807091713e-11,False,0.0,2025-07-01,8
Q3,2025-07-03,12:00,keep,53804.86918185696,2.1827872842550278e-11,False,0.0,2025-06-30,8
Q3,2025-07-03,12:00,selected,51636.624473759526,1.4551915228366852e-11,False,0.0,2025-06-30,8
Q3,2025-07-03,18:00,keep,30552.91478506668,1.0913936421275139e-11,False,0.0,2025-06-30,8
Q3,2025-07-03,18:00,selected,30454.33254327051,1.0913936421275139e-11,False,0.0,2025-06-30,8
Q3,2025-07-04,00:00,selected,39220.57979477057,2.1827872842550278e-11,False,0.0,2025-07-01,8
Q3,2025-07-04,06:00,keep,33995.80838579667,1.4551915228366852e-11,False,0.0,2025-07-03,8
Q3,2025-07-04,06:00,selected,33150.469285146595,3.637978807091713e-12,False,0.0,2025-07-03,8
Q3,2025-07-04,12:00,keep,28159.894694534567,7.275957614183426e-12,False,0.0,2025-06-30,8
Q3,2025-07-04,12:00,selected,26735.471009869823,3.637978807091713e-12,False,0.0,2025-06-30,8
Q3,2025-07-04,18:00,keep,19256.221896433475,3.637978807091713e-12,False,0.0,2025-06-30,8
Q3,2025-07-04,18:00,selected,19256.221896433475,3.637978807091713e-12,False,0.0,2025-06-30,8
Q3,2025-07-05,00:00,selected,40669.691563160755,1.4551915228366852e-11,False,0.0,2025-07-01,8
Q3,2025-07-05,06:00,keep,30658.820764809767,7.048583938740194e-12,False,0.0,2025-07-04,8
Q3,2025-07-05,06:00,selected,30658.820764809767,7.048583938740194e-12,False,0.0,2025-07-04,8
Q3,2025-07-05,12:00,keep,27909.538030785294,3.637978807091713e-12,False,0.0,2025-06-30,8
Q3,2025-07-05,12:00,selected,27909.538030785294,3.637978807091713e-12,False,0.0,2025-06-30,8
Q3,2025-07-05,18:00,keep,19794.29243685022,2.0463630789890885e-12,False,0.0,2025-06-30,8
Q3,2025-07-05,18:00,selected,19794.29243685022,2.0463630789890885e-12,False,0.0,2025-06-30,8
Q3,2025-07-06,00:00,selected,67946.36449292445,7.275957614183426e-12,False,0.0,2025-07-01,8
Q3,2025-07-06,06:00,keep,85114.24494612383,5.820766091346741e-11,False,0.0,2025-07-05,8
Q3,2025-07-06,06:00,selected,67663.92608566477,3.637978807091713e-11,False,0.0,2025-07-05,8
Q3,2025-07-06,12:00,keep,57098.481602854685,1.4551915228366852e-11,False,0.0,2025-06-30,8
Q3,2025-07-06,12:00,selected,56037.389476074866,2.9103830456733704e-11,False,0.0,2025-06-30,8
Q3,2025-07-06,18:00,keep,30990.2301806157,7.275957614183426e-12,False,0.0,2025-06-30,8
Q3,2025-07-06,18:00,selected,30860.318469891725,1.0913936421275139e-11,False,0.0,2025-06-30,8
Q3,2025-07-07,00:00,selected,73579.23521516801,1.2240519708939246e-10,False,0.0,2025-07-06,8
Q3,2025-07-07,06:00,keep,60595.057442992904,2.9103830456733704e-11,False,0.0,2025-07-05,8
Q3,2025-07-07,06:00,selected,57989.82371028127,2.9103830456733704e-11,False,0.0,2025-07-05,8
Q3,2025-07-07,12:00,keep,51606.90535540328,3.637978807091713e-11,False,0.0,2025-07-06,8
Q3,2025-07-07,12:00,selected,51374.42674098621,1.4551915228366852e-11,False,0.0,2025-07-06,8
Q3,2025-07-07,18:00,keep,30565.363557770062,3.637978807091713e-12,False,0.0,2025-07-06,8
Q3,2025-07-07,18:00,selected,30243.97767011732,7.275957614183426e-12,False,0.0,2025-07-06,8
Q3,2025-07-08,00:00,selected,78048.52353961469,5.820766091346741e-11,False,0.0,2025-07-07,8
Q3,2025-07-08,06:00,keep,61758.86249944189,2.1827872842550278e-11,False,0.0,2025-07-05,8
Q3,2025-07-08,06:00,selected,60334.98800444924,7.275957614183426e-12,False,0.0,2025-07-05,8
Q3,2025-07-08,12:00,keep,52857.89718712406,1.4551915228366852e-11,False,0.0,2025-07-06,8
Q3,2025-07-08,12:00,selected,52444.23417317128,1.4551915228366852e-11,False,0.0,2025-07-06,8
Q3,2025-07-08,18:00,keep,31014.447783458287,7.275957614183426e-12,False,0.0,2025-07-06,8
Q3,2025-07-08,18:00,selected,30796.780431363186,3.637978807091713e-12,False,0.0,2025-07-06,8
Q3,2025-07-09,00:00,selected,77707.12474706682,2.9103830456733704e-11,False,0.0,2025-07-07,8
Q3,2025-07-09,06:00,keep,58897.13108628026,2.637534635141492e-11,False,0.0,2025-07-05,8
Q3,2025-07-09,06:00,selected,58743.3987580402,2.1827872842550278e-11,False,0.0,2025-07-05,8
Q3,2025-07-09,12:00,keep,52371.71556651079,2.1827872842550278e-11,False,0.0,2025-07-06,8
Q3,2025-07-09,12:00,selected,51851.91873592552,1.4551915228366852e-11,False,0.0,2025-07-06,8
Q3,2025-07-09,18:00,keep,30523.2466898877,7.275957614183426e-12,False,0.0,2025-07-06,8
Q3,2025-07-09,18:00,selected,30263.323935374912,1.0913936421275139e-11,False,0.0,2025-07-06,8
Q3,2025-07-10,00:00,selected,72809.92745815056,2.1827872842550278e-11,False,0.0,2025-07-07,8
Q3,2025-07-10,06:00,keep,59687.18155170185,2.1827872842550278e-11,False,0.0,2025-07-05,8
Q3,2025-07-10,06:00,selected,57640.67048923991,1.9099388737231493e-11,False,0.0,2025-07-05,8
Q3,2025-07-10,12:00,keep,51754.10334568882,1.4551915228366852e-11,False,0.0,2025-07-06,8
Q3,2025-07-10,12:00,selected,49886.38903098127,3.637978807091713e-11,False,0.0,2025-07-06,8
Q3,2025-07-10,18:00,keep,30696.696206088192,1.4551915228366852e-11,False,0.0,2025-06-30,8
Q3,2025-07-10,18:00,selected,30529.36900461327,7.275957614183426e-12,False,0.0,2025-06-30,8
Q3,2025-07-11,00:00,selected,56167.67325768532,2.9103830456733704e-11,False,0.0,2025-07-07,8
Q3,2025-07-11,06:00,keep,37692.233046099165,4.547473508864641e-13,False,0.0,2025-07-10,8
Q3,2025-07-11,06:00,selected,37692.233046099165,4.547473508864641e-13,False,0.0,2025-07-10,8
Q3,2025-07-11,12:00,keep,33805.84951395701,7.275957614183426e-12,False,0.0,2025-07-10,8
Q3,2025-07-11,12:00,selected,33805.84951395701,7.275957614183426e-12,False,0.0,2025-07-10,8
Q3,2025-07-11,18:00,keep,22585.753921194144,3.637978807091713e-12,False,0.0,2025-07-10,8
Q3,2025-07-11,18:00,selected,22585.753921194144,3.637978807091713e-12,False,0.0,2025-07-10,8
Q3,2025-07-12,00:00,selected,50132.53690964525,2.9103830456733704e-11,False,0.0,2025-07-07,8
Q3,2025-07-12,06:00,keep,35391.17312636685,3.637978807091713e-12,False,0.0,2025-07-05,8
Q3,2025-07-12,06:00,selected,35304.782946742926,1.5290879673557356e-11,False,0.0,2025-07-05,8
Q3,2025-07-12,12:00,keep,32722.594889236312,3.637978807091713e-12,False,0.0,2025-07-10,8
Q3,2025-07-12,12:00,selected,32419.83928865237,7.275957614183426e-12,False,0.0,2025-07-10,8
Q3,2025-07-12,18:00,keep,22743.93036501162,5.684341886080802e-14,False,0.0,2025-07-10,8
Q3,2025-07-12,18:00,selected,22675.183507023277,5.684341886080802e-14,False,0.0,2025-07-10,8
Q3,2025-07-13,00:00,selected,78818.04701716892,2.9103830456733704e-11,False,0.0,2025-07-07,8
Q3,2025-07-13,06:00,keep,57865.86729854915,7.275957614183426e-12,False,0.0,2025-07-05,8
Q3,2025-07-13,06:00,selected,57751.30425921096,7.275957614183426e-12,False,0.0,2025-07-05,8
Q3,2025-07-13,12:00,keep,52231.47543132559,1.4551915228366852e-11,False,0.0,2025-07-10,8
Q3,2025-07-13,12:00,selected,52088.74189447895,1.4551915228366852e-11,False,0.0,2025-07-10,8
Q3,2025-07-13,18:00,keep,30153.48024821692,7.275957614183426e-12,False,0.0,2025-07-10,8
Q3,2025-07-13,18:00,selected,30076.71019080082,1.0913936421275139e-11,False,0.0,2025-07-10,8
Q3,2025-07-14,00:00,selected,74316.91817815702,4.3655745685100555e-11,False,0.0,2025-07-07,8
Q3,2025-07-14,06:00,keep,56699.39190123808,1.4551915228366852e-11,False,0.0,2025-07-10,8
Q3,2025-07-14,06:00,selected,55782.6522108495,1.4551915228366852e-11,False,0.0,2025-07-10,8
Q3,2025-07-14,12:00,keep,51642.691864977474,1.4551915228366852e-11,False,0.0,2025-07-10,8
Q3,2025-07-14,12:00,selected,50266.31941880287,2.1827872842550278e-11,False,0.0,2025-07-10,8
Q3,2025-07-14,18:00,keep,30945.534019029314,7.275957614183426e-12,False,0.0,2025-07-10,8
Q3,2025-07-14,18:00,selected,30699.61211118257,7.275957614183426e-12,False,0.0,2025-07-10,8
Q3,2025-07-15,00:00,selected,77425.15246052976,5.093170329928398e-11,False,0.0,2025-07-07,8
Q3,2025-07-15,06:00,keep,55898.60190109517,7.275957614183426e-12,False,0.0,2025-07-10,8
Q3,2025-07-15,06:00,selected,55898.60190109517,7.275957614183426e-12,False,0.0,2025-07-10,8
Q3,2025-07-15,12:00,keep,50687.46102331655,1.4551915228366852e-11,False,0.0,2025-07-10,8
Q3,2025-07-15,12:00,selected,50544.56218743976,1.4551915228366852e-11,False,0.0,2025-07-10,8
Q3,2025-07-15,18:00,keep,30297.560860868198,1.0913936421275139e-11,False,0.0,2025-07-10,8
Q3,2025-07-15,18:00,selected,30188.862770680273,7.275957614183426e-12,False,0.0,2025-07-10,8
Q3,2025-07-16,00:00,selected,75790.74110729672,5.820766091346741e-11,False,0.0,2025-07-07,8
Q3,2025-07-16,06:00,keep,55370.447651781535,7.275957614183426e-12,False,0.0,2025-07-10,8
Q3,2025-07-16,06:00,selected,55355.51744929957,7.275957614183426e-12,False,0.0,2025-07-10,8
Q3,2025-07-16,12:00,keep,50808.91409350184,7.275957614183426e-12,False,0.0,2025-07-15,8
Q3,2025-07-16,12:00,selected,50433.06044235041,2.1827872842550278e-11,False,0.0,2025-07-15,8
Q3,2025-07-16,18:00,keep,30752.465569606247,7.275957614183426e-12,False,0.0,2025-07-10,8
Q3,2025-07-16,18:00,selected,30701.35422604583,7.275957614183426e-12,False,0.0,2025-07-10,8
Q3,2025-07-17,00:00,selected,73814.30145481424,5.275069270282984e-11,False,0.0,2025-07-16,8
Q3,2025-07-17,06:00,keep,58940.33701319225,1.4551915228366852e-11,False,0.0,2025-07-10,8
Q3,2025-07-17,06:00,selected,57130.536295964615,1.4551915228366852e-11,False,0.0,2025-07-10,8
Q3,2025-07-17,12:00,keep,51697.15005791509,1.4551915228366852e-11,False,0.0,2025-07-16,8
Q3,2025-07-17,12:00,selected,50118.06710006324,2.9103830456733704e-11,False,0.0,2025-07-16,8
Q3,2025-07-17,18:00,keep,30318.05483537464,3.637978807091713e-12,False,0.0,2025-07-16,8
Q3,2025-07-17,18:00,selected,30154.366629035223,7.275957614183426e-12,False,0.0,2025-07-16,8
Q3,2025-07-18,00:00,selected,62051.42177093396,3.637978807091713e-11,False,0.0,2025-07-16,8
Q3,2025-07-18,06:00,keep,42845.767378958335,0.0,False,0.0,2025-07-10,8
Q3,2025-07-18,06:00,selected,42845.767378958335,0.0,False,0.0,2025-07-10,8
Q3,2025-07-18,12:00,keep,39322.59328471505,1.4551915228366852e-11,False,0.0,2025-07-16,8
Q3,2025-07-18,12:00,selected,39322.59328471505,1.4551915228366852e-11,False,0.0,2025-07-16,8
Q3,2025-07-18,18:00,keep,23760.998918320896,3.637978807091713e-12,False,0.0,2025-07-16,8
Q3,2025-07-18,18:00,selected,23760.998918320896,3.637978807091713e-12,False,0.0,2025-07-16,8
Q3,2025-07-19,00:00,selected,57405.905012791976,1.4551915228366852e-11,False,0.0,2025-07-18,8
Q3,2025-07-19,06:00,keep,43233.672886591354,1.8189894035458565e-12,False,0.0,2025-07-10,8
Q3,2025-07-19,06:00,selected,43233.672886591354,1.8189894035458565e-12,False,0.0,2025-07-10,8
Q3,2025-07-19,12:00,keep,40689.76449147898,9.094947017729282e-13,False,0.0,2025-07-16,8
Q3,2025-07-19,12:00,selected,40689.76449147898,9.094947017729282e-13,False,0.0,2025-07-16,8
Q3,2025-07-19,18:00,keep,23925.86810461009,0.0,False,0.0,2025-07-16,8
Q3,2025-07-19,18:00,selected,23925.86810461009,0.0,False,0.0,2025-07-16,8
Q3,2025-07-20,00:00,selected,75156.10637464651,2.9103830456733704e-11,False,0.0,2025-07-19,8
Q3,2025-07-20,06:00,keep,58321.098452517195,7.275957614183426e-12,False,0.0,2025-07-19,8
Q3,2025-07-20,06:00,selected,58321.098452517195,7.275957614183426e-12,False,0.0,2025-07-19,8
Q3,2025-07-20,12:00,keep,51765.777473678565,7.275957614183426e-12,False,0.0,2025-07-16,8
Q3,2025-07-20,12:00,selected,51702.96977625548,7.275957614183426e-12,False,0.0,2025-07-16,8
Q3,2025-07-20,18:00,keep,29761.662904285782,3.637978807091713e-12,False,0.0,2025-07-19,8
Q3,2025-07-20,18:00,selected,29670.64339841294,3.637978807091713e-12,False,0.0,2025-07-19,8
Q3,2025-07-21,00:00,selected,76159.99786413129,1.8189894035458565e-11,False,0.0,2025-07-19,8
Q3,2025-07-21,06:00,keep,59118.48770912207,7.275957614183426e-12,False,0.0,2025-07-19,8
Q3,2025-07-21,06:00,selected,59019.45379759801,7.275957614183426e-12,False,0.0,2025-07-19,8
Q3,2025-07-21,12:00,keep,53606.07926964129,1.4551915228366852e-11,False,0.0,2025-07-16,8
Q3,2025-07-21,12:00,selected,53474.1975220984,2.1827872842550278e-11,False,0.0,2025-07-16,8
Q3,2025-07-21,18:00,keep,30278.44393066826,0.0,False,0.0,2025-07-19,8
Q3,2025-07-21,18:00,selected,29889.473002551007,7.275957614183426e-12,False,0.0,2025-07-19,8
Q3,2025-07-22,00:00,selected,73426.13226628698,1.3869794202037156e-11,False,0.0,2025-07-19,8
Q3,2025-07-22,06:00,keep,62637.58925998283,1.4551915228366852e-11,False,0.0,2025-07-19,8
Q3,2025-07-22,06:00,selected,61660.32232575172,1.8189894035458565e-11,False,0.0,2025-07-19,8
Q3,2025-07-22,12:00,keep,53467.03394785166,7.275957614183426e-12,False,0.0,2025-07-21,8
Q3,2025-07-22,12:00,selected,51062.744381088516,1.4551915228366852e-11,False,0.0,2025-07-21,8
Q3,2025-07-22,18:00,keep,30414.641589268227,1.1254996934439987e-11,False,0.0,2025-07-21,8
Q3,2025-07-22,18:00,selected,30276.542300208657,3.637978807091713e-12,False,0.0,2025-07-21,8
Q3,2025-07-23,00:00,selected,81951.31481706224,4.3655745685100555e-11,False,0.0,2025-07-19,8
Q3,2025-07-23,06:00,keep,63919.41223951942,4.547473508864641e-13,False,0.0,2025-07-22,8
Q3,2025-07-23,06:00,selected,63919.41223951942,4.547473508864641e-13,False,0.0,2025-07-22,8
Q3,2025-07-23,12:00,keep,55775.61212872242,7.275957614183426e-12,False,0.0,2025-07-21,8
Q3,2025-07-23,12:00,selected,55715.03221254615,1.0231815394945443e-11,False,0.0,2025-07-21,8
Q3,2025-07-23,18:00,keep,30205.38915567081,7.275957614183426e-12,False,0.0,2025-07-21,8
Q3,2025-07-23,18:00,selected,29926.132515634246,3.637978807091713e-12,False,0.0,2025-07-21,8
Q3,2025-07-24,00:00,selected,82246.57902795842,2.9103830456733704e-11,False,0.0,2025-07-19,8
Q3,2025-07-24,06:00,keep,64658.548035393054,1.4551915228366852e-11,False,0.0,2025-07-23,8
Q3,2025-07-24,06:00,selected,64615.983852938254,7.275957614183426e-12,False,0.0,2025-07-23,8
Q3,2025-07-24,12:00,keep,56024.46973320154,2.1827872842550278e-11,False,0.0,2025-07-23,8
Q3,2025-07-24,12:00,selected,55793.3492788193,2.9103830456733704e-11,False,0.0,2025-07-23,8
Q3,2025-07-24,18:00,keep,30731.011022139057,6.59383658785373e-12,False,0.0,2025-07-21,8
Q3,2025-07-24,18:00,selected,30549.19207124846,3.637978807091713e-12,False,0.0,2025-07-21,8
Q3,2025-07-25,00:00,selected,50008.989252999665,1.7280399333685637e-11,False,0.0,2025-07-19,8
Q3,2025-07-25,06:00,keep,38423.503082562194,4.547473508864641e-13,False,0.0,2025-07-23,8
Q3,2025-07-25,06:00,selected,38281.339991523346,3.637978807091713e-12,False,0.0,2025-07-23,8
Q3,2025-07-25,12:00,keep,34867.09239927857,1.0913936421275139e-11,False,0.0,2025-07-24,8
Q3,2025-07-25,12:00,selected,34223.80346223927,7.275957614183426e-12,False,0.0,2025-07-24,8
Q3,2025-07-25,18:00,keep,23524.12959729226,1.4210854715202004e-14,False,0.0,2025-07-24,8
Q3,2025-07-25,18:00,selected,23524.12959729226,1.4210854715202004e-14,False,0.0,2025-07-24,8
Q3,2025-07-26,00:00,selected,53321.17373084428,7.275957614183426e-12,False,0.0,2025-07-19,8
Q3,2025-07-26,06:00,keep,38325.083180887785,1.3642420526593924e-12,False,0.0,2025-07-25,8
Q3,2025-07-26,06:00,selected,38325.083180887785,1.3642420526593924e-12,False,0.0,2025-07-25,8
Q3,2025-07-26,12:00,keep,33693.01244742912,3.637978807091713e-12,False,0.0,2025-07-24,8
Q3,2025-07-26,12:00,selected,33693.01244742912,3.637978807091713e-12,False,0.0,2025-07-24,8
Q3,2025-07-26,18:00,keep,22890.58001885765,0.0,False,0.0,2025-07-24,8
Q3,2025-07-26,18:00,selected,22890.58001885765,0.0,False,0.0,2025-07-24,8
Q3,2025-07-27,00:00,selected,74820.14352880727,2.1827872842550278e-11,False,0.0,2025-07-19,8
Q3,2025-07-27,06:00,keep,58923.970108780726,2.955857780762017e-11,False,0.0,2025-07-25,8
Q3,2025-07-27,06:00,selected,58740.88321397063,2.5011104298755527e-11,False,0.0,2025-07-25,8
Q3,2025-07-27,12:00,keep,50545.09882119808,2.1827872842550278e-11,False,0.0,2025-07-24,8
Q3,2025-07-27,12:00,selected,49887.32936552477,4.3655745685100555e-11,False,0.0,2025-07-24,8
Q3,2025-07-27,18:00,keep,30014.541379276412,1.0913936421275139e-11,False,0.0,2025-07-24,8
Q3,2025-07-27,18:00,selected,29715.336552452387,3.637978807091713e-12,False,0.0,2025-07-24,8
Q3,2025-07-28,00:00,selected,77559.9652421271,5.820766091346741e-11,False,0.0,2025-07-19,8
Q3,2025-07-28,06:00,keep,63613.90972308912,1.4551915228366852e-11,False,0.0,2025-07-25,8
Q3,2025-07-28,06:00,selected,62532.88242893425,1.7280399333685637e-11,False,0.0,2025-07-25,8
Q3,2025-07-28,12:00,keep,53985.658323212294,1.4551915228366852e-11,False,0.0,2025-07-24,8
Q3,2025-07-28,12:00,selected,52566.82923804159,1.4551915228366852e-11,False,0.0,2025-07-24,8
Q3,2025-07-28,18:00,keep,29574.69533393459,1.0913936421275139e-11,False,0.0,2025-07-24,8
Q3,2025-07-28,18:00,selected,29344.30025758563,7.275957614183426e-12,False,0.0,2025-07-24,8
Q3,2025-07-29,00:00,selected,79127.05209221593,4.3655745685100555e-11,False,0.0,2025-07-19,8
Q3,2025-07-29,06:00,keep,60120.810053860594,1.4551915228366852e-11,False,0.0,2025-07-25,8
Q3,2025-07-29,06:00,selected,58470.07925936267,1.4551915228366852e-11,False,0.0,2025-07-25,8
Q3,2025-07-29,12:00,keep,50112.868633087746,7.275957614183426e-12,False,0.0,2025-07-24,8
Q3,2025-07-29,12:00,selected,48868.60187748326,2.9103830456733704e-11,False,0.0,2025-07-24,8
Q3,2025-07-29,18:00,keep,29275.167499007184,3.637978807091713e-12,False,0.0,2025-07-28,8
Q3,2025-07-29,18:00,selected,29235.126936218127,3.979039320256561e-12,False,0.0,2025-07-28,8
Q3,2025-07-30,00:00,selected,73716.78467193022,5.820766091346741e-11,False,0.0,2025-07-19,8
Q3,2025-07-30,06:00,keep,58358.187192851896,1.4551915228366852e-11,False,0.0,2025-07-25,8
Q3,2025-07-30,06:00,selected,56484.05851041932,1.1823431123048067e-11,False,0.0,2025-07-25,8
Q3,2025-07-30,12:00,keep,47944.87732435304,1.4551915228366852e-11,False,0.0,2025-07-24,8
Q3,2025-07-30,12:00,selected,47688.182235978646,2.1827872842550278e-11,False,0.0,2025-07-24,8
Q3,2025-07-30,18:00,keep,28980.806055038953,3.637978807091713e-12,False,0.0,2025-07-29,8
Q3,2025-07-30,18:00,selected,28929.911044264292,7.275957614183426e-12,False,0.0,2025-07-29,8
Q3,2025-07-31,00:00,selected,77293.58905543001,5.820766091346741e-11,False,0.0,2025-07-30,8
Q3,2025-07-31,06:00,keep,55072.05530241474,1.4551915228366852e-11,False,0.0,2025-07-25,8
Q3,2025-07-31,06:00,selected,54919.63812317163,1.0800249583553523e-11,False,0.0,2025-07-25,8
Q3,2025-07-31,12:00,keep,47475.0477075156,9.094947017729282e-13,False,0.0,2025-07-24,8
Q3,2025-07-31,12:00,selected,47246.76891382229,7.275957614183426e-12,False,0.0,2025-07-24,8
Q3,2025-07-31,18:00,keep,29053.6253683759,3.637978807091713e-12,False,0.0,2025-07-29,8
Q3,2025-07-31,18:00,selected,29053.6253683759,3.637978807091713e-12,False,0.0,2025-07-29,8
Q3,2025-08-01,00:00,selected,51350.99763481286,4.3655745685100555e-11,False,0.0,2025-07-30,8
Q3,2025-08-01,06:00,keep,36275.92090903412,9.094947017729282e-13,False,0.0,2025-07-25,8
Q3,2025-08-01,06:00,selected,36275.92090903412,9.094947017729282e-13,False,0.0,2025-07-25,8
Q3,2025-08-01,12:00,keep,34282.434493269284,9.094947017729282e-13,False,0.0,2025-07-24,8
Q3,2025-08-01,12:00,selected,34282.434493269284,9.094947017729282e-13,False,0.0,2025-07-24,8
Q3,2025-08-01,18:00,keep,22592.58707529736,9.094947017729282e-13,False,0.0,2025-07-29,8
Q3,2025-08-01,18:00,selected,22592.58707529736,9.094947017729282e-13,False,0.0,2025-07-29,8
Q3,2025-08-02,00:00,selected,56596.84369204722,2.1827872842550278e-11,False,0.0,2025-07-30,8
Q3,2025-08-02,06:00,keep,38991.51060427522,9.094947017729282e-13,False,0.0,2025-07-25,8
Q3,2025-08-02,06:00,selected,38991.51060427522,9.094947017729282e-13,False,0.0,2025-07-25,8
Q3,2025-08-02,12:00,keep,36669.76132361801,9.094947017729282e-13,False,0.0,2025-07-24,8
Q3,2025-08-02,12:00,selected,36669.76132361801,9.094947017729282e-13,False,0.0,2025-07-24,8
Q3,2025-08-02,18:00,keep,22575.0139374002,0.0,False,0.0,2025-07-29,8
Q3,2025-08-02,18:00,selected,22575.0139374002,0.0,False,0.0,2025-07-29,8
Q3,2025-08-03,00:00,selected,68292.09927195315,2.1827872842550278e-11,False,0.0,2025-08-02,8
Q3,2025-08-03,06:00,keep,50289.432386021006,7.275957614183426e-12,False,0.0,2025-07-25,8
Q3,2025-08-03,06:00,selected,49749.67395776173,1.4551915228366852e-11,False,0.0,2025-07-25,8
Q3,2025-08-03,12:00,keep,45239.30584089734,7.275957614183426e-12,False,0.0,2025-08-02,8
Q3,2025-08-03,12:00,selected,43555.800202363374,2.842170943040401e-14,False,0.0,2025-08-02,8
Q3,2025-08-03,18:00,keep,29037.238513195534,1.0913936421275139e-11,False,0.0,2025-07-29,8
Q3,2025-08-03,18:00,selected,28846.723258775808,3.637978807091713e-12,False,0.0,2025-07-29,8
Q3,2025-08-04,00:00,selected,72954.5906963541,1.1641532182693481e-10,False,0.0,2025-08-02,8
Q3,2025-08-04,06:00,keep,52078.95354683759,4.547473508864641e-13,False,0.0,2025-07-25,8
Q3,2025-08-04,06:00,selected,51922.8857177799,7.275957614183426e-12,False,0.0,2025-07-25,8
Q3,2025-08-04,12:00,keep,47073.22223075359,1.4210854715202004e-12,False,0.0,2025-08-02,8
Q3,2025-08-04,12:00,selected,46812.58820655771,9.094947017729282e-13,False,0.0,2025-08-02,8
Q3,2025-08-04,18:00,keep,29327.73560831146,4.774847184307873e-12,False,0.0,2025-07-29,8
Q3,2025-08-04,18:00,selected,29292.79424176478,7.275957614183426e-12,False,0.0,2025-07-29,8
Q3,2025-08-05,00:00,selected,73552.47439266555,8.731149137020111e-11,False,0.0,2025-08-02,8
Q3,2025-08-05,06:00,keep,51833.32586627473,7.105427357601002e-15,False,0.0,2025-07-25,8
Q3,2025-08-05,06:00,selected,51833.32586627473,7.105427357601002e-15,False,0.0,2025-07-25,8
Q3,2025-08-05,12:00,keep,46565.142416765404,9.094947017729282e-13,False,0.0,2025-08-02,8
Q3,2025-08-05,12:00,selected,46565.142416765404,9.094947017729282e-13,False,0.0,2025-08-02,8
Q3,2025-08-05,18:00,keep,29842.338131757493,3.637978807091713e-12,False,0.0,2025-07-29,8
Q3,2025-08-05,18:00,selected,29842.338131757493,3.637978807091713e-12,False,0.0,2025-07-29,8
Q3,2025-08-06,00:00,selected,80300.35746897255,4.3655745685100555e-11,False,0.0,2025-08-02,8
Q3,2025-08-06,06:00,keep,58599.30624540498,9.094947017729282e-13,False,0.0,2025-07-25,8
Q3,2025-08-06,06:00,selected,58599.30624540498,9.094947017729282e-13,False,0.0,2025-07-25,8
Q3,2025-08-06,12:00,keep,54582.44802458566,7.275957614183426e-12,False,0.0,2025-08-02,8
Q3,2025-08-06,12:00,selected,54582.44802458566,7.275957614183426e-12,False,0.0,2025-08-02,8
Q3,2025-08-06,18:00,keep,29498.850305702654,4.490630090003833e-12,False,0.0,2025-07-29,8
Q3,2025-08-06,18:00,selected,29498.850305702654,4.490630090003833e-12,False,0.0,2025-07-29,8
Q3,2025-08-07,00:00,selected,80562.45970199548,2.9103830456733704e-11,False,0.0,2025-08-06,8
Q3,2025-08-07,06:00,keep,57388.01866271128,7.275957614183426e-12,False,0.0,2025-07-25,8
Q3,2025-08-07,06:00,selected,57360.287811705966,8.924416761146858e-12,False,0.0,2025-07-25,8
Q3,2025-08-07,12:00,keep,48975.52490700394,8.071765478234738e-12,False,0.0,2025-08-02,8
Q3,2025-08-07,12:00,selected,48971.399094180466,1.34718902700115e-11,False,0.0,2025-08-02,8
Q3,2025-08-07,18:00,keep,29205.246529794702,3.637978807091713e-12,False,0.0,2025-08-06,8
Q3,2025-08-07,18:00,selected,29205.246529794702,3.637978807091713e-12,False,0.0,2025-08-06,8
Q3,2025-08-08,00:00,selected,45842.698091161394,1.9483081814541947e-11,False,0.0,2025-08-07,8
Q3,2025-08-08,06:00,keep,34465.32606933835,9.094947017729282e-13,False,0.0,2025-07-25,8
Q3,2025-08-08,06:00,selected,34465.32606933835,9.094947017729282e-13,False,0.0,2025-07-25,8
Q3,2025-08-08,12:00,keep,32155.416717660708,9.094947017729282e-13,False,0.0,2025-08-02,8
Q3,2025-08-08,12:00,selected,32155.416717660708,9.094947017729282e-13,False,0.0,2025-08-02,8
Q3,2025-08-08,18:00,keep,23058.857575730406,3.637978807091713e-12,False,0.0,2025-08-06,8
Q3,2025-08-08,18:00,selected,23058.857575730406,3.637978807091713e-12,False,0.0,2025-08-06,8
Q3,2025-08-09,00:00,selected,46127.87434439884,1.4551915228366852e-11,False,0.0,2025-08-07,8
Q3,2025-08-09,06:00,keep,34951.44382281275,9.094947017729282e-13,False,0.0,2025-07-25,8
Q3,2025-08-09,06:00,selected,34951.44382281275,9.094947017729282e-13,False,0.0,2025-07-25,8
Q3,2025-08-09,12:00,keep,33083.02472332408,9.094947017729282e-13,False,0.0,2025-08-02,8
Q3,2025-08-09,12:00,selected,33083.02472332408,9.094947017729282e-13,False,0.0,2025-08-02,8
Q3,2025-08-09,18:00,keep,23248.778461349924,7.275957614183426e-12,False,0.0,2025-08-06,8
Q3,2025-08-09,18:00,selected,23248.778461349924,7.275957614183426e-12,False,0.0,2025-08-06,8
Q3,2025-08-10,00:00,selected,73678.20742863907,2.1827872842550278e-11,False,0.0,2025-08-07,8
Q3,2025-08-10,06:00,keep,56534.71711452904,5.684341886080802e-14,False,0.0,2025-08-04,8
Q3,2025-08-10,06:00,selected,56473.27147921515,7.275957614183426e-12,False,0.0,2025-08-04,8
Q3,2025-08-10,12:00,keep,52171.23793993488,9.094947017729282e-13,False,0.0,2025-08-02,8
Q3,2025-08-10,12:00,selected,52171.23793993488,9.094947017729282e-13,False,0.0,2025-08-02,8
Q3,2025-08-10,18:00,keep,30394.18476880424,3.637978807091713e-12,False,0.0,2025-08-06,8
Q3,2025-08-10,18:00,selected,30394.18476880424,3.637978807091713e-12,False,0.0,2025-08-06,8
Q3,2025-08-11,00:00,selected,70922.4535288154,4.3655745685100555e-11,False,0.0,2025-08-07,8
Q3,2025-08-11,06:00,keep,53529.30854104119,9.094947017729282e-13,False,0.0,2025-08-04,8
Q3,2025-08-11,06:00,selected,53529.30854104119,9.094947017729282e-13,False,0.0,2025-08-04,8
Q3,2025-08-11,12:00,keep,47313.35878519853,9.094947017729282e-13,False,0.0,2025-08-02,8
Q3,2025-08-11,12:00,selected,47313.35878519853,9.094947017729282e-13,False,0.0,2025-08-02,8
Q3,2025-08-11,18:00,keep,30007.411055378805,3.637978807091713e-12,False,0.0,2025-08-06,8
Q3,2025-08-11,18:00,selected,30007.411055378805,3.637978807091713e-12,False,0.0,2025-08-06,8
Q3,2025-08-12,00:00,selected,77647.9940052366,2.1827872842550278e-11,False,0.0,2025-08-07,8
Q3,2025-08-12,06:00,keep,60095.53608261475,1.6839862837514374e-12,False,0.0,2025-08-04,8
Q3,2025-08-12,06:00,selected,60095.53608261475,1.6839862837514374e-12,False,0.0,2025-08-04,8
Q3,2025-08-12,12:00,keep,53893.47619946173,4.547473508864641e-13,False,0.0,2025-08-02,8
Q3,2025-08-12,12:00,selected,53893.47619946173,4.547473508864641e-13,False,0.0,2025-08-02,8
Q3,2025-08-12,18:00,keep,30554.726256293685,9.094947017729282e-13,False,0.0,2025-08-06,8
Q3,2025-08-12,18:00,selected,30554.726256293685,9.094947017729282e-13,False,0.0,2025-08-06,8
Q3,2025-08-13,00:00,selected,71302.65987885931,2.9103830456733704e-11,False,0.0,2025-08-07,8
Q3,2025-08-13,06:00,keep,53104.154051075304,9.094947017729282e-13,False,0.0,2025-08-04,8
Q3,2025-08-13,06:00,selected,53104.154051075304,9.094947017729282e-13,False,0.0,2025-08-04,8
Q3,2025-08-13,12:00,keep,47172.14996244727,9.094947017729282e-13,False,0.0,2025-08-02,8
Q3,2025-08-13,12:00,selected,47172.14996244727,9.094947017729282e-13,False,0.0,2025-08-02,8
Q3,2025-08-13,18:00,keep,30278.600003436142,9.094947017729282e-13,False,0.0,2025-08-06,8
Q3,2025-08-13,18:00,selected,30278.600003436142,9.094947017729282e-13,False,0.0,2025-08-06,8
Q3,2025-08-14,00:00,selected,73261.53400301053,1.0459189070388675e-11,False,0.0,2025-08-07,8
Q3,2025-08-14,06:00,keep,55725.769469434425,2.2737367544323206e-13,False,0.0,2025-07-25,8
Q3,2025-08-14,06:00,selected,55725.769469434425,2.2737367544323206e-13,False,0.0,2025-07-25,8
Q3,2025-08-14,12:00,keep,50231.60149697765,4.547473508864641e-13,False,0.0,2025-08-13,8
Q3,2025-08-14,12:00,selected,50231.60149697765,4.547473508864641e-13,False,0.0,2025-08-13,8
Q3,2025-08-14,18:00,keep,30599.638384324437,1.0381029369455064e-11,False,0.0,2025-08-13,8
Q3,2025-08-14,18:00,selected,30599.638384324437,1.0381029369455064e-11,False,0.0,2025-08-13,8
Q3,2025-08-15,00:00,selected,49834.2365663783,2.1827872842550278e-11,False,0.0,2025-08-07,8
Q3,2025-08-15,06:00,keep,37548.73530388847,9.094947017729282e-13,False,0.0,2025-08-13,8
Q3,2025-08-15,06:00,selected,37548.73530388847,9.094947017729282e-13,False,0.0,2025-08-13,8
Q3,2025-08-15,12:00,keep,35539.23266869644,2.2737367544323206e-13,False,0.0,2025-08-13,8
Q3,2025-08-15,12:00,selected,35539.23266869644,2.2737367544323206e-13,False,0.0,2025-08-13,8
Q3,2025-08-15,18:00,keep,22778.021429901703,0.0,False,0.0,2025-08-14,8
Q3,2025-08-15,18:00,selected,22778.021429901703,0.0,False,0.0,2025-08-14,8
Q3,2025-08-16,00:00,selected,49247.37572008731,7.275957614183426e-12,False,0.0,2025-08-07,8
Q3,2025-08-16,06:00,keep,38356.002714767565,9.094947017729282e-13,False,0.0,2025-08-13,8
Q3,2025-08-16,06:00,selected,38356.002714767565,9.094947017729282e-13,False,0.0,2025-08-13,8
Q3,2025-08-16,12:00,keep,36772.95472368478,9.094947017729282e-13,False,0.0,2025-08-13,8
Q3,2025-08-16,12:00,selected,36772.95472368478,9.094947017729282e-13,False,0.0,2025-08-13,8
Q3,2025-08-16,18:00,keep,22990.764093471284,9.094947017729282e-13,False,0.0,2025-08-14,8
Q3,2025-08-16,18:00,selected,22990.764093471284,9.094947017729282e-13,False,0.0,2025-08-14,8
Q3,2025-08-17,00:00,selected,75202.8864628009,2.9103830456733704e-11,False,0.0,2025-08-07,8
Q3,2025-08-17,06:00,keep,57576.33650154855,9.094947017729282e-13,False,0.0,2025-08-13,8
Q3,2025-08-17,06:00,selected,57576.33650154855,9.094947017729282e-13,False,0.0,2025-08-13,8
Q3,2025-08-17,12:00,keep,51074.176329552014,4.547473508864641e-13,False,0.0,2025-08-13,8
Q3,2025-08-17,12:00,selected,51074.176329552014,4.547473508864641e-13,False,0.0,2025-08-13,8
Q3,2025-08-17,18:00,keep,30524.034853541718,9.052314453583676e-12,False,0.0,2025-08-14,8
Q3,2025-08-17,18:00,selected,30524.034853541718,9.052314453583676e-12,False,0.0,2025-08-14,8
Q3,2025-08-18,00:00,selected,74446.47248470155,3.637978807091713e-11,False,0.0,2025-08-07,8
Q3,2025-08-18,06:00,keep,56795.27804811824,4.547473508864641e-13,False,0.0,2025-08-13,8
Q3,2025-08-18,06:00,selected,56795.27804811824,4.547473508864641e-13,False,0.0,2025-08-13,8
Q3,2025-08-18,12:00,keep,50528.467062469725,7.275957614183426e-12,False,0.0,2025-08-13,8
Q3,2025-08-18,12:00,selected,50528.467062469725,7.275957614183426e-12,False,0.0,2025-08-13,8
Q3,2025-08-18,18:00,keep,30566.116890565805,1.8189894035458565e-12,False,0.0,2025-08-17,8
Q3,2025-08-18,18:00,selected,30566.116890565805,1.8189894035458565e-12,False,0.0,2025-08-17,8
Q3,2025-08-19,00:00,selected,74655.05132356453,7.275957614183426e-12,False,0.0,2025-08-18,8
Q3,2025-08-19,06:00,keep,56591.2554027211,4.547473508864641e-13,False,0.0,2025-08-13,8
Q3,2025-08-19,06:00,selected,56591.2554027211,4.547473508864641e-13,False,0.0,2025-08-13,8
Q3,2025-08-19,12:00,keep,50472.77320772154,1.9042545318370685e-12,False,0.0,2025-08-13,8
Q3,2025-08-19,12:00,selected,50472.77320772154,1.9042545318370685e-12,False,0.0,2025-08-13,8
Q3,2025-08-19,18:00,keep,30645.964771206105,9.094947017729282e-13,False,0.0,2025-08-17,8
Q3,2025-08-19,18:00,selected,30645.964771206105,9.094947017729282e-13,False,0.0,2025-08-17,8
Q3,2025-08-20,00:00,selected,80823.84876808879,4.0745362639427185e-10,False,0.0,2025-08-19,8
Q3,2025-08-20,06:00,keep,61196.28014867456,9.094947017729282e-13,False,0.0,2025-08-13,8
Q3,2025-08-20,06:00,selected,61154.84384374671,9.094947017729282e-13,False,0.0,2025-08-13,8
Q3,2025-08-20,12:00,keep,52608.319831006665,9.094947017729282e-13,False,0.0,2025-08-13,8
Q3,2025-08-20,12:00,selected,52608.319831006665,9.094947017729282e-13,False,0.0,2025-08-13,8
Q3,2025-08-20,18:00,keep,30347.453724997646,5.5422333389287814e-12,False,0.0,2025-08-19,8
Q3,2025-08-20,18:00,selected,30347.453724997646,5.5422333389287814e-12,False,0.0,2025-08-19,8
Q3,2025-08-21,00:00,selected,77992.43920540548,1.4551915228366852e-11,False,0.0,2025-08-19,8
Q3,2025-08-21,06:00,keep,58209.46891684603,9.094947017729282e-13,False,0.0,2025-08-13,8
Q3,2025-08-21,06:00,selected,58209.46891684603,9.094947017729282e-13,False,0.0,2025-08-13,8
Q3,2025-08-21,12:00,keep,51522.734734904574,3.0127011996228248e-12,False,0.0,2025-08-13,8
Q3,2025-08-21,12:00,selected,51522.734734904574,3.0127011996228248e-12,False,0.0,2025-08-13,8
Q3,2025-08-21,18:00,keep,30151.027087160743,3.879563337250147e-12,False,0.0,2025-08-19,8
Q3,2025-08-21,18:00,selected,30151.027087160743,3.879563337250147e-12,False,0.0,2025-08-19,8
Q3,2025-08-22,00:00,selected,47230.31354525473,2.9103830456733704e-11,False,0.0,2025-08-19,8
Q3,2025-08-22,06:00,keep,36054.1086512679,9.094947017729282e-13,False,0.0,2025-08-17,8
Q3,2025-08-22,06:00,selected,36054.1086512679,9.094947017729282e-13,False,0.0,2025-08-17,8
Q3,2025-08-22,12:00,keep,34178.41402696668,7.275957614183426e-12,False,0.0,2025-08-13,8
Q3,2025-08-22,12:00,selected,34178.41402696668,7.275957614183426e-12,False,0.0,2025-08-13,8
Q3,2025-08-22,18:00,keep,22717.198144856335,2.2737367544323206e-13,False,0.0,2025-08-19,8
Q3,2025-08-22,18:00,selected,22717.198144856335,2.2737367544323206e-13,False,0.0,2025-08-19,8
Q3,2025-08-23,00:00,selected,45076.75488197098,8.071765478234738e-12,False,0.0,2025-08-19,8
Q3,2025-08-23,06:00,keep,33472.83850854897,9.094947017729282e-13,False,0.0,2025-08-13,8
Q3,2025-08-23,06:00,selected,33472.83850854897,9.094947017729282e-13,False,0.0,2025-08-13,8
Q3,2025-08-23,12:00,keep,31126.357050353115,7.275957614183426e-12,False,0.0,2025-08-13,8
Q3,2025-08-23,12:00,selected,31126.357050353115,7.275957614183426e-12,False,0.0,2025-08-13,8
Q3,2025-08-23,18:00,keep,22857.682719879187,0.0,False,0.0,2025-08-19,8
Q3,2025-08-23,18:00,selected,22857.682719879187,0.0,False,0.0,2025-08-19,8
Q3,2025-08-24,00:00,selected,75044.24186791718,2.1827872842550278e-11,False,0.0,2025-08-19,8
Q3,2025-08-24,06:00,keep,56225.9642691061,1.8189894035458565e-12,False,0.0,2025-08-17,8
Q3,2025-08-24,06:00,selected,56207.935014001334,1.6200374375330284e-11,False,0.0,2025-08-17,8
Q3,2025-08-24,12:00,keep,51450.328237507754,1.4551915228366852e-11,False,0.0,2025-08-13,8
Q3,2025-08-24,12:00,selected,51450.328237507754,1.4551915228366852e-11,False,0.0,2025-08-13,8
Q3,2025-08-24,18:00,keep,30456.718497426064,9.094947017729282e-13,False,0.0,2025-08-19,8
Q3,2025-08-24,18:00,selected,30456.718497426064,9.094947017729282e-13,False,0.0,2025-08-19,8
Q3,2025-08-25,00:00,selected,92166.32840960112,2.9103830456733704e-11,False,0.0,2025-08-19,8
Q3,2025-08-25,06:00,keep,71880.2121632718,7.275957614183426e-12,False,0.0,2025-08-24,8
Q3,2025-08-25,06:00,selected,71778.72787794219,1.1240786079724785e-11,False,0.0,2025-08-24,8
Q3,2025-08-25,12:00,keep,61392.265129184765,1.4551915228366852e-11,False,0.0,2025-08-13,8
Q3,2025-08-25,12:00,selected,61392.265129184765,1.4551915228366852e-11,False,0.0,2025-08-13,8
Q3,2025-08-25,18:00,keep,29910.831582844912,7.972289495228324e-12,False,0.0,2025-08-19,8
Q3,2025-08-25,18:00,selected,29910.831582844912,7.972289495228324e-12,False,0.0,2025-08-19,8
Q3,2025-08-26,00:00,selected,76088.76345723767,7.275957614183426e-12,False,0.0,2025-08-19,8
Q3,2025-08-26,06:00,keep,58498.54272653435,7.275957614183426e-12,False,0.0,2025-08-24,8
Q3,2025-08-26,06:00,selected,58323.05353097202,8.611777957412414e-12,False,0.0,2025-08-24,8
Q3,2025-08-26,12:00,keep,52785.294031464735,7.275957614183426e-12,False,0.0,2025-08-13,8
Q3,2025-08-26,12:00,selected,52158.0472361212,9.094947017729282e-13,False,0.0,2025-08-13,8
Q3,2025-08-26,18:00,keep,31016.236523160984,1.1368683772161603e-12,False,0.0,2025-08-19,8
Q3,2025-08-26,18:00,selected,31016.236523160984,1.1368683772161603e-12,False,0.0,2025-08-19,8
Q3,2025-08-27,00:00,selected,77347.03554408373,4.3655745685100555e-11,False,0.0,2025-08-19,8
Q3,2025-08-27,06:00,keep,64013.93902525217,7.275957614183426e-12,False,0.0,2025-08-24,8
Q3,2025-08-27,06:00,selected,61435.157520586145,1.4551915228366852e-11,False,0.0,2025-08-24,8
Q3,2025-08-27,12:00,keep,50811.72111477699,1.4551915228366852e-11,False,0.0,2025-08-13,8
Q3,2025-08-27,12:00,selected,48043.81960414783,1.7962520360015333e-11,False,0.0,2025-08-13,8
Q3,2025-08-27,18:00,keep,29632.855889992206,1.389821591146756e-11,False,0.0,2025-08-19,8
Q3,2025-08-27,18:00,selected,29632.855889992206,1.389821591146756e-11,False,0.0,2025-08-19,8
Q3,2025-08-28,00:00,selected,75676.3650789294,2.1827872842550278e-11,False,0.0,2025-08-19,8
Q3,2025-08-28,06:00,keep,59436.53668761535,7.275957614183426e-12,False,0.0,2025-08-24,8
Q3,2025-08-28,06:00,selected,58619.17584862945,2.1827872842550278e-11,False,0.0,2025-08-24,8
Q3,2025-08-28,12:00,keep,47736.07741350442,7.275957614183426e-12,False,0.0,2025-08-13,8
Q3,2025-08-28,12:00,selected,46182.90318564711,2.1316282072803006e-11,False,0.0,2025-08-13,8
Q3,2025-08-28,18:00,keep,29628.298200254998,8.213874025386758e-12,False,0.0,2025-08-19,8
Q3,2025-08-28,18:00,selected,29628.298200254998,8.213874025386758e-12,False,0.0,2025-08-19,8
Q3,2025-08-29,00:00,selected,52195.97526193352,1.4551915228366852e-11,False,0.0,2025-08-28,8
Q3,2025-08-29,06:00,keep,37663.66305370551,7.275957614183426e-12,False,0.0,2025-08-24,8
Q3,2025-08-29,06:00,selected,37663.66305370551,7.275957614183426e-12,False,0.0,2025-08-24,8
Q3,2025-08-29,12:00,keep,34531.15708546379,2.2737367544323206e-13,False,0.0,2025-08-13,8
Q3,2025-08-29,12:00,selected,34531.15708546379,2.2737367544323206e-13,False,0.0,2025-08-13,8
Q3,2025-08-29,18:00,keep,22235.663778404556,2.2737367544323206e-13,False,0.0,2025-08-19,8
Q3,2025-08-29,18:00,selected,22235.663778404556,2.2737367544323206e-13,False,0.0,2025-08-19,8
Q3,2025-08-30,00:00,selected,49813.82921554541,1.4551915228366852e-11,False,0.0,2025-08-28,8
Q3,2025-08-30,06:00,keep,37132.904765060404,3.637978807091713e-12,False,0.0,2025-08-24,8
Q3,2025-08-30,06:00,selected,37132.904765060404,3.637978807091713e-12,False,0.0,2025-08-24,8
Q3,2025-08-30,12:00,keep,35001.55899151356,1.4210854715202004e-12,False,0.0,2025-08-13,8
Q3,2025-08-30,12:00,selected,35001.55899151356,1.4210854715202004e-12,False,0.0,2025-08-13,8
Q3,2025-08-30,18:00,keep,22447.35872911216,4.547473508864641e-13,False,0.0,2025-08-19,8
Q3,2025-08-30,18:00,selected,22447.35872911216,4.547473508864641e-13,False,0.0,2025-08-19,8
Q3,2025-08-31,00:00,selected,74964.53553139999,3.092281986027956e-11,False,0.0,2025-08-28,8
Q3,2025-08-31,06:00,keep,56344.79930041153,7.275957614183426e-12,False,0.0,2025-08-24,8
Q3,2025-08-31,06:00,selected,56344.79930041153,7.275957614183426e-12,False,0.0,2025-08-24,8
Q3,2025-08-31,12:00,keep,50405.50058730445,4.547473508864641e-13,False,0.0,2025-08-13,8
Q3,2025-08-31,12:00,selected,50405.50058730445,4.547473508864641e-13,False,0.0,2025-08-13,8
Q3,2025-08-31,18:00,keep,30213.310965911303,3.979039320256561e-12,False,0.0,2025-08-30,8
Q3,2025-08-31,18:00,selected,30213.310965911303,3.979039320256561e-12,False,0.0,2025-08-30,8
Q3,2025-09-01,00:00,selected,77577.28786574873,2.1827872842550278e-11,False,0.0,2025-08-21,8
Q3,2025-09-01,06:00,keep,58883.084779463454,2.8421709430404007e-12,False,0.0,2025-08-24,8
Q3,2025-09-01,06:00,selected,58883.084779463454,2.8421709430404007e-12,False,0.0,2025-08-24,8
Q3,2025-09-01,12:00,keep,49582.70782934301,4.547473508864641e-13,False,0.0,2025-08-31,8
Q3,2025-09-01,12:00,selected,49582.70782934301,4.547473508864641e-13,False,0.0,2025-08-31,8
Q3,2025-09-01,18:00,keep,28196.62855231099,4.547473508864641e-13,False,0.0,2025-08-30,8
Q3,2025-09-01,18:00,selected,28196.62855231099,4.547473508864641e-13,False,0.0,2025-08-30,8
Q3,2025-09-02,00:00,selected,69135.18996601964,3.637978807091713e-11,False,0.0,2025-09-01,8
Q3,2025-09-02,06:00,keep,52836.123614770535,1.4551915228366852e-11,False,0.0,2025-09-01,8
Q3,2025-09-02,06:00,selected,52758.70631496877,1.693933882052079e-11,False,0.0,2025-09-01,8
Q3,2025-09-02,12:00,keep,45986.665009050135,9.094947017729282e-13,False,0.0,2025-09-01,8
Q3,2025-09-02,12:00,selected,45746.97144463884,9.094947017729282e-13,False,0.0,2025-09-01,8
Q3,2025-09-02,18:00,keep,28646.96593913298,7.062794793455396e-12,False,0.0,2025-09-01,8
Q3,2025-09-02,18:00,selected,28646.96593913298,7.062794793455396e-12,False,0.0,2025-09-01,8
Q3,2025-09-03,00:00,selected,70660.51310932191,3.630873379734112e-11,False,0.0,2025-09-02,8
Q3,2025-09-03,06:00,keep,54650.621350880036,9.094947017729282e-13,False,0.0,2025-09-01,8
Q3,2025-09-03,06:00,selected,54574.45382096728,7.275957614183426e-12,False,0.0,2025-09-01,8
Q3,2025-09-03,12:00,keep,48148.63959914674,1.8189894035458565e-12,False,0.0,2025-09-01,8
Q3,2025-09-03,12:00,selected,48148.63959914674,1.8189894035458565e-12,False,0.0,2025-09-01,8
Q3,2025-09-03,18:00,keep,27395.898082867025,4.661160346586257e-12,False,0.0,2025-09-02,8
Q3,2025-09-03,18:00,selected,27395.898082867025,4.661160346586257e-12,False,0.0,2025-09-02,8
Q3,2025-09-04,00:00,selected,68916.81968394485,3.637978807091713e-11,False,0.0,2025-09-02,8
Q3,2025-09-04,06:00,keep,53506.079350790715,9.094947017729282e-13,False,0.0,2025-09-01,8
Q3,2025-09-04,06:00,selected,53399.76222479661,8.071765478234738e-12,False,0.0,2025-09-01,8
Q3,2025-09-04,12:00,keep,48435.08545568297,9.094947017729282e-13,False,0.0,2025-09-01,8
Q3,2025-09-04,12:00,selected,48435.08545568297,9.094947017729282e-13,False,0.0,2025-09-01,8
Q3,2025-09-04,18:00,keep,27165.21728471306,2.2737367544323206e-12,False,0.0,2025-09-02,8
Q3,2025-09-04,18:00,selected,27165.21728471306,2.2737367544323206e-12,False,0.0,2025-09-02,8
Q3,2025-09-05,00:00,selected,42326.32546468724,2.1827872842550278e-11,False,0.0,2025-09-04,8
Q3,2025-09-05,06:00,keep,30979.47161765789,3.637978807091713e-12,False,0.0,2025-09-04,8
Q3,2025-09-05,06:00,selected,30788.697912352087,9.094947017729282e-13,False,0.0,2025-09-04,8
Q3,2025-09-05,12:00,keep,28908.111038327366,9.094947017729282e-13,False,0.0,2025-09-04,8
Q3,2025-09-05,12:00,selected,28908.111038327366,9.094947017729282e-13,False,0.0,2025-09-04,8
Q3,2025-09-05,18:00,keep,20063.966249478177,1.8189894035458565e-12,False,0.0,2025-09-02,8
Q3,2025-09-05,18:00,selected,20063.966249478177,1.8189894035458565e-12,False,0.0,2025-09-02,8
Q3,2025-09-06,00:00,selected,42762.38968144554,2.9103830456733704e-11,False,0.0,2025-09-05,8
Q3,2025-09-06,06:00,keep,31605.830548866405,3.637978807091713e-12,False,0.0,2025-09-04,8
Q3,2025-09-06,06:00,selected,31400.41840506224,9.094947017729282e-13,False,0.0,2025-09-04,8
Q3,2025-09-06,12:00,keep,28969.233950723632,9.094947017729282e-13,False,0.0,2025-09-02,8
Q3,2025-09-06,12:00,selected,28969.233950723632,9.094947017729282e-13,False,0.0,2025-09-02,8
Q3,2025-09-06,18:00,keep,20067.497436025966,3.069544618483633e-12,False,0.0,2025-09-02,8
Q3,2025-09-06,18:00,selected,20067.497436025966,3.069544618483633e-12,False,0.0,2025-09-02,8
Q3,2025-09-07,00:00,selected,64540.37826999403,3.637978807091713e-11,False,0.0,2025-09-06,8
Q3,2025-09-07,06:00,keep,49200.47058045718,1.4551915228366852e-11,False,0.0,2025-09-04,8
Q3,2025-09-07,06:00,selected,48810.93960579544,7.275957614183426e-12,False,0.0,2025-09-04,8
Q3,2025-09-07,12:00,keep,43103.61672974369,7.275957614183426e-12,False,0.0,2025-09-06,8
Q3,2025-09-07,12:00,selected,42156.0182456814,9.094947017729282e-13,False,0.0,2025-09-06,8
Q3,2025-09-07,18:00,keep,25722.359898190403,9.094947017729282e-13,False,0.0,2025-09-06,8
Q3,2025-09-07,18:00,selected,25722.359898190403,9.094947017729282e-13,False,0.0,2025-09-06,8
Q3,2025-09-08,00:00,selected,70017.5648861186,2.9103830456733704e-11,False,0.0,2025-09-06,8
Q3,2025-09-08,06:00,keep,54530.45898076737,7.275957614183426e-12,False,0.0,2025-09-04,8
Q3,2025-09-08,06:00,selected,54383.43469910629,7.275957614183426e-12,False,0.0,2025-09-04,8
Q3,2025-09-08,12:00,keep,46029.732626937395,9.094947017729282e-13,False,0.0,2025-09-06,8
Q3,2025-09-08,12:00,selected,45917.86011468142,9.094947017729282e-13,False,0.0,2025-09-06,8
Q3,2025-09-08,18:00,keep,25578.542243107684,4.931166586175095e-12,False,0.0,2025-09-06,8
Q3,2025-09-08,18:00,selected,25578.542243107684,4.931166586175095e-12,False,0.0,2025-09-06,8
Q3,2025-09-09,00:00,selected,60442.454077049675,1.3096723705530167e-10,False,0.0,2025-09-06,8
Q3,2025-09-09,06:00,keep,48044.92995521494,7.275957614183426e-12,False,0.0,2025-09-04,8
Q3,2025-09-09,06:00,selected,47086.12008466653,7.275957614183426e-12,False,0.0,2025-09-04,8
Q3,2025-09-09,12:00,keep,41918.18723174497,7.275957614183426e-12,False,0.0,2025-09-06,8
Q3,2025-09-09,12:00,selected,40379.08763651783,1.4551915228366852e-11,False,0.0,2025-09-06,8
Q3,2025-09-09,18:00,keep,24864.838520840083,6.252776074688882e-12,False,0.0,2025-09-06,8
Q3,2025-09-09,18:00,selected,24864.838520840083,6.252776074688882e-12,False,0.0,2025-09-06,8
Q3,2025-09-10,00:00,selected,70141.72420992369,8.731149137020111e-11,False,0.0,2025-09-06,8
Q3,2025-09-10,06:00,keep,54427.83504754586,7.275957614183426e-12,False,0.0,2025-09-09,8
Q3,2025-09-10,06:00,selected,54322.903949105916,1.4551915228366852e-11,False,0.0,2025-09-09,8
Q3,2025-09-10,12:00,keep,44987.24482202223,4.547473508864641e-13,False,0.0,2025-09-06,8
Q3,2025-09-10,12:00,selected,44987.24482202223,4.547473508864641e-13,False,0.0,2025-09-06,8
Q3,2025-09-10,18:00,keep,24749.19305087743,7.958078640513122e-12,False,0.0,2025-09-06,8
Q3,2025-09-10,18:00,selected,24749.19305087743,7.958078640513122e-12,False,0.0,2025-09-06,8
Q3,2025-09-11,00:00,selected,69420.59198587795,2.1827872842550278e-11,False,0.0,2025-09-06,8
Q3,2025-09-11,06:00,keep,53762.6466206723,7.275957614183426e-12,False,0.0,2025-09-10,8
Q3,2025-09-11,06:00,selected,53694.823474035205,7.275957614183426e-12,False,0.0,2025-09-10,8
Q3,2025-09-11,12:00,keep,47710.034006042115,9.094947017729282e-13,False,0.0,2025-09-06,8
Q3,2025-09-11,12:00,selected,47710.034006042115,9.094947017729282e-13,False,0.0,2025-09-06,8
Q3,2025-09-11,18:00,keep,24452.220926555055,9.094947017729282e-13,False,0.0,2025-09-10,8
Q3,2025-09-11,18:00,selected,24452.220926555055,9.094947017729282e-13,False,0.0,2025-09-10,8
Q3,2025-09-12,00:00,selected,43853.77911311244,2.1827872842550278e-11,False,0.0,2025-09-06,8
Q3,2025-09-12,06:00,keep,33091.4225071149,3.637978807091713e-12,False,0.0,2025-09-10,8
Q3,2025-09-12,06:00,selected,33008.38373609863,3.637978807091713e-12,False,0.0,2025-09-10,8
Q3,2025-09-12,12:00,keep,29971.081471116468,4.547473508864641e-13,False,0.0,2025-09-06,8
Q3,2025-09-12,12:00,selected,29971.081471116468,4.547473508864641e-13,False,0.0,2025-09-06,8
Q3,2025-09-12,18:00,keep,19536.54332074141,8.640199666842818e-12,False,0.0,2025-09-10,8
Q3,2025-09-12,18:00,selected,19536.54332074141,8.640199666842818e-12,False,0.0,2025-09-10,8
Q3,2025-09-13,00:00,selected,43635.82280930441,7.275957614183426e-12,False,0.0,2025-09-06,8
Q3,2025-09-13,06:00,keep,32913.36729767217,7.275957614183426e-12,False,0.0,2025-09-10,8
Q3,2025-09-13,06:00,selected,32825.22391877936,3.637978807091713e-12,False,0.0,2025-09-10,8
Q3,2025-09-13,12:00,keep,30077.626710158063,4.547473508864641e-13,False,0.0,2025-09-12,8
Q3,2025-09-13,12:00,selected,30077.626710158063,4.547473508864641e-13,False,0.0,2025-09-12,8
Q3,2025-09-13,18:00,keep,19938.01947075476,3.637978807091713e-12,False,0.0,2025-09-12,8
Q3,2025-09-13,18:00,selected,19938.01947075476,3.637978807091713e-12,False,0.0,2025-09-12,8
Q3,2025-09-14,00:00,selected,72727.73286000233,1.8189894035458565e-11,False,0.0,2025-09-13,8
Q3,2025-09-14,06:00,keep,56445.60138258766,7.275957614183426e-12,False,0.0,2025-09-13,8
Q3,2025-09-14,06:00,selected,56445.60138258766,7.275957614183426e-12,False,0.0,2025-09-13,8
Q3,2025-09-14,12:00,keep,45179.22663931819,1.8189894035458565e-12,False,0.0,2025-09-12,8
Q3,2025-09-14,12:00,selected,45179.22663931819,1.8189894035458565e-12,False,0.0,2025-09-12,8
Q3,2025-09-14,18:00,keep,24705.21702542223,4.547473508864641e-13,False,0.0,2025-09-12,8
Q3,2025-09-14,18:00,selected,24705.21702542223,4.547473508864641e-13,False,0.0,2025-09-12,8
Q3,2025-09-15,00:00,selected,60755.01090108101,2.1827872842550278e-11,False,0.0,2025-09-13,8
Q3,2025-09-15,06:00,keep,45885.86322464759,7.275957614183426e-12,False,0.0,2025-09-13,8
Q3,2025-09-15,06:00,selected,45710.96478205113,7.275957614183426e-12,False,0.0,2025-09-13,8
Q3,2025-09-15,12:00,keep,40824.34076239936,1.2107648217352107e-11,False,0.0,2025-09-12,8
Q3,2025-09-15,12:00,selected,40824.34076239936,1.2107648217352107e-11,False,0.0,2025-09-12,8
Q3,2025-09-15,18:00,keep,23831.251079319387,7.275957614183426e-12,False,0.0,2025-09-12,8
Q3,2025-09-15,18:00,selected,23828.59450552196,6.139089236967266e-12,False,0.0,2025-09-12,8
Q3,2025-09-16,00:00,selected,71281.62294516231,1.6370904631912708e-11,False,0.0,2025-09-13,8
Q3,2025-09-16,06:00,keep,55082.76540138645,7.275957614183426e-12,False,0.0,2025-09-13,8
Q3,2025-09-16,06:00,selected,54899.23571289462,7.275957614183426e-12,False,0.0,2025-09-13,8
Q3,2025-09-16,12:00,keep,47183.28090931,1.8189894035458565e-12,False,0.0,2025-09-12,8
Q3,2025-09-16,12:00,selected,47183.28090931,1.8189894035458565e-12,False,0.0,2025-09-12,8
Q3,2025-09-16,18:00,keep,23849.8874478592,3.637978807091713e-12,False,0.0,2025-09-12,8
Q3,2025-09-16,18:00,selected,23844.09485036613,6.934897101018578e-12,False,0.0,2025-09-12,8
Q3,2025-09-17,00:00,selected,69158.41358736169,3.637978807091713e-11,False,0.0,2025-09-13,8
Q3,2025-09-17,06:00,keep,53445.217418550405,7.275957614183426e-12,False,0.0,2025-09-13,8
Q3,2025-09-17,06:00,selected,53216.15274356137,1.4779288903810084e-11,False,0.0,2025-09-13,8
Q3,2025-09-17,12:00,keep,46020.72631230381,9.094947017729282e-13,False,0.0,2025-09-12,8
Q3,2025-09-17,12:00,selected,46020.72631230381,9.094947017729282e-13,False,0.0,2025-09-12,8
Q3,2025-09-17,18:00,keep,23992.23930137151,8.185452315956354e-12,False,0.0,2025-09-12,8
Q3,2025-09-17,18:00,selected,23992.23930137151,8.185452315956354e-12,False,0.0,2025-09-12,8
Q3,2025-09-18,00:00,selected,60678.74441607825,1.5688783605583012e-11,False,0.0,2025-09-17,8
Q3,2025-09-18,06:00,keep,48320.259234578305,1.4551915228366852e-11,False,0.0,2025-09-13,8
Q3,2025-09-18,06:00,selected,47538.48808249785,1.77351466845721e-11,False,0.0,2025-09-13,8
Q3,2025-09-18,12:00,keep,41053.298812051646,1.404032445861958e-11,False,0.0,2025-09-12,8
Q3,2025-09-18,12:00,selected,40329.02569196311,7.275957614183426e-12,False,0.0,2025-09-12,8
Q3,2025-09-18,18:00,keep,23571.570492200386,8.640199666842818e-12,False,0.0,2025-09-12,8
Q3,2025-09-18,18:00,selected,23550.593872010188,4.092726157978177e-12,False,0.0,2025-09-12,8
Q3,2025-09-19,00:00,selected,46307.12255691823,1.4551915228366852e-11,False,0.0,2025-09-18,8
Q3,2025-09-19,06:00,keep,34164.64162390396,3.637978807091713e-12,False,0.0,2025-09-13,8
Q3,2025-09-19,06:00,selected,34111.818069653506,2.2737367544323206e-13,False,0.0,2025-09-13,8
Q3,2025-09-19,12:00,keep,30523.84324958614,9.094947017729282e-13,False,0.0,2025-09-12,8
Q3,2025-09-19,12:00,selected,30523.84324958614,9.094947017729282e-13,False,0.0,2025-09-12,8
Q3,2025-09-19,18:00,keep,19266.73296740948,1.8189894035458565e-12,False,0.0,2025-09-18,8
Q3,2025-09-19,18:00,selected,19266.73296740948,1.8189894035458565e-12,False,0.0,2025-09-18,8
Q3,2025-09-20,00:00,selected,45443.798487349595,2.1827872842550278e-11,False,0.0,2025-09-19,8
Q3,2025-09-20,06:00,keep,34602.21223432025,2.2737367544323206e-13,False,0.0,2025-09-13,8
Q3,2025-09-20,06:00,selected,34602.21223432025,2.2737367544323206e-13,False,0.0,2025-09-13,8
Q3,2025-09-20,12:00,keep,31236.76683436532,9.094947017729282e-13,False,0.0,2025-09-12,8
Q3,2025-09-20,12:00,selected,31236.76683436532,9.094947017729282e-13,False,0.0,2025-09-12,8
Q3,2025-09-20,18:00,keep,19181.503762072396,1.1823431123048067e-11,False,0.0,2025-09-18,8
Q3,2025-09-20,18:00,selected,19181.503762072396,1.1823431123048067e-11,False,0.0,2025-09-18,8
Q3,2025-09-21,00:00,selected,68113.76619993943,2.9103830456733704e-11,False,0.0,2025-09-19,8
Q3,2025-09-21,06:00,keep,51449.408431689095,4.547473508864641e-13,False,0.0,2025-09-13,8
Q3,2025-09-21,06:00,selected,51265.46655493517,1.7536194718559273e-11,False,0.0,2025-09-13,8
Q3,2025-09-21,12:00,keep,43574.12815582215,4.547473508864641e-13,False,0.0,2025-09-12,8
Q3,2025-09-21,12:00,selected,43574.12815582215,4.547473508864641e-13,False,0.0,2025-09-12,8
Q3,2025-09-21,18:00,keep,23695.1420917258,4.774847184307873e-12,False,0.0,2025-09-20,8
Q3,2025-09-21,18:00,selected,23695.1420917258,4.774847184307873e-12,False,0.0,2025-09-20,8
Q3,2025-09-22,00:00,selected,71225.43170717641,1.0913936421275139e-11,False,0.0,2025-09-21,8
Q3,2025-09-22,06:00,keep,54939.41880020948,7.275957614183426e-12,False,0.0,2025-09-13,8
Q3,2025-09-22,06:00,selected,54874.192835563044,7.275957614183426e-12,False,0.0,2025-09-13,8
Q3,2025-09-22,12:00,keep,48102.00968615999,9.094947017729282e-13,False,0.0,2025-09-12,8
Q3,2025-09-22,12:00,selected,48102.00968615999,9.094947017729282e-13,False,0.0,2025-09-12,8
Q3,2025-09-22,18:00,keep,23661.061636239512,3.808509063674137e-12,False,0.0,2025-09-20,8
Q3,2025-09-22,18:00,selected,23661.061636239512,3.808509063674137e-12,False,0.0,2025-09-20,8
Q3,2025-09-23,00:00,selected,69396.18106450065,1.4551915228366852e-11,False,0.0,2025-09-21,8
Q3,2025-09-23,06:00,keep,52728.496790085825,7.275957614183426e-12,False,0.0,2025-09-13,8
Q3,2025-09-23,06:00,selected,52646.22439856023,7.275957614183426e-12,False,0.0,2025-09-13,8
Q3,2025-09-23,12:00,keep,44818.739847022815,7.275957614183426e-12,False,0.0,2025-09-12,8
Q3,2025-09-23,12:00,selected,44818.739847022815,7.275957614183426e-12,False,0.0,2025-09-12,8
Q3,2025-09-23,18:00,keep,23419.636349558492,1.1254996934439987e-11,False,0.0,2025-09-22,8
Q3,2025-09-23,18:00,selected,23419.636349558492,1.1254996934439987e-11,False,0.0,2025-09-22,8
Q3,2025-09-24,00:00,selected,60753.95772778099,4.3655745685100555e-11,False,0.0,2025-09-23,8
Q3,2025-09-24,06:00,keep,45608.468342536406,7.275957614183426e-12,False,0.0,2025-09-13,8
Q3,2025-09-24,06:00,selected,45392.02005925036,7.275957614183426e-12,False,0.0,2025-09-13,8
Q3,2025-09-24,12:00,keep,40364.481672259164,1.4551915228366852e-11,False,0.0,2025-09-12,8
Q3,2025-09-24,12:00,selected,40355.282254378784,7.275957614183426e-12,False,0.0,2025-09-12,8
Q3,2025-09-24,18:00,keep,23386.8002122391,1.2732925824820995e-11,False,0.0,2025-09-23,8
Q3,2025-09-24,18:00,selected,23386.13528311105,3.637978807091713e-12,False,0.0,2025-09-23,8
Q3,2025-09-25,00:00,selected,64453.8265264336,2.9103830456733704e-11,False,0.0,2025-09-24,8
Q3,2025-09-25,06:00,keep,48457.1873400886,1.4551915228366852e-11,False,0.0,2025-09-13,8
Q3,2025-09-25,06:00,selected,48124.83750259713,2.1827872842550278e-11,False,0.0,2025-09-13,8
Q3,2025-09-25,12:00,keep,41850.72608411714,1.4551915228366852e-11,False,0.0,2025-09-12,8
Q3,2025-09-25,12:00,selected,41410.06674888355,1.4551915228366852e-11,False,0.0,2025-09-12,8
Q3,2025-09-25,18:00,keep,23306.445481167055,7.275957614183426e-12,False,0.0,2025-09-23,8
Q3,2025-09-25,18:00,selected,23306.445481167055,7.275957614183426e-12,False,0.0,2025-09-23,8
Q3,2025-09-26,00:00,selected,49353.37478900095,2.1827872842550278e-11,False,0.0,2025-09-24,8
Q3,2025-09-26,06:00,keep,33733.68262788347,4.547473508864641e-13,False,0.0,2025-09-13,8
Q3,2025-09-26,06:00,selected,33733.68262788347,4.547473508864641e-13,False,0.0,2025-09-13,8
Q3,2025-09-26,12:00,keep,30216.848440023405,4.547473508864641e-13,False,0.0,2025-09-12,8
Q3,2025-09-26,12:00,selected,30216.848440023405,4.547473508864641e-13,False,0.0,2025-09-12,8
Q3,2025-09-26,18:00,keep,18779.738282865568,8.526512829121202e-12,False,0.0,2025-09-23,8
Q3,2025-09-26,18:00,selected,18779.738282865568,8.526512829121202e-12,False,0.0,2025-09-23,8
Q3,2025-09-27,00:00,selected,42474.948239243764,6.548361852765083e-11,False,0.0,2025-09-26,8
Q3,2025-09-27,06:00,keep,32909.10334207764,9.094947017729282e-13,False,0.0,2025-09-13,8
Q3,2025-09-27,06:00,selected,32650.039038378156,3.637978807091713e-12,False,0.0,2025-09-13,8
Q3,2025-09-27,12:00,keep,29743.724958064442,3.637978807091713e-12,False,0.0,2025-09-12,8
Q3,2025-09-27,12:00,selected,29233.665107961664,4.547473508864641e-13,False,0.0,2025-09-12,8
Q3,2025-09-27,18:00,keep,19909.084487566455,7.958078640513122e-12,False,0.0,2025-09-23,8
Q3,2025-09-27,18:00,selected,19909.084487566455,7.958078640513122e-12,False,0.0,2025-09-23,8
Q3,2025-09-28,00:00,selected,63986.8859011109,1.0459189070388675e-11,False,0.0,2025-09-27,8
Q3,2025-09-28,06:00,keep,55149.57322026631,1.4551915228366852e-11,False,0.0,2025-09-27,8
Q3,2025-09-28,06:00,selected,53555.978354803374,4.3655745685100555e-11,False,0.0,2025-09-27,8
Q3,2025-09-28,12:00,keep,42590.68159823678,7.275957614183426e-12,False,0.0,2025-09-12,8
Q3,2025-09-28,12:00,selected,40149.79039734085,1.4551915228366852e-11,False,0.0,2025-09-12,8
Q3,2025-09-28,18:00,keep,23432.820270602013,1.1027623258996755e-11,False,0.0,2025-09-23,8
Q3,2025-09-28,18:00,selected,23432.820270602013,1.1027623258996755e-11,False,0.0,2025-09-23,8
Q3,2025-09-29,00:00,selected,62664.528364954815,2.9103830456733704e-11,False,0.0,2025-09-27,8
Q3,2025-09-29,06:00,keep,45406.79151162749,7.275957614183426e-12,False,0.0,2025-09-27,8
Q3,2025-09-29,06:00,selected,45165.51534905942,2.751221472863108e-11,False,0.0,2025-09-27,8
Q3,2025-09-29,12:00,keep,40203.796805090045,7.275957614183426e-12,False,0.0,2025-09-12,8
Q3,2025-09-29,12:00,selected,39744.53071654247,1.887201506178826e-11,False,0.0,2025-09-12,8
Q3,2025-09-29,18:00,keep,23214.035411076617,1.0459189070388675e-11,False,0.0,2025-09-23,8
Q3,2025-09-29,18:00,selected,23214.035411076617,1.0459189070388675e-11,False,0.0,2025-09-23,8
Q3,2025-09-30,00:00,selected,61952.471439544126,1.4551915228366852e-11,False,0.0,2025-09-27,8
Q3,2025-09-30,06:00,keep,52986.33484783544,2.1827872842550278e-11,False,0.0,2025-09-27,8
Q3,2025-09-30,06:00,selected,50408.939117701906,5.820766091346741e-11,False,0.0,2025-09-27,8
Q3,2025-09-30,12:00,keep,42209.975422955176,1.8189894035458565e-11,False,0.0,2025-09-12,8
Q3,2025-09-30,12:00,selected,41565.51277831386,1.4551915228366852e-11,False,0.0,2025-09-12,8
Q3,2025-09-30,18:00,keep,23318.000747846803,1.1823431123048067e-11,False,0.0,2025-09-23,8
Q3,2025-09-30,18:00,selected,23318.000747846803,1.1823431123048067e-11,False,0.0,2025-09-23,8
Q3,2025-10-01,00:00,selected,58055.35790981225,2.9103830456733704e-11,False,0.0,2025-09-27,8
Q3,2025-10-01,06:00,keep,44259.518166793605,1.4551915228366852e-11,False,0.0,2025-09-20,8
Q3,2025-10-01,06:00,selected,43590.57578353808,2.9103830456733704e-11,False,0.0,2025-09-20,8
Q3,2025-10-01,12:00,keep,40052.541122299226,1.4551915228366852e-11,False,0.0,2025-09-12,8
Q3,2025-10-01,12:00,selected,38011.607728521296,1.7280399333685637e-11,False,0.0,2025-09-12,8
Q3,2025-10-01,18:00,keep,22902.54850510721,3.637978807091713e-12,False,0.0,2025-09-25,8
Q3,2025-10-01,18:00,selected,22769.835355856023,8.185452315956354e-12,False,0.0,2025-09-25,8
Q3,2025-10-02,00:00,selected,63858.8155755916,3.637978807091713e-11,False,0.0,2025-09-27,8
Q3,2025-10-02,06:00,keep,46049.594879650096,1.4551915228366852e-11,False,0.0,2025-10-01,8
Q3,2025-10-02,06:00,selected,45993.19470631286,1.4551915228366852e-11,False,0.0,2025-10-01,8
Q3,2025-10-02,12:00,keep,41113.582003343436,1.0913936421275139e-11,False,0.0,2025-10-01,8
Q3,2025-10-02,12:00,selected,40470.18968426148,7.275957614183426e-12,False,0.0,2025-10-01,8
Q3,2025-10-02,18:00,keep,22869.74114773065,7.275957614183426e-12,False,0.0,2025-10-01,8
Q3,2025-10-02,18:00,selected,22869.74114773065,7.275957614183426e-12,False,0.0,2025-10-01,8
Q3,2025-10-03,00:00,selected,33601.65289902431,1.0913936421275139e-11,False,0.0,2025-10-02,8
Q3,2025-10-03,06:00,keep,24506.55051038704,9.094947017729282e-13,False,0.0,2025-09-27,8
Q3,2025-10-03,06:00,selected,24408.516466801993,3.637978807091713e-12,False,0.0,2025-09-27,8
Q3,2025-10-03,12:00,keep,22008.993208902735,1.8189894035458565e-12,False,0.0,2025-10-02,8
Q3,2025-10-03,12:00,selected,22008.993208902735,1.8189894035458565e-12,False,0.0,2025-10-02,8
Q3,2025-10-03,18:00,keep,16143.462920870174,1.8189894035458565e-12,False,0.0,2025-10-01,8
Q3,2025-10-03,18:00,selected,16068.654842061082,3.865352482534945e-12,False,0.0,2025-10-01,8
Q3,2025-10-04,00:00,selected,42335.57359267702,1.4551915228366852e-11,False,0.0,2025-10-02,8
Q3,2025-10-04,06:00,keep,29904.26244417619,9.094947017729282e-13,False,0.0,2025-10-03,8
Q3,2025-10-04,06:00,selected,29904.26244417619,9.094947017729282e-13,False,0.0,2025-10-03,8
Q3,2025-10-04,12:00,keep,25852.27280945661,3.637978807091713e-12,False,0.0,2025-10-02,8
Q3,2025-10-04,12:00,selected,25852.27280945661,3.637978807091713e-12,False,0.0,2025-10-02,8
Q3,2025-10-04,18:00,keep,16096.363875043542,1.8189894035458565e-12,False,0.0,2025-10-01,8
Q3,2025-10-04,18:00,selected,16034.555550910278,4.547473508864641e-12,False,0.0,2025-10-01,8
Q3,2025-10-05,00:00,selected,61475.058796994985,3.637978807091713e-11,False,0.0,2025-10-04,8
Q3,2025-10-05,06:00,keep,49395.56019792311,7.275957614183426e-12,False,0.0,2025-10-03,8
Q3,2025-10-05,06:00,selected,49329.51853722135,1.4551915228366852e-11,False,0.0,2025-10-03,8
Q3,2025-10-05,12:00,keep,40361.82217034932,2.1827872842550278e-11,False,0.0,2025-10-02,8
Q3,2025-10-05,12:00,selected,39904.5241405206,2.1827872842550278e-11,False,0.0,2025-10-02,8
Q3,2025-10-05,18:00,keep,22229.046259855473,7.275957614183426e-12,False,0.0,2025-10-02,8
Q3,2025-10-05,18:00,selected,22127.237639187504,5.4569682106375694e-12,False,0.0,2025-10-02,8
Q3,2025-10-06,00:00,selected,50588.483240194146,1.4551915228366852e-11,False,0.0,2025-10-04,8
Q3,2025-10-06,06:00,keep,45287.34387419605,1.4551915228366852e-11,False,0.0,2025-10-03,8
Q3,2025-10-06,06:00,selected,43358.85519070796,1.4551915228366852e-11,False,0.0,2025-10-03,8
Q3,2025-10-06,12:00,keep,37450.75560891476,7.275957614183426e-12,False,0.0,2025-10-02,8
Q3,2025-10-06,12:00,selected,36080.09519074266,8.640199666842818e-12,False,0.0,2025-10-02,8
Q3,2025-10-06,18:00,keep,21589.40605377977,9.094947017729282e-12,False,0.0,2025-10-02,8
Q3,2025-10-06,18:00,selected,21449.104454184035,1.2732925824820995e-11,False,0.0,2025-10-02,8
Q3,2025-10-07,00:00,selected,53880.39771866373,2.1827872842550278e-11,False,0.0,2025-10-04,8
Q3,2025-10-07,06:00,keep,43438.431406357726,2.9103830456733704e-11,False,0.0,2025-10-03,8
Q3,2025-10-07,06:00,selected,43135.3234442209,2.1827872842550278e-11,False,0.0,2025-10-03,8
Q3,2025-10-07,12:00,keep,37755.98592243787,1.0913936421275139e-11,False,0.0,2025-10-02,8
Q3,2025-10-07,12:00,selected,37187.05146515197,7.275957614183426e-12,False,0.0,2025-10-02,8
Q3,2025-10-07,18:00,keep,21710.10348012012,5.4569682106375694e-12,False,0.0,2025-10-02,8
Q3,2025-10-07,18:00,selected,21601.269958216697,7.275957614183426e-12,False,0.0,2025-10-02,8
Q3,2025-10-08,00:00,selected,52155.576996628064,1.3642420526593924e-11,False,0.0,2025-10-04,8
Q3,2025-10-08,06:00,keep,42265.774240078375,2.1827872842550278e-11,False,0.0,2025-10-03,8
Q3,2025-10-08,06:00,selected,41583.99881901649,2.546585164964199e-11,False,0.0,2025-10-03,8
Q3,2025-10-08,12:00,keep,36828.53959677787,1.8189894035458565e-11,False,0.0,2025-10-07,8
Q3,2025-10-08,12:00,selected,36627.563728896355,1.4551915228366852e-11,False,0.0,2025-10-07,8
Q3,2025-10-08,18:00,keep,21632.35668850599,9.094947017729282e-12,False,0.0,2025-10-02,8
Q3,2025-10-08,18:00,selected,21519.617703565465,7.73070496506989e-12,False,0.0,2025-10-02,8
Q3,2025-10-09,00:00,selected,60606.06302977149,2.9103830456733704e-11,False,0.0,2025-10-04,8
Q3,2025-10-09,06:00,keep,47244.10671058372,7.275957614183426e-12,False,0.0,2025-10-06,8
Q3,2025-10-09,06:00,selected,45247.1493157566,7.275957614183426e-12,False,0.0,2025-10-06,8
Q3,2025-10-09,12:00,keep,38720.075879104406,9.094947017729282e-12,False,0.0,2025-10-07,8
Q3,2025-10-09,12:00,selected,38529.267658190845,1.4551915228366852e-11,False,0.0,2025-10-07,8
Q3,2025-10-09,18:00,keep,22003.678085334373,7.275957614183426e-12,False,0.0,2025-10-02,8
Q3,2025-10-09,18:00,selected,21858.43365428217,7.275957614183426e-12,False,0.0,2025-10-02,8
Q3,2025-10-10,00:00,selected,35341.277297901994,1.8189894035458565e-11,False,0.0,2025-10-06,8
Q3,2025-10-10,06:00,keep,25694.256027296728,9.094947017729282e-13,False,0.0,2025-10-06,8
Q3,2025-10-10,06:00,selected,25669.35898030186,3.637978807091713e-12,False,0.0,2025-10-06,8
Q3,2025-10-10,12:00,keep,22327.612329771724,4.547473508864641e-13,False,0.0,2025-10-07,8
Q3,2025-10-10,12:00,selected,22248.278488957214,4.547473508864641e-13,False,0.0,2025-10-07,8
Q3,2025-10-10,18:00,keep,15501.373702043442,1.8189894035458565e-12,False,0.0,2025-10-02,8
Q3,2025-10-10,18:00,selected,15484.545332584528,4.547473508864641e-13,False,0.0,2025-10-02,8
Q3,2025-10-11,00:00,selected,35089.403646511564,1.8189894035458565e-11,False,0.0,2025-10-06,8
Q3,2025-10-11,06:00,keep,23757.883106795198,3.865352482534945e-12,False,0.0,2025-10-10,8
Q3,2025-10-11,06:00,selected,23646.73534158661,3.637978807091713e-12,False,0.0,2025-10-10,8
Q3,2025-10-11,12:00,keep,19819.449564391325,1.8189894035458565e-12,False,0.0,2025-10-07,8
Q3,2025-10-11,12:00,selected,19371.535719282332,3.637978807091713e-12,False,0.0,2025-10-07,8
Q3,2025-10-11,18:00,keep,14166.54581755956,1.8189894035458565e-12,False,0.0,2025-10-06,8
Q3,2025-10-11,18:00,selected,14138.281506096022,3.0411229090532288e-12,False,0.0,2025-10-06,8
Q3,2025-10-12,00:00,selected,55388.21354252314,2.4556356947869062e-11,False,0.0,2025-10-06,8
Q3,2025-10-12,06:00,keep,43461.391998686115,1.4551915228366852e-11,False,0.0,2025-10-10,8
Q3,2025-10-12,06:00,selected,42992.059509794504,2.2737367544323206e-11,False,0.0,2025-10-10,8
Q3,2025-10-12,12:00,keep,35570.052102423164,1.318767317570746e-11,False,0.0,2025-10-07,8
Q3,2025-10-12,12:00,selected,34632.464936374105,1.0459189070388675e-11,False,0.0,2025-10-07,8
Q3,2025-10-12,18:00,keep,20916.57861354231,7.275957614183426e-12,False,0.0,2025-10-06,8
Q3,2025-10-12,18:00,selected,20889.719505398636,6.821210263296962e-12,False,0.0,2025-10-06,8
Q3,2025-10-13,00:00,selected,57447.82368495275,3.637978807091713e-11,False,0.0,2025-10-06,8
Q3,2025-10-13,06:00,keep,45195.43283995937,1.4551915228366852e-11,False,0.0,2025-10-10,8
Q3,2025-10-13,06:00,selected,44426.29198989673,2.1827872842550278e-11,False,0.0,2025-10-10,8
Q3,2025-10-13,12:00,keep,39119.03581596853,2.1827872842550278e-11,False,0.0,2025-10-07,8
Q3,2025-10-13,12:00,selected,38868.37695880338,1.4551915228366852e-11,False,0.0,2025-10-07,8
Q3,2025-10-13,18:00,keep,21392.536948065404,5.4569682106375694e-12,False,0.0,2025-10-06,8
Q3,2025-10-13,18:00,selected,21249.471288800014,9.094947017729282e-12,False,0.0,2025-10-06,8
Q3,2025-10-14,00:00,selected,59822.50169020034,3.637978807091713e-11,False,0.0,2025-10-04,8
Q3,2025-10-14,06:00,keep,49598.30001866636,2.1827872842550278e-11,False,0.0,2025-10-10,8
Q3,2025-10-14,06:00,selected,47007.7402715955,1.0186340659856796e-10,False,0.0,2025-10-10,8
Q3,2025-10-14,12:00,keep,40976.88296758227,2.546585164964199e-11,False,0.0,2025-10-13,8
Q3,2025-10-14,12:00,selected,40544.9464994542,3.2741809263825417e-11,False,0.0,2025-10-13,8
Q3,2025-10-14,18:00,keep,21845.15914880837,7.275957614183426e-12,False,0.0,2025-10-06,8
Q3,2025-10-14,18:00,selected,21704.74558672691,1.0913936421275139e-11,False,0.0,2025-10-06,8
Q3,2025-10-15,00:00,selected,61809.82021508375,2.9103830456733704e-11,False,0.0,2025-10-04,8
Q3,2025-10-15,06:00,keep,48401.980563779274,2.1827872842550278e-11,False,0.0,2025-10-10,8
Q3,2025-10-15,06:00,selected,46987.25004320368,2.1827872842550278e-11,False,0.0,2025-10-10,8
Q3,2025-10-15,12:00,keep,40000.788856405525,1.9099388737231493e-11,False,0.0,2025-10-13,8
Q3,2025-10-15,12:00,selected,39760.42849048546,1.4551915228366852e-11,False,0.0,2025-10-13,8
Q3,2025-10-15,18:00,keep,21252.778965648202,9.094947017729282e-12,False,0.0,2025-10-06,8
Q3,2025-10-15,18:00,selected,21083.490430470876,5.4569682106375694e-12,False,0.0,2025-10-06,8
Q3,2025-10-16,00:00,selected,59038.30656221968,3.637978807091713e-11,False,0.0,2025-10-04,8
Q3,2025-10-16,06:00,keep,53544.468038598294,1.4551915228366852e-11,False,0.0,2025-10-10,8
Q3,2025-10-16,06:00,selected,49345.14575174225,4.3655745685100555e-11,False,0.0,2025-10-10,8
Q3,2025-10-16,12:00,keep,40913.10229330557,2.546585164964199e-11,False,0.0,2025-10-13,8
Q3,2025-10-16,12:00,selected,39390.27967297478,2.1373125491663814e-11,False,0.0,2025-10-13,8
Q3,2025-10-16,18:00,keep,21728.405570534123,5.4569682106375694e-12,False,0.0,2025-10-06,8
Q3,2025-10-16,18:00,selected,21622.005468739902,7.275957614183426e-12,False,0.0,2025-10-06,8
Q3,2025-10-17,00:00,selected,29187.919680983556,9.549694368615746e-12,False,0.0,2025-10-04,8
Q3,2025-10-17,06:00,keep,23447.496007132802,1.000444171950221e-11,False,0.0,2025-10-10,8
Q3,2025-10-17,06:00,selected,22778.71464317283,1.3415046851150692e-11,False,0.0,2025-10-10,8
Q3,2025-10-17,12:00,keep,18866.581380134456,4.547473508864641e-13,False,0.0,2025-10-13,8
Q3,2025-10-17,12:00,selected,18352.310695803724,3.637978807091713e-12,False,0.0,2025-10-13,8
Q3,2025-10-17,18:00,keep,14057.915193377476,3.183231456205249e-12,False,0.0,2025-10-06,8
Q3,2025-10-17,18:00,selected,14016.024409495112,4.376943252282217e-12,False,0.0,2025-10-06,8
Q3,2025-10-18,00:00,selected,34805.527361882254,1.0913936421275139e-11,False,0.0,2025-10-04,8
Q3,2025-10-18,06:00,keep,25829.107287092,3.637978807091713e-12,False,0.0,2025-10-10,8
Q3,2025-10-18,06:00,selected,25220.89863304099,1.8189894035458565e-12,False,0.0,2025-10-10,8
Q3,2025-10-18,12:00,keep,22336.860008649302,9.094947017729282e-13,False,0.0,2025-10-13,8
Q3,2025-10-18,12:00,selected,22336.860008649302,9.094947017729282e-13,False,0.0,2025-10-13,8
Q3,2025-10-18,18:00,keep,14238.058402740933,1.1368683772161603e-13,False,0.0,2025-10-06,8
Q3,2025-10-18,18:00,selected,14216.376575885515,5.684341886080802e-14,False,0.0,2025-10-06,8
Q3,2025-10-19,00:00,selected,60681.407170009334,1.8189894035458565e-11,False,0.0,2025-10-04,8
Q3,2025-10-19,06:00,keep,51018.106590947325,2.1827872842550278e-11,False,0.0,2025-10-18,8
Q3,2025-10-19,06:00,selected,49713.50999709494,1.4551915228366852e-11,False,0.0,2025-10-18,8
Q3,2025-10-19,12:00,keep,41913.82654775928,1.4551915228366852e-11,False,0.0,2025-10-13,8
Q3,2025-10-19,12:00,selected,41142.9518072918,1.887201506178826e-11,False,0.0,2025-10-13,8
Q3,2025-10-19,18:00,keep,21005.04974467335,5.4569682106375694e-12,False,0.0,2025-10-06,8
Q3,2025-10-19,18:00,selected,20944.931192448024,1.4551915228366852e-11,False,0.0,2025-10-06,8
Q3,2025-10-20,00:00,selected,64363.009124122305,3.637978807091713e-11,False,0.0,2025-10-04,8
Q3,2025-10-20,06:00,keep,53497.874899197705,7.275957614183426e-12,False,0.0,2025-10-19,8
Q3,2025-10-20,06:00,selected,52485.18845097307,2.5011104298755527e-11,False,0.0,2025-10-19,8
Q3,2025-10-20,12:00,keep,41442.348184238646,1.8189894035458565e-11,False,0.0,2025-10-13,8
Q3,2025-10-20,12:00,selected,41141.70953283984,1.77351466845721e-11,False,0.0,2025-10-13,8
Q3,2025-10-20,18:00,keep,20811.753872652094,3.637978807091713e-12,False,0.0,2025-10-06,8
Q3,2025-10-20,18:00,selected,20696.641587529357,7.275957614183426e-12,False,0.0,2025-10-06,8
Q3,2025-10-21,00:00,selected,62832.1102228347,2.1827872842550278e-11,False,0.0,2025-10-17,8
Q3,2025-10-21,06:00,keep,56301.12308206437,2.1827872842550278e-11,False,0.0,2025-10-19,8
Q3,2025-10-21,06:00,selected,52684.15998531359,2.9103830456733704e-11,False,0.0,2025-10-19,8
Q3,2025-10-21,12:00,keep,40857.58458297064,1.4551915228366852e-11,False,0.0,2025-10-13,8
Q3,2025-10-21,12:00,selected,40389.275860207315,2.2737367544323206e-11,False,0.0,2025-10-13,8
Q3,2025-10-21,18:00,keep,21279.810453282058,3.637978807091713e-12,False,0.0,2025-10-20,8
Q3,2025-10-21,18:00,selected,21117.78197139385,1.0913936421275139e-11,False,0.0,2025-10-20,8
Q3,2025-10-22,00:00,selected,60061.54071983894,2.9103830456733704e-11,False,0.0,2025-10-17,8
Q3,2025-10-22,06:00,keep,51279.95171718221,2.1827872842550278e-11,False,0.0,2025-10-19,8
Q3,2025-10-22,06:00,selected,48688.61831765856,2.1827872842550278e-11,False,0.0,2025-10-19,8
Q3,2025-10-22,12:00,keep,38897.209519565295,1.0913936421275139e-11,False,0.0,2025-10-13,8
Q3,2025-10-22,12:00,selected,38702.49810619047,2.1827872842550278e-11,False,0.0,2025-10-13,8
Q3,2025-10-22,18:00,keep,20611.753350000028,7.275957614183426e-12,False,0.0,2025-10-20,8
Q3,2025-10-22,18:00,selected,20502.957801872242,1.0913936421275139e-11,False,0.0,2025-10-20,8
Q3,2025-10-23,00:00,selected,69229.71824584961,3.092281986027956e-11,False,0.0,2025-10-17,8
Q3,2025-10-23,06:00,keep,58823.921533744986,4.3655745685100555e-11,False,0.0,2025-10-19,8
Q3,2025-10-23,06:00,selected,56361.28917077573,1.4551915228366852e-11,False,0.0,2025-10-19,8
Q3,2025-10-23,12:00,keep,42316.12818295089,3.637978807091713e-12,False,0.0,2025-10-13,8
Q3,2025-10-23,12:00,selected,41427.34373935616,1.8189894035458565e-11,False,0.0,2025-10-13,8
Q3,2025-10-23,18:00,keep,20644.4721121299,1.2732925824820995e-11,False,0.0,2025-10-20,8
Q3,2025-10-23,18:00,selected,20552.804681556776,1.8189894035458565e-12,False,0.0,2025-10-20,8
Q3,2025-10-24,00:00,selected,29385.87048538601,1.4551915228366852e-11,False,0.0,2025-10-23,8
Q3,2025-10-24,06:00,keep,22853.851657041017,7.275957614183426e-12,False,0.0,2025-10-19,8
Q3,2025-10-24,06:00,selected,22504.466595106904,7.275957614183426e-12,False,0.0,2025-10-19,8
Q3,2025-10-24,12:00,keep,18623.548556684447,1.8189894035458565e-12,False,0.0,2025-10-13,8
Q3,2025-10-24,12:00,selected,18182.86961108388,9.094947017729282e-13,False,0.0,2025-10-13,8
Q3,2025-10-24,18:00,keep,12742.341491946992,1.8189894035458565e-12,False,0.0,2025-10-20,8
Q3,2025-10-24,18:00,selected,12742.341491946992,1.8189894035458565e-12,False,0.0,2025-10-20,8
Q3,2025-10-25,00:00,selected,31987.593717098447,2.546585164964199e-11,False,0.0,2025-10-24,8
Q3,2025-10-25,06:00,keep,22663.722474124974,7.275957614183426e-12,False,0.0,2025-10-21,8
Q3,2025-10-25,06:00,selected,22400.118453699564,7.275957614183426e-12,False,0.0,2025-10-21,8
Q3,2025-10-25,12:00,keep,18359.28736603548,3.637978807091713e-12,False,0.0,2025-10-13,8
Q3,2025-10-25,12:00,selected,17752.62259404599,1.8189894035458565e-12,False,0.0,2025-10-13,8
Q3,2025-10-25,18:00,keep,12532.264710920892,3.637978807091713e-12,False,0.0,2025-10-20,8
Q3,2025-10-25,18:00,selected,12532.264710920892,3.637978807091713e-12,False,0.0,2025-10-20,8
Q3,2025-10-26,00:00,selected,61439.0419966445,2.9103830456733704e-11,False,0.0,2025-10-24,8
Q3,2025-10-26,06:00,keep,55393.602718010334,2.1827872842550278e-11,False,0.0,2025-10-19,8
Q3,2025-10-26,06:00,selected,52657.383938347826,1.4551915228366852e-11,False,0.0,2025-10-19,8
Q3,2025-10-26,12:00,keep,39018.87937907435,7.275957614183426e-12,False,0.0,2025-10-13,8
Q3,2025-10-26,12:00,selected,38056.244771976686,3.637978807091713e-11,False,0.0,2025-10-13,8
Q3,2025-10-26,18:00,keep,19475.493700868552,3.637978807091713e-12,False,0.0,2025-10-20,8
Q3,2025-10-26,18:00,selected,19305.367595955002,1.8189894035458565e-12,False,0.0,2025-10-20,8
Q3,2025-10-27,00:00,selected,55979.02080466383,2.1827872842550278e-11,False,0.0,2025-10-24,8
Q3,2025-10-27,06:00,keep,64760.65221390168,2.1827872842550278e-11,False,0.0,2025-10-19,8
Q3,2025-10-27,06:00,selected,54765.86680053786,3.637978807091713e-11,False,0.0,2025-10-19,8
Q3,2025-10-27,12:00,keep,40410.4037481153,7.275957614183426e-12,False,0.0,2025-10-13,8
Q3,2025-10-27,12:00,selected,36944.95859344301,7.275957614183426e-12,False,0.0,2025-10-13,8
Q3,2025-10-27,18:00,keep,18913.824606198457,5.4569682106375694e-12,False,0.0,2025-10-20,8
Q3,2025-10-27,18:00,selected,18671.915728961103,3.637978807091713e-12,False,0.0,2025-10-20,8
Q3,2025-10-28,00:00,selected,56207.241079983505,1.546140993013978e-11,False,0.0,2025-10-24,8
Q3,2025-10-28,06:00,keep,63860.47834610373,2.9103830456733704e-11,False,0.0,2025-10-21,8
Q3,2025-10-28,06:00,selected,54475.69540996814,2.000888343900442e-11,False,0.0,2025-10-21,8
Q3,2025-10-28,12:00,keep,39790.56585499009,1.8189894035458565e-11,False,0.0,2025-10-27,8
Q3,2025-10-28,12:00,selected,35448.47063094686,3.637978807091713e-12,False,0.0,2025-10-27,8
Q3,2025-10-28,18:00,keep,18837.85130128114,1.1368683772161603e-11,False,0.0,2025-10-20,8
Q3,2025-10-28,18:00,selected,18767.158678488326,7.275957614183426e-12,False,0.0,2025-10-20,8
Q3,2025-10-29,00:00,selected,61499.1370753224,7.275957614183426e-12,False,0.0,2025-10-28,8
Q3,2025-10-29,06:00,keep,55038.59210360336,2.1827872842550278e-11,False,0.0,2025-10-21,8
Q3,2025-10-29,06:00,selected,52801.67739541993,2.9103830456733704e-11,False,0.0,2025-10-21,8
Q3,2025-10-29,12:00,keep,38753.98301796319,6.934897101018578e-12,False,0.0,2025-10-27,8
Q3,2025-10-29,12:00,selected,38619.527796211885,3.637978807091713e-12,False,0.0,2025-10-27,8
Q3,2025-10-29,18:00,keep,17728.974062303012,6.366462912410498e-12,False,0.0,2025-10-20,8
Q3,2025-10-29,18:00,selected,17728.974062303012,6.366462912410498e-12,False,0.0,2025-10-20,8
Q3,2025-10-30,00:00,selected,54414.80368538691,1.4551915228366852e-11,False,0.0,2025-10-28,8
Q3,2025-10-30,06:00,keep,47343.58659033504,2.9103830456733704e-11,False,0.0,2025-10-21,8
Q3,2025-10-30,06:00,selected,46627.72232692649,2.9103830456733704e-11,False,0.0,2025-10-21,8
Q3,2025-10-30,12:00,keep,34351.85631706208,5.5706550483591855e-12,False,0.0,2025-10-27,8
Q3,2025-10-30,12:00,selected,33806.09545020667,7.16227077646181e-12,False,0.0,2025-10-27,8
Q3,2025-10-30,18:00,keep,17414.986903446792,4.320099833421409e-12,False,0.0,2025-10-20,8
Q3,2025-10-30,18:00,selected,17414.986903446792,4.320099833421409e-12,False,0.0,2025-10-20,8
Q3,2025-10-31,00:00,selected,31836.059059463325,1.0913936421275139e-11,False,0.0,2025-10-28,8
Q3,2025-10-31,06:00,keep,23690.228021547024,3.637978807091713e-12,False,0.0,2025-10-21,8
Q3,2025-10-31,06:00,selected,23384.448290950768,9.43600753089413e-12,False,0.0,2025-10-21,8
Q3,2025-10-31,12:00,keep,20298.68286930444,3.637978807091713e-12,False,0.0,2025-10-27,8
Q3,2025-10-31,12:00,selected,20298.68286930444,3.637978807091713e-12,False,0.0,2025-10-27,8
Q3,2025-10-31,18:00,keep,12096.342331883261,3.211653165635653e-12,False,0.0,2025-10-20,8
Q3,2025-10-31,18:00,selected,12096.342331883261,3.211653165635653e-12,False,0.0,2025-10-20,8
Q3,2025-11-01,00:00,selected,29538.166457349846,3.637978807091713e-12,False,0.0,2025-10-28,8
Q3,2025-11-01,06:00,keep,21946.967828913304,1.1823431123048067e-11,False,0.0,2025-10-21,8
Q3,2025-11-01,06:00,selected,21764.76963412602,7.275957614183426e-12,False,0.0,2025-10-21,8
Q3,2025-11-01,12:00,keep,18765.215674050025,3.637978807091713e-12,False,0.0,2025-10-27,8
Q3,2025-11-01,12:00,selected,18765.215674050025,3.637978807091713e-12,False,0.0,2025-10-27,8
Q3,2025-11-01,18:00,keep,12166.694659276758,2.2168933355715126e-12,False,0.0,2025-10-20,8
Q3,2025-11-01,18:00,selected,12166.694659276758,2.2168933355715126e-12,False,0.0,2025-10-20,8
Q3,2025-11-02,00:00,selected,61506.47431595286,4.092726157978177e-12,False,0.0,2025-11-01,8
Q3,2025-11-02,06:00,keep,64828.38052796106,5.093170329928398e-11,False,0.0,2025-10-21,8
Q3,2025-11-02,06:00,selected,57442.74089801629,2.1827872842550278e-11,False,0.0,2025-10-21,8
Q3,2025-11-02,12:00,keep,42228.75893060393,1.4551915228366852e-11,False,0.0,2025-10-27,8
Q3,2025-11-02,12:00,selected,37599.781766224245,7.73070496506989e-12,False,0.0,2025-10-27,8
Q3,2025-11-02,18:00,keep,18255.06798761957,2.2737367544323206e-13,False,0.0,2025-10-20,8
Q3,2025-11-02,18:00,selected,18167.698278624237,9.094947017729282e-12,False,0.0,2025-10-20,8
Q3,2025-11-03,00:00,selected,65062.156715929494,4.3655745685100555e-11,False,0.0,2025-11-01,8
Q3,2025-11-03,06:00,keep,58441.31715405445,3.637978807091713e-11,False,0.0,2025-10-21,8
Q3,2025-11-03,06:00,selected,55605.13215941549,2.9103830456733704e-11,False,0.0,2025-10-21,8
Q3,2025-11-03,12:00,keep,40979.78006904927,7.105427357601002e-12,False,0.0,2025-10-27,8
Q3,2025-11-03,12:00,selected,37922.95672878329,7.275957614183426e-12,False,0.0,2025-10-27,8
Q3,2025-11-03,18:00,keep,18316.704988333564,1.8189894035458565e-12,False,0.0,2025-10-20,8
Q3,2025-11-03,18:00,selected,18316.704988333564,1.8189894035458565e-12,False,0.0,2025-10-20,8
Q3,2025-11-04,00:00,selected,60604.90653393246,2.9103830456733704e-11,False,0.0,2025-11-01,8
Q3,2025-11-04,06:00,keep,57625.01401591938,4.3655745685100555e-11,False,0.0,2025-10-21,8
Q3,2025-11-04,06:00,selected,53528.266906882796,3.637978807091713e-11,False,0.0,2025-10-21,8
Q3,2025-11-04,12:00,keep,38162.23541242612,9.492850949754938e-12,False,0.0,2025-10-27,8
Q3,2025-11-04,12:00,selected,34438.979858016115,8.185452315956354e-12,False,0.0,2025-10-27,8
Q3,2025-11-04,18:00,keep,17904.007276109736,5.4569682106375694e-12,False,0.0,2025-10-20,8
Q3,2025-11-04,18:00,selected,17835.17027126594,5.4569682106375694e-12,False,0.0,2025-10-20,8
Q3,2025-11-05,00:00,selected,66682.61661171653,1.546140993013978e-11,False,0.0,2025-11-01,8
Q3,2025-11-05,06:00,keep,54922.15156814084,7.275957614183426e-12,False,0.0,2025-10-21,8
Q3,2025-11-05,06:00,selected,53666.18290595578,7.275957614183426e-12,False,0.0,2025-10-21,8
Q3,2025-11-05,12:00,keep,40182.34151538795,1.8189894035458565e-11,False,0.0,2025-10-27,8
Q3,2025-11-05,12:00,selected,39252.03709365098,1.7280399333685637e-11,False,0.0,2025-10-27,8
Q3,2025-11-05,18:00,keep,17512.51875631014,9.094947017729282e-12,False,0.0,2025-10-20,8
Q3,2025-11-05,18:00,selected,17443.619433166612,4.092726157978177e-12,False,0.0,2025-10-20,8
Q3,2025-11-06,00:00,selected,63275.81423740579,2.1827872842550278e-11,False,0.0,2025-11-05,8
Q3,2025-11-06,06:00,keep,54543.8930476511,3.637978807091713e-11,False,0.0,2025-10-21,8
Q3,2025-11-06,06:00,selected,52221.78137860009,3.637978807091713e-11,False,0.0,2025-10-21,8
Q3,2025-11-06,12:00,keep,37351.00295356154,7.73070496506989e-12,False,0.0,2025-10-27,8
Q3,2025-11-06,12:00,selected,35774.19009878776,1.2278178473934531e-11,False,0.0,2025-10-27,8
Q3,2025-11-06,18:00,keep,17680.434640992622,5.002220859751105e-12,False,0.0,2025-10-20,8
Q3,2025-11-06,18:00,selected,17680.434640992622,5.002220859751105e-12,False,0.0,2025-10-20,8
Q3,2025-11-07,00:00,selected,30445.38481189525,9.379164112033322e-12,False,0.0,2025-11-05,8
Q3,2025-11-07,06:00,keep,21752.70183554039,9.094947017729282e-13,False,0.0,2025-10-21,8
Q3,2025-11-07,06:00,selected,21679.944286842165,5.9401372709544376e-12,False,0.0,2025-10-21,8
Q3,2025-11-07,12:00,keep,16946.00482982626,3.637978807091713e-12,False,0.0,2025-10-27,8
Q3,2025-11-07,12:00,selected,16924.789981374404,3.637978807091713e-12,False,0.0,2025-10-27,8
Q3,2025-11-07,18:00,keep,12105.38861413113,4.490630090003833e-12,False,0.0,2025-10-20,8
Q3,2025-11-07,18:00,selected,12105.38861413113,4.490630090003833e-12,False,0.0,2025-10-20,8
Q3,2025-11-08,00:00,selected,31501.962327079877,1.0977885267493548e-11,False,0.0,2025-11-07,8
Q3,2025-11-08,06:00,keep,21602.78644853101,7.460698725481052e-13,False,0.0,2025-10-21,8
Q3,2025-11-08,06:00,selected,21602.78644853101,7.460698725481052e-13,False,0.0,2025-10-21,8
Q3,2025-11-08,12:00,keep,17264.961642453207,1.8189894035458565e-12,False,0.0,2025-10-27,8
Q3,2025-11-08,12:00,selected,17264.961642453207,1.8189894035458565e-12,False,0.0,2025-10-27,8
Q3,2025-11-08,18:00,keep,11830.47744317255,3.979039320256561e-12,False,0.0,2025-10-20,8
Q3,2025-11-08,18:00,selected,11830.47744317255,3.979039320256561e-12,False,0.0,2025-10-20,8
Q3,2025-11-09,00:00,selected,63581.22286523078,2.502886786714953e-11,False,0.0,2025-11-07,8
Q3,2025-11-09,06:00,keep,53680.31230765251,2.9103830456733704e-11,False,0.0,2025-10-21,8
Q3,2025-11-09,06:00,selected,52793.56612325345,2.1827872842550278e-11,False,0.0,2025-10-21,8
Q3,2025-11-09,12:00,keep,38314.73239388958,1.0686562745831907e-11,False,0.0,2025-10-27,8
Q3,2025-11-09,12:00,selected,37744.523450237044,1.864464138634503e-11,False,0.0,2025-10-27,8
Q3,2025-11-09,18:00,keep,18083.53533663818,3.637978807091713e-12,False,0.0,2025-10-20,8
Q3,2025-11-09,18:00,selected,17995.587844625337,7.275957614183426e-12,False,0.0,2025-10-20,8
Q3,2025-11-10,00:00,selected,64137.55318391911,1.0480505352461478e-11,False,0.0,2025-11-07,8
Q3,2025-11-10,06:00,keep,57095.34572592977,3.637978807091713e-11,False,0.0,2025-10-21,8
Q3,2025-11-10,06:00,selected,55934.870825068225,2.1827872842550278e-11,False,0.0,2025-10-21,8
Q3,2025-11-10,12:00,keep,39683.824071238174,1.2050804798491299e-11,False,0.0,2025-10-27,8
Q3,2025-11-10,12:00,selected,39269.07095132006,7.275957614183426e-12,False,0.0,2025-10-27,8
Q3,2025-11-10,18:00,keep,18679.779683434153,5.4569682106375694e-12,False,0.0,2025-11-06,8
Q3,2025-11-10,18:00,selected,18289.438930244018,7.048583938740194e-12,False,0.0,2025-11-06,8
Q3,2025-11-11,00:00,selected,66280.12667257058,3.637978807091713e-11,False,0.0,2025-11-07,8
Q3,2025-11-11,06:00,keep,56490.86661723456,1.4551915228366852e-11,False,0.0,2025-10-21,8
Q3,2025-11-11,06:00,selected,55433.6084874098,1.4551915228366852e-11,False,0.0,2025-10-21,8
Q3,2025-11-11,12:00,keep,39267.40934938146,1.4836132322670892e-11,False,0.0,2025-10-27,8
Q3,2025-11-11,12:00,selected,38528.035509213456,7.275957614183426e-12,False,0.0,2025-10-27,8
Q3,2025-11-11,18:00,keep,18676.350888894674,3.637978807091713e-12,False,0.0,2025-11-06,8
Q3,2025-11-11,18:00,selected,18253.320418115545,4.547473508864641e-12,False,0.0,2025-11-06,8
Q3,2025-11-12,00:00,selected,62846.10632335883,1.0476952638782677e-11,False,0.0,2025-11-07,8
Q3,2025-11-12,06:00,keep,54797.93502474472,7.275957614183426e-12,False,0.0,2025-10-21,8
Q3,2025-11-12,06:00,selected,54023.60959431879,3.456079866737127e-11,False,0.0,2025-10-21,8
Q3,2025-11-12,12:00,keep,37888.97065042986,3.637978807091713e-12,False,0.0,2025-10-27,8
Q3,2025-11-12,12:00,selected,36927.10980432471,7.275957614183426e-12,False,0.0,2025-10-27,8
Q3,2025-11-12,18:00,keep,18381.18136366746,1.8189894035458565e-12,False,0.0,2025-11-06,8
Q3,2025-11-12,18:00,selected,17962.33785536871,4.547473508864641e-12,False,0.0,2025-11-06,8
Q3,2025-11-13,00:00,selected,61127.51665723715,2.1827872842550278e-11,False,0.0,2025-11-07,8
Q3,2025-11-13,06:00,keep,53601.10785673584,7.275957614183426e-12,False,0.0,2025-10-21,8
Q3,2025-11-13,06:00,selected,52558.451572332255,2.1827872842550278e-11,False,0.0,2025-10-21,8
Q3,2025-11-13,12:00,keep,37404.26918724236,1.4551915228366852e-11,False,0.0,2025-10-27,8
Q3,2025-11-13,12:00,selected,36376.45557552626,2.091837814077735e-11,False,0.0,2025-10-27,8
Q3,2025-11-13,18:00,keep,18916.45508960171,5.4569682106375694e-12,False,0.0,2025-11-06,8
Q3,2025-11-13,18:00,selected,18282.09587557282,5.4569682106375694e-12,False,0.0,2025-11-06,8
Q3,2025-11-14,00:00,selected,32649.730293510278,7.275957614183426e-12,False,0.0,2025-11-13,8
Q3,2025-11-14,06:00,keep,23102.929265920695,9.094947017729282e-13,False,0.0,2025-11-13,8
Q3,2025-11-14,06:00,selected,22848.27318899711,1.3790801582736436e-11,False,0.0,2025-11-13,8
Q3,2025-11-14,12:00,keep,19613.83287480679,9.094947017729282e-13,False,0.0,2025-10-27,8
Q3,2025-11-14,12:00,selected,19613.83287480679,9.094947017729282e-13,False,0.0,2025-10-27,8
Q3,2025-11-14,18:00,keep,12907.325604508038,1.8189894035458565e-12,False,0.0,2025-11-06,8
Q3,2025-11-14,18:00,selected,12907.325604508038,1.8189894035458565e-12,False,0.0,2025-11-06,8
Q3,2025-11-15,00:00,selected,37360.162910644576,1.0913936421275139e-11,False,0.0,2025-11-13,8
Q3,2025-11-15,06:00,keep,25801.52226239298,9.094947017729282e-13,False,0.0,2025-11-14,8
Q3,2025-11-15,06:00,selected,25801.52226239298,9.094947017729282e-13,False,0.0,2025-11-14,8
Q3,2025-11-15,12:00,keep,20428.270099290898,7.275957614183426e-12,False,0.0,2025-10-27,8
Q3,2025-11-15,12:00,selected,20428.270099290898,7.275957614183426e-12,False,0.0,2025-10-27,8
Q3,2025-11-15,18:00,keep,12767.833683677552,2.7284841053187847e-12,False,0.0,2025-11-06,8
Q3,2025-11-15,18:00,selected,12767.833683677552,2.7284841053187847e-12,False,0.0,2025-11-06,8
Q3,2025-11-16,00:00,selected,66461.16099885738,1.4551915228366852e-11,False,0.0,2025-11-13,8
Q3,2025-11-16,06:00,keep,54967.09329104462,2.9103830456733704e-11,False,0.0,2025-11-14,8
Q3,2025-11-16,06:00,selected,54692.44014895297,1.4551915228366852e-11,False,0.0,2025-11-14,8
Q3,2025-11-16,12:00,keep,38587.190547432,6.59383658785373e-12,False,0.0,2025-10-27,8
Q3,2025-11-16,12:00,selected,38105.23953304273,7.787548383930698e-12,False,0.0,2025-10-27,8
Q3,2025-11-16,18:00,keep,17871.896532152354,1.8189894035458565e-12,False,0.0,2025-11-06,8
Q3,2025-11-16,18:00,selected,17856.12598844822,3.637978807091713e-12,False,0.0,2025-11-06,8
Q3,2025-11-17,00:00,selected,63866.743336573425,1.4551915228366852e-11,False,0.0,2025-11-13,8
Q3,2025-11-17,06:00,keep,57333.493458968594,2.1827872842550278e-11,False,0.0,2025-11-14,8
Q3,2025-11-17,06:00,selected,55062.18136960699,1.4551915228366852e-11,False,0.0,2025-11-14,8
Q3,2025-11-17,12:00,keep,39340.64911546621,1.6484591469634324e-11,False,0.0,2025-10-27,8
Q3,2025-11-17,12:00,selected,37334.67950920277,1.0345502232667059e-11,False,0.0,2025-10-27,8
Q3,2025-11-17,18:00,keep,17690.29493563253,1.8189894035458565e-12,False,0.0,2025-11-06,8
Q3,2025-11-17,18:00,selected,17673.848187355947,5.4569682106375694e-12,False,0.0,2025-11-06,8
Q3,2025-11-18,00:00,selected,67139.28777814459,1.4551915228366852e-11,False,0.0,2025-11-13,8
Q3,2025-11-18,06:00,keep,53398.38029640839,7.275957614183426e-12,False,0.0,2025-11-14,8
Q3,2025-11-18,06:00,selected,53398.38029640839,7.275957614183426e-12,False,0.0,2025-11-14,8
Q3,2025-11-18,12:00,keep,41122.38568080807,9.777068044058979e-12,False,0.0,2025-10-27,8
Q3,2025-11-18,12:00,selected,41122.38568080807,9.777068044058979e-12,False,0.0,2025-10-27,8
Q3,2025-11-18,18:00,keep,18732.554694411487,3.637978807091713e-12,False,0.0,2025-11-12,8
Q3,2025-11-18,18:00,selected,18542.66003784674,3.637978807091713e-12,False,0.0,2025-11-12,8
Q3,2025-11-19,00:00,selected,66077.9536555012,2.1827872842550278e-11,False,0.0,2025-11-13,8
Q3,2025-11-19,06:00,keep,62600.70727717957,2.1827872842550278e-11,False,0.0,2025-11-14,8
Q3,2025-11-19,06:00,selected,59262.37518514234,2.1827872842550278e-11,False,0.0,2025-11-14,8
Q3,2025-11-19,12:00,keep,40776.42746631389,1.8189894035458565e-11,False,0.0,2025-11-18,8
Q3,2025-11-19,12:00,selected,39340.2533433517,1.2278178473934531e-11,False,0.0,2025-11-18,8
Q3,2025-11-19,18:00,keep,18046.505999006084,1.8189894035458565e-12,False,0.0,2025-11-12,8
Q3,2025-11-19,18:00,selected,18046.505999006084,1.8189894035458565e-12,False,0.0,2025-11-12,8
Q3,2025-11-20,00:00,selected,65829.5236004319,1.7962520360015333e-11,False,0.0,2025-11-13,8
Q3,2025-11-20,06:00,keep,53684.92654259786,7.275957614183426e-12,False,0.0,2025-11-19,8
Q3,2025-11-20,06:00,selected,53570.62170285776,1.4551915228366852e-11,False,0.0,2025-11-19,8
Q3,2025-11-20,12:00,keep,39613.53153899607,9.15179043659009e-12,False,0.0,2025-11-18,8
Q3,2025-11-20,12:00,selected,39398.32060312879,1.4438228390645236e-11,False,0.0,2025-11-18,8
Q3,2025-11-20,18:00,keep,18214.397565079275,3.637978807091713e-12,False,0.0,2025-11-19,8
Q3,2025-11-20,18:00,selected,18089.12742993097,3.637978807091713e-12,False,0.0,2025-11-19,8
Q3,2025-11-21,00:00,selected,33166.794517008224,8.640199666842818e-12,False,0.0,2025-11-14,8
Q3,2025-11-21,06:00,keep,23457.048380901564,3.637978807091713e-12,False,0.0,2025-11-19,8
Q3,2025-11-21,06:00,selected,23452.82411031185,7.275957614183426e-12,False,0.0,2025-11-19,8
Q3,2025-11-21,12:00,keep,18530.89377032114,9.094947017729282e-13,False,0.0,2025-11-18,8
Q3,2025-11-21,12:00,selected,18458.857920966107,9.094947017729282e-13,False,0.0,2025-11-18,8
Q3,2025-11-21,18:00,keep,12186.539903604305,1.1368683772161603e-12,False,0.0,2025-11-19,8
Q3,2025-11-21,18:00,selected,12186.539903604305,1.1368683772161603e-12,False,0.0,2025-11-19,8
Q3,2025-11-22,00:00,selected,35120.63216642365,5.364597654988756e-12,False,0.0,2025-11-13,8
Q3,2025-11-22,06:00,keep,24187.38190616014,3.637978807091713e-12,False,0.0,2025-11-21,8
Q3,2025-11-22,06:00,selected,24187.38190616014,3.637978807091713e-12,False,0.0,2025-11-21,8
Q3,2025-11-22,12:00,keep,19602.40505295936,9.094947017729282e-13,False,0.0,2025-11-18,8
Q3,2025-11-22,12:00,selected,19602.40505295936,9.094947017729282e-13,False,0.0,2025-11-18,8
Q3,2025-11-22,18:00,keep,12536.70989644229,1.8189894035458565e-12,False,0.0,2025-11-19,8
Q3,2025-11-22,18:00,selected,12536.70989644229,1.8189894035458565e-12,False,0.0,2025-11-19,8
Q3,2025-11-23,00:00,selected,64167.73321609857,2.9103830456733704e-11,False,0.0,2025-11-13,8
Q3,2025-11-23,06:00,keep,62582.284608153925,1.4551915228366852e-11,False,0.0,2025-11-19,8
Q3,2025-11-23,06:00,selected,58094.695612345065,1.4551915228366852e-11,False,0.0,2025-11-19,8
Q3,2025-11-23,12:00,keep,39793.81322226693,1.0913936421275139e-11,False,0.0,2025-11-18,8
Q3,2025-11-23,12:00,selected,38733.717177401515,7.275957614183426e-12,False,0.0,2025-11-18,8
Q3,2025-11-23,18:00,keep,18186.093718134085,1.8189894035458565e-12,False,0.0,2025-11-22,8
Q3,2025-11-23,18:00,selected,18097.913511256713,3.637978807091713e-12,False,0.0,2025-11-22,8
Q3,2025-11-24,00:00,selected,63400.00837108068,1.964508555829525e-10,False,0.0,2025-11-13,8
Q3,2025-11-24,06:00,keep,55929.57788562669,2.1827872842550278e-11,False,0.0,2025-11-19,8
Q3,2025-11-24,06:00,selected,55010.24162313147,2.9103830456733704e-11,False,0.0,2025-11-19,8
Q3,2025-11-24,12:00,keep,39702.35015829335,1.4722445484949276e-11,False,0.0,2025-11-18,8
Q3,2025-11-24,12:00,selected,39095.25245388632,8.128608897095546e-12,False,0.0,2025-11-18,8
Q3,2025-11-24,18:00,keep,18162.236904731628,1.8189894035458565e-12,False,0.0,2025-11-22,8
Q3,2025-11-24,18:00,selected,18067.628383199088,1.8189894035458565e-12,False,0.0,2025-11-22,8
Q3,2025-11-25,00:00,selected,73037.9774303245,2.255546860396862e-10,False,0.0,2025-11-13,8
Q3,2025-11-25,06:00,keep,59501.62478610128,1.5006662579253316e-11,False,0.0,2025-11-19,8
Q3,2025-11-25,06:00,selected,59404.21823415803,1.1027623258996755e-11,False,0.0,2025-11-19,8
Q3,2025-11-25,12:00,keep,44554.44234175924,1.2846612662542611e-11,False,0.0,2025-11-24,8
Q3,2025-11-25,12:00,selected,44554.44234175924,1.2846612662542611e-11,False,0.0,2025-11-24,8
Q3,2025-11-25,18:00,keep,18163.46951926392,1.8189894035458565e-12,False,0.0,2025-11-22,8
Q3,2025-11-25,18:00,selected,18072.64090420111,1.8189894035458565e-12,False,0.0,2025-11-22,8
Q3,2025-11-26,00:00,selected,68330.45686044994,3.92901711165905e-10,False,0.0,2025-11-13,8
Q3,2025-11-26,06:00,keep,58412.41060379397,7.275957614183426e-12,False,0.0,2025-11-21,8
Q3,2025-11-26,06:00,selected,57048.448132089354,1.2732925824820995e-11,False,0.0,2025-11-21,8
Q3,2025-11-26,12:00,keep,43536.538874637175,7.275957614183426e-12,False,0.0,2025-11-24,8
Q3,2025-11-26,12:00,selected,42953.62277090784,1.4551915228366852e-11,False,0.0,2025-11-24,8
Q3,2025-11-26,18:00,keep,17958.58388054433,1.8189894035458565e-12,False,0.0,2025-11-22,8
Q3,2025-11-26,18:00,selected,17839.413594930837,2.7284841053187847e-11,False,0.0,2025-11-22,8
Q3,2025-11-27,00:00,selected,66392.4632931125,3.128661774098873e-10,False,0.0,2025-11-13,8
Q3,2025-11-27,06:00,keep,56345.61454842014,1.4551915228366852e-11,False,0.0,2025-11-21,8
Q3,2025-11-27,06:00,selected,55606.34635986552,2.1373125491663814e-11,False,0.0,2025-11-21,8
Q3,2025-11-27,12:00,keep,42242.13204121001,1.7394086171407253e-11,False,0.0,2025-11-24,8
Q3,2025-11-27,12:00,selected,41134.62777348953,1.7280399333685637e-11,False,0.0,2025-11-24,8
Q3,2025-11-27,18:00,keep,17570.09951125592,3.637978807091713e-12,False,0.0,2025-11-24,8
Q3,2025-11-27,18:00,selected,17530.456674131776,3.637978807091713e-12,False,0.0,2025-11-24,8
Q3,2025-11-28,00:00,selected,32922.77074908689,1.4551915228366852e-11,False,0.0,2025-11-13,8
Q3,2025-11-28,06:00,keep,24025.94850108753,5.9117155615240335e-12,False,0.0,2025-11-21,8
Q3,2025-11-28,06:00,selected,23877.57114990016,7.275957614183426e-12,False,0.0,2025-11-21,8
Q3,2025-11-28,12:00,keep,19001.24627906864,9.094947017729282e-13,False,0.0,2025-11-27,8
Q3,2025-11-28,12:00,selected,19001.24627906864,9.094947017729282e-13,False,0.0,2025-11-27,8
Q3,2025-11-28,18:00,keep,12458.755334860958,2.7000623958883807e-12,False,0.0,2025-11-24,8
Q3,2025-11-28,18:00,selected,12458.755334860958,2.7000623958883807e-12,False,0.0,2025-11-24,8
Q3,2025-11-29,00:00,selected,39778.0986081332,1.4551915228366852e-11,False,0.0,2025-11-13,8
Q3,2025-11-29,06:00,keep,28110.28879230601,4.547473508864641e-13,False,0.0,2025-11-21,8
Q3,2025-11-29,06:00,selected,28110.28879230601,4.547473508864641e-13,False,0.0,2025-11-21,8
Q3,2025-11-29,12:00,keep,22660.4202814002,9.094947017729282e-13,False,0.0,2025-11-27,8
Q3,2025-11-29,12:00,selected,22660.4202814002,9.094947017729282e-13,False,0.0,2025-11-27,8
Q3,2025-11-29,18:00,keep,12208.070807129941,2.7284841053187847e-12,False,0.0,2025-11-24,8
Q3,2025-11-29,18:00,selected,12208.070807129941,2.7284841053187847e-12,False,0.0,2025-11-24,8
Q3,2025-11-30,00:00,selected,71064.10185392435,2.9103830456733704e-11,False,0.0,2025-11-13,8
Q3,2025-11-30,06:00,keep,59317.862512004394,7.275957614183426e-12,False,0.0,2025-11-21,8
Q3,2025-11-30,06:00,selected,58928.83701079458,2.1827872842550278e-11,False,0.0,2025-11-21,8
Q3,2025-11-30,12:00,keep,43876.568015016725,2.1827872842550278e-11,False,0.0,2025-11-27,8
Q3,2025-11-30,12:00,selected,42008.655254713376,1.6143530956469476e-11,False,0.0,2025-11-27,8
Q3,2025-11-30,18:00,keep,17611.695676526415,1.8189894035458565e-12,False,0.0,2025-11-29,8
Q3,2025-11-30,18:00,selected,17541.35952383626,5.4569682106375694e-12,False,0.0,2025-11-29,8
Q3,2025-12-01,00:00,selected,74669.33870238884,2.432898327242583e-11,False,0.0,2025-11-13,8
Q3,2025-12-01,06:00,keep,85437.05311459843,2.1827872842550278e-11,False,0.0,2025-11-21,8
Q3,2025-12-01,06:00,selected,71856.51313067935,3.0468072509393096e-11,False,0.0,2025-11-21,8
Q3,2025-12-01,12:00,keep,53404.91309090241,1.4551915228366852e-11,False,0.0,2025-11-27,8
Q3,2025-12-01,12:00,selected,51396.542323828624,2.1827872842550278e-11,False,0.0,2025-11-27,8
Q3,2025-12-01,18:00,keep,21303.301281832162,3.637978807091713e-12,False,0.0,2025-11-29,8
Q3,2025-12-01,18:00,selected,21182.017670045443,7.275957614183426e-12,False,0.0,2025-11-29,8
Q3,2025-12-02,00:00,selected,77754.54069116889,1.1709744285326451e-11,False,0.0,2025-12-01,8
Q3,2025-12-02,06:00,keep,85385.7878543956,5.820766091346741e-11,False,0.0,2025-12-01,8
Q3,2025-12-02,06:00,selected,74270.91972816066,5.638867150992155e-11,False,0.0,2025-12-01,8
Q3,2025-12-02,12:00,keep,51645.42114981455,1.4551915228366852e-11,False,0.0,2025-12-01,8
Q3,2025-12-02,12:00,selected,51061.29374426433,1.4551915228366852e-11,False,0.0,2025-12-01,8
Q3,2025-12-02,18:00,keep,20778.176395098417,7.275957614183426e-12,False,0.0,2025-12-01,8
Q3,2025-12-02,18:00,selected,20552.798983560227,3.637978807091713e-12,False,0.0,2025-12-01,8
Q3,2025-12-03,00:00,selected,70411.82900691786,2.9103830456733704e-11,False,0.0,2025-12-02,8
Q3,2025-12-03,06:00,keep,88020.13018797727,1.4551915228366852e-11,False,0.0,2025-12-02,8
Q3,2025-12-03,06:00,selected,72369.22661831674,6.548361852765083e-11,False,0.0,2025-12-02,8
Q3,2025-12-03,12:00,keep,50981.47219527983,3.637978807091713e-11,False,0.0,2025-12-01,8
Q3,2025-12-03,12:00,selected,50402.91943230682,2.1827872842550278e-11,False,0.0,2025-12-01,8
Q3,2025-12-03,18:00,keep,20171.754032336314,1.8189894035458565e-12,False,0.0,2025-12-01,8
Q3,2025-12-03,18:00,selected,20073.393865422597,6.707523425575346e-12,False,0.0,2025-12-01,8
Q3,2025-12-04,00:00,selected,79958.27213553614,4.729372449219227e-11,False,0.0,2025-12-03,8
Q3,2025-12-04,06:00,keep,86057.5344211444,2.1827872842550278e-11,False,0.0,2025-12-02,8
Q3,2025-12-04,06:00,selected,72471.64680388491,1.4551915228366852e-11,False,0.0,2025-12-02,8
Q3,2025-12-04,12:00,keep,52612.83872369903,1.4551915228366852e-11,False,0.0,2025-12-01,8
Q3,2025-12-04,12:00,selected,52346.182865958304,2.1827872842550278e-11,False,0.0,2025-12-01,8
Q3,2025-12-04,18:00,keep,20769.430583716683,3.637978807091713e-12,False,0.0,2025-12-01,8
Q3,2025-12-04,18:00,selected,20566.733959612782,5.4569682106375694e-12,False,0.0,2025-12-01,8
Q3,2025-12-05,00:00,selected,46079.0235145097,3.637978807091713e-11,False,0.0,2025-12-04,8
Q3,2025-12-05,06:00,keep,33096.30979318062,7.275957614183426e-12,False,0.0,2025-12-02,8
Q3,2025-12-05,06:00,selected,32705.409866718026,1.0913936421275139e-11,False,0.0,2025-12-02,8
Q3,2025-12-05,12:00,keep,23438.95547631056,1.0913936421275139e-11,False,0.0,2025-12-01,8
Q3,2025-12-05,12:00,selected,23011.49561073394,3.637978807091713e-12,False,0.0,2025-12-01,8
Q3,2025-12-05,18:00,keep,12873.068847348874,1.8189894035458565e-12,False,0.0,2025-12-01,8
Q3,2025-12-05,18:00,selected,12704.810868416378,2.7284841053187847e-12,False,0.0,2025-12-01,8
Q3,2025-12-06,00:00,selected,48707.5655335318,4.3655745685100555e-11,False,0.0,2025-12-04,8
Q3,2025-12-06,06:00,keep,35033.07421429605,7.275957614183426e-12,False,0.0,2025-12-02,8
Q3,2025-12-06,06:00,selected,34213.16306885634,7.275957614183426e-12,False,0.0,2025-12-02,8
Q3,2025-12-06,12:00,keep,24514.15661807837,5.906386491005833e-12,False,0.0,2025-12-01,8
Q3,2025-12-06,12:00,selected,23978.0279435855,3.637978807091713e-12,False,0.0,2025-12-01,8
Q3,2025-12-06,18:00,keep,12696.621527965432,1.8189894035458565e-12,False,0.0,2025-12-01,8
Q3,2025-12-06,18:00,selected,12646.050013986205,1.8189894035458565e-12,False,0.0,2025-12-01,8
Q3,2025-12-07,00:00,selected,82797.65210714936,4.638422979041934e-11,False,0.0,2025-12-04,8
Q3,2025-12-07,06:00,keep,77537.06300057416,2.9103830456733704e-11,False,0.0,2025-12-06,8
Q3,2025-12-07,06:00,selected,69910.52145535054,2.000888343900442e-11,False,0.0,2025-12-06,8
Q3,2025-12-07,12:00,keep,51190.34402006951,7.275957614183426e-12,False,0.0,2025-12-01,8
Q3,2025-12-07,12:00,selected,50812.650102446736,1.4551915228366852e-11,False,0.0,2025-12-01,8
Q3,2025-12-07,18:00,keep,19895.078724180155,5.4569682106375694e-12,False,0.0,2025-12-06,8
Q3,2025-12-07,18:00,selected,19813.067543163063,1.2732925824820995e-11,False,0.0,2025-12-06,8
Q3,2025-12-08,00:00,selected,82721.34462466181,7.275957614183426e-11,False,0.0,2025-12-04,8
Q3,2025-12-08,06:00,keep,78714.56686816824,5.820766091346741e-11,False,0.0,2025-12-06,8
Q3,2025-12-08,06:00,selected,72803.75234530655,5.184119800105691e-11,False,0.0,2025-12-06,8
Q3,2025-12-08,12:00,keep,50951.10904753897,1.4551915228366852e-11,False,0.0,2025-12-06,8
Q3,2025-12-08,12:00,selected,49351.20081749257,1.4551915228366852e-11,False,0.0,2025-12-06,8
Q3,2025-12-08,18:00,keep,19864.198979681136,5.4569682106375694e-12,False,0.0,2025-12-06,8
Q3,2025-12-08,18:00,selected,19658.732858046453,7.275957614183426e-12,False,0.0,2025-12-06,8
Q3,2025-12-09,00:00,selected,81968.47909050612,2.9103830456733704e-11,False,0.0,2025-12-04,8
Q3,2025-12-09,06:00,keep,74595.02198435538,9.458744898438454e-11,False,0.0,2025-12-06,8
Q3,2025-12-09,06:00,selected,68582.14961309808,1.4551915228366852e-11,False,0.0,2025-12-06,8
Q3,2025-12-09,12:00,keep,49610.32650991894,2.1827872842550278e-11,False,0.0,2025-12-06,8
Q3,2025-12-09,12:00,selected,48921.83330426065,1.4551915228366852e-11,False,0.0,2025-12-06,8
Q3,2025-12-09,18:00,keep,19629.644098205743,4.945377440890297e-12,False,0.0,2025-12-06,8
Q3,2025-12-09,18:00,selected,19351.630104367403,5.4569682106375694e-12,False,0.0,2025-12-06,8
Q3,2025-12-10,00:00,selected,78583.47543877232,3.637978807091713e-11,False,0.0,2025-12-04,8
Q3,2025-12-10,06:00,keep,72785.53809775236,2.1827872842550278e-11,False,0.0,2025-12-06,8
Q3,2025-12-10,06:00,selected,68279.89047613088,3.637978807091713e-11,False,0.0,2025-12-06,8
Q3,2025-12-10,12:00,keep,50384.34496261437,2.1827872842550278e-11,False,0.0,2025-12-06,8
Q3,2025-12-10,12:00,selected,48891.582612322134,7.275957614183426e-12,False,0.0,2025-12-06,8
Q3,2025-12-10,18:00,keep,19487.789925456836,7.275957614183426e-12,False,0.0,2025-12-06,8
Q3,2025-12-10,18:00,selected,19278.121320835893,5.229594535194337e-12,False,0.0,2025-12-06,8
Q3,2025-12-11,00:00,selected,81491.95460412183,1.0186340659856796e-10,False,0.0,2025-12-04,8
Q3,2025-12-11,06:00,keep,68883.24552648813,2.1827872842550278e-11,False,0.0,2025-12-06,8
Q3,2025-12-11,06:00,selected,65701.14156552055,1.4551915228366852e-11,False,0.0,2025-12-06,8
Q3,2025-12-11,12:00,keep,48490.99746465245,1.6370904631912708e-11,False,0.0,2025-12-06,8
Q3,2025-12-11,12:00,selected,48253.15896984971,1.5120349416974932e-11,False,0.0,2025-12-06,8
Q3,2025-12-11,18:00,keep,19263.378378376565,3.637978807091713e-12,False,0.0,2025-12-10,8
Q3,2025-12-11,18:00,selected,19114.6056234682,7.048583938740194e-12,False,0.0,2025-12-10,8
Q3,2025-12-12,00:00,selected,50521.07865359001,6.548361852765083e-11,False,0.0,2025-12-04,8
Q3,2025-12-12,06:00,keep,34123.83141284796,3.637978807091713e-12,False,0.0,2025-12-06,8
Q3,2025-12-12,06:00,selected,34055.81497092581,3.637978807091713e-12,False,0.0,2025-12-06,8
Q3,2025-12-12,12:00,keep,24356.300799565834,3.637978807091713e-12,False,0.0,2025-12-06,8
Q3,2025-12-12,12:00,selected,24174.37665263196,9.094947017729282e-13,False,0.0,2025-12-06,8
Q3,2025-12-12,18:00,keep,12764.564253965043,0.0,False,0.0,2025-12-10,8
Q3,2025-12-12,18:00,selected,12764.564253965043,0.0,False,0.0,2025-12-10,8
Q3,2025-12-13,00:00,selected,51993.17813505435,3.637978807091713e-11,False,0.0,2025-12-04,8
Q3,2025-12-13,06:00,keep,39336.65721154831,1.0913936421275139e-11,False,0.0,2025-12-10,8
Q3,2025-12-13,06:00,selected,38257.49594507441,7.73070496506989e-12,False,0.0,2025-12-10,8
Q3,2025-12-13,12:00,keep,27283.368694968227,3.637978807091713e-12,False,0.0,2025-12-12,8
Q3,2025-12-13,12:00,selected,24583.613476958883,7.275957614183426e-12,False,0.0,2025-12-12,8
Q3,2025-12-13,18:00,keep,12728.856681928697,0.0,False,0.0,2025-12-10,8
Q3,2025-12-13,18:00,selected,12728.856681928697,0.0,False,0.0,2025-12-10,8
Q3,2025-12-14,00:00,selected,77892.12453170895,4.3655745685100555e-11,False,0.0,2025-12-13,8
Q3,2025-12-14,06:00,keep,68804.02597039707,6.093614501878619e-11,False,0.0,2025-12-13,8
Q3,2025-12-14,06:00,selected,66423.78339957625,9.458744898438454e-11,False,0.0,2025-12-13,8
Q3,2025-12-14,12:00,keep,48203.68087704293,2.9103830456733704e-11,False,0.0,2025-12-13,8
Q3,2025-12-14,12:00,selected,47346.97618185797,2.9103830456733704e-11,False,0.0,2025-12-13,8
Q3,2025-12-14,18:00,keep,19345.262738746416,5.4569682106375694e-12,False,0.0,2025-12-10,8
Q3,2025-12-14,18:00,selected,19240.67656329576,3.865352482534945e-12,False,0.0,2025-12-10,8
Q3,2025-12-15,00:00,selected,78106.21243610694,2.9103830456733704e-11,False,0.0,2025-12-13,8
Q3,2025-12-15,06:00,keep,72878.45643308484,3.637978807091713e-11,False,0.0,2025-12-13,8
Q3,2025-12-15,06:00,selected,68589.74342914185,3.001332515850663e-11,False,0.0,2025-12-13,8
Q3,2025-12-15,12:00,keep,48072.68228090141,2.3419488570652902e-11,False,0.0,2025-12-13,8
Q3,2025-12-15,12:00,selected,46641.11247767625,2.1827872842550278e-11,False,0.0,2025-12-13,8
Q3,2025-12-15,18:00,keep,19081.972242592175,1.8189894035458565e-12,False,0.0,2025-12-10,8
Q3,2025-12-15,18:00,selected,18737.081948799045,5.4569682106375694e-12,False,0.0,2025-12-10,8
Q3,2025-12-16,00:00,selected,82815.03426979139,5.820766091346741e-11,False,0.0,2025-12-13,8
Q3,2025-12-16,06:00,keep,71356.99356520128,2.9103830456733704e-11,False,0.0,2025-12-13,8
Q3,2025-12-16,06:00,selected,67671.347064973,7.275957614183426e-12,False,0.0,2025-12-13,8
Q3,2025-12-16,12:00,keep,48805.43385440438,2.1827872842550278e-11,False,0.0,2025-12-13,8
Q3,2025-12-16,12:00,selected,48264.52718092023,1.4551915228366852e-11,False,0.0,2025-12-13,8
Q3,2025-12-16,18:00,keep,19507.8766871205,7.16227077646181e-12,False,0.0,2025-12-10,8
Q3,2025-12-16,18:00,selected,19228.26810354618,1.0913936421275139e-11,False,0.0,2025-12-10,8
Q3,2025-12-17,00:00,selected,83168.76615813548,7.275957614183426e-11,False,0.0,2025-12-13,8
Q3,2025-12-17,06:00,keep,72097.31335832142,2.1827872842550278e-11,False,0.0,2025-12-16,8
Q3,2025-12-17,06:00,selected,68644.79699375175,2.9103830456733704e-11,False,0.0,2025-12-16,8
Q3,2025-12-17,12:00,keep,48211.39238792815,3.637978807091713e-11,False,0.0,2025-12-13,8
Q3,2025-12-17,12:00,selected,47888.967142391535,1.4551915228366852e-11,False,0.0,2025-12-13,8
Q3,2025-12-17,18:00,keep,19179.17493156583,4.661160346586257e-12,False,0.0,2025-12-10,8
Q3,2025-12-17,18:00,selected,18886.800711940865,7.275957614183426e-12,False,0.0,2025-12-10,8
Q3,2025-12-18,00:00,selected,79661.01273490531,2.9103830456733704e-11,False,0.0,2025-12-13,8
Q3,2025-12-18,06:00,keep,73184.09853786837,6.548361852765083e-11,False,0.0,2025-12-16,8
Q3,2025-12-18,06:00,selected,68965.86438717853,2.9103830456733704e-11,False,0.0,2025-12-16,8
Q3,2025-12-18,12:00,keep,48499.46578426513,2.2509993868879974e-11,False,0.0,2025-12-13,8
Q3,2025-12-18,12:00,selected,46470.31383607816,1.4551915228366852e-11,False,0.0,2025-12-13,8
Q3,2025-12-18,18:00,keep,19115.91599290271,1.8189894035458565e-12,False,0.0,2025-12-10,8
Q3,2025-12-18,18:00,selected,18656.109962479477,3.637978807091713e-12,False,0.0,2025-12-10,8
Q3,2025-12-19,00:00,selected,51109.76716707248,1.4551915228366852e-11,False,0.0,2025-12-13,8
Q3,2025-12-19,06:00,keep,35519.09780925784,3.637978807091713e-12,False,0.0,2025-12-16,8
Q3,2025-12-19,06:00,selected,35439.68865722834,6.707523425575346e-12,False,0.0,2025-12-16,8
Q3,2025-12-19,12:00,keep,25946.070857680843,4.547473508864641e-13,False,0.0,2025-12-13,8
Q3,2025-12-19,12:00,selected,25612.357418260446,1.0508136141357812e-11,False,0.0,2025-12-13,8
Q3,2025-12-19,18:00,keep,12108.856814752835,1.8189894035458565e-12,False,0.0,2025-12-10,8
Q3,2025-12-19,18:00,selected,12108.856814752835,1.8189894035458565e-12,False,0.0,2025-12-10,8
Q3,2025-12-20,00:00,selected,53591.55935034335,1.3642420526593924e-11,False,0.0,2025-12-19,8
Q3,2025-12-20,06:00,keep,37707.488208389965,3.637978807091713e-12,False,0.0,2025-12-16,8
Q3,2025-12-20,06:00,selected,37635.421281232855,7.958078640513122e-12,False,0.0,2025-12-16,8
Q3,2025-12-20,12:00,keep,27164.457939045176,9.094947017729282e-13,False,0.0,2025-12-13,8
Q3,2025-12-20,12:00,selected,27072.999798459798,3.637978807091713e-12,False,0.0,2025-12-13,8
Q3,2025-12-20,18:00,keep,12229.475306161397,1.8189894035458565e-12,False,0.0,2025-12-10,8
Q3,2025-12-20,18:00,selected,12229.475306161397,1.8189894035458565e-12,False,0.0,2025-12-10,8
Q3,2025-12-21,00:00,selected,81761.25482603465,1.0186340659856796e-10,False,0.0,2025-12-04,8
Q3,2025-12-21,06:00,keep,70445.25936198993,1.4551915228366852e-11,False,0.0,2025-12-16,8
Q3,2025-12-21,06:00,selected,67775.14554717687,2.9103830456733704e-11,False,0.0,2025-12-16,8
Q3,2025-12-21,12:00,keep,48952.74155084677,4.3655745685100555e-11,False,0.0,2025-12-19,8
Q3,2025-12-21,12:00,selected,48527.71015301002,4.3655745685100555e-11,False,0.0,2025-12-19,8
Q3,2025-12-21,18:00,keep,19351.04339453665,1.8189894035458565e-12,False,0.0,2025-12-10,8
Q3,2025-12-21,18:00,selected,18941.3253555979,3.637978807091713e-12,False,0.0,2025-12-10,8
Q3,2025-12-22,00:00,selected,80655.31973363592,1.3096723705530167e-10,False,0.0,2025-12-04,8
Q3,2025-12-22,06:00,keep,70111.69955648834,2.9103830456733704e-11,False,0.0,2025-12-16,8
Q3,2025-12-22,06:00,selected,67023.33126547979,1.978150976356119e-11,False,0.0,2025-12-16,8
Q3,2025-12-22,12:00,keep,47445.327702489674,7.275957614183426e-12,False,0.0,2025-12-19,8
Q3,2025-12-22,12:00,selected,46591.220138958815,7.275957614183426e-12,False,0.0,2025-12-19,8
Q3,2025-12-22,18:00,keep,18893.281894891727,5.4569682106375694e-12,False,0.0,2025-12-10,8
Q3,2025-12-22,18:00,selected,18744.75496471433,1.8189894035458565e-12,False,0.0,2025-12-10,8
Q3,2025-12-23,00:00,selected,82355.78716146614,5.820766091346741e-11,False,0.0,2025-12-22,8
Q3,2025-12-23,06:00,keep,68526.54775626166,7.275957614183426e-12,False,0.0,2025-12-16,8
Q3,2025-12-23,06:00,selected,67317.62171871022,2.1827872842550278e-11,False,0.0,2025-12-16,8
Q3,2025-12-23,12:00,keep,47749.79492723439,1.4551915228366852e-11,False,0.0,2025-12-22,8
Q3,2025-12-23,12:00,selected,47083.61109356486,7.275957614183426e-12,False,0.0,2025-12-22,8
Q3,2025-12-23,18:00,keep,18767.15145230499,1.8189894035458565e-12,False,0.0,2025-12-10,8
Q3,2025-12-23,18:00,selected,18604.9660131495,6.139089236967266e-12,False,0.0,2025-12-10,8
Q3,2025-12-24,00:00,selected,81965.41278180627,7.275957614183426e-11,False,0.0,2025-12-22,8
Q3,2025-12-24,06:00,keep,68030.39526141176,7.275957614183426e-12,False,0.0,2025-12-16,8
Q3,2025-12-24,06:00,selected,66853.13363374563,1.4551915228366852e-11,False,0.0,2025-12-16,8
Q3,2025-12-24,12:00,keep,47416.418695849774,1.4551915228366852e-11,False,0.0,2025-12-22,8
Q3,2025-12-24,12:00,selected,47020.968198666,1.4551915228366852e-11,False,0.0,2025-12-22,8
Q3,2025-12-24,18:00,keep,18578.78480463883,3.637978807091713e-12,False,0.0,2025-12-10,8
Q3,2025-12-24,18:00,selected,18490.017490120008,3.637978807091713e-12,False,0.0,2025-12-10,8
Q3,2025-12-25,00:00,selected,78455.66361579884,7.275957614183426e-11,False,0.0,2025-12-19,8
Q3,2025-12-25,06:00,keep,65579.4253619104,7.275957614183426e-12,False,0.0,2025-12-16,8
Q3,2025-12-25,06:00,selected,63858.12768849096,2.9103830456733704e-11,False,0.0,2025-12-16,8
Q3,2025-12-25,12:00,keep,46784.69664570732,2.1827872842550278e-11,False,0.0,2025-12-22,8
Q3,2025-12-25,12:00,selected,46562.73921143482,2.0236257114447653e-11,False,0.0,2025-12-22,8
Q3,2025-12-25,18:00,keep,18623.48628045313,5.5706550483591855e-12,False,0.0,2025-12-22,8
Q3,2025-12-25,18:00,selected,18488.994099221567,7.275957614183426e-12,False,0.0,2025-12-22,8
Q3,2025-12-26,00:00,selected,50360.90574585699,2.9103830456733704e-11,False,0.0,2025-12-19,8
Q3,2025-12-26,06:00,keep,35456.818250850374,3.637978807091713e-12,False,0.0,2025-12-16,8
Q3,2025-12-26,06:00,selected,35063.33764489397,5.7980287238024175e-12,False,0.0,2025-12-16,8
Q3,2025-12-26,12:00,keep,26807.67737218926,3.637978807091713e-12,False,0.0,2025-12-22,8
Q3,2025-12-26,12:00,selected,26533.509417011308,3.637978807091713e-12,False,0.0,2025-12-22,8
Q3,2025-12-26,18:00,keep,12296.389397189176,1.8189894035458565e-12,False,0.0,2025-12-22,8
Q3,2025-12-26,18:00,selected,12039.771508594047,3.637978807091713e-12,False,0.0,2025-12-22,8
Q3,2025-12-27,00:00,selected,51909.802598702925,2.000888343900442e-11,False,0.0,2025-12-19,8
Q3,2025-12-27,06:00,keep,37022.09269989983,3.637978807091713e-12,False,0.0,2025-12-16,8
Q3,2025-12-27,06:00,selected,36635.08806077718,7.275957614183426e-12,False,0.0,2025-12-16,8
Q3,2025-12-27,12:00,keep,27506.82835076788,7.275957614183426e-12,False,0.0,2025-12-22,8
Q3,2025-12-27,12:00,selected,27243.162688215947,3.637978807091713e-12,False,0.0,2025-12-22,8
Q3,2025-12-27,18:00,keep,12331.727665697523,1.8189894035458565e-12,False,0.0,2025-12-22,8
Q3,2025-12-27,18:00,selected,12075.10977710239,3.637978807091713e-12,False,0.0,2025-12-22,8
Q3,2025-12-28,00:00,selected,81116.2428196624,7.275957614183426e-11,False,0.0,2025-12-19,8
Q3,2025-12-28,06:00,keep,69440.38071169934,2.1827872842550278e-11,False,0.0,2025-12-16,8
Q3,2025-12-28,06:00,selected,67067.57452871662,3.637978807091713e-11,False,0.0,2025-12-16,8
Q3,2025-12-28,12:00,keep,47957.474879408466,3.637978807091713e-11,False,0.0,2025-12-22,8
Q3,2025-12-28,12:00,selected,47293.02857875787,7.275957614183426e-12,False,0.0,2025-12-22,8
Q3,2025-12-28,18:00,keep,18739.593015748233,3.183231456205249e-12,False,0.0,2025-12-27,8
Q3,2025-12-28,18:00,selected,18487.433273475668,1.8189894035458565e-12,False,0.0,2025-12-27,8
Q3,2025-12-29,00:00,selected,80719.29945513388,5.820766091346741e-11,False,0.0,2025-12-19,8
Q3,2025-12-29,06:00,keep,64360.383801080825,8.640199666842818e-12,False,0.0,2025-12-16,8
Q3,2025-12-29,06:00,selected,63993.93964862729,2.5011104298755527e-11,False,0.0,2025-12-16,8
Q3,2025-12-29,12:00,keep,46267.3304849639,2.1827872842550278e-11,False,0.0,2025-12-22,8
Q3,2025-12-29,12:00,selected,46111.07384869065,1.4551915228366852e-11,False,0.0,2025-12-22,8
Q3,2025-12-29,18:00,keep,18175.207958711297,3.637978807091713e-12,False,0.0,2025-12-27,8
Q3,2025-12-29,18:00,selected,18079.708912533497,3.637978807091713e-12,False,0.0,2025-12-27,8
Q3,2025-12-30,00:00,selected,81836.4948716419,1.1641532182693481e-10,False,0.0,2025-12-19,8
Q3,2025-12-30,06:00,keep,66263.20125505795,1.4551915228366852e-11,False,0.0,2025-12-16,8
Q3,2025-12-30,06:00,selected,65778.45208099163,2.1827872842550278e-11,False,0.0,2025-12-16,8
Q3,2025-12-30,12:00,keep,46744.11907586658,1.4551915228366852e-11,False,0.0,2025-12-22,8
Q3,2025-12-30,12:00,selected,46389.92174486209,5.093170329928398e-11,False,0.0,2025-12-22,8
Q3,2025-12-30,18:00,keep,18081.79849702649,4.320099833421409e-12,False,0.0,2025-12-27,8
Q3,2025-12-30,18:00,selected,17961.641953547056,4.774847184307873e-12,False,0.0,2025-12-27,8
Q3,2025-12-31,00:00,selected,83141.45457763785,5.820766091346741e-11,False,0.0,2025-12-19,8
Q3,2025-12-31,06:00,keep,66963.11606839721,1.5916157281026244e-11,False,0.0,2025-12-30,8
Q3,2025-12-31,06:00,selected,66572.67932868835,2.9103830456733704e-11,False,0.0,2025-12-30,8
Q3,2025-12-31,12:00,keep,45913.294666265276,2.1827872842550278e-11,False,0.0,2025-12-22,8
Q3,2025-12-31,12:00,selected,45696.19280075466,2.1827872842550278e-11,False,0.0,2025-12-22,8
Q3,2025-12-31,18:00,keep,17804.448146650848,6.59383658785373e-12,False,0.0,2025-12-30,8
Q3,2025-12-31,18:00,selected,17724.257254109914,6.252776074688882e-12,False,0.0,2025-12-30,8
Q4-2,2025-02-01,00:00,selected,36099.31534602224,1.8189894035458565e-11,False,0.0,2025-01-30,8
Q4-2,2025-02-02,00:00,selected,82053.40916830805,4.3655745685100555e-11,False,0.0,2025-02-01,8
Q4-2,2025-02-03,00:00,selected,81316.35029846236,2.9103830456733704e-11,False,0.0,2025-02-01,8
Q4-2,2025-02-04,00:00,selected,81783.62961340732,7.275957614183426e-11,False,0.0,2025-02-03,8
Q4-2,2025-02-05,00:00,selected,82201.2087017189,5.820766091346741e-11,False,0.0,2025-02-03,8
Q4-2,2025-02-06,00:00,selected,81823.59959148736,5.820766091346741e-11,False,0.0,2025-02-05,8
Q4-2,2025-02-07,00:00,selected,36041.237527924524,1.0913936421275139e-11,False,0.0,2025-02-05,8
Q4-2,2025-02-08,00:00,selected,35637.324534863474,3.637978807091713e-12,False,0.0,2025-02-07,8
Q4-2,2025-02-09,00:00,selected,79922.74938063466,2.9103830456733704e-11,False,0.0,2025-02-07,8
Q4-2,2025-02-10,00:00,selected,76647.85513568265,5.820766091346741e-11,False,0.0,2025-02-07,8
Q4-2,2025-02-11,00:00,selected,76912.87171115173,4.3655745685100555e-11,False,0.0,2025-02-07,8
Q4-2,2025-02-12,00:00,selected,76641.16453352293,7.275957614183426e-11,False,0.0,2025-02-11,8
Q4-2,2025-02-13,00:00,selected,75354.78744094475,2.1827872842550278e-11,False,0.0,2025-02-11,8
Q4-2,2025-02-14,00:00,selected,35404.27902620062,1.4551915228366852e-11,False,0.0,2025-02-11,8
Q4-2,2025-02-15,00:00,selected,35866.02742139062,5.229594535194337e-12,False,0.0,2025-02-14,8
Q4-2,2025-02-16,00:00,selected,75164.91742856549,2.9103830456733704e-11,False,0.0,2025-02-14,8
Q4-2,2025-02-17,00:00,selected,72898.74104557959,1.4551915228366852e-11,False,0.0,2025-02-14,8
Q4-2,2025-02-18,00:00,selected,71672.13535573454,1.4551915228366852e-11,False,0.0,2025-02-14,8
Q4-2,2025-02-19,00:00,selected,72090.17483438752,2.9103830456733704e-11,False,0.0,2025-02-14,8
Q4-2,2025-02-20,00:00,selected,72779.63078711867,2.1827872842550278e-11,False,0.0,2025-02-14,8
Q4-2,2025-02-21,00:00,selected,35269.104579975276,8.810729923425242e-12,False,0.0,2025-02-14,8
Q4-2,2025-02-22,00:00,selected,35403.42972021072,1.8189894035458565e-11,False,0.0,2025-02-21,8
Q4-2,2025-02-23,00:00,selected,71424.10515432394,4.3655745685100555e-11,False,0.0,2025-02-21,8
Q4-2,2025-02-24,00:00,selected,69181.33139534917,8.731149137020111e-11,False,0.0,2025-02-21,8
Q4-2,2025-02-25,00:00,selected,67238.12328102943,4.3655745685100555e-11,False,0.0,2025-02-21,8
Q4-2,2025-02-26,00:00,selected,68437.2439594452,4.3655745685100555e-11,False,0.0,2025-02-21,8
Q4-2,2025-02-27,00:00,selected,66911.41113502865,7.275957614183426e-12,False,0.0,2025-02-21,8
Q4-2,2025-02-28,00:00,selected,33774.70973279073,2.9103830456733704e-11,False,0.0,2025-02-21,8
Q4-2,2025-03-01,00:00,selected,33663.074894311816,1.0913936421275139e-11,False,0.0,2025-02-28,8
Q4-2,2025-03-02,00:00,selected,66886.58821040962,2.1827872842550278e-11,False,0.0,2025-02-28,8
Q4-2,2025-03-03,00:00,selected,67725.47470510594,1.0913936421275139e-11,False,0.0,2025-03-02,8
Q4-2,2025-03-04,00:00,selected,67896.48439237353,6.548361852765083e-11,False,0.0,2025-03-02,8
Q4-2,2025-03-05,00:00,selected,66944.9784052543,2.9103830456733704e-11,False,0.0,2025-03-02,8
Q4-2,2025-03-06,00:00,selected,66725.66947900548,2.1827872842550278e-11,False,0.0,2025-03-02,8
Q4-2,2025-03-07,00:00,selected,32885.230061511604,7.275957614183426e-12,False,0.0,2025-03-02,8
Q4-2,2025-03-08,00:00,selected,31734.395185003286,1.4551915228366852e-11,False,0.0,2025-03-07,8
Q4-2,2025-03-09,00:00,selected,65235.78647436149,1.6370904631912708e-11,False,0.0,2025-03-08,8
Q4-2,2025-03-10,00:00,selected,65407.636694183806,2.9103830456733704e-11,False,0.0,2025-03-08,8
Q4-2,2025-03-11,00:00,selected,64045.72357545216,3.637978807091713e-11,False,0.0,2025-03-08,8
Q4-2,2025-03-12,00:00,selected,62568.620794437564,2.9103830456733704e-11,False,0.0,2025-03-08,8
Q4-2,2025-03-13,00:00,selected,62544.74727873041,5.093170329928398e-11,False,0.0,2025-03-08,8
Q4-2,2025-03-14,00:00,selected,29315.893349765796,2.9103830456733704e-11,False,0.0,2025-03-08,8
Q4-2,2025-03-15,00:00,selected,30045.124866270893,1.0913936421275139e-11,False,0.0,2025-03-08,8
Q4-2,2025-03-16,00:00,selected,62207.27668439428,1.6370904631912708e-11,False,0.0,2025-03-15,8
Q4-2,2025-03-17,00:00,selected,59240.78898910266,1.4551915228366852e-11,False,0.0,2025-03-15,8
Q4-2,2025-03-18,00:00,selected,57905.63447010667,2.9103830456733704e-11,False,0.0,2025-03-15,8
Q4-2,2025-03-19,00:00,selected,57232.59036651291,4.3655745685100555e-11,False,0.0,2025-03-15,8
Q4-2,2025-03-20,00:00,selected,56722.230293091176,3.637978807091713e-11,False,0.0,2025-03-15,8
Q4-2,2025-03-21,00:00,selected,26636.20663909275,7.275957614183426e-12,False,0.0,2025-03-15,8
Q4-2,2025-03-22,00:00,selected,27278.020924703836,2.1827872842550278e-11,False,0.0,2025-03-15,8
Q4-2,2025-03-23,00:00,selected,56730.35111225236,4.3655745685100555e-11,False,0.0,2025-03-16,8
Q4-2,2025-03-24,00:00,selected,55684.93657139917,2.1827872842550278e-11,False,0.0,2025-03-15,8
Q4-2,2025-03-25,00:00,selected,54836.9286611254,2.1827872842550278e-11,False,0.0,2025-03-20,8
Q4-2,2025-03-26,00:00,selected,54553.21272874884,2.1827872842550278e-11,False,0.0,2025-03-25,8
Q4-2,2025-03-27,00:00,selected,53438.31789284755,2.9103830456733704e-11,False,0.0,2025-03-25,8
Q4-2,2025-03-28,00:00,selected,25086.765638188597,1.0913936421275139e-11,False,0.0,2025-03-27,8
Q4-2,2025-03-29,00:00,selected,25050.179511861996,1.0913936421275139e-11,False,0.0,2025-03-27,8
Q4-2,2025-03-30,00:00,selected,50713.91710284673,2.1827872842550278e-11,False,0.0,2025-03-29,8
Q4-2,2025-03-31,00:00,selected,52122.95122199303,1.9326762412674725e-11,False,0.0,2025-03-29,8
Q4-2,2025-04-01,00:00,selected,51566.047661081844,2.1827872842550278e-11,False,0.0,2025-03-31,8
Q4-2,2025-04-02,00:00,selected,51312.070338932375,3.637978807091713e-11,False,0.0,2025-04-01,8
Q4-2,2025-04-03,00:00,selected,54559.47929398834,1.4551915228366852e-11,False,0.0,2025-04-02,8
Q4-2,2025-04-04,00:00,selected,24630.911863599467,7.275957614183426e-12,False,0.0,2025-04-02,8
Q4-2,2025-04-05,00:00,selected,24502.0316516786,7.275957614183426e-12,False,0.0,2025-04-02,8
Q4-2,2025-04-06,00:00,selected,52931.34044737182,2.9103830456733704e-11,False,0.0,2025-04-02,8
Q4-2,2025-04-07,00:00,selected,52430.286845945695,2.9103830456733704e-11,False,0.0,2025-04-02,8
Q4-2,2025-04-08,00:00,selected,52497.38076061508,7.275957614183426e-12,False,0.0,2025-04-02,8
Q4-2,2025-04-09,00:00,selected,52011.288553585844,1.4551915228366852e-11,False,0.0,2025-04-02,8
Q4-2,2025-04-10,00:00,selected,52230.5861881925,1.4551915228366852e-11,False,0.0,2025-04-02,8
Q4-2,2025-04-11,00:00,selected,23097.785650688627,1.0913936421275139e-11,False,0.0,2025-04-02,8
Q4-2,2025-04-12,00:00,selected,23072.37437937424,2.1827872842550278e-11,False,0.0,2025-04-11,8
Q4-2,2025-04-13,00:00,selected,52010.56736955572,4.3655745685100555e-11,False,0.0,2025-04-11,8
Q4-2,2025-04-14,00:00,selected,50585.02315724449,2.9103830456733704e-11,False,0.0,2025-04-13,8
Q4-2,2025-04-15,00:00,selected,49749.68642132627,2.1827872842550278e-11,False,0.0,2025-04-14,8
Q4-2,2025-04-16,00:00,selected,50480.05791639035,2.9103830456733704e-11,False,0.0,2025-04-14,8
Q4-2,2025-04-17,00:00,selected,49299.12678911159,2.1827872842550278e-11,False,0.0,2025-04-14,8
Q4-2,2025-04-18,00:00,selected,21652.988788336734,7.275957614183426e-12,False,0.0,2025-04-14,8
Q4-2,2025-04-19,00:00,selected,21770.706968995062,7.275957614183426e-12,False,0.0,2025-04-18,8
Q4-2,2025-04-20,00:00,selected,49126.42644557901,3.637978807091713e-11,False,0.0,2025-04-18,8
Q4-2,2025-04-21,00:00,selected,47632.084634328785,1.4551915228366852e-11,False,0.0,2025-04-18,8
Q4-2,2025-04-22,00:00,selected,48703.552291264044,3.637978807091713e-11,False,0.0,2025-04-21,8
Q4-2,2025-04-23,00:00,selected,48588.349266177895,4.3655745685100555e-11,False,0.0,2025-04-21,8
Q4-2,2025-04-24,00:00,selected,47711.32982827907,4.3655745685100555e-11,False,0.0,2025-04-21,8
Q4-2,2025-04-25,00:00,selected,20234.409569180887,1.0913936421275139e-11,False,0.0,2025-04-21,8
Q4-2,2025-04-26,00:00,selected,20649.386283683223,7.275957614183426e-12,False,0.0,2025-04-21,8
Q4-2,2025-04-27,00:00,selected,45736.40782897189,3.637978807091713e-11,False,0.0,2025-04-21,8
Q4-2,2025-04-28,00:00,selected,45782.57908067534,1.4551915228366852e-11,False,0.0,2025-04-21,8
Q4-2,2025-04-29,00:00,selected,47063.41351383907,4.3655745685100555e-11,False,0.0,2025-04-28,8
Q4-2,2025-04-30,00:00,selected,46519.85790633398,1.4551915228366852e-11,False,0.0,2025-04-28,8
Q4-2,2025-05-01,00:00,selected,47159.163773017026,2.1827872842550278e-11,False,0.0,2025-04-28,8
Q4-2,2025-05-02,00:00,selected,22823.47298124298,1.8189894035458565e-11,False,0.0,2025-05-01,8
Q4-2,2025-05-03,00:00,selected,22924.720797614158,5.229594535194337e-12,False,0.0,2025-05-02,8
Q4-2,2025-05-04,00:00,selected,48733.91051438494,2.000888343900442e-11,False,0.0,2025-05-03,8
Q4-2,2025-05-05,00:00,selected,48147.20804592525,3.637978807091713e-11,False,0.0,2025-05-04,8
Q4-2,2025-05-06,00:00,selected,50948.374602487056,1.4551915228366852e-11,False,0.0,2025-05-05,8
Q4-2,2025-05-07,00:00,selected,51617.92928815674,1.3642420526593924e-11,False,0.0,2025-05-05,8
Q4-2,2025-05-08,00:00,selected,52080.28297678424,2.1827872842550278e-11,False,0.0,2025-05-05,8
Q4-2,2025-05-09,00:00,selected,23784.412665342516,3.637978807091713e-12,False,0.0,2025-05-05,8
Q4-2,2025-05-10,00:00,selected,23810.10579518527,1.8189894035458565e-11,False,0.0,2025-05-05,8
Q4-2,2025-05-11,00:00,selected,51277.340087431716,4.3655745685100555e-11,False,0.0,2025-05-05,8
Q4-2,2025-05-12,00:00,selected,51259.45984557717,1.4551915228366852e-11,False,0.0,2025-05-05,8
Q4-2,2025-05-13,00:00,selected,51225.0204494049,2.1827872842550278e-11,False,0.0,2025-05-05,8
Q4-2,2025-05-14,00:00,selected,51406.3692233018,1.807620719773695e-11,False,0.0,2025-05-05,8
Q4-2,2025-05-15,00:00,selected,51715.90110627742,2.9103830456733704e-11,False,0.0,2025-05-05,8
Q4-2,2025-05-16,00:00,selected,22541.46123707929,3.637978807091713e-12,False,0.0,2025-05-05,8
Q4-2,2025-05-17,00:00,selected,22526.329148489272,1.0913936421275139e-11,False,0.0,2025-05-16,8
Q4-2,2025-05-18,00:00,selected,50521.16050126503,2.1827872842550278e-11,False,0.0,2025-05-16,8
Q4-2,2025-05-19,00:00,selected,49980.135602722,4.3655745685100555e-11,False,0.0,2025-05-16,8
Q4-2,2025-05-20,00:00,selected,49604.162372428895,2.1827872842550278e-11,False,0.0,2025-05-16,8
Q4-2,2025-05-21,00:00,selected,50581.759365479265,4.3655745685100555e-11,False,0.0,2025-05-16,8
Q4-2,2025-05-22,00:00,selected,50003.13747635266,3.637978807091713e-11,False,0.0,2025-05-16,8
Q4-2,2025-05-23,00:00,selected,21817.32848467899,7.275957614183426e-12,False,0.0,2025-05-16,8
Q4-2,2025-05-24,00:00,selected,22195.674402425153,1.0913936421275139e-11,False,0.0,2025-05-16,8
Q4-2,2025-05-25,00:00,selected,49093.218537900626,2.1827872842550278e-11,False,0.0,2025-05-05,8
Q4-2,2025-05-26,00:00,selected,48664.411379652134,2.1827872842550278e-11,False,0.0,2025-05-05,8
Q4-2,2025-05-27,00:00,selected,49116.282621331105,7.275957614183426e-12,False,0.0,2025-05-05,8
Q4-2,2025-05-28,00:00,selected,49785.371402994584,2.6147972675971687e-11,False,0.0,2025-05-05,8
Q4-2,2025-05-29,00:00,selected,49467.49506233862,2.1827872842550278e-11,False,0.0,2025-05-28,8
Q4-2,2025-05-30,00:00,selected,22400.550737548063,6.0254023992456496e-12,False,0.0,2025-05-28,8
Q4-2,2025-05-31,00:00,selected,20751.93486805608,1.0913936421275139e-11,False,0.0,2025-05-30,8
Q4-2,2025-06-01,00:00,selected,52540.64878353262,2.9103830456733704e-11,False,0.0,2025-05-30,8
Q4-2,2025-06-02,00:00,selected,64138.45081151316,2.9103830456733704e-11,False,0.0,2025-06-01,8
Q4-2,2025-06-03,00:00,selected,65815.41334366538,2.1827872842550278e-11,False,0.0,2025-06-02,8
Q4-2,2025-06-04,00:00,selected,68578.32167159168,7.275957614183426e-11,False,0.0,2025-06-02,8
Q4-2,2025-06-05,00:00,selected,72182.03445298821,2.9103830456733704e-11,False,0.0,2025-06-02,8
Q4-2,2025-06-06,00:00,selected,35753.832147095476,2.1827872842550278e-11,False,0.0,2025-06-02,8
Q4-2,2025-06-07,00:00,selected,36852.31307371214,2.9103830456733704e-11,False,0.0,2025-06-06,8
Q4-2,2025-06-08,00:00,selected,73042.44021748079,2.9103830456733704e-11,False,0.0,2025-06-06,8
Q4-2,2025-06-09,00:00,selected,74110.59820853014,8.731149137020111e-11,False,0.0,2025-06-08,8
Q4-2,2025-06-10,00:00,selected,73965.54400524253,2.9103830456733704e-11,False,0.0,2025-06-08,8
Q4-2,2025-06-11,00:00,selected,75195.00103674155,4.3655745685100555e-11,False,0.0,2025-06-09,8
Q4-2,2025-06-12,00:00,selected,76051.72093625259,1.4551915228366852e-11,False,0.0,2025-06-08,8
Q4-2,2025-06-13,00:00,selected,41118.584595497625,2.9103830456733704e-11,False,0.0,2025-06-09,8
Q4-2,2025-06-14,00:00,selected,42439.45260151662,7.275957614183426e-12,False,0.0,2025-06-13,8
Q4-2,2025-06-15,00:00,selected,76364.06718703893,5.820766091346741e-11,False,0.0,2025-06-13,8
Q4-2,2025-06-16,00:00,selected,78383.22489572747,3.637978807091713e-11,False,0.0,2025-06-13,8
Q4-2,2025-06-17,00:00,selected,78918.30460732884,4.3655745685100555e-11,False,0.0,2025-06-13,8
Q4-2,2025-06-18,00:00,selected,79462.83074338379,4.3655745685100555e-11,False,0.0,2025-06-13,8
Q4-2,2025-06-19,00:00,selected,78447.4491259032,4.3655745685100555e-11,False,0.0,2025-06-13,8
Q4-2,2025-06-20,00:00,selected,44469.18388715806,5.820766091346741e-11,False,0.0,2025-06-13,8
Q4-2,2025-06-21,00:00,selected,42668.59629259731,2.9103830456733704e-11,False,0.0,2025-06-13,8
Q4-2,2025-06-22,00:00,selected,77058.80485956903,4.3655745685100555e-11,False,0.0,2025-06-21,8
Q4-2,2025-06-23,00:00,selected,77889.88334345257,4.729372449219227e-11,False,0.0,2025-06-21,8
Q4-2,2025-06-24,00:00,selected,78986.72234434997,3.2741809263825417e-11,False,0.0,2025-06-21,8
Q4-2,2025-06-25,00:00,selected,76977.74874076256,5.820766091346741e-11,False,0.0,2025-06-21,8
Q4-2,2025-06-26,00:00,selected,76654.14323807522,2.9103830456733704e-11,False,0.0,2025-06-21,8
Q4-2,2025-06-27,00:00,selected,39936.454314190174,7.275957614183426e-12,False,0.0,2025-06-21,8
Q4-2,2025-06-28,00:00,selected,40173.59878308366,1.4551915228366852e-11,False,0.0,2025-06-21,8
Q4-2,2025-06-29,00:00,selected,78015.48283026926,4.3655745685100555e-11,False,0.0,2025-06-21,8
Q4-2,2025-06-30,00:00,selected,78260.52112204558,5.820766091346741e-11,False,0.0,2025-06-21,8
Q4-2,2025-07-01,00:00,selected,86538.99880943914,4.3655745685100555e-11,False,0.0,2025-06-21,8
Q4-2,2025-07-02,00:00,selected,86531.81983153887,4.3655745685100555e-11,False,0.0,2025-07-01,8
Q4-2,2025-07-03,00:00,selected,86474.53067423294,5.820766091346741e-11,False,0.0,2025-07-02,8
Q4-2,2025-07-04,00:00,selected,43284.45675456517,2.9103830456733704e-11,False,0.0,2025-07-02,8
Q4-2,2025-07-05,00:00,selected,43988.87381084691,5.093170329928398e-11,False,0.0,2025-07-04,8
Q4-2,2025-07-06,00:00,selected,88822.37523821054,4.3655745685100555e-11,False,0.0,2025-07-05,8
Q4-2,2025-07-07,00:00,selected,90626.67739558284,7.275957614183426e-11,False,0.0,2025-07-06,8
Q4-2,2025-07-08,00:00,selected,92414.08352736378,1.4551915228366852e-11,False,0.0,2025-07-06,8
Q4-2,2025-07-09,00:00,selected,91220.11386145327,2.9103830456733704e-11,False,0.0,2025-07-05,8
Q4-2,2025-07-10,00:00,selected,91614.04631310534,4.3655745685100555e-11,False,0.0,2025-07-05,8
Q4-2,2025-07-11,00:00,selected,50832.05519850023,1.4551915228366852e-11,False,0.0,2025-07-05,8
Q4-2,2025-07-12,00:00,selected,50400.299430841165,2.9103830456733704e-11,False,0.0,2025-07-05,8
Q4-2,2025-07-13,00:00,selected,89887.17670359855,7.275957614183426e-11,False,0.0,2025-07-05,8
Q4-2,2025-07-14,00:00,selected,89278.8759802613,3.410605131648481e-11,False,0.0,2025-07-13,8
Q4-2,2025-07-15,00:00,selected,90640.498182525,4.3655745685100555e-11,False,0.0,2025-07-13,8
Q4-2,2025-07-16,00:00,selected,90134.7603718597,4.3655745685100555e-11,False,0.0,2025-07-13,8
Q4-2,2025-07-17,00:00,selected,89234.39603216924,5.820766091346741e-11,False,0.0,2025-07-13,8
Q4-2,2025-07-18,00:00,selected,51494.733757179565,3.637978807091713e-11,False,0.0,2025-07-15,8
Q4-2,2025-07-19,00:00,selected,50246.241043726644,1.4551915228366852e-11,False,0.0,2025-07-15,8
Q4-2,2025-07-20,00:00,selected,90195.85275426833,5.820766091346741e-11,False,0.0,2025-07-15,8
Q4-2,2025-07-21,00:00,selected,92881.97997652451,5.820766091346741e-11,False,0.0,2025-07-20,8
Q4-2,2025-07-22,00:00,selected,94016.71826259716,7.275957614183426e-11,False,0.0,2025-07-20,8
Q4-2,2025-07-23,00:00,selected,92726.19869841792,4.3655745685100555e-11,False,0.0,2025-07-20,8
Q4-2,2025-07-24,00:00,selected,93643.98983273929,4.3655745685100555e-11,False,0.0,2025-07-05,8
Q4-2,2025-07-25,00:00,selected,50921.28231286534,1.4551915228366852e-11,False,0.0,2025-07-15,8
Q4-2,2025-07-26,00:00,selected,50849.098682322,2.1827872842550278e-11,False,0.0,2025-07-15,8
Q4-2,2025-07-27,00:00,selected,93242.12406080567,8.731149137020111e-11,False,0.0,2025-07-21,8
Q4-2,2025-07-28,00:00,selected,93998.92437725172,4.3655745685100555e-11,False,0.0,2025-07-20,8
Q4-2,2025-07-29,00:00,selected,94296.55297303869,2.9103830456733704e-11,False,0.0,2025-07-26,8
Q4-2,2025-07-30,00:00,selected,93603.75061403781,4.3655745685100555e-11,False,0.0,2025-07-26,8
Q4-2,2025-07-31,00:00,selected,93590.19180012401,2.9103830456733704e-11,False,0.0,2025-07-26,8
Q4-2,2025-08-01,00:00,selected,49361.69171704657,2.9103830456733704e-11,False,0.0,2025-07-31,8
Q4-2,2025-08-02,00:00,selected,47938.47902057272,1.4551915228366852e-11,False,0.0,2025-08-01,8
Q4-2,2025-08-03,00:00,selected,88956.28405588788,4.3655745685100555e-11,False,0.0,2025-08-01,8
Q4-2,2025-08-04,00:00,selected,90225.02323281378,4.3655745685100555e-11,False,0.0,2025-08-03,8
Q4-2,2025-08-05,00:00,selected,90583.69487661032,4.3655745685100555e-11,False,0.0,2025-08-03,8
Q4-2,2025-08-06,00:00,selected,89967.52062428789,2.9103830456733704e-11,False,0.0,2025-08-03,8
Q4-2,2025-08-07,00:00,selected,87185.59908774702,5.820766091346741e-11,False,0.0,2025-08-03,8
Q4-2,2025-08-08,00:00,selected,45244.952798994665,2.9103830456733704e-11,False,0.0,2025-08-03,8
Q4-2,2025-08-09,00:00,selected,45837.28325567315,1.4551915228366852e-11,False,0.0,2025-08-08,8
Q4-2,2025-08-10,00:00,selected,86330.63417507934,2.9103830456733704e-11,False,0.0,2025-08-08,8
Q4-2,2025-08-11,00:00,selected,85257.76706237593,4.3655745685100555e-11,False,0.0,2025-08-08,8
Q4-2,2025-08-12,00:00,selected,88350.62524472512,1.4551915228366852e-11,False,0.0,2025-08-11,8
Q4-2,2025-08-13,00:00,selected,86309.09239772087,8.731149137020111e-11,False,0.0,2025-08-12,8
Q4-2,2025-08-14,00:00,selected,86520.81408589102,7.275957614183426e-11,False,0.0,2025-08-12,8
Q4-2,2025-08-15,00:00,selected,46261.38673973168,1.8189894035458565e-11,False,0.0,2025-08-12,8
Q4-2,2025-08-16,00:00,selected,46121.31813325246,2.1827872842550278e-11,False,0.0,2025-08-12,8
Q4-2,2025-08-17,00:00,selected,84062.47027322292,1.4551915228366852e-11,False,0.0,2025-08-12,8
Q4-2,2025-08-18,00:00,selected,84995.69228924676,3.2741809263825417e-11,False,0.0,2025-08-12,8
Q4-2,2025-08-19,00:00,selected,86704.89031650733,4.3655745685100555e-11,False,0.0,2025-08-12,8
Q4-2,2025-08-20,00:00,selected,84072.056608394,4.3655745685100555e-11,False,0.0,2025-08-12,8
Q4-2,2025-08-21,00:00,selected,82542.98842944762,9.777068044058979e-12,False,0.0,2025-08-12,8
Q4-2,2025-08-22,00:00,selected,45152.22923744477,2.1827872842550278e-11,False,0.0,2025-08-19,8
Q4-2,2025-08-23,00:00,selected,44418.183471120006,2.9103830456733704e-11,False,0.0,2025-08-19,8
Q4-2,2025-08-24,00:00,selected,81882.00236273323,4.18367562815547e-11,False,0.0,2025-08-19,8
Q4-2,2025-08-25,00:00,selected,82609.38871934633,2.9103830456733704e-11,False,0.0,2025-08-19,8
Q4-2,2025-08-26,00:00,selected,81607.98416477989,5.820766091346741e-11,False,0.0,2025-08-25,8
Q4-2,2025-08-27,00:00,selected,82189.3877690228,2.9103830456733704e-11,False,0.0,2025-08-25,8
Q4-2,2025-08-28,00:00,selected,82062.95422664307,4.3655745685100555e-11,False,0.0,2025-08-25,8
Q4-2,2025-08-29,00:00,selected,43518.8261835816,2.1827872842550278e-11,False,0.0,2025-08-28,8
Q4-2,2025-08-30,00:00,selected,43565.685169087934,3.637978807091713e-11,False,0.0,2025-08-28,8
Q4-2,2025-08-31,00:00,selected,79377.02375480074,8.731149137020111e-11,False,0.0,2025-08-28,8
Q4-2,2025-09-01,00:00,selected,69405.70939053313,1.6370904631912708e-11,False,0.0,2025-08-28,8
Q4-2,2025-09-02,00:00,selected,67832.06095390911,2.1827872842550278e-11,False,0.0,2025-09-01,8
Q4-2,2025-09-03,00:00,selected,66692.32689637205,1.4551915228366852e-11,False,0.0,2025-09-01,8
Q4-2,2025-09-04,00:00,selected,64629.575127201315,8.526512829121202e-12,False,0.0,2025-09-01,8
Q4-2,2025-09-05,00:00,selected,32436.503294997783,7.275957614183426e-12,False,0.0,2025-09-01,8
Q4-2,2025-09-06,00:00,selected,32354.058988467976,3.637978807091713e-12,False,0.0,2025-09-05,8
Q4-2,2025-09-07,00:00,selected,61674.19672661696,3.637978807091713e-11,False,0.0,2025-09-06,8
Q4-2,2025-09-08,00:00,selected,62470.67308535108,1.4551915228366852e-11,False,0.0,2025-09-06,8
Q4-2,2025-09-09,00:00,selected,61396.041906458406,2.1827872842550278e-11,False,0.0,2025-09-08,8
Q4-2,2025-09-10,00:00,selected,63079.90008638351,1.4551915228366852e-11,False,0.0,2025-09-08,8
Q4-2,2025-09-11,00:00,selected,61430.79009603144,2.1827872842550278e-11,False,0.0,2025-09-10,8
Q4-2,2025-09-12,00:00,selected,32161.38325730814,7.275957614183426e-12,False,0.0,2025-09-10,8
Q4-2,2025-09-13,00:00,selected,32176.393913649717,1.4551915228366852e-11,False,0.0,2025-09-10,8
Q4-2,2025-09-14,00:00,selected,60920.69567368452,2.1827872842550278e-11,False,0.0,2025-09-10,8
Q4-2,2025-09-15,00:00,selected,61753.48025876928,7.275957614183426e-12,False,0.0,2025-09-10,8
Q4-2,2025-09-16,00:00,selected,61872.385459186946,3.637978807091713e-11,False,0.0,2025-09-10,8
Q4-2,2025-09-17,00:00,selected,63231.88053991985,4.3655745685100555e-11,False,0.0,2025-09-10,8
Q4-2,2025-09-18,00:00,selected,61265.89226330888,1.6370904631912708e-11,False,0.0,2025-09-10,8
Q4-2,2025-09-19,00:00,selected,32837.66210340376,9.947598300641403e-12,False,0.0,2025-09-10,8
Q4-2,2025-09-20,00:00,selected,32495.481936646913,1.8189894035458565e-11,False,0.0,2025-09-10,8
Q4-2,2025-09-21,00:00,selected,62024.15447508275,1.4551915228366852e-11,False,0.0,2025-09-10,8
Q4-2,2025-09-22,00:00,selected,62861.76913869728,7.275957614183426e-12,False,0.0,2025-09-10,8
Q4-2,2025-09-23,00:00,selected,60761.574317737126,2.9103830456733704e-11,False,0.0,2025-09-20,8
Q4-2,2025-09-24,00:00,selected,62634.62886469342,5.820766091346741e-11,False,0.0,2025-09-10,8
Q4-2,2025-09-25,00:00,selected,61376.67768863654,3.637978807091713e-11,False,0.0,2025-09-10,8
Q4-2,2025-09-26,00:00,selected,31561.878384655018,7.275957614183426e-12,False,0.0,2025-09-10,8
Q4-2,2025-09-27,00:00,selected,32370.731418417916,7.275957614183426e-12,False,0.0,2025-09-10,8
Q4-2,2025-09-28,00:00,selected,61381.1359589301,2.1827872842550278e-11,False,0.0,2025-09-10,8
Q4-2,2025-09-29,00:00,selected,61463.4280621752,3.5652192309498787e-10,False,0.0,2025-09-10,8
Q4-2,2025-09-30,00:00,selected,60869.94730703481,5.4569682106375694e-11,False,0.0,2025-09-10,8
Q4-2,2025-10-01,00:00,selected,59204.58440968423,4.3655745685100555e-11,False,0.0,2025-09-10,8
Q4-2,2025-10-02,00:00,selected,57468.92824141673,1.1368683772161603e-10,False,0.0,2025-09-10,8
Q4-2,2025-10-03,00:00,selected,27954.08362610368,8.439658962640296e-12,False,0.0,2025-10-02,8
Q4-2,2025-10-04,00:00,selected,29049.957079751257,2.1827872842550278e-11,False,0.0,2025-10-02,8
Q4-2,2025-10-05,00:00,selected,56868.62287352287,2.9103830456733704e-11,False,0.0,2025-10-02,8
Q4-2,2025-10-06,00:00,selected,56113.73060967292,2.1827872842550278e-11,False,0.0,2025-10-02,8
Q4-2,2025-10-07,00:00,selected,52186.071947529716,3.637978807091713e-11,False,0.0,2025-10-05,8
Q4-2,2025-10-08,00:00,selected,52685.32400809855,7.275957614183426e-12,False,0.0,2025-10-05,8
Q4-2,2025-10-09,00:00,selected,51936.772016622745,4.3655745685100555e-11,False,0.0,2025-10-05,8
Q4-2,2025-10-10,00:00,selected,26189.376097277633,4.263256414560601e-12,False,0.0,2025-10-05,8
Q4-2,2025-10-11,00:00,selected,26311.926374320534,7.077005648170598e-12,False,0.0,2025-10-10,8
Q4-2,2025-10-12,00:00,selected,51926.036610630275,2.9103830456733704e-11,False,0.0,2025-10-10,8
Q4-2,2025-10-13,00:00,selected,51815.9038589908,1.4551915228366852e-11,False,0.0,2025-10-10,8
Q4-2,2025-10-14,00:00,selected,51663.602003584274,1.4551915228366852e-11,False,0.0,2025-10-10,8
Q4-2,2025-10-15,00:00,selected,52146.62530526256,2.1827872842550278e-11,False,0.0,2025-10-10,8
Q4-2,2025-10-16,00:00,selected,51645.902818380564,1.5688783605583012e-11,False,0.0,2025-10-10,8
Q4-2,2025-10-17,00:00,selected,26910.957644811595,3.836930773104541e-12,False,0.0,2025-10-16,8
Q4-2,2025-10-18,00:00,selected,26792.034613740547,1.0913936421275139e-11,False,0.0,2025-10-16,8
Q4-2,2025-10-19,00:00,selected,58714.89478908384,1.4551915228366852e-11,False,0.0,2025-10-16,8
Q4-2,2025-10-20,00:00,selected,59140.09902084007,4.3655745685100555e-11,False,0.0,2025-10-16,8
Q4-2,2025-10-21,00:00,selected,60166.80392494488,2.9103830456733704e-11,False,0.0,2025-10-16,8
Q4-2,2025-10-22,00:00,selected,58697.52740146842,1.582378672537743e-11,False,0.0,2025-10-21,8
Q4-2,2025-10-23,00:00,selected,57289.42237636763,1.4551915228366852e-11,False,0.0,2025-10-21,8
Q4-2,2025-10-24,00:00,selected,24859.29400372297,1.0913936421275139e-11,False,0.0,2025-10-21,8
Q4-2,2025-10-25,00:00,selected,24875.025443024537,1.8189894035458565e-11,False,0.0,2025-10-21,8
Q4-2,2025-10-26,00:00,selected,55844.9034122195,2.1827872842550278e-11,False,0.0,2025-10-21,8
Q4-2,2025-10-27,00:00,selected,55715.04889767388,5.820766091346741e-11,False,0.0,2025-10-21,8
Q4-2,2025-10-28,00:00,selected,59713.528411550105,4.3655745685100555e-11,False,0.0,2025-10-27,8
Q4-2,2025-10-29,00:00,selected,59375.39903724936,3.637978807091713e-11,False,0.0,2025-10-27,8
Q4-2,2025-10-30,00:00,selected,59413.51277753656,2.1827872842550278e-11,False,0.0,2025-10-29,8
Q4-2,2025-10-31,00:00,selected,28024.87646313665,1.4551915228366852e-11,False,0.0,2025-10-29,8
Q4-2,2025-11-01,00:00,selected,27789.06594264853,5.5167123285876394e-11,False,0.0,2025-10-29,8
Q4-2,2025-11-02,00:00,selected,60962.4355798763,7.275957614183426e-12,False,0.0,2025-10-29,8
Q4-2,2025-11-03,00:00,selected,61809.219992276565,7.275957614183426e-12,False,0.0,2025-10-29,8
Q4-2,2025-11-04,00:00,selected,62956.73641835451,2.9103830456733704e-11,False,0.0,2025-10-29,8
Q4-2,2025-11-05,00:00,selected,63141.02363242727,3.637978807091713e-11,False,0.0,2025-10-29,8
Q4-2,2025-11-06,00:00,selected,61889.45201752003,2.0889956431346945e-11,False,0.0,2025-10-29,8
Q4-2,2025-11-07,00:00,selected,30205.240729090052,2.546585164964199e-11,False,0.0,2025-11-06,8
Q4-2,2025-11-08,00:00,selected,30547.06723006698,4.547473508864641e-12,False,0.0,2025-11-07,8
Q4-2,2025-11-09,00:00,selected,63946.4080668131,3.637978807091713e-11,False,0.0,2025-11-08,8
Q4-2,2025-11-10,00:00,selected,64624.18218569294,1.432454155292362e-11,False,0.0,2025-11-08,8
Q4-2,2025-11-11,00:00,selected,66508.79464866417,2.9103830456733704e-11,False,0.0,2025-11-10,8
Q4-2,2025-11-12,00:00,selected,66066.69092659374,2.1827872842550278e-11,False,0.0,2025-11-10,8
Q4-2,2025-11-13,00:00,selected,67076.35282498515,2.1827872842550278e-11,False,0.0,2025-11-10,8
Q4-2,2025-11-14,00:00,selected,32812.92487648177,1.0913936421275139e-11,False,0.0,2025-11-10,8
Q4-2,2025-11-15,00:00,selected,33611.60027406294,1.0913936421275139e-11,False,0.0,2025-11-10,8
Q4-2,2025-11-16,00:00,selected,67888.48437344245,2.9103830456733704e-11,False,0.0,2025-11-10,8
Q4-2,2025-11-17,00:00,selected,67503.15704787364,3.232969447708456e-11,False,0.0,2025-11-10,8
Q4-2,2025-11-18,00:00,selected,69511.25733133017,2.1827872842550278e-11,False,0.0,2025-11-10,8
Q4-2,2025-11-19,00:00,selected,69958.88038081989,3.8767211663071066e-11,False,0.0,2025-11-10,8
Q4-2,2025-11-20,00:00,selected,69149.58161126163,7.275957614183426e-12,False,0.0,2025-11-10,8
Q4-2,2025-11-21,00:00,selected,34669.93974123338,1.460875864722766e-11,False,0.0,2025-11-10,8
Q4-2,2025-11-22,00:00,selected,35368.01611968766,1.0913936421275139e-11,False,0.0,2025-11-10,8
Q4-2,2025-11-23,00:00,selected,70744.64465050703,2.9103830456733704e-11,False,0.0,2025-11-10,8
Q4-2,2025-11-24,00:00,selected,70368.59716317631,2.140865262845182e-11,False,0.0,2025-11-10,8
Q4-2,2025-11-25,00:00,selected,71404.72645960194,4.445155354915187e-11,False,0.0,2025-11-10,8
Q4-2,2025-11-26,00:00,selected,72537.15689444872,2.9103830456733704e-11,False,0.0,2025-11-10,8
Q4-2,2025-11-27,00:00,selected,71298.2929165041,2.9103830456733704e-11,False,0.0,2025-11-15,8
Q4-2,2025-11-28,00:00,selected,35708.14020898089,3.485767412444346e-11,False,0.0,2025-11-15,8
Q4-2,2025-11-29,00:00,selected,36761.32878000657,2.9665719117140875e-11,False,0.0,2025-11-24,8
Q4-2,2025-11-30,00:00,selected,74458.50301385386,2.9103830456733704e-11,False,0.0,2025-11-29,8
Q4-2,2025-12-01,00:00,selected,80330.84146369237,4.9438062035683956e-11,False,0.0,2025-11-30,8
Q4-2,2025-12-02,00:00,selected,86666.51655335484,1.4551915228366852e-11,False,0.0,2025-12-01,8
Q4-2,2025-12-03,00:00,selected,89035.78095184069,1.4551915228366852e-11,False,0.0,2025-12-02,8
Q4-2,2025-12-04,00:00,selected,88885.42097156595,1.3983481039758772e-11,False,0.0,2025-12-02,8
Q4-2,2025-12-05,00:00,selected,48614.130670570376,4.3655745685100555e-11,False,0.0,2025-12-02,8
Q4-2,2025-12-06,00:00,selected,49946.474032032726,2.9103830456733704e-11,False,0.0,2025-12-02,8
Q4-2,2025-12-07,00:00,selected,92340.64332772809,4.3655745685100555e-11,False,0.0,2025-12-06,8
Q4-2,2025-12-08,00:00,selected,93914.86436031695,3.57273220453099e-11,False,0.0,2025-12-06,8
Q4-2,2025-12-09,00:00,selected,92988.22103546621,8.731149137020111e-11,False,0.0,2025-12-06,8
Q4-2,2025-12-10,00:00,selected,94878.63019741027,7.275957614183426e-11,False,0.0,2025-12-06,8
Q4-2,2025-12-11,00:00,selected,93160.03237972321,2.9103830456733704e-11,False,0.0,2025-12-06,8
Q4-2,2025-12-12,00:00,selected,53733.86421822016,2.1827872842550278e-11,False,0.0,2025-12-06,8
Q4-2,2025-12-13,00:00,selected,54484.057748860294,2.1827872842550278e-11,False,0.0,2025-12-12,8
Q4-2,2025-12-14,00:00,selected,96561.37964498998,5.820766091346741e-11,False,0.0,2025-12-09,8
Q4-2,2025-12-15,00:00,selected,96601.65539043704,4.3655745685100555e-11,False,0.0,2025-12-07,8
Q4-2,2025-12-16,00:00,selected,96439.6063382478,4.3655745685100555e-11,False,0.0,2025-12-07,8
Q4-2,2025-12-17,00:00,selected,97223.29317872965,4.3655745685100555e-11,False,0.0,2025-12-07,8
Q4-2,2025-12-18,00:00,selected,96787.6856004133,2.120259523508139e-11,False,0.0,2025-12-07,8
Q4-2,2025-12-19,00:00,selected,56385.51523972066,1.4551915228366852e-11,False,0.0,2025-12-07,8
Q4-2,2025-12-20,00:00,selected,56060.66698958567,1.4580336937797256e-11,False,0.0,2025-12-19,8
Q4-2,2025-12-21,00:00,selected,98145.33683476478,2.9103830456733704e-11,False,0.0,2025-12-19,8
Q4-2,2025-12-22,00:00,selected,98749.21271269613,8.731149137020111e-11,False,0.0,2025-12-19,8
Q4-2,2025-12-23,00:00,selected,98954.50381836793,1.779199010343291e-11,False,0.0,2025-12-19,8
Q4-2,2025-12-24,00:00,selected,97981.313356852,2.9103830456733704e-11,False,0.0,2025-12-19,8
Q4-2,2025-12-25,00:00,selected,98159.8697848995,5.820766091346741e-11,False,0.0,2025-12-19,8
Q4-2,2025-12-26,00:00,selected,55185.251321562755,2.9103830456733704e-11,False,0.0,2025-12-19,8
Q4-2,2025-12-27,00:00,selected,55511.988019718985,1.4551915228366852e-11,False,0.0,2025-12-19,8
Q4-2,2025-12-28,00:00,selected,98721.34482242384,2.9103830456733704e-11,False,0.0,2025-12-19,8
Q4-2,2025-12-29,00:00,selected,99523.01505241272,7.275957614183426e-11,False,0.0,2025-12-19,8
Q4-2,2025-12-30,00:00,selected,99039.27140594312,2.9103830456733704e-11,False,0.0,2025-12-19,8
Q4-2,2025-12-31,00:00,selected,100125.41843396447,2.9103830456733704e-11,False,0.0,2025-12-19,8
Q4-3,2025-02-01,00:00,selected,34876.21131743097,1.0913936421275139e-11,False,0.0,2025-01-31,8
Q4-3,2025-02-01,06:00,keep,24269.342703295228,9.094947017729282e-13,False,0.0,2025-01-28,8
Q4-3,2025-02-01,06:00,selected,24269.342703295228,9.094947017729282e-13,False,0.0,2025-01-28,8
Q4-3,2025-02-01,12:00,keep,18595.480369410663,9.094947017729282e-13,False,0.0,2025-01-31,8
Q4-3,2025-02-01,12:00,selected,18595.480369410663,9.094947017729282e-13,False,0.0,2025-01-31,8
Q4-3,2025-02-01,18:00,keep,9780.051423271034,3.410605131648481e-12,False,0.0,2025-01-27,8
Q4-3,2025-02-01,18:00,selected,9780.051423271034,3.410605131648481e-12,False,0.0,2025-01-27,8
Q4-3,2025-02-02,00:00,selected,84028.16149618701,3.0951241569709964e-11,False,0.0,2025-02-01,8
Q4-3,2025-02-02,06:00,keep,67855.5420093794,9.094947017729282e-13,False,0.0,2025-01-28,8
Q4-3,2025-02-02,06:00,selected,67855.5420093794,9.094947017729282e-13,False,0.0,2025-01-28,8
Q4-3,2025-02-02,12:00,keep,46827.69511205771,1.2278178473934531e-11,False,0.0,2025-01-29,8
Q4-3,2025-02-02,12:00,selected,46827.69511205771,1.2278178473934531e-11,False,0.0,2025-01-29,8
Q4-3,2025-02-02,18:00,keep,18642.193349993067,3.183231456205249e-12,False,0.0,2025-01-27,8
Q4-3,2025-02-02,18:00,selected,18642.193349993067,3.183231456205249e-12,False,0.0,2025-01-27,8
Q4-3,2025-02-03,00:00,selected,87560.73820072472,2.9103830456733704e-11,False,0.0,2025-02-02,8
Q4-3,2025-02-03,06:00,keep,71359.30863898716,1.4551915228366852e-11,False,0.0,2025-01-28,8
Q4-3,2025-02-03,06:00,selected,71359.30863898716,1.4551915228366852e-11,False,0.0,2025-01-28,8
Q4-3,2025-02-03,12:00,keep,49236.715283913094,8.86757334228605e-12,False,0.0,2025-02-02,8
Q4-3,2025-02-03,12:00,selected,49236.715283913094,8.86757334228605e-12,False,0.0,2025-02-02,8
Q4-3,2025-02-03,18:00,keep,18734.361764864483,5.229594535194337e-12,False,0.0,2025-01-27,8
Q4-3,2025-02-03,18:00,selected,18734.361764864483,5.229594535194337e-12,False,0.0,2025-01-27,8
Q4-3,2025-02-04,00:00,selected,90618.46192508985,2.9103830456733704e-11,False,0.0,2025-02-02,8
Q4-3,2025-02-04,06:00,keep,74388.83989362931,1.8189894035458565e-12,False,0.0,2025-02-03,8
Q4-3,2025-02-04,06:00,selected,74388.83989362931,1.8189894035458565e-12,False,0.0,2025-02-03,8
Q4-3,2025-02-04,12:00,keep,51525.021272447266,1.8189894035458565e-12,False,0.0,2025-02-02,8
Q4-3,2025-02-04,12:00,selected,51525.021272447266,1.8189894035458565e-12,False,0.0,2025-02-02,8
Q4-3,2025-02-04,18:00,keep,18815.380283477447,6.110667527536862e-12,False,0.0,2025-01-27,8
Q4-3,2025-02-04,18:00,selected,18815.380283477447,6.110667527536862e-12,False,0.0,2025-01-27,8
Q4-3,2025-02-05,00:00,selected,85071.40826040869,5.820766091346741e-11,False,0.0,2025-02-02,8
Q4-3,2025-02-05,06:00,keep,68069.88797927128,9.094947017729282e-13,False,0.0,2025-02-03,8
Q4-3,2025-02-05,06:00,selected,68069.88797927128,9.094947017729282e-13,False,0.0,2025-02-03,8
Q4-3,2025-02-05,12:00,keep,47535.550183842366,8.640199666842818e-12,False,0.0,2025-02-04,8
Q4-3,2025-02-05,12:00,selected,47535.550183842366,8.640199666842818e-12,False,0.0,2025-02-04,8
Q4-3,2025-02-05,18:00,keep,18084.25965298812,1.8189894035458565e-12,False,0.0,2025-02-04,8
Q4-3,2025-02-05,18:00,selected,18084.25965298812,1.8189894035458565e-12,False,0.0,2025-02-04,8
Q4-3,2025-02-06,00:00,selected,90588.11596888321,2.9103830456733704e-11,False,0.0,2025-02-02,8
Q4-3,2025-02-06,06:00,keep,74164.49659184559,9.094947017729282e-13,False,0.0,2025-02-03,8
Q4-3,2025-02-06,06:00,selected,74164.49659184559,9.094947017729282e-13,False,0.0,2025-02-03,8
Q4-3,2025-02-06,12:00,keep,51439.482937423556,9.094947017729282e-13,False,0.0,2025-02-04,8
Q4-3,2025-02-06,12:00,selected,51439.482937423556,9.094947017729282e-13,False,0.0,2025-02-04,8
Q4-3,2025-02-06,18:00,keep,17995.843480917818,4.860112312599085e-12,False,0.0,2025-02-05,8
Q4-3,2025-02-06,18:00,selected,17995.843480917818,4.860112312599085e-12,False,0.0,2025-02-05,8
Q4-3,2025-02-07,00:00,selected,36202.298282890086,1.0913936421275139e-11,False,0.0,2025-02-02,8
Q4-3,2025-02-07,06:00,keep,25852.575966995475,4.547473508864641e-13,False,0.0,2025-02-03,8
Q4-3,2025-02-07,06:00,selected,25852.575966995475,4.547473508864641e-13,False,0.0,2025-02-03,8
Q4-3,2025-02-07,12:00,keep,18784.299081904996,9.094947017729282e-13,False,0.0,2025-02-04,8
Q4-3,2025-02-07,12:00,selected,18784.299081904996,9.094947017729282e-13,False,0.0,2025-02-04,8
Q4-3,2025-02-07,18:00,keep,9943.083492410291,2.2737367544323206e-13,False,0.0,2025-02-05,8
Q4-3,2025-02-07,18:00,selected,9943.083492410291,2.2737367544323206e-13,False,0.0,2025-02-05,8
Q4-3,2025-02-08,00:00,selected,30549.93980769458,9.663381206337363e-12,False,0.0,2025-02-07,8
Q4-3,2025-02-08,06:00,keep,20917.93694326349,1.8189894035458565e-12,False,0.0,2025-02-07,8
Q4-3,2025-02-08,06:00,selected,20917.93694326349,1.8189894035458565e-12,False,0.0,2025-02-07,8
Q4-3,2025-02-08,12:00,keep,16291.57504058328,9.094947017729282e-13,False,0.0,2025-02-04,8
Q4-3,2025-02-08,12:00,selected,16291.57504058328,9.094947017729282e-13,False,0.0,2025-02-04,8
Q4-3,2025-02-08,18:00,keep,9847.576742091136,0.0,False,0.0,2025-02-05,8
Q4-3,2025-02-08,18:00,selected,9847.576742091136,0.0,False,0.0,2025-02-05,8
Q4-3,2025-02-09,00:00,selected,85460.24095182943,2.9103830456733704e-11,False,0.0,2025-02-08,8
Q4-3,2025-02-09,06:00,keep,69444.65391706173,9.094947017729282e-13,False,0.0,2025-02-07,8
Q4-3,2025-02-09,06:00,selected,69444.65391706173,9.094947017729282e-13,False,0.0,2025-02-07,8
Q4-3,2025-02-09,12:00,keep,45124.79979624117,2.084732386720134e-11,False,0.0,2025-02-04,8
Q4-3,2025-02-09,12:00,selected,45124.79979624117,2.084732386720134e-11,False,0.0,2025-02-04,8
Q4-3,2025-02-09,18:00,keep,18037.567329865975,4.519051799434237e-12,False,0.0,2025-02-05,8
Q4-3,2025-02-09,18:00,selected,18037.567329865975,4.519051799434237e-12,False,0.0,2025-02-05,8
Q4-3,2025-02-10,00:00,selected,78426.86543957464,1.4551915228366852e-11,False,0.0,2025-02-08,8
Q4-3,2025-02-10,06:00,keep,62451.38918280149,4.547473508864641e-13,False,0.0,2025-02-07,8
Q4-3,2025-02-10,06:00,selected,62451.38918280149,4.547473508864641e-13,False,0.0,2025-02-07,8
Q4-3,2025-02-10,12:00,keep,45119.81891571203,7.275957614183426e-12,False,0.0,2025-02-04,8
Q4-3,2025-02-10,12:00,selected,45119.81891571203,7.275957614183426e-12,False,0.0,2025-02-04,8
Q4-3,2025-02-10,18:00,keep,17550.61661293025,5.6843418860808015e-12,False,0.0,2025-02-05,8
Q4-3,2025-02-10,18:00,selected,17550.61661293025,5.6843418860808015e-12,False,0.0,2025-02-05,8
Q4-3,2025-02-11,00:00,selected,80577.99886809263,2.9103830456733704e-11,False,0.0,2025-02-08,8
Q4-3,2025-02-11,06:00,keep,64221.60802672836,9.094947017729282e-13,False,0.0,2025-02-10,8
Q4-3,2025-02-11,06:00,selected,64221.60802672836,9.094947017729282e-13,False,0.0,2025-02-10,8
Q4-3,2025-02-11,12:00,keep,46907.772737855805,1.2889245226688217e-11,False,0.0,2025-02-04,8
Q4-3,2025-02-11,12:00,selected,46907.772737855805,1.2889245226688217e-11,False,0.0,2025-02-04,8
Q4-3,2025-02-11,18:00,keep,18190.919819254847,3.865352482534945e-12,False,0.0,2025-02-05,8
Q4-3,2025-02-11,18:00,selected,18190.919819254847,3.865352482534945e-12,False,0.0,2025-02-05,8
Q4-3,2025-02-12,00:00,selected,80390.96022716213,1.1641532182693481e-10,False,0.0,2025-02-08,8
Q4-3,2025-02-12,06:00,keep,64429.031550885105,2.842170943040401e-14,False,0.0,2025-02-10,8
Q4-3,2025-02-12,06:00,selected,64429.031550885105,2.842170943040401e-14,False,0.0,2025-02-10,8
Q4-3,2025-02-12,12:00,keep,45680.51908154203,1.2104983682093007e-11,False,0.0,2025-02-04,8
Q4-3,2025-02-12,12:00,selected,45680.51908154203,1.2104983682093007e-11,False,0.0,2025-02-04,8
Q4-3,2025-02-12,18:00,keep,18352.79088620895,6.991740519879386e-12,False,0.0,2025-02-05,8
Q4-3,2025-02-12,18:00,selected,18352.79088620895,6.991740519879386e-12,False,0.0,2025-02-05,8
Q4-3,2025-02-13,00:00,selected,73715.98964293493,1.1652900866465643e-11,False,0.0,2025-02-08,8
Q4-3,2025-02-13,06:00,keep,57647.0915429662,9.094947017729282e-13,False,0.0,2025-02-10,8
Q4-3,2025-02-13,06:00,selected,57647.0915429662,9.094947017729282e-13,False,0.0,2025-02-10,8
Q4-3,2025-02-13,12:00,keep,41956.46597252395,1.5120349416974932e-11,False,0.0,2025-02-04,8
Q4-3,2025-02-13,12:00,selected,41956.46597252395,1.5120349416974932e-11,False,0.0,2025-02-04,8
Q4-3,2025-02-13,18:00,keep,17542.764344693544,4.263256414560601e-12,False,0.0,2025-02-05,8
Q4-3,2025-02-13,18:00,selected,17542.764344693544,4.263256414560601e-12,False,0.0,2025-02-05,8
Q4-3,2025-02-14,00:00,selected,32479.019657598183,1.4551915228366852e-11,False,0.0,2025-02-08,8
Q4-3,2025-02-14,06:00,keep,21943.830902667614,3.637978807091713e-12,False,0.0,2025-02-10,8
Q4-3,2025-02-14,06:00,selected,21943.830902667614,3.637978807091713e-12,False,0.0,2025-02-10,8
Q4-3,2025-02-14,12:00,keep,15660.792009192935,1.8189894035458565e-12,False,0.0,2025-02-04,8
Q4-3,2025-02-14,12:00,selected,15660.792009192935,1.8189894035458565e-12,False,0.0,2025-02-04,8
Q4-3,2025-02-14,18:00,keep,9356.493467456901,0.0,False,0.0,2025-02-05,8
Q4-3,2025-02-14,18:00,selected,9356.493467456901,0.0,False,0.0,2025-02-05,8
Q4-3,2025-02-15,00:00,selected,33167.15941784191,1.0913936421275139e-11,False,0.0,2025-02-08,8
Q4-3,2025-02-15,06:00,keep,21575.776627382835,1.8189894035458565e-12,False,0.0,2025-02-10,8
Q4-3,2025-02-15,06:00,selected,21575.776627382835,1.8189894035458565e-12,False,0.0,2025-02-10,8
Q4-3,2025-02-15,12:00,keep,17712.68503737397,9.094947017729282e-13,False,0.0,2025-02-04,8
Q4-3,2025-02-15,12:00,selected,17712.68503737397,9.094947017729282e-13,False,0.0,2025-02-04,8
Q4-3,2025-02-15,18:00,keep,9408.67556675287,1.8189894035458565e-12,False,0.0,2025-02-05,8
Q4-3,2025-02-15,18:00,selected,9408.67556675287,1.8189894035458565e-12,False,0.0,2025-02-05,8
Q4-3,2025-02-16,00:00,selected,81133.13475541955,5.820766091346741e-11,False,0.0,2025-02-08,8
Q4-3,2025-02-16,06:00,keep,64255.15008299219,1.6257217794191092e-11,False,0.0,2025-02-10,8
Q4-3,2025-02-16,06:00,selected,64228.3443034981,7.275957614183426e-12,False,0.0,2025-02-10,8
Q4-3,2025-02-16,12:00,keep,45507.16249548528,1.1993961379630491e-11,False,0.0,2025-02-04,8
Q4-3,2025-02-16,12:00,selected,45507.16249548528,1.1993961379630491e-11,False,0.0,2025-02-04,8
Q4-3,2025-02-16,18:00,keep,17722.549766771153,5.002220859751105e-12,False,0.0,2025-02-05,8
Q4-3,2025-02-16,18:00,selected,17720.80535187493,2.3874235921539366e-12,False,0.0,2025-02-05,8
Q4-3,2025-02-17,00:00,selected,79336.31384337058,5.093170329928398e-11,False,0.0,2025-02-08,8
Q4-3,2025-02-17,06:00,keep,62049.18670660751,8.412825991399586e-12,False,0.0,2025-02-10,8
Q4-3,2025-02-17,06:00,selected,62031.91510595204,1.602984411874786e-11,False,0.0,2025-02-10,8
Q4-3,2025-02-17,12:00,keep,43684.7758182249,9.29389898374211e-12,False,0.0,2025-02-04,8
Q4-3,2025-02-17,12:00,selected,43684.7758182249,9.29389898374211e-12,False,0.0,2025-02-04,8
Q4-3,2025-02-17,18:00,keep,18043.287397693057,6.0254023992456496e-12,False,0.0,2025-02-05,8
Q4-3,2025-02-17,18:00,selected,18043.287397693057,6.0254023992456496e-12,False,0.0,2025-02-05,8
Q4-3,2025-02-18,00:00,selected,70475.99722488048,2.1827872842550278e-11,False,0.0,2025-02-17,8
Q4-3,2025-02-18,06:00,keep,53675.442040059876,9.094947017729282e-13,False,0.0,2025-02-10,8
Q4-3,2025-02-18,06:00,selected,53642.105076591186,4.092726157978177e-12,False,0.0,2025-02-10,8
Q4-3,2025-02-18,12:00,keep,38671.17226838909,1.332978172285948e-11,False,0.0,2025-02-04,8
Q4-3,2025-02-18,12:00,selected,38671.17226838909,1.332978172285948e-11,False,0.0,2025-02-04,8
Q4-3,2025-02-18,18:00,keep,17232.528599264097,4.206412995699793e-12,False,0.0,2025-02-05,8
Q4-3,2025-02-18,18:00,selected,17224.942671321904,3.865352482534945e-12,False,0.0,2025-02-05,8
Q4-3,2025-02-19,00:00,selected,71251.67981742763,2.2509993868879974e-11,False,0.0,2025-02-17,8
Q4-3,2025-02-19,06:00,keep,55091.26419877461,9.094947017729282e-13,False,0.0,2025-02-10,8
Q4-3,2025-02-19,06:00,selected,55091.26419877461,9.094947017729282e-13,False,0.0,2025-02-10,8
Q4-3,2025-02-19,12:00,keep,40334.93679966534,7.275957614183426e-12,False,0.0,2025-02-18,8
Q4-3,2025-02-19,12:00,selected,40334.93679966534,7.275957614183426e-12,False,0.0,2025-02-18,8
Q4-3,2025-02-19,18:00,keep,18471.52888488737,4.263256414560601e-12,False,0.0,2025-02-05,8
Q4-3,2025-02-19,18:00,selected,18471.52888488737,4.263256414560601e-12,False,0.0,2025-02-05,8
Q4-3,2025-02-20,00:00,selected,74435.85788109664,1.3528733688872308e-11,False,0.0,2025-02-17,8
Q4-3,2025-02-20,06:00,keep,57801.38653512293,7.275957614183426e-12,False,0.0,2025-02-10,8
Q4-3,2025-02-20,06:00,selected,57791.33760485175,1.4551915228366852e-11,False,0.0,2025-02-10,8
Q4-3,2025-02-20,12:00,keep,40444.0362678601,7.275957614183426e-12,False,0.0,2025-02-18,8
Q4-3,2025-02-20,12:00,selected,40444.0362678601,7.275957614183426e-12,False,0.0,2025-02-18,8
Q4-3,2025-02-20,18:00,keep,17986.910105833314,2.9558577807620168e-12,False,0.0,2025-02-05,8
Q4-3,2025-02-20,18:00,selected,17986.910105833314,2.9558577807620168e-12,False,0.0,2025-02-05,8
Q4-3,2025-02-21,00:00,selected,30005.625731476553,8.640199666842818e-12,False,0.0,2025-02-17,8
Q4-3,2025-02-21,06:00,keep,20681.730389416618,9.094947017729282e-13,False,0.0,2025-02-10,8
Q4-3,2025-02-21,06:00,selected,20681.730389416618,9.094947017729282e-13,False,0.0,2025-02-10,8
Q4-3,2025-02-21,12:00,keep,14787.29630636613,1.8189894035458565e-12,False,0.0,2025-02-18,8
Q4-3,2025-02-21,12:00,selected,14787.29630636613,1.8189894035458565e-12,False,0.0,2025-02-18,8
Q4-3,2025-02-21,18:00,keep,9393.806518608677,5.684341886080802e-14,False,0.0,2025-02-05,8
Q4-3,2025-02-21,18:00,selected,9393.806518608677,5.684341886080802e-14,False,0.0,2025-02-05,8
Q4-3,2025-02-22,00:00,selected,30394.72415686889,1.318767317570746e-11,False,0.0,2025-02-21,8
Q4-3,2025-02-22,06:00,keep,20956.34138127594,9.094947017729282e-13,False,0.0,2025-02-10,8
Q4-3,2025-02-22,06:00,selected,20956.34138127594,9.094947017729282e-13,False,0.0,2025-02-10,8
Q4-3,2025-02-22,12:00,keep,16294.744439855234,9.094947017729282e-13,False,0.0,2025-02-18,8
Q4-3,2025-02-22,12:00,selected,16294.744439855234,9.094947017729282e-13,False,0.0,2025-02-18,8
Q4-3,2025-02-22,18:00,keep,9746.272064404207,0.0,False,0.0,2025-02-05,8
Q4-3,2025-02-22,18:00,selected,9746.272064404207,0.0,False,0.0,2025-02-05,8
Q4-3,2025-02-23,00:00,selected,72493.00617493864,1.5916157281026244e-11,False,0.0,2025-02-21,8
Q4-3,2025-02-23,06:00,keep,56970.255731825375,7.275957614183426e-12,False,0.0,2025-02-10,8
Q4-3,2025-02-23,06:00,selected,56759.544928827345,7.275957614183426e-12,False,0.0,2025-02-10,8
Q4-3,2025-02-23,12:00,keep,42163.85479777938,1.7394086171407253e-11,False,0.0,2025-02-18,8
Q4-3,2025-02-23,12:00,selected,42003.065229367065,8.355982572538778e-12,False,0.0,2025-02-18,8
Q4-3,2025-02-23,18:00,keep,18148.83019816752,3.979039320256561e-12,False,0.0,2025-02-05,8
Q4-3,2025-02-23,18:00,selected,18146.721711835125,6.0254023992456496e-12,False,0.0,2025-02-05,8
Q4-3,2025-02-24,00:00,selected,69499.09871938583,3.433342499192804e-11,False,0.0,2025-02-21,8
Q4-3,2025-02-24,06:00,keep,53837.96060420314,7.275957614183426e-12,False,0.0,2025-02-10,8
Q4-3,2025-02-24,06:00,selected,53711.887159579346,7.275957614183426e-12,False,0.0,2025-02-10,8
Q4-3,2025-02-24,12:00,keep,40219.72231211323,1.247713043994736e-11,False,0.0,2025-02-18,8
Q4-3,2025-02-24,12:00,selected,39983.40386200635,1.3699263945454732e-11,False,0.0,2025-02-18,8
Q4-3,2025-02-24,18:00,keep,18347.401668219558,4.490630090003833e-12,False,0.0,2025-02-21,8
Q4-3,2025-02-24,18:00,selected,18345.51946190638,3.808509063674137e-12,False,0.0,2025-02-21,8
Q4-3,2025-02-25,00:00,selected,67784.13180723271,1.4551915228366852e-11,False,0.0,2025-02-21,8
Q4-3,2025-02-25,06:00,keep,51723.53332640396,7.275957614183426e-12,False,0.0,2025-02-24,8
Q4-3,2025-02-25,06:00,selected,51723.53332640396,7.275957614183426e-12,False,0.0,2025-02-24,8
Q4-3,2025-02-25,12:00,keep,39730.391569221116,1.4438228390645236e-11,False,0.0,2025-02-18,8
Q4-3,2025-02-25,12:00,selected,39730.391569221116,1.4438228390645236e-11,False,0.0,2025-02-18,8
Q4-3,2025-02-25,18:00,keep,18250.476269233048,1.8189894035458565e-12,False,0.0,2025-02-21,8
Q4-3,2025-02-25,18:00,selected,18250.476269233048,1.8189894035458565e-12,False,0.0,2025-02-21,8
Q4-3,2025-02-26,00:00,selected,63109.13952395024,4.961754821691338e-10,False,0.0,2025-02-21,8
Q4-3,2025-02-26,06:00,keep,47891.79351814085,7.275957614183426e-12,False,0.0,2025-02-24,8
Q4-3,2025-02-26,06:00,selected,47891.79351814085,7.275957614183426e-12,False,0.0,2025-02-24,8
Q4-3,2025-02-26,12:00,keep,38139.02753930065,1.1823431123048067e-11,False,0.0,2025-02-18,8
Q4-3,2025-02-26,12:00,selected,38139.02753930065,1.1823431123048067e-11,False,0.0,2025-02-18,8
Q4-3,2025-02-26,18:00,keep,18371.1638983601,6.934897101018578e-12,False,0.0,2025-02-21,8
Q4-3,2025-02-26,18:00,selected,18371.1638983601,6.934897101018578e-12,False,0.0,2025-02-21,8
Q4-3,2025-02-27,00:00,selected,63418.61005176777,2.1827872842550278e-11,False,0.0,2025-02-21,8
Q4-3,2025-02-27,06:00,keep,47822.986616200666,7.275957614183426e-12,False,0.0,2025-02-24,8
Q4-3,2025-02-27,06:00,selected,47739.798890392376,1.8189894035458565e-12,False,0.0,2025-02-24,8
Q4-3,2025-02-27,12:00,keep,36464.61825528932,9.094947017729282e-13,False,0.0,2025-02-18,8
Q4-3,2025-02-27,12:00,selected,36464.61825528932,9.094947017729282e-13,False,0.0,2025-02-18,8
Q4-3,2025-02-27,18:00,keep,17985.442129237632,6.30961949354969e-12,False,0.0,2025-02-21,8
Q4-3,2025-02-27,18:00,selected,17985.442129237632,6.30961949354969e-12,False,0.0,2025-02-21,8
Q4-3,2025-02-28,00:00,selected,24865.43144489044,8.380694787656683e-12,False,0.0,2025-02-21,8
Q4-3,2025-02-28,06:00,keep,17032.376119843317,4.547473508864641e-13,False,0.0,2025-02-24,8
Q4-3,2025-02-28,06:00,selected,17032.376119843317,4.547473508864641e-13,False,0.0,2025-02-24,8
Q4-3,2025-02-28,12:00,keep,14443.323714122947,1.8189894035458565e-12,False,0.0,2025-02-18,8
Q4-3,2025-02-28,12:00,selected,14443.323714122947,1.8189894035458565e-12,False,0.0,2025-02-18,8
Q4-3,2025-02-28,18:00,keep,9361.491154732132,0.0,False,0.0,2025-02-21,8
Q4-3,2025-02-28,18:00,selected,9361.491154732132,0.0,False,0.0,2025-02-21,8
Q4-3,2025-03-01,00:00,selected,30410.117342134243,1.2404387054228344e-10,False,0.0,2025-02-21,8
Q4-3,2025-03-01,06:00,keep,21119.863311873385,4.547473508864641e-13,False,0.0,2025-02-24,8
Q4-3,2025-03-01,06:00,selected,21119.863311873385,4.547473508864641e-13,False,0.0,2025-02-24,8
Q4-3,2025-03-01,12:00,keep,17218.91995845651,9.094947017729282e-13,False,0.0,2025-02-18,8
Q4-3,2025-03-01,12:00,selected,17218.91995845651,9.094947017729282e-13,False,0.0,2025-02-18,8
Q4-3,2025-03-01,18:00,keep,9894.376919158167,9.094947017729282e-13,False,0.0,2025-02-21,8
Q4-3,2025-03-01,18:00,selected,9894.376919158167,9.094947017729282e-13,False,0.0,2025-02-21,8
Q4-3,2025-03-02,00:00,selected,72925.69914184164,1.1359927522185496e-10,False,0.0,2025-02-21,8
Q4-3,2025-03-02,06:00,keep,59699.36630845652,7.275957614183426e-12,False,0.0,2025-02-24,8
Q4-3,2025-03-02,06:00,selected,58868.673975367565,1.3642420526593924e-11,False,0.0,2025-02-24,8
Q4-3,2025-03-02,12:00,keep,45808.69493932355,4.547473508864641e-13,False,0.0,2025-02-18,8
Q4-3,2025-03-02,12:00,selected,45808.69493932355,4.547473508864641e-13,False,0.0,2025-02-18,8
Q4-3,2025-03-02,18:00,keep,18472.49624179606,1.8189894035458565e-12,False,0.0,2025-03-01,8
Q4-3,2025-03-02,18:00,selected,18472.49624179606,1.8189894035458565e-12,False,0.0,2025-03-01,8
Q4-3,2025-03-03,00:00,selected,74635.35228144952,7.275957614183426e-12,False,0.0,2025-02-21,8
Q4-3,2025-03-03,06:00,keep,59300.50858196139,2.5835333872237243e-11,False,0.0,2025-03-02,8
Q4-3,2025-03-03,06:00,selected,59300.50858196139,2.5835333872237243e-11,False,0.0,2025-03-02,8
Q4-3,2025-03-03,12:00,keep,42483.240972878826,2.8776980798284058e-12,False,0.0,2025-03-02,8
Q4-3,2025-03-03,12:00,selected,42483.240972878826,2.8776980798284058e-12,False,0.0,2025-03-02,8
Q4-3,2025-03-03,18:00,keep,17070.065564902812,2.3305801732931286e-12,False,0.0,2025-03-01,8
Q4-3,2025-03-03,18:00,selected,17070.065564902812,2.3305801732931286e-12,False,0.0,2025-03-01,8
Q4-3,2025-03-04,00:00,selected,65309.301305937566,1.0632331760767153e-10,False,0.0,2025-02-21,8
Q4-3,2025-03-04,06:00,keep,51321.34950548771,7.275957614183426e-12,False,0.0,2025-03-03,8
Q4-3,2025-03-04,06:00,selected,50767.43296300907,9.094947017729282e-13,False,0.0,2025-03-03,8
Q4-3,2025-03-04,12:00,keep,37750.43506269556,1.0913936421275139e-11,False,0.0,2025-03-03,8
Q4-3,2025-03-04,12:00,selected,37750.43506269556,1.0913936421275139e-11,False,0.0,2025-03-03,8
Q4-3,2025-03-04,18:00,keep,18252.77173136045,4.007461029686965e-12,False,0.0,2025-03-01,8
Q4-3,2025-03-04,18:00,selected,18252.77173136045,4.007461029686965e-12,False,0.0,2025-03-01,8
Q4-3,2025-03-05,00:00,selected,67491.33548282116,1.4551915228366852e-11,False,0.0,2025-02-21,8
Q4-3,2025-03-05,06:00,keep,52685.62072511758,9.094947017729282e-13,False,0.0,2025-03-03,8
Q4-3,2025-03-05,06:00,selected,52685.62072511758,9.094947017729282e-13,False,0.0,2025-03-03,8
Q4-3,2025-03-05,12:00,keep,41101.29354009146,8.433254095052689e-12,False,0.0,2025-03-03,8
Q4-3,2025-03-05,12:00,selected,41101.29354009146,8.433254095052689e-12,False,0.0,2025-03-03,8
Q4-3,2025-03-05,18:00,keep,18176.765308118695,9.094947017729282e-13,False,0.0,2025-03-03,8
Q4-3,2025-03-05,18:00,selected,18176.765308118695,9.094947017729282e-13,False,0.0,2025-03-03,8
Q4-3,2025-03-06,00:00,selected,65201.67190267767,4.3655745685100555e-11,False,0.0,2025-02-21,8
Q4-3,2025-03-06,06:00,keep,50320.81746773782,9.094947017729282e-13,False,0.0,2025-03-03,8
Q4-3,2025-03-06,06:00,selected,50320.81746773782,9.094947017729282e-13,False,0.0,2025-03-03,8
Q4-3,2025-03-06,12:00,keep,39270.75551114628,7.275957614183426e-12,False,0.0,2025-03-03,8
Q4-3,2025-03-06,12:00,selected,39270.75551114628,7.275957614183426e-12,False,0.0,2025-03-03,8
Q4-3,2025-03-06,18:00,keep,17516.610275371313,3.183231456205249e-12,False,0.0,2025-03-03,8
Q4-3,2025-03-06,18:00,selected,17516.610275371313,3.183231456205249e-12,False,0.0,2025-03-03,8
Q4-3,2025-03-07,00:00,selected,28862.891828533415,1.0913936421275139e-11,False,0.0,2025-02-21,8
Q4-3,2025-03-07,06:00,keep,21083.113660583607,9.947598300641403e-13,False,0.0,2025-03-03,8
Q4-3,2025-03-07,06:00,selected,21083.113660583607,9.947598300641403e-13,False,0.0,2025-03-03,8
Q4-3,2025-03-07,12:00,keep,17291.11935589885,1.8189894035458565e-12,False,0.0,2025-03-03,8
Q4-3,2025-03-07,12:00,selected,17291.11935589885,1.8189894035458565e-12,False,0.0,2025-03-03,8
Q4-3,2025-03-07,18:00,keep,9519.179264456785,0.0,False,0.0,2025-03-03,8
Q4-3,2025-03-07,18:00,selected,9519.179264456785,0.0,False,0.0,2025-03-03,8
Q4-3,2025-03-08,00:00,selected,24753.444388898562,7.275957614183426e-12,False,0.0,2025-03-01,8
Q4-3,2025-03-08,06:00,keep,17247.381360348438,9.094947017729282e-13,False,0.0,2025-03-07,8
Q4-3,2025-03-08,06:00,selected,17247.381360348438,9.094947017729282e-13,False,0.0,2025-03-07,8
Q4-3,2025-03-08,12:00,keep,14609.277957888024,9.094947017729282e-13,False,0.0,2025-03-07,8
Q4-3,2025-03-08,12:00,selected,14597.168758631395,1.8189894035458565e-12,False,0.0,2025-03-07,8
Q4-3,2025-03-08,18:00,keep,9338.507484503221,0.0,False,0.0,2025-03-03,8
Q4-3,2025-03-08,18:00,selected,9338.507484503221,0.0,False,0.0,2025-03-03,8
Q4-3,2025-03-09,00:00,selected,66575.6556925457,1.9554136088117957e-11,False,0.0,2025-03-01,8
Q4-3,2025-03-09,06:00,keep,52133.02314319851,7.275957614183426e-12,False,0.0,2025-03-07,8
Q4-3,2025-03-09,06:00,selected,52075.44822874637,1.4551915228366852e-11,False,0.0,2025-03-07,8
Q4-3,2025-03-09,12:00,keep,39719.090539197234,2.1827872842550278e-11,False,0.0,2025-03-07,8
Q4-3,2025-03-09,12:00,selected,39719.090539197234,2.1827872842550278e-11,False,0.0,2025-03-07,8
Q4-3,2025-03-09,18:00,keep,17907.673067416752,1.8189894035458565e-12,False,0.0,2025-03-03,8
Q4-3,2025-03-09,18:00,selected,17840.390717522707,3.637978807091713e-12,False,0.0,2025-03-03,8
Q4-3,2025-03-10,00:00,selected,65731.9634918623,3.410605131648481e-11,False,0.0,2025-03-01,8
Q4-3,2025-03-10,06:00,keep,51021.420648272724,7.275957614183426e-12,False,0.0,2025-03-07,8
Q4-3,2025-03-10,06:00,selected,50981.431941983574,7.275957614183426e-12,False,0.0,2025-03-07,8
Q4-3,2025-03-10,12:00,keep,39394.23544541434,7.275957614183426e-12,False,0.0,2025-03-07,8
Q4-3,2025-03-10,12:00,selected,39237.25862155396,2.1827872842550278e-11,False,0.0,2025-03-07,8
Q4-3,2025-03-10,18:00,keep,18799.780015861023,9.094947017729282e-12,False,0.0,2025-03-03,8
Q4-3,2025-03-10,18:00,selected,18711.144768219045,1.8189894035458565e-12,False,0.0,2025-03-03,8
Q4-3,2025-03-11,00:00,selected,56722.87243665699,2.864908310584724e-11,False,0.0,2025-03-01,8
Q4-3,2025-03-11,06:00,keep,46896.45722976222,2.1827872842550278e-11,False,0.0,2025-03-07,8
Q4-3,2025-03-11,06:00,selected,45588.32657916682,3.637978807091713e-11,False,0.0,2025-03-07,8
Q4-3,2025-03-11,12:00,keep,36641.863841360144,7.275957614183426e-12,False,0.0,2025-03-07,8
Q4-3,2025-03-11,12:00,selected,35471.51326959412,1.2164491636212915e-11,False,0.0,2025-03-07,8
Q4-3,2025-03-11,18:00,keep,17855.673331223446,3.637978807091713e-12,False,0.0,2025-03-03,8
Q4-3,2025-03-11,18:00,selected,17846.9080377863,3.637978807091713e-12,False,0.0,2025-03-03,8
Q4-3,2025-03-12,00:00,selected,63496.620438881575,1.5006662579253316e-11,False,0.0,2025-03-11,8
Q4-3,2025-03-12,06:00,keep,49562.69355589987,7.275957614183426e-12,False,0.0,2025-03-07,8
Q4-3,2025-03-12,06:00,selected,49208.069809208144,7.275957614183426e-12,False,0.0,2025-03-07,8
Q4-3,2025-03-12,12:00,keep,38840.07621555575,3.637978807091713e-12,False,0.0,2025-03-11,8
Q4-3,2025-03-12,12:00,selected,38609.887910625446,7.275957614183426e-12,False,0.0,2025-03-11,8
Q4-3,2025-03-12,18:00,keep,18213.006658376027,1.8189894035458565e-12,False,0.0,2025-03-03,8
Q4-3,2025-03-12,18:00,selected,18173.454152101,5.4569682106375694e-12,False,0.0,2025-03-03,8
Q4-3,2025-03-13,00:00,selected,65007.48855085036,3.637978807091713e-11,False,0.0,2025-03-11,8
Q4-3,2025-03-13,06:00,keep,52256.42814230982,1.4551915228366852e-11,False,0.0,2025-03-12,8
Q4-3,2025-03-13,06:00,selected,51588.31024625544,2.1827872842550278e-11,False,0.0,2025-03-12,8
Q4-3,2025-03-13,12:00,keep,36671.40593177577,3.637978807091713e-12,False,0.0,2025-03-11,8
Q4-3,2025-03-13,12:00,selected,36171.09982057081,1.8189894035458565e-11,False,0.0,2025-03-11,8
Q4-3,2025-03-13,18:00,keep,17346.359214693788,1.8189894035458565e-12,False,0.0,2025-03-03,8
Q4-3,2025-03-13,18:00,selected,17274.73592748059,3.637978807091713e-12,False,0.0,2025-03-03,8
Q4-3,2025-03-14,00:00,selected,22309.211041922477,6.821210263296962e-12,False,0.0,2025-03-11,8
Q4-3,2025-03-14,06:00,keep,15276.610846771198,1.8189894035458565e-12,False,0.0,2025-03-12,8
Q4-3,2025-03-14,06:00,selected,15088.084540401285,1.8189894035458565e-12,False,0.0,2025-03-12,8
Q4-3,2025-03-14,12:00,keep,13214.261911876727,1.8189894035458565e-12,False,0.0,2025-03-11,8
Q4-3,2025-03-14,12:00,selected,13065.035767592924,1.9895196601282805e-12,False,0.0,2025-03-11,8
Q4-3,2025-03-14,18:00,keep,8930.67938817184,2.2737367544323206e-13,False,0.0,2025-03-03,8
Q4-3,2025-03-14,18:00,selected,8930.67938817184,2.2737367544323206e-13,False,0.0,2025-03-03,8
Q4-3,2025-03-15,00:00,selected,24787.16631918779,7.275957614183426e-12,False,0.0,2025-03-11,8
Q4-3,2025-03-15,06:00,keep,17200.545229135856,1.8189894035458565e-12,False,0.0,2025-03-12,8
Q4-3,2025-03-15,06:00,selected,16610.959946315696,1.8189894035458565e-12,False,0.0,2025-03-12,8
Q4-3,2025-03-15,12:00,keep,14124.913447894172,1.8189894035458565e-12,False,0.0,2025-03-11,8
Q4-3,2025-03-15,12:00,selected,13499.478986279093,1.8189894035458565e-12,False,0.0,2025-03-11,8
Q4-3,2025-03-15,18:00,keep,9455.269311040674,9.094947017729282e-13,False,0.0,2025-03-03,8
Q4-3,2025-03-15,18:00,selected,9369.2854284002,9.094947017729282e-13,False,0.0,2025-03-03,8
Q4-3,2025-03-16,00:00,selected,60354.393375687374,1.000444171950221e-11,False,0.0,2025-03-11,8
Q4-3,2025-03-16,06:00,keep,49183.664497945116,2.1827872842550278e-11,False,0.0,2025-03-15,8
Q4-3,2025-03-16,06:00,selected,47998.220774842535,1.4551915228366852e-11,False,0.0,2025-03-15,8
Q4-3,2025-03-16,12:00,keep,39511.77613996991,1.8189894035458565e-11,False,0.0,2025-03-15,8
Q4-3,2025-03-16,12:00,selected,38725.43743770105,1.4097167877480388e-11,False,0.0,2025-03-15,8
Q4-3,2025-03-16,18:00,keep,18859.612159407927,5.4569682106375694e-12,False,0.0,2025-03-15,8
Q4-3,2025-03-16,18:00,selected,18770.465445419934,2.9558577807620168e-12,False,0.0,2025-03-15,8
Q4-3,2025-03-17,00:00,selected,54700.63828868531,3.637978807091713e-11,False,0.0,2025-03-11,8
Q4-3,2025-03-17,06:00,keep,40666.64638461089,2.1827872842550278e-11,False,0.0,2025-03-15,8
Q4-3,2025-03-17,06:00,selected,40577.59319362138,1.4551915228366852e-11,False,0.0,2025-03-15,8
Q4-3,2025-03-17,12:00,keep,36006.96546221282,1.0913936421275139e-11,False,0.0,2025-03-15,8
Q4-3,2025-03-17,12:00,selected,35150.21463276911,1.0913936421275139e-11,False,0.0,2025-03-15,8
Q4-3,2025-03-17,18:00,keep,18764.90954775715,3.637978807091713e-12,False,0.0,2025-03-15,8
Q4-3,2025-03-17,18:00,selected,18648.038326816102,1.0913936421275139e-11,False,0.0,2025-03-15,8
Q4-3,2025-03-18,00:00,selected,63474.90045649151,3.637978807091713e-11,False,0.0,2025-03-11,8
Q4-3,2025-03-18,06:00,keep,51034.663057056016,2.1827872842550278e-11,False,0.0,2025-03-17,8
Q4-3,2025-03-18,06:00,selected,50642.58776582185,2.9103830456733704e-11,False,0.0,2025-03-17,8
Q4-3,2025-03-18,12:00,keep,37290.094640275456,3.637978807091713e-12,False,0.0,2025-03-15,8
Q4-3,2025-03-18,12:00,selected,36502.982466232264,1.0913936421275139e-11,False,0.0,2025-03-15,8
Q4-3,2025-03-18,18:00,keep,18432.82281109336,1.8189894035458565e-12,False,0.0,2025-03-15,8
Q4-3,2025-03-18,18:00,selected,18361.06653507173,5.4569682106375694e-12,False,0.0,2025-03-15,8
Q4-3,2025-03-19,00:00,selected,51904.8374394374,2.9103830456733704e-11,False,0.0,2025-03-11,8
Q4-3,2025-03-19,06:00,keep,43864.99742283078,2.546585164964199e-11,False,0.0,2025-03-17,8
Q4-3,2025-03-19,06:00,selected,42012.83584251258,1.7280399333685637e-11,False,0.0,2025-03-17,8
Q4-3,2025-03-19,12:00,keep,34723.77823728665,1.0913936421275139e-11,False,0.0,2025-03-15,8
Q4-3,2025-03-19,12:00,selected,31840.289802743046,7.275957614183426e-12,False,0.0,2025-03-15,8
Q4-3,2025-03-19,18:00,keep,18534.376933013325,3.637978807091713e-12,False,0.0,2025-03-15,8
Q4-3,2025-03-19,18:00,selected,18425.70362227375,5.229594535194337e-12,False,0.0,2025-03-15,8
Q4-3,2025-03-20,00:00,selected,59519.90269962445,2.637534635141492e-11,False,0.0,2025-03-11,8
Q4-3,2025-03-20,06:00,keep,46097.625973268725,2.1827872842550278e-11,False,0.0,2025-03-17,8
Q4-3,2025-03-20,06:00,selected,45813.76801636079,1.4551915228366852e-11,False,0.0,2025-03-17,8
Q4-3,2025-03-20,12:00,keep,38181.11186526694,1.1368683772161603e-11,False,0.0,2025-03-15,8
Q4-3,2025-03-20,12:00,selected,38108.08970454868,1.2960299500264227e-11,False,0.0,2025-03-15,8
Q4-3,2025-03-20,18:00,keep,17846.73638930494,3.637978807091713e-12,False,0.0,2025-03-19,8
Q4-3,2025-03-20,18:00,selected,17702.5884463732,3.637978807091713e-12,False,0.0,2025-03-19,8
Q4-3,2025-03-21,00:00,selected,21018.02400764715,1.0913936421275139e-11,False,0.0,2025-03-20,8
Q4-3,2025-03-21,06:00,keep,14181.076576247817,1.8189894035458565e-12,False,0.0,2025-03-20,8
Q4-3,2025-03-21,06:00,selected,14127.209579574463,3.637978807091713e-12,False,0.0,2025-03-20,8
Q4-3,2025-03-21,12:00,keep,12808.78952772779,1.8189894035458565e-12,False,0.0,2025-03-15,8
Q4-3,2025-03-21,12:00,selected,12746.901317175347,1.9895196601282805e-12,False,0.0,2025-03-15,8
Q4-3,2025-03-21,18:00,keep,8852.76243488429,9.094947017729282e-13,False,0.0,2025-03-19,8
Q4-3,2025-03-21,18:00,selected,8852.76243488429,9.094947017729282e-13,False,0.0,2025-03-19,8
Q4-3,2025-03-22,00:00,selected,22377.440102342433,3.637978807091713e-12,False,0.0,2025-03-20,8
Q4-3,2025-03-22,06:00,keep,15457.365507347487,1.8189894035458565e-12,False,0.0,2025-03-20,8
Q4-3,2025-03-22,06:00,selected,15327.09543175489,1.8189894035458565e-12,False,0.0,2025-03-20,8
Q4-3,2025-03-22,12:00,keep,13315.280514724798,1.8189894035458565e-12,False,0.0,2025-03-15,8
Q4-3,2025-03-22,12:00,selected,13215.251275920096,1.8189894035458565e-12,False,0.0,2025-03-15,8
Q4-3,2025-03-22,18:00,keep,9293.545880319438,3.410605131648481e-13,False,0.0,2025-03-19,8
Q4-3,2025-03-22,18:00,selected,9293.545880319438,3.410605131648481e-13,False,0.0,2025-03-19,8
Q4-3,2025-03-23,00:00,selected,59423.610585937764,3.456079866737127e-11,False,0.0,2025-03-20,8
Q4-3,2025-03-23,06:00,keep,47035.80006664237,2.9103830456733704e-11,False,0.0,2025-03-22,8
Q4-3,2025-03-23,06:00,selected,46015.86149748022,2.1827872842550278e-11,False,0.0,2025-03-22,8
Q4-3,2025-03-23,12:00,keep,35807.82408089126,1.8189894035458565e-11,False,0.0,2025-03-22,8
Q4-3,2025-03-23,12:00,selected,35312.68782083022,7.275957614183426e-12,False,0.0,2025-03-22,8
Q4-3,2025-03-23,18:00,keep,18672.27747829315,1.8189894035458565e-12,False,0.0,2025-03-15,8
Q4-3,2025-03-23,18:00,selected,18579.4665251156,3.637978807091713e-12,False,0.0,2025-03-15,8
Q4-3,2025-03-24,00:00,selected,55869.98074081292,2.4556356947869062e-11,False,0.0,2025-03-20,8
Q4-3,2025-03-24,06:00,keep,43279.02169976812,7.275957614183426e-12,False,0.0,2025-03-22,8
Q4-3,2025-03-24,06:00,selected,42506.25943922152,1.4551915228366852e-11,False,0.0,2025-03-22,8
Q4-3,2025-03-24,12:00,keep,34672.10194480331,1.4551915228366852e-11,False,0.0,2025-03-22,8
Q4-3,2025-03-24,12:00,selected,34387.42630355367,7.503331289626658e-12,False,0.0,2025-03-22,8
Q4-3,2025-03-24,18:00,keep,18948.766881841624,7.275957614183426e-12,False,0.0,2025-03-15,8
Q4-3,2025-03-24,18:00,selected,18848.172501526475,9.094947017729282e-12,False,0.0,2025-03-15,8
Q4-3,2025-03-25,00:00,selected,62513.35562668541,4.3655745685100555e-11,False,0.0,2025-03-20,8
Q4-3,2025-03-25,06:00,keep,49344.51694253078,1.4551915228366852e-11,False,0.0,2025-03-22,8
Q4-3,2025-03-25,06:00,selected,48872.773018157306,1.4551915228366852e-11,False,0.0,2025-03-22,8
Q4-3,2025-03-25,12:00,keep,37416.58781732979,1.4551915228366852e-11,False,0.0,2025-03-22,8
Q4-3,2025-03-25,12:00,selected,37255.59708585431,1.0913936421275139e-11,False,0.0,2025-03-22,8
Q4-3,2025-03-25,18:00,keep,18273.082314595424,9.094947017729282e-12,False,0.0,2025-03-15,8
Q4-3,2025-03-25,18:00,selected,18173.901278028672,7.275957614183426e-12,False,0.0,2025-03-15,8
Q4-3,2025-03-26,00:00,selected,53441.7812240405,2.1827872842550278e-11,False,0.0,2025-03-20,8
Q4-3,2025-03-26,06:00,keep,40546.29813098678,7.275957614183426e-12,False,0.0,2025-03-22,8
Q4-3,2025-03-26,06:00,selected,40067.686790884836,1.4551915228366852e-11,False,0.0,2025-03-22,8
Q4-3,2025-03-26,12:00,keep,33926.76325589432,7.275957614183426e-12,False,0.0,2025-03-22,8
Q4-3,2025-03-26,12:00,selected,33577.31611790019,1.0913936421275139e-11,False,0.0,2025-03-22,8
Q4-3,2025-03-26,18:00,keep,18873.932412606686,3.637978807091713e-12,False,0.0,2025-03-15,8
Q4-3,2025-03-26,18:00,selected,18873.932412606686,3.637978807091713e-12,False,0.0,2025-03-15,8
Q4-3,2025-03-27,00:00,selected,56602.44558998448,2.9103830456733704e-11,False,0.0,2025-03-20,8
Q4-3,2025-03-27,06:00,keep,46896.43215494996,2.7284841053187847e-11,False,0.0,2025-03-22,8
Q4-3,2025-03-27,06:00,selected,44502.86184099396,2.546585164964199e-11,False,0.0,2025-03-22,8
Q4-3,2025-03-27,12:00,keep,34754.36658513906,7.275957614183426e-12,False,0.0,2025-03-22,8
Q4-3,2025-03-27,12:00,selected,32984.034539239205,1.4551915228366852e-11,False,0.0,2025-03-22,8
Q4-3,2025-03-27,18:00,keep,18983.937168874323,1.4551915228366852e-11,False,0.0,2025-03-15,8
Q4-3,2025-03-27,18:00,selected,18868.95083217224,5.4569682106375694e-12,False,0.0,2025-03-15,8
Q4-3,2025-03-28,00:00,selected,20269.11895735913,1.0913936421275139e-11,False,0.0,2025-03-21,8
Q4-3,2025-03-28,06:00,keep,13530.086492215545,1.8189894035458565e-12,False,0.0,2025-03-22,8
Q4-3,2025-03-28,06:00,selected,13401.659198052266,1.8189894035458565e-12,False,0.0,2025-03-22,8
Q4-3,2025-03-28,12:00,keep,11298.38498964514,1.8189894035458565e-12,False,0.0,2025-03-22,8
Q4-3,2025-03-28,12:00,selected,11212.191744685337,9.094947017729282e-13,False,0.0,2025-03-22,8
Q4-3,2025-03-28,18:00,keep,8177.127877961121,2.8421709430404007e-13,False,0.0,2025-03-15,8
Q4-3,2025-03-28,18:00,selected,8177.127877961121,2.8421709430404007e-13,False,0.0,2025-03-15,8
Q4-3,2025-03-29,00:00,selected,18420.885525702106,3.637978807091713e-12,False,0.0,2025-03-28,8
Q4-3,2025-03-29,06:00,keep,12446.792260939594,1.8189894035458565e-12,False,0.0,2025-03-22,8
Q4-3,2025-03-29,06:00,selected,12281.361287451495,1.8758328224066645e-12,False,0.0,2025-03-22,8
Q4-3,2025-03-29,12:00,keep,10889.820400618572,1.8189894035458565e-12,False,0.0,2025-03-15,8
Q4-3,2025-03-29,12:00,selected,10834.389193572093,2.6716406864579767e-12,False,0.0,2025-03-15,8
Q4-3,2025-03-29,18:00,keep,8449.654849131377,5.684341886080802e-14,False,0.0,2025-03-15,8
Q4-3,2025-03-29,18:00,selected,8449.654849131377,5.684341886080802e-14,False,0.0,2025-03-15,8
Q4-3,2025-03-30,00:00,selected,52859.72130325142,1.4551915228366852e-11,False,0.0,2025-03-28,8
Q4-3,2025-03-30,06:00,keep,43899.47590163511,7.275957614183426e-12,False,0.0,2025-03-22,8
Q4-3,2025-03-30,06:00,selected,42652.56441764056,2.9103830456733704e-11,False,0.0,2025-03-22,8
Q4-3,2025-03-30,12:00,keep,32679.697843697275,1.0913936421275139e-11,False,0.0,2025-03-15,8
Q4-3,2025-03-30,12:00,selected,32114.332407746035,1.4551915228366852e-11,False,0.0,2025-03-15,8
Q4-3,2025-03-30,18:00,keep,17717.63047257656,5.6843418860808015e-12,False,0.0,2025-03-15,8
Q4-3,2025-03-30,18:00,selected,17496.770275716273,4.547473508864641e-12,False,0.0,2025-03-15,8
Q4-3,2025-03-31,00:00,selected,46744.38323776751,1.4551915228366852e-11,False,0.0,2025-03-28,8
Q4-3,2025-03-31,06:00,keep,56260.24551005329,2.546585164964199e-11,False,0.0,2025-03-22,8
Q4-3,2025-03-31,06:00,selected,46046.47295112311,7.275957614183426e-12,False,0.0,2025-03-22,8
Q4-3,2025-03-31,12:00,keep,38343.22050407717,2.1827872842550278e-11,False,0.0,2025-03-15,8
Q4-3,2025-03-31,12:00,selected,32064.166057639468,1.2732925824820995e-11,False,0.0,2025-03-15,8
Q4-3,2025-03-31,18:00,keep,17940.526738367676,5.4569682106375694e-12,False,0.0,2025-03-15,8
Q4-3,2025-03-31,18:00,selected,17856.325737575287,7.275957614183426e-12,False,0.0,2025-03-15,8
Q4-3,2025-04-01,00:00,selected,57892.23600902921,2.1827872842550278e-11,False,0.0,2025-03-28,8
Q4-3,2025-04-01,06:00,keep,57510.55696276696,2.1827872842550278e-11,False,0.0,2025-03-22,8
Q4-3,2025-04-01,06:00,selected,51824.35886111238,3.637978807091713e-11,False,0.0,2025-03-22,8
Q4-3,2025-04-01,12:00,keep,38337.76566594071,1.0913936421275139e-11,False,0.0,2025-03-15,8
Q4-3,2025-04-01,12:00,selected,35669.66097994126,1.0913936421275139e-11,False,0.0,2025-03-15,8
Q4-3,2025-04-01,18:00,keep,18901.74540694235,5.4569682106375694e-12,False,0.0,2025-03-15,8
Q4-3,2025-04-01,18:00,selected,18807.960881481875,5.4569682106375694e-12,False,0.0,2025-03-15,8
Q4-3,2025-04-02,00:00,selected,54985.30131547465,2.1827872842550278e-11,False,0.0,2025-03-28,8
Q4-3,2025-04-02,06:00,keep,54505.484710067954,3.637978807091713e-11,False,0.0,2025-03-22,8
Q4-3,2025-04-02,06:00,selected,48716.64638069193,2.9103830456733704e-11,False,0.0,2025-03-22,8
Q4-3,2025-04-02,12:00,keep,34200.71250086917,1.0913936421275139e-11,False,0.0,2025-03-15,8
Q4-3,2025-04-02,12:00,selected,31728.22761883531,1.8189894035458565e-11,False,0.0,2025-03-15,8
Q4-3,2025-04-02,18:00,keep,18075.373973394388,5.4569682106375694e-12,False,0.0,2025-03-15,8
Q4-3,2025-04-02,18:00,selected,18003.44195925174,7.275957614183426e-12,False,0.0,2025-03-15,8
Q4-3,2025-04-03,00:00,selected,55822.46850438854,1.2278178473934531e-11,False,0.0,2025-03-28,8
Q4-3,2025-04-03,06:00,keep,44138.23147110928,2.1827872842550278e-11,False,0.0,2025-03-22,8
Q4-3,2025-04-03,06:00,selected,43386.02348278135,2.1827872842550278e-11,False,0.0,2025-03-22,8
Q4-3,2025-04-03,12:00,keep,34389.02021216233,3.637978807091713e-12,False,0.0,2025-03-15,8
Q4-3,2025-04-03,12:00,selected,34214.37676804716,1.9099388737231493e-11,False,0.0,2025-03-15,8
Q4-3,2025-04-03,18:00,keep,18327.266016593236,5.002220859751105e-12,False,0.0,2025-03-15,8
Q4-3,2025-04-03,18:00,selected,18198.253079681705,3.637978807091713e-12,False,0.0,2025-03-15,8
Q4-3,2025-04-04,00:00,selected,17425.179417854506,7.048583938740194e-12,False,0.0,2025-03-28,8
Q4-3,2025-04-04,06:00,keep,11724.015620473238,1.8189894035458565e-12,False,0.0,2025-03-22,8
Q4-3,2025-04-04,06:00,selected,11598.040311045723,1.8189894035458565e-12,False,0.0,2025-03-22,8
Q4-3,2025-04-04,12:00,keep,10140.314398226697,1.8189894035458565e-12,False,0.0,2025-03-15,8
Q4-3,2025-04-04,12:00,selected,10140.314398226697,1.8189894035458565e-12,False,0.0,2025-03-15,8
Q4-3,2025-04-04,18:00,keep,7943.330281771789,0.0,False,0.0,2025-03-15,8
Q4-3,2025-04-04,18:00,selected,7928.542680345126,1.8189894035458565e-12,False,0.0,2025-03-15,8
Q4-3,2025-04-05,00:00,selected,17092.872120345128,7.275957614183426e-12,False,0.0,2025-03-28,8
Q4-3,2025-04-05,06:00,keep,12891.68985554372,3.637978807091713e-12,False,0.0,2025-03-22,8
Q4-3,2025-04-05,06:00,selected,12553.730434814246,3.637978807091713e-12,False,0.0,2025-03-22,8
Q4-3,2025-04-05,12:00,keep,10782.770544558249,3.637978807091713e-12,False,0.0,2025-03-15,8
Q4-3,2025-04-05,12:00,selected,10358.638445695065,1.8189894035458565e-12,False,0.0,2025-03-15,8
Q4-3,2025-04-05,18:00,keep,8453.789090079512,9.094947017729282e-13,False,0.0,2025-03-15,8
Q4-3,2025-04-05,18:00,selected,8383.399401778908,1.4779288903810084e-12,False,0.0,2025-03-15,8
Q4-3,2025-04-06,00:00,selected,50961.17646701739,1.4551915228366852e-11,False,0.0,2025-03-28,8
Q4-3,2025-04-06,06:00,keep,42069.98142965854,2.1827872842550278e-11,False,0.0,2025-03-22,8
Q4-3,2025-04-06,06:00,selected,39774.03319838258,7.275957614183426e-12,False,0.0,2025-03-22,8
Q4-3,2025-04-06,12:00,keep,34478.33335735963,1.0913936421275139e-11,False,0.0,2025-04-05,8
Q4-3,2025-04-06,12:00,selected,33633.26978901651,1.4551915228366852e-11,False,0.0,2025-04-05,8
Q4-3,2025-04-06,18:00,keep,18043.0286369756,4.661160346586257e-12,False,0.0,2025-03-15,8
Q4-3,2025-04-06,18:00,selected,17879.15923415016,5.002220859751105e-12,False,0.0,2025-03-15,8
Q4-3,2025-04-07,00:00,selected,44994.23791715266,1.4551915228366852e-11,False,0.0,2025-03-28,8
Q4-3,2025-04-07,06:00,keep,47918.22314164169,4.001776687800884e-11,False,0.0,2025-03-22,8
Q4-3,2025-04-07,06:00,selected,40332.84969284161,2.546585164964199e-11,False,0.0,2025-03-22,8
Q4-3,2025-04-07,12:00,keep,34045.908269896856,1.0913936421275139e-11,False,0.0,2025-04-05,8
Q4-3,2025-04-07,12:00,selected,32534.282693611334,7.275957614183426e-12,False,0.0,2025-04-05,8
Q4-3,2025-04-07,18:00,keep,18220.600785961313,5.6843418860808015e-12,False,0.0,2025-03-15,8
Q4-3,2025-04-07,18:00,selected,18059.016592184904,5.4569682106375694e-12,False,0.0,2025-03-15,8
Q4-3,2025-04-08,00:00,selected,53742.87099235607,1.4551915228366852e-11,False,0.0,2025-04-07,8
Q4-3,2025-04-08,06:00,keep,42996.35762473945,1.8189894035458565e-11,False,0.0,2025-03-22,8
Q4-3,2025-04-08,06:00,selected,41116.18124085764,1.0913936421275139e-11,False,0.0,2025-03-22,8
Q4-3,2025-04-08,12:00,keep,34860.94143305533,1.4551915228366852e-11,False,0.0,2025-04-05,8
Q4-3,2025-04-08,12:00,selected,34269.817878438844,1.4551915228366852e-11,False,0.0,2025-04-05,8
Q4-3,2025-04-08,18:00,keep,17787.772210346262,9.094947017729282e-12,False,0.0,2025-03-15,8
Q4-3,2025-04-08,18:00,selected,17692.711296289108,1.2732925824820995e-11,False,0.0,2025-03-15,8
Q4-3,2025-04-09,00:00,selected,52943.47324339475,7.275957614183426e-12,False,0.0,2025-04-07,8
Q4-3,2025-04-09,06:00,keep,44577.63957859687,1.4551915228366852e-11,False,0.0,2025-03-22,8
Q4-3,2025-04-09,06:00,selected,43022.2368425615,1.8189894035458565e-11,False,0.0,2025-03-22,8
Q4-3,2025-04-09,12:00,keep,36171.374549071115,7.275957614183426e-12,False,0.0,2025-03-31,8
Q4-3,2025-04-09,12:00,selected,35051.11851321992,9.094947017729282e-12,False,0.0,2025-03-31,8
Q4-3,2025-04-09,18:00,keep,19023.049324212792,5.4569682106375694e-12,False,0.0,2025-03-15,8
Q4-3,2025-04-09,18:00,selected,18892.2823845363,7.275957614183426e-12,False,0.0,2025-03-15,8
Q4-3,2025-04-10,00:00,selected,52216.503240649865,1.4551915228366852e-11,False,0.0,2025-04-07,8
Q4-3,2025-04-10,06:00,keep,43820.528874422445,1.0913936421275139e-11,False,0.0,2025-03-22,8
Q4-3,2025-04-10,06:00,selected,42120.469619046366,1.8189894035458565e-11,False,0.0,2025-03-22,8
Q4-3,2025-04-10,12:00,keep,34583.57269039256,7.275957614183426e-12,False,0.0,2025-04-09,8
Q4-3,2025-04-10,12:00,selected,33620.492351558874,3.637978807091713e-12,False,0.0,2025-04-09,8
Q4-3,2025-04-10,18:00,keep,19049.963231036152,5.4569682106375694e-12,False,0.0,2025-03-15,8
Q4-3,2025-04-10,18:00,selected,18854.228304892677,9.094947017729282e-12,False,0.0,2025-03-15,8
Q4-3,2025-04-11,00:00,selected,16056.576980796588,7.275957614183426e-12,False,0.0,2025-04-07,8
Q4-3,2025-04-11,06:00,keep,12030.54142464949,2.0463630789890885e-12,False,0.0,2025-04-10,8
Q4-3,2025-04-11,06:00,selected,11592.499107350966,5.4569682106375694e-12,False,0.0,2025-04-10,8
Q4-3,2025-04-11,12:00,keep,9853.012074129307,1.8189894035458565e-12,False,0.0,2025-04-10,8
Q4-3,2025-04-11,12:00,selected,9636.187774903388,1.8189894035458565e-12,False,0.0,2025-04-10,8
Q4-3,2025-04-11,18:00,keep,7807.568560315349,5.684341886080802e-14,False,0.0,2025-04-10,8
Q4-3,2025-04-11,18:00,selected,7807.568560315349,5.684341886080802e-14,False,0.0,2025-04-10,8
Q4-3,2025-04-12,00:00,selected,17890.06182984444,8.29913915367797e-12,False,0.0,2025-04-07,8
Q4-3,2025-04-12,06:00,keep,12463.589333596272,1.8189894035458565e-12,False,0.0,2025-04-10,8
Q4-3,2025-04-12,06:00,selected,12444.908437675978,2.9558577807620168e-12,False,0.0,2025-04-10,8
Q4-3,2025-04-12,12:00,keep,11305.809279801892,1.8189894035458565e-12,False,0.0,2025-04-11,8
Q4-3,2025-04-12,12:00,selected,11262.478521346855,3.979039320256561e-12,False,0.0,2025-04-11,8
Q4-3,2025-04-12,18:00,keep,8183.038911789356,9.094947017729282e-13,False,0.0,2025-04-11,8
Q4-3,2025-04-12,18:00,selected,8183.038911789356,9.094947017729282e-13,False,0.0,2025-04-11,8
Q4-3,2025-04-13,00:00,selected,49183.44198263129,2.9103830456733704e-11,False,0.0,2025-04-07,8
Q4-3,2025-04-13,06:00,keep,35290.81149921967,1.3642420526593924e-11,False,0.0,2025-04-10,8
Q4-3,2025-04-13,06:00,selected,34964.371550169795,8.185452315956354e-12,False,0.0,2025-04-10,8
Q4-3,2025-04-13,12:00,keep,31532.17030598295,7.275957614183426e-12,False,0.0,2025-04-12,8
Q4-3,2025-04-13,12:00,selected,30566.251677118682,7.275957614183426e-12,False,0.0,2025-04-12,8
Q4-3,2025-04-13,18:00,keep,17920.64551163129,4.092726157978177e-12,False,0.0,2025-04-11,8
Q4-3,2025-04-13,18:00,selected,17843.42721636798,5.4569682106375694e-12,False,0.0,2025-04-11,8
Q4-3,2025-04-14,00:00,selected,51696.69277478906,3.637978807091713e-11,False,0.0,2025-04-07,8
Q4-3,2025-04-14,06:00,keep,40109.61644312943,7.275957614183426e-12,False,0.0,2025-04-10,8
Q4-3,2025-04-14,06:00,selected,38369.96758281513,1.3983481039758772e-11,False,0.0,2025-04-10,8
Q4-3,2025-04-14,12:00,keep,32345.154559226954,3.637978807091713e-12,False,0.0,2025-04-11,8
Q4-3,2025-04-14,12:00,selected,32197.717030479453,7.275957614183426e-12,False,0.0,2025-04-11,8
Q4-3,2025-04-14,18:00,keep,18460.161016448303,5.7980287238024175e-12,False,0.0,2025-04-11,8
Q4-3,2025-04-14,18:00,selected,18365.263989583596,5.002220859751105e-12,False,0.0,2025-04-11,8
Q4-3,2025-04-15,00:00,selected,44211.70856123148,3.637978807091713e-11,False,0.0,2025-04-14,8
Q4-3,2025-04-15,06:00,keep,40526.36136162674,1.4551915228366852e-11,False,0.0,2025-03-30,8
Q4-3,2025-04-15,06:00,selected,37095.932661477134,7.275957614183426e-12,False,0.0,2025-03-30,8
Q4-3,2025-04-15,12:00,keep,31818.025154278595,3.637978807091713e-12,False,0.0,2025-04-14,8
Q4-3,2025-04-15,12:00,selected,29755.204624028116,1.4551915228366852e-11,False,0.0,2025-04-14,8
Q4-3,2025-04-15,18:00,keep,17722.827105763292,1.6370904631912708e-11,False,0.0,2025-04-11,8
Q4-3,2025-04-15,18:00,selected,17668.738185851507,7.73070496506989e-12,False,0.0,2025-04-11,8
Q4-3,2025-04-16,00:00,selected,50417.58256745459,1.864464138634503e-11,False,0.0,2025-04-15,8
Q4-3,2025-04-16,06:00,keep,46241.56725755014,1.4551915228366852e-11,False,0.0,2025-04-14,8
Q4-3,2025-04-16,06:00,selected,41827.53453425176,2.1827872842550278e-11,False,0.0,2025-04-14,8
Q4-3,2025-04-16,12:00,keep,34962.782999870535,7.275957614183426e-12,False,0.0,2025-04-14,8
Q4-3,2025-04-16,12:00,selected,31934.43592159682,1.0913936421275139e-11,False,0.0,2025-04-14,8
Q4-3,2025-04-16,18:00,keep,18433.683671909705,5.4569682106375694e-12,False,0.0,2025-04-11,8
Q4-3,2025-04-16,18:00,selected,18352.399648554554,8.185452315956354e-12,False,0.0,2025-04-11,8
Q4-3,2025-04-17,00:00,selected,45540.51089303318,2.1827872842550278e-11,False,0.0,2025-04-15,8
Q4-3,2025-04-17,06:00,keep,41249.714935759854,1.0913936421275139e-11,False,0.0,2025-04-14,8
Q4-3,2025-04-17,06:00,selected,38423.94130073869,2.000888343900442e-11,False,0.0,2025-04-14,8
Q4-3,2025-04-17,12:00,keep,32769.42426410933,2.546585164964199e-11,False,0.0,2025-04-14,8
Q4-3,2025-04-17,12:00,selected,30887.433838763,1.1141310096718371e-11,False,0.0,2025-04-14,8
Q4-3,2025-04-17,18:00,keep,17919.46715510565,5.4569682106375694e-12,False,0.0,2025-04-11,8
Q4-3,2025-04-17,18:00,selected,17823.10230177875,4.547473508864641e-12,False,0.0,2025-04-11,8
Q4-3,2025-04-18,00:00,selected,16257.635836532072,5.4569682106375694e-12,False,0.0,2025-04-15,8
Q4-3,2025-04-18,06:00,keep,11168.407859822064,1.8189894035458565e-12,False,0.0,2025-04-03,8
Q4-3,2025-04-18,06:00,selected,11030.132430185546,3.637978807091713e-12,False,0.0,2025-04-03,8
Q4-3,2025-04-18,12:00,keep,9562.111690775555,1.8189894035458565e-12,False,0.0,2025-04-14,8
Q4-3,2025-04-18,12:00,selected,9562.111690775555,1.8189894035458565e-12,False,0.0,2025-04-14,8
Q4-3,2025-04-18,18:00,keep,7747.089889745918,5.684341886080802e-14,False,0.0,2025-04-11,8
Q4-3,2025-04-18,18:00,selected,7747.089889745918,5.684341886080802e-14,False,0.0,2025-04-11,8
Q4-3,2025-04-19,00:00,selected,15944.366273486934,7.275957614183426e-12,False,0.0,2025-04-15,8
Q4-3,2025-04-19,06:00,keep,10415.034016731566,1.8189894035458565e-12,False,0.0,2025-04-03,8
Q4-3,2025-04-19,06:00,selected,10356.170368028093,3.637978807091713e-12,False,0.0,2025-04-03,8
Q4-3,2025-04-19,12:00,keep,10018.938524228433,3.637978807091713e-12,False,0.0,2025-04-18,8
Q4-3,2025-04-19,12:00,selected,9836.363387114474,4.547473508864641e-12,False,0.0,2025-04-18,8
Q4-3,2025-04-19,18:00,keep,7755.074521374722,3.495870259939693e-12,False,0.0,2025-04-11,8
Q4-3,2025-04-19,18:00,selected,7755.074521374722,3.495870259939693e-12,False,0.0,2025-04-11,8
Q4-3,2025-04-20,00:00,selected,46760.22385311983,2.1827872842550278e-11,False,0.0,2025-04-15,8
Q4-3,2025-04-20,06:00,keep,36350.284054688236,7.275957614183426e-12,False,0.0,2025-04-14,8
Q4-3,2025-04-20,06:00,selected,35441.42779131863,7.275957614183426e-12,False,0.0,2025-04-14,8
Q4-3,2025-04-20,12:00,keep,31628.35947378068,3.637978807091713e-12,False,0.0,2025-04-19,8
Q4-3,2025-04-20,12:00,selected,30949.8363585411,7.275957614183426e-12,False,0.0,2025-04-19,8
Q4-3,2025-04-20,18:00,keep,19347.824181805325,5.4569682106375694e-12,False,0.0,2025-04-11,8
Q4-3,2025-04-20,18:00,selected,19185.799075432096,3.637978807091713e-12,False,0.0,2025-04-11,8
Q4-3,2025-04-21,00:00,selected,48140.80856398897,4.3655745685100555e-11,False,0.0,2025-04-15,8
Q4-3,2025-04-21,06:00,keep,37621.8805563758,7.275957614183426e-12,False,0.0,2025-04-14,8
Q4-3,2025-04-21,06:00,selected,36366.33033785549,7.275957614183426e-12,False,0.0,2025-04-14,8
Q4-3,2025-04-21,12:00,keep,32028.614507142396,1.0913936421275139e-11,False,0.0,2025-04-20,8
Q4-3,2025-04-21,12:00,selected,31860.850874834872,1.5006662579253316e-11,False,0.0,2025-04-20,8
Q4-3,2025-04-21,18:00,keep,19452.93114938201,2.1600499167107046e-12,False,0.0,2025-04-11,8
Q4-3,2025-04-21,18:00,selected,19332.11124080089,9.094947017729282e-12,False,0.0,2025-04-11,8
Q4-3,2025-04-22,00:00,selected,43980.377739884156,2.1827872842550278e-11,False,0.0,2025-04-15,8
Q4-3,2025-04-22,06:00,keep,45409.70211985317,1.4551915228366852e-11,False,0.0,2025-04-19,8
Q4-3,2025-04-22,06:00,selected,39339.929389833414,1.546140993013978e-11,False,0.0,2025-04-19,8
Q4-3,2025-04-22,12:00,keep,33289.04894697519,7.275957614183426e-12,False,0.0,2025-04-20,8
Q4-3,2025-04-22,12:00,selected,30059.240128273814,1.0913936421275139e-11,False,0.0,2025-04-20,8
Q4-3,2025-04-22,18:00,keep,18672.151933341323,1.8189894035458565e-11,False,0.0,2025-04-21,8
Q4-3,2025-04-22,18:00,selected,18565.34222261599,9.094947017729282e-12,False,0.0,2025-04-21,8
Q4-3,2025-04-23,00:00,selected,42654.16244604993,2.9103830456733704e-11,False,0.0,2025-04-22,8
Q4-3,2025-04-23,06:00,keep,45200.468682936946,1.8189894035458565e-11,False,0.0,2025-04-19,8
Q4-3,2025-04-23,06:00,selected,38025.87283179069,7.275957614183426e-12,False,0.0,2025-04-19,8
Q4-3,2025-04-23,12:00,keep,32161.78404152075,1.0913936421275139e-11,False,0.0,2025-04-20,8
Q4-3,2025-04-23,12:00,selected,30410.57552985289,1.0913936421275139e-11,False,0.0,2025-04-20,8
Q4-3,2025-04-23,18:00,keep,18193.994600200986,5.115907697472721e-12,False,0.0,2025-04-22,8
Q4-3,2025-04-23,18:00,selected,18069.946622043288,3.637978807091713e-12,False,0.0,2025-04-22,8
Q4-3,2025-04-24,00:00,selected,43871.372805709005,2.1827872842550278e-11,False,0.0,2025-04-23,8
Q4-3,2025-04-24,06:00,keep,34002.24166475254,1.0913936421275139e-11,False,0.0,2025-04-19,8
Q4-3,2025-04-24,06:00,selected,32713.08710213468,1.0913936421275139e-11,False,0.0,2025-04-19,8
Q4-3,2025-04-24,12:00,keep,31563.736993031947,1.0913936421275139e-11,False,0.0,2025-04-20,8
Q4-3,2025-04-24,12:00,selected,30188.3936278442,1.4551915228366852e-11,False,0.0,2025-04-20,8
Q4-3,2025-04-24,18:00,keep,18737.019535936768,6.139089236967266e-12,False,0.0,2025-04-22,8
Q4-3,2025-04-24,18:00,selected,18555.932257232125,2.7284841053187847e-12,False,0.0,2025-04-22,8
Q4-3,2025-04-25,00:00,selected,15607.275303099907,3.637978807091713e-12,False,0.0,2025-04-23,8
Q4-3,2025-04-25,06:00,keep,10127.977838022314,9.094947017729282e-13,False,0.0,2025-04-19,8
Q4-3,2025-04-25,06:00,selected,10026.111810389131,3.637978807091713e-12,False,0.0,2025-04-19,8
Q4-3,2025-04-25,12:00,keep,9354.388171658491,9.094947017729282e-13,False,0.0,2025-04-24,8
Q4-3,2025-04-25,12:00,selected,9267.456030293059,2.9274360713316128e-12,False,0.0,2025-04-24,8
Q4-3,2025-04-25,18:00,keep,7511.850533205838,9.094947017729282e-13,False,0.0,2025-04-24,8
Q4-3,2025-04-25,18:00,selected,7445.326659073279,9.094947017729282e-13,False,0.0,2025-04-24,8
Q4-3,2025-04-26,00:00,selected,15875.467187111228,9.094947017729282e-12,False,0.0,2025-04-25,8
Q4-3,2025-04-26,06:00,keep,10657.759306806382,3.183231456205249e-12,False,0.0,2025-04-19,8
Q4-3,2025-04-26,06:00,selected,10547.195205083071,5.4001247917767614e-12,False,0.0,2025-04-19,8
Q4-3,2025-04-26,12:00,keep,10126.785063385756,4.547473508864641e-12,False,0.0,2025-04-24,8
Q4-3,2025-04-26,12:00,selected,10023.36438354699,4.547473508864641e-12,False,0.0,2025-04-24,8
Q4-3,2025-04-26,18:00,keep,8088.278104818107,2.2168933355715126e-12,False,0.0,2025-04-24,8
Q4-3,2025-04-26,18:00,selected,7990.643024811907,1.8189894035458565e-12,False,0.0,2025-04-24,8
Q4-3,2025-04-27,00:00,selected,42723.132580893725,4.3655745685100555e-11,False,0.0,2025-04-25,8
Q4-3,2025-04-27,06:00,keep,38010.69128237764,1.4551915228366852e-11,False,0.0,2025-04-19,8
Q4-3,2025-04-27,06:00,selected,35425.33603411871,2.2737367544323206e-11,False,0.0,2025-04-19,8
Q4-3,2025-04-27,12:00,keep,30458.50072009954,3.637978807091713e-12,False,0.0,2025-04-26,8
Q4-3,2025-04-27,12:00,selected,29724.634566953537,7.275957614183426e-12,False,0.0,2025-04-26,8
Q4-3,2025-04-27,18:00,keep,18011.494911985646,5.229594535194337e-12,False,0.0,2025-04-26,8
Q4-3,2025-04-27,18:00,selected,17954.657964993487,5.4569682106375694e-12,False,0.0,2025-04-26,8
Q4-3,2025-04-28,00:00,selected,52484.91177116929,2.97859514830634e-11,False,0.0,2025-04-27,8
Q4-3,2025-04-28,06:00,keep,45222.88327005671,2.1827872842550278e-11,False,0.0,2025-04-27,8
Q4-3,2025-04-28,06:00,selected,43311.45223006052,2.546585164964199e-11,False,0.0,2025-04-27,8
Q4-3,2025-04-28,12:00,keep,34332.02668481032,1.4551915228366852e-11,False,0.0,2025-04-26,8
Q4-3,2025-04-28,12:00,selected,33934.32241193162,1.0913936421275139e-11,False,0.0,2025-04-26,8
Q4-3,2025-04-28,18:00,keep,18316.19699645807,5.4569682106375694e-12,False,0.0,2025-04-26,8
Q4-3,2025-04-28,18:00,selected,18256.653510592045,6.821210263296962e-12,False,0.0,2025-04-26,8
Q4-3,2025-04-29,00:00,selected,42604.038355878314,2.1827872842550278e-11,False,0.0,2025-04-28,8
Q4-3,2025-04-29,06:00,keep,36289.883925762246,7.275957614183426e-12,False,0.0,2025-04-27,8
Q4-3,2025-04-29,06:00,selected,34360.6026485345,7.275957614183426e-12,False,0.0,2025-04-27,8
Q4-3,2025-04-29,12:00,keep,31582.18910842545,7.275957614183426e-12,False,0.0,2025-04-26,8
Q4-3,2025-04-29,12:00,selected,31292.09391188493,5.4569682106375694e-12,False,0.0,2025-04-26,8
Q4-3,2025-04-29,18:00,keep,18067.864447142212,3.637978807091713e-12,False,0.0,2025-04-26,8
Q4-3,2025-04-29,18:00,selected,17910.72554240034,3.637978807091713e-12,False,0.0,2025-04-26,8
Q4-3,2025-04-30,00:00,selected,40995.23862807785,2.1827872842550278e-11,False,0.0,2025-04-28,8
Q4-3,2025-04-30,06:00,keep,30635.25618302662,7.275957614183426e-12,False,0.0,2025-04-27,8
Q4-3,2025-04-30,06:00,selected,30554.823416394636,3.637978807091713e-12,False,0.0,2025-04-27,8
Q4-3,2025-04-30,12:00,keep,27703.63133164506,7.275957614183426e-12,False,0.0,2025-04-26,8
Q4-3,2025-04-30,12:00,selected,27194.037032911026,7.275957614183426e-12,False,0.0,2025-04-26,8
Q4-3,2025-04-30,18:00,keep,17984.83759784381,5.4569682106375694e-12,False,0.0,2025-04-26,8
Q4-3,2025-04-30,18:00,selected,17944.38448999049,5.4569682106375694e-12,False,0.0,2025-04-26,8
Q4-3,2025-05-01,00:00,selected,44473.25823061134,2.9103830456733704e-11,False,0.0,2025-04-28,8
Q4-3,2025-05-01,06:00,keep,38277.22535127994,1.0913936421275139e-11,False,0.0,2025-04-27,8
Q4-3,2025-05-01,06:00,selected,36516.608289291406,7.275957614183426e-12,False,0.0,2025-04-27,8
Q4-3,2025-05-01,12:00,keep,31709.463106163177,7.275957614183426e-12,False,0.0,2025-04-26,8
Q4-3,2025-05-01,12:00,selected,30521.031728728478,1.0913936421275139e-11,False,0.0,2025-04-26,8
Q4-3,2025-05-01,18:00,keep,19310.762589687667,3.637978807091713e-12,False,0.0,2025-04-30,8
Q4-3,2025-05-01,18:00,selected,19200.012992644788,9.094947017729282e-12,False,0.0,2025-04-30,8
Q4-3,2025-05-02,00:00,selected,19793.05931807307,1.4551915228366852e-11,False,0.0,2025-05-01,8
Q4-3,2025-05-02,06:00,keep,14181.14252088231,1.8189894035458565e-12,False,0.0,2025-05-01,8
Q4-3,2025-05-02,06:00,selected,14027.399660378704,1.8189894035458565e-12,False,0.0,2025-05-01,8
Q4-3,2025-05-02,12:00,keep,12937.810535590517,3.637978807091713e-12,False,0.0,2025-05-01,8
Q4-3,2025-05-02,12:00,selected,12514.689966997556,1.8189894035458565e-12,False,0.0,2025-05-01,8
Q4-3,2025-05-02,18:00,keep,10123.034888646995,5.684341886080802e-14,False,0.0,2025-05-01,8
Q4-3,2025-05-02,18:00,selected,10123.034888646995,5.684341886080802e-14,False,0.0,2025-05-01,8
Q4-3,2025-05-03,00:00,selected,18757.260863436968,5.4569682106375694e-12,False,0.0,2025-05-01,8
Q4-3,2025-05-03,06:00,keep,13338.063105410187,1.8189894035458565e-12,False,0.0,2025-05-01,8
Q4-3,2025-05-03,06:00,selected,13253.406247260962,3.637978807091713e-12,False,0.0,2025-05-01,8
Q4-3,2025-05-03,12:00,keep,12375.062894012462,1.8189894035458565e-12,False,0.0,2025-05-02,8
Q4-3,2025-05-03,12:00,selected,12078.009002777608,9.094947017729282e-13,False,0.0,2025-05-02,8
Q4-3,2025-05-03,18:00,keep,10041.204190553392,3.637978807091713e-12,False,0.0,2025-05-02,8
Q4-3,2025-05-03,18:00,selected,10041.204190553392,3.637978807091713e-12,False,0.0,2025-05-02,8
Q4-3,2025-05-04,00:00,selected,50173.06583311802,2.1827872842550278e-11,False,0.0,2025-05-01,8
Q4-3,2025-05-04,06:00,keep,38158.01491054353,7.275957614183426e-12,False,0.0,2025-05-01,8
Q4-3,2025-05-04,06:00,selected,38158.01491054353,7.275957614183426e-12,False,0.0,2025-05-01,8
Q4-3,2025-05-04,12:00,keep,32166.888386095365,3.637978807091713e-12,False,0.0,2025-05-03,8
Q4-3,2025-05-04,12:00,selected,32166.888386095365,3.637978807091713e-12,False,0.0,2025-05-03,8
Q4-3,2025-05-04,18:00,keep,20488.71089173714,3.637978807091713e-12,False,0.0,2025-05-03,8
Q4-3,2025-05-04,18:00,selected,20483.406960141172,3.637978807091713e-12,False,0.0,2025-05-03,8
Q4-3,2025-05-05,00:00,selected,51996.19920548422,1.4551915228366852e-11,False,0.0,2025-05-01,8
Q4-3,2025-05-05,06:00,keep,38672.49127661195,3.637978807091713e-12,False,0.0,2025-05-04,8
Q4-3,2025-05-05,06:00,selected,38652.420643738566,9.208633855450898e-12,False,0.0,2025-05-04,8
Q4-3,2025-05-05,12:00,keep,32908.42717495722,8.640199666842818e-12,False,0.0,2025-05-04,8
Q4-3,2025-05-05,12:00,selected,32804.247105525756,7.73070496506989e-12,False,0.0,2025-05-04,8
Q4-3,2025-05-05,18:00,keep,20074.46731649673,9.094947017729282e-12,False,0.0,2025-05-04,8
Q4-3,2025-05-05,18:00,selected,20074.46731649673,9.094947017729282e-12,False,0.0,2025-05-04,8
Q4-3,2025-05-06,00:00,selected,45964.839458420574,2.2282620193436742e-11,False,0.0,2025-05-05,8
Q4-3,2025-05-06,06:00,keep,46158.24854003755,1.4551915228366852e-11,False,0.0,2025-05-05,8
Q4-3,2025-05-06,06:00,selected,41952.8827931095,2.9103830456733704e-11,False,0.0,2025-05-05,8
Q4-3,2025-05-06,12:00,keep,32737.756440463614,7.275957614183426e-12,False,0.0,2025-05-05,8
Q4-3,2025-05-06,12:00,selected,32363.537747723174,1.3642420526593924e-11,False,0.0,2025-05-05,8
Q4-3,2025-05-06,18:00,keep,21015.409114028556,5.4569682106375694e-12,False,0.0,2025-05-05,8
Q4-3,2025-05-06,18:00,selected,20988.823108701712,5.4569682106375694e-12,False,0.0,2025-05-05,8
Q4-3,2025-05-07,00:00,selected,50282.650490183994,5.820766091346741e-11,False,0.0,2025-05-06,8
Q4-3,2025-05-07,06:00,keep,41628.20874015181,7.275957614183426e-12,False,0.0,2025-05-06,8
Q4-3,2025-05-07,06:00,selected,40779.206300755235,1.8189894035458565e-11,False,0.0,2025-05-06,8
Q4-3,2025-05-07,12:00,keep,33708.50782212571,1.0913936421275139e-11,False,0.0,2025-05-06,8
Q4-3,2025-05-07,12:00,selected,32901.920811765376,1.4551915228366852e-11,False,0.0,2025-05-06,8
Q4-3,2025-05-07,18:00,keep,20271.493609429246,1.2732925824820995e-11,False,0.0,2025-05-06,8
Q4-3,2025-05-07,18:00,selected,20247.372172847376,7.275957614183426e-12,False,0.0,2025-05-06,8
Q4-3,2025-05-08,00:00,selected,54174.098625063634,3.637978807091713e-11,False,0.0,2025-05-06,8
Q4-3,2025-05-08,06:00,keep,39300.41136710392,1.4551915228366852e-11,False,0.0,2025-05-06,8
Q4-3,2025-05-08,06:00,selected,38936.988389139355,1.0913936421275139e-11,False,0.0,2025-05-06,8
Q4-3,2025-05-08,12:00,keep,32864.99114852152,1.0913936421275139e-11,False,0.0,2025-05-06,8
Q4-3,2025-05-08,12:00,selected,32832.25497106375,1.0913936421275139e-11,False,0.0,2025-05-06,8
Q4-3,2025-05-08,18:00,keep,21539.31945671249,9.094947017729282e-12,False,0.0,2025-05-07,8
Q4-3,2025-05-08,18:00,selected,21512.23409177892,5.4569682106375694e-12,False,0.0,2025-05-07,8
Q4-3,2025-05-09,00:00,selected,19984.22960869659,7.275957614183426e-12,False,0.0,2025-05-06,8
Q4-3,2025-05-09,06:00,keep,13862.024436572128,1.8189894035458565e-12,False,0.0,2025-05-06,8
Q4-3,2025-05-09,06:00,selected,13861.269705363475,3.637978807091713e-12,False,0.0,2025-05-06,8
Q4-3,2025-05-09,12:00,keep,12602.090154631433,1.8189894035458565e-12,False,0.0,2025-05-08,8
Q4-3,2025-05-09,12:00,selected,12602.090154631433,1.8189894035458565e-12,False,0.0,2025-05-08,8
Q4-3,2025-05-09,18:00,keep,10162.92810393096,2.7284841053187847e-12,False,0.0,2025-05-08,8
Q4-3,2025-05-09,18:00,selected,10104.353850379455,1.8189894035458565e-12,False,0.0,2025-05-08,8
Q4-3,2025-05-10,00:00,selected,20348.078959619947,1.4551915228366852e-11,False,0.0,2025-05-06,8
Q4-3,2025-05-10,06:00,keep,16034.228324890717,1.8189894035458565e-12,False,0.0,2025-05-06,8
Q4-3,2025-05-10,06:00,selected,15423.24539855341,3.751665644813329e-12,False,0.0,2025-05-06,8
Q4-3,2025-05-10,12:00,keep,13351.516771021237,3.637978807091713e-12,False,0.0,2025-05-08,8
Q4-3,2025-05-10,12:00,selected,12735.55532028937,1.8189894035458565e-12,False,0.0,2025-05-08,8
Q4-3,2025-05-10,18:00,keep,10855.4111135436,1.8189894035458565e-12,False,0.0,2025-05-09,8
Q4-3,2025-05-10,18:00,selected,10831.582135325649,1.3073986337985843e-12,False,0.0,2025-05-09,8
Q4-3,2025-05-11,00:00,selected,52992.99418864149,2.000888343900442e-11,False,0.0,2025-05-06,8
Q4-3,2025-05-11,06:00,keep,45217.173485164334,2.546585164964199e-11,False,0.0,2025-05-10,8
Q4-3,2025-05-11,06:00,selected,42249.39338249038,2.000888343900442e-11,False,0.0,2025-05-10,8
Q4-3,2025-05-11,12:00,keep,34769.27877494815,1.0913936421275139e-11,False,0.0,2025-05-08,8
Q4-3,2025-05-11,12:00,selected,32614.96099033318,1.4551915228366852e-11,False,0.0,2025-05-08,8
Q4-3,2025-05-11,18:00,keep,21092.12930962704,9.094947017729282e-12,False,0.0,2025-05-10,8
Q4-3,2025-05-11,18:00,selected,21037.42592399927,9.094947017729282e-12,False,0.0,2025-05-10,8
Q4-3,2025-05-12,00:00,selected,46475.321953238155,1.4551915228366852e-11,False,0.0,2025-05-06,8
Q4-3,2025-05-12,06:00,keep,43094.8596616749,3.2741809263825417e-11,False,0.0,2025-05-10,8
Q4-3,2025-05-12,06:00,selected,39316.10089902695,2.546585164964199e-11,False,0.0,2025-05-10,8
Q4-3,2025-05-12,12:00,keep,33539.72348279146,8.731149137020111e-11,False,0.0,2025-05-11,8
Q4-3,2025-05-12,12:00,selected,32000.55248321842,7.275957614183426e-12,False,0.0,2025-05-11,8
Q4-3,2025-05-12,18:00,keep,20949.13220453565,1.0913936421275139e-11,False,0.0,2025-05-11,8
Q4-3,2025-05-12,18:00,selected,20911.79887031424,1.1823431123048067e-11,False,0.0,2025-05-11,8
Q4-3,2025-05-13,00:00,selected,54109.91643857305,2.1827872842550278e-11,False,0.0,2025-05-06,8
Q4-3,2025-05-13,06:00,keep,41616.72079083575,1.0913936421275139e-11,False,0.0,2025-05-10,8
Q4-3,2025-05-13,06:00,selected,41029.65982111207,1.0913936421275139e-11,False,0.0,2025-05-10,8
Q4-3,2025-05-13,12:00,keep,32790.586478438956,1.4551915228366852e-11,False,0.0,2025-05-11,8
Q4-3,2025-05-13,12:00,selected,32516.356185364646,1.3642420526593924e-11,False,0.0,2025-05-11,8
Q4-3,2025-05-13,18:00,keep,21007.491637074087,2.000888343900442e-11,False,0.0,2025-05-12,8
Q4-3,2025-05-13,18:00,selected,20979.99407445152,1.0913936421275139e-11,False,0.0,2025-05-12,8
Q4-3,2025-05-14,00:00,selected,52167.12117864827,3.637978807091713e-11,False,0.0,2025-05-06,8
Q4-3,2025-05-14,06:00,keep,38913.50079521391,1.4551915228366852e-11,False,0.0,2025-05-10,8
Q4-3,2025-05-14,06:00,selected,38876.33252732171,7.275957614183426e-12,False,0.0,2025-05-10,8
Q4-3,2025-05-14,12:00,keep,33724.56180532975,1.5279510989785194e-10,False,0.0,2025-05-11,8
Q4-3,2025-05-14,12:00,selected,33724.56180532975,1.5279510989785194e-10,False,0.0,2025-05-11,8
Q4-3,2025-05-14,18:00,keep,20576.750432451274,8.185452315956354e-12,False,0.0,2025-05-12,8
Q4-3,2025-05-14,18:00,selected,20558.407572472785,7.275957614183426e-12,False,0.0,2025-05-12,8
Q4-3,2025-05-15,00:00,selected,52641.58434079378,1.4551915228366852e-11,False,0.0,2025-05-06,8
Q4-3,2025-05-15,06:00,keep,41832.18321781873,1.2732925824820995e-11,False,0.0,2025-05-14,8
Q4-3,2025-05-15,06:00,selected,41632.94729045683,1.0913936421275139e-11,False,0.0,2025-05-14,8
Q4-3,2025-05-15,12:00,keep,35494.7586312975,1.0913936421275139e-11,False,0.0,2025-05-11,8
Q4-3,2025-05-15,12:00,selected,34277.1854750829,7.275957614183426e-12,False,0.0,2025-05-11,8
Q4-3,2025-05-15,18:00,keep,21043.067720318333,7.275957614183426e-12,False,0.0,2025-05-12,8
Q4-3,2025-05-15,18:00,selected,21043.067720318333,7.275957614183426e-12,False,0.0,2025-05-12,8
Q4-3,2025-05-16,00:00,selected,19426.253968486064,5.4569682106375694e-12,False,0.0,2025-05-14,8
Q4-3,2025-05-16,06:00,keep,14175.422205997142,9.094947017729282e-13,False,0.0,2025-05-14,8
Q4-3,2025-05-16,06:00,selected,14162.770526481161,1.8189894035458565e-12,False,0.0,2025-05-14,8
Q4-3,2025-05-16,12:00,keep,13487.212421724718,1.8189894035458565e-12,False,0.0,2025-05-11,8
Q4-3,2025-05-16,12:00,selected,13436.221302558837,1.8189894035458565e-12,False,0.0,2025-05-11,8
Q4-3,2025-05-16,18:00,keep,10824.7216546294,1.1368683772161603e-13,False,0.0,2025-05-15,8
Q4-3,2025-05-16,18:00,selected,10824.7216546294,1.1368683772161603e-13,False,0.0,2025-05-15,8
Q4-3,2025-05-17,00:00,selected,19967.047121615946,3.637978807091713e-12,False,0.0,2025-05-14,8
Q4-3,2025-05-17,06:00,keep,14453.710978603482,1.8189894035458565e-12,False,0.0,2025-05-15,8
Q4-3,2025-05-17,06:00,selected,14453.710978603482,1.8189894035458565e-12,False,0.0,2025-05-15,8
Q4-3,2025-05-17,12:00,keep,13707.049160113986,1.8189894035458565e-12,False,0.0,2025-05-11,8
Q4-3,2025-05-17,12:00,selected,13707.049160113986,1.8189894035458565e-12,False,0.0,2025-05-11,8
Q4-3,2025-05-17,18:00,keep,10836.73458545246,1.8189894035458565e-12,False,0.0,2025-05-15,8
Q4-3,2025-05-17,18:00,selected,10836.73458545246,1.8189894035458565e-12,False,0.0,2025-05-15,8
Q4-3,2025-05-18,00:00,selected,54403.381471501445,3.637978807091713e-11,False,0.0,2025-05-14,8
Q4-3,2025-05-18,06:00,keep,41663.996454218235,1.8189894035458565e-11,False,0.0,2025-05-17,8
Q4-3,2025-05-18,06:00,selected,41072.29120129763,1.4551915228366852e-11,False,0.0,2025-05-17,8
Q4-3,2025-05-18,12:00,keep,33440.78317046775,9.549694368615746e-12,False,0.0,2025-05-11,8
Q4-3,2025-05-18,12:00,selected,33023.58797604639,1.0913936421275139e-11,False,0.0,2025-05-11,8
Q4-3,2025-05-18,18:00,keep,21212.438311631067,5.4569682106375694e-12,False,0.0,2025-05-15,8
Q4-3,2025-05-18,18:00,selected,21212.438311631067,5.4569682106375694e-12,False,0.0,2025-05-15,8
Q4-3,2025-05-19,00:00,selected,49004.672583785934,1.4551915228366852e-11,False,0.0,2025-05-14,8
Q4-3,2025-05-19,06:00,keep,37282.2818717424,3.637978807091713e-12,False,0.0,2025-05-17,8
Q4-3,2025-05-19,06:00,selected,37282.2818717424,3.637978807091713e-12,False,0.0,2025-05-17,8
Q4-3,2025-05-19,12:00,keep,31410.091436701652,7.275957614183426e-12,False,0.0,2025-05-11,8
Q4-3,2025-05-19,12:00,selected,31083.579180168523,1.0913936421275139e-11,False,0.0,2025-05-11,8
Q4-3,2025-05-19,18:00,keep,20734.415605533388,5.4569682106375694e-12,False,0.0,2025-05-15,8
Q4-3,2025-05-19,18:00,selected,20734.415605533388,5.4569682106375694e-12,False,0.0,2025-05-15,8
Q4-3,2025-05-20,00:00,selected,48605.81149060458,2.2282620193436742e-11,False,0.0,2025-05-14,8
Q4-3,2025-05-20,06:00,keep,40669.35177420369,1.8189894035458565e-11,False,0.0,2025-05-17,8
Q4-3,2025-05-20,06:00,selected,38115.31537310367,1.0913936421275139e-11,False,0.0,2025-05-17,8
Q4-3,2025-05-20,12:00,keep,33275.770166189825,1.4551915228366852e-11,False,0.0,2025-05-11,8
Q4-3,2025-05-20,12:00,selected,31446.368083091453,1.0913936421275139e-11,False,0.0,2025-05-11,8
Q4-3,2025-05-20,18:00,keep,20856.42204184278,7.275957614183426e-12,False,0.0,2025-05-19,8
Q4-3,2025-05-20,18:00,selected,20856.42204184278,7.275957614183426e-12,False,0.0,2025-05-19,8
Q4-3,2025-05-21,00:00,selected,46706.07700397296,2.1827872842550278e-11,False,0.0,2025-05-14,8
Q4-3,2025-05-21,06:00,keep,39650.323156007114,7.275957614183426e-12,False,0.0,2025-05-17,8
Q4-3,2025-05-21,06:00,selected,38177.546067143245,1.0913936421275139e-11,False,0.0,2025-05-17,8
Q4-3,2025-05-21,12:00,keep,33602.51381837081,9.549694368615746e-12,False,0.0,2025-05-20,8
Q4-3,2025-05-21,12:00,selected,32650.465848353466,1.4097167877480388e-11,False,0.0,2025-05-20,8
Q4-3,2025-05-21,18:00,keep,20888.488526430607,7.73070496506989e-12,False,0.0,2025-05-20,8
Q4-3,2025-05-21,18:00,selected,20846.762668859086,7.275957614183426e-12,False,0.0,2025-05-20,8
Q4-3,2025-05-22,00:00,selected,49304.708945477425,2.9103830456733704e-11,False,0.0,2025-05-14,8
Q4-3,2025-05-22,06:00,keep,37271.18682128045,5.9117155615240335e-12,False,0.0,2025-05-17,8
Q4-3,2025-05-22,06:00,selected,37238.89850166525,9.322320693172514e-12,False,0.0,2025-05-17,8
Q4-3,2025-05-22,12:00,keep,32219.47440936856,7.73070496506989e-12,False,0.0,2025-05-20,8
Q4-3,2025-05-22,12:00,selected,32219.47440936856,7.73070496506989e-12,False,0.0,2025-05-20,8
Q4-3,2025-05-22,18:00,keep,21044.07605145121,7.275957614183426e-12,False,0.0,2025-05-20,8
Q4-3,2025-05-22,18:00,selected,21033.42382107803,5.4569682106375694e-12,False,0.0,2025-05-20,8
Q4-3,2025-05-23,00:00,selected,18541.49700572659,9.094947017729282e-12,False,0.0,2025-05-14,8
Q4-3,2025-05-23,06:00,keep,12997.855218012108,4.547473508864641e-13,False,0.0,2025-05-17,8
Q4-3,2025-05-23,06:00,selected,12997.855218012108,4.547473508864641e-13,False,0.0,2025-05-17,8
Q4-3,2025-05-23,12:00,keep,12592.979463663107,3.637978807091713e-12,False,0.0,2025-05-20,8
Q4-3,2025-05-23,12:00,selected,12375.572039221764,3.637978807091713e-12,False,0.0,2025-05-20,8
Q4-3,2025-05-23,18:00,keep,10283.93117883991,1.8189894035458565e-12,False,0.0,2025-05-20,8
Q4-3,2025-05-23,18:00,selected,10213.018274506985,1.8189894035458565e-12,False,0.0,2025-05-20,8
Q4-3,2025-05-24,00:00,selected,19076.204569352987,1.9326762412674725e-12,False,0.0,2025-05-14,8
Q4-3,2025-05-24,06:00,keep,13585.467638230646,1.8189894035458565e-12,False,0.0,2025-05-17,8
Q4-3,2025-05-24,06:00,selected,13585.467638230646,1.8189894035458565e-12,False,0.0,2025-05-17,8
Q4-3,2025-05-24,12:00,keep,12922.1357260926,1.8189894035458565e-12,False,0.0,2025-05-23,8
Q4-3,2025-05-24,12:00,selected,12922.1357260926,1.8189894035458565e-12,False,0.0,2025-05-23,8
Q4-3,2025-05-24,18:00,keep,10633.383611716956,1.8189894035458565e-12,False,0.0,2025-05-20,8
Q4-3,2025-05-24,18:00,selected,10633.383611716956,1.8189894035458565e-12,False,0.0,2025-05-20,8
Q4-3,2025-05-25,00:00,selected,48008.9841405974,2.1827872842550278e-11,False,0.0,2025-05-14,8
Q4-3,2025-05-25,06:00,keep,36425.19283302868,1.4551915228366852e-11,False,0.0,2025-05-17,8
Q4-3,2025-05-25,06:00,selected,36425.19283302868,1.4551915228366852e-11,False,0.0,2025-05-17,8
Q4-3,2025-05-25,12:00,keep,31178.24022675748,1.1823431123048067e-11,False,0.0,2025-05-23,8
Q4-3,2025-05-25,12:00,selected,31019.195709759773,4.092726157978177e-12,False,0.0,2025-05-23,8
Q4-3,2025-05-25,18:00,keep,21048.660177983955,7.73070496506989e-12,False,0.0,2025-05-20,8
Q4-3,2025-05-25,18:00,selected,21007.722378131915,9.094947017729282e-12,False,0.0,2025-05-20,8
Q4-3,2025-05-26,00:00,selected,47179.665100883816,3.637978807091713e-11,False,0.0,2025-05-14,8
Q4-3,2025-05-26,06:00,keep,35882.72900329481,1.6370904631912708e-11,False,0.0,2025-05-25,8
Q4-3,2025-05-26,06:00,selected,35633.78246553951,1.0913936421275139e-11,False,0.0,2025-05-25,8
Q4-3,2025-05-26,12:00,keep,32312.47778590027,1.0913936421275139e-11,False,0.0,2025-05-25,8
Q4-3,2025-05-26,12:00,selected,31611.95327725215,8.640199666842818e-12,False,0.0,2025-05-25,8
Q4-3,2025-05-26,18:00,keep,20580.86809756622,9.094947017729282e-12,False,0.0,2025-05-20,8
Q4-3,2025-05-26,18:00,selected,20518.414334440615,5.4569682106375694e-12,False,0.0,2025-05-20,8
Q4-3,2025-05-27,00:00,selected,44957.326105878776,1.4551915228366852e-11,False,0.0,2025-05-14,8
Q4-3,2025-05-27,06:00,keep,43715.534914353,1.4551915228366852e-11,False,0.0,2025-05-17,8
Q4-3,2025-05-27,06:00,selected,40494.52377006002,1.0913936421275139e-11,False,0.0,2025-05-17,8
Q4-3,2025-05-27,12:00,keep,34224.95609133377,8.185452315956354e-12,False,0.0,2025-05-25,8
Q4-3,2025-05-27,12:00,selected,31519.404881453836,7.275957614183426e-12,False,0.0,2025-05-25,8
Q4-3,2025-05-27,18:00,keep,21451.88710957317,7.275957614183426e-12,False,0.0,2025-05-20,8
Q4-3,2025-05-27,18:00,selected,21362.874343859403,9.094947017729282e-12,False,0.0,2025-05-20,8
Q4-3,2025-05-28,00:00,selected,51095.44662161928,2.1827872842550278e-11,False,0.0,2025-05-14,8
Q4-3,2025-05-28,06:00,keep,39426.25468327142,7.275957614183426e-12,False,0.0,2025-05-27,8
Q4-3,2025-05-28,06:00,selected,39132.546121970256,2.773958840407431e-11,False,0.0,2025-05-27,8
Q4-3,2025-05-28,12:00,keep,32412.653551408595,1.546140993013978e-11,False,0.0,2025-05-25,8
Q4-3,2025-05-28,12:00,selected,32179.02890223355,1.0459189070388675e-11,False,0.0,2025-05-25,8
Q4-3,2025-05-28,18:00,keep,21313.10830542737,7.275957614183426e-12,False,0.0,2025-05-20,8
Q4-3,2025-05-28,18:00,selected,21242.326315097267,7.275957614183426e-12,False,0.0,2025-05-20,8
Q4-3,2025-05-29,00:00,selected,51070.32194969115,2.9103830456733704e-11,False,0.0,2025-05-14,8
Q4-3,2025-05-29,06:00,keep,44158.557426158724,3.2741809263825417e-11,False,0.0,2025-05-27,8
Q4-3,2025-05-29,06:00,selected,42232.27563764308,1.0913936421275139e-11,False,0.0,2025-05-27,8
Q4-3,2025-05-29,12:00,keep,33299.52942605142,1.0913936421275139e-11,False,0.0,2025-05-25,8
Q4-3,2025-05-29,12:00,selected,31648.30809399053,1.5006662579253316e-11,False,0.0,2025-05-25,8
Q4-3,2025-05-29,18:00,keep,21553.78095345353,7.275957614183426e-12,False,0.0,2025-05-20,8
Q4-3,2025-05-29,18:00,selected,21553.78095345353,7.275957614183426e-12,False,0.0,2025-05-20,8
Q4-3,2025-05-30,00:00,selected,20042.910747509784,7.275957614183426e-12,False,0.0,2025-05-14,8
Q4-3,2025-05-30,06:00,keep,14663.908633057768,1.8189894035458565e-12,False,0.0,2025-05-27,8
Q4-3,2025-05-30,06:00,selected,14663.908633057768,1.8189894035458565e-12,False,0.0,2025-05-27,8
Q4-3,2025-05-30,12:00,keep,13501.959330188783,1.8189894035458565e-12,False,0.0,2025-05-25,8
Q4-3,2025-05-30,12:00,selected,13501.959330188783,1.8189894035458565e-12,False,0.0,2025-05-25,8
Q4-3,2025-05-30,18:00,keep,10980.772362262325,1.8189894035458565e-12,False,0.0,2025-05-20,8
Q4-3,2025-05-30,18:00,selected,10969.883561663417,1.8189894035458565e-12,False,0.0,2025-05-20,8
Q4-3,2025-05-31,00:00,selected,20625.22584258254,7.275957614183426e-12,False,0.0,2025-05-14,8
Q4-3,2025-05-31,06:00,keep,15114.098172177602,1.8189894035458565e-12,False,0.0,2025-05-27,8
Q4-3,2025-05-31,06:00,selected,15088.628905494044,1.8189894035458565e-12,False,0.0,2025-05-27,8
Q4-3,2025-05-31,12:00,keep,13928.927912346182,1.8189894035458565e-12,False,0.0,2025-05-25,8
Q4-3,2025-05-31,12:00,selected,13805.015745086183,1.8189894035458565e-12,False,0.0,2025-05-25,8
Q4-3,2025-05-31,18:00,keep,10547.896986683198,1.8189894035458565e-12,False,0.0,2025-05-20,8
Q4-3,2025-05-31,18:00,selected,10537.467134932656,1.8189894035458565e-12,False,0.0,2025-05-20,8
Q4-3,2025-06-01,00:00,selected,69177.0072327777,1.8189894035458565e-11,False,0.0,2025-05-14,8
Q4-3,2025-06-01,06:00,keep,63092.311065052985,2.9103830456733704e-11,False,0.0,2025-05-31,8
Q4-3,2025-06-01,06:00,selected,59912.26350716357,1.7280399333685637e-11,False,0.0,2025-05-31,8
Q4-3,2025-06-01,12:00,keep,45693.05216268337,1.4551915228366852e-11,False,0.0,2025-05-31,8
Q4-3,2025-06-01,12:00,selected,44745.923511452274,1.4551915228366852e-11,False,0.0,2025-05-31,8
Q4-3,2025-06-01,18:00,keep,24661.531889782284,1.0913936421275139e-11,False,0.0,2025-05-20,8
Q4-3,2025-06-01,18:00,selected,24661.531889782284,1.0913936421275139e-11,False,0.0,2025-05-20,8
Q4-3,2025-06-02,00:00,selected,71398.64246873195,2.9103830456733704e-11,False,0.0,2025-06-01,8
Q4-3,2025-06-02,06:00,keep,58235.46575109772,1.4551915228366852e-11,False,0.0,2025-06-01,8
Q4-3,2025-06-02,06:00,selected,55820.19955349068,2.1827872842550278e-11,False,0.0,2025-06-01,8
Q4-3,2025-06-02,12:00,keep,46560.2973176697,1.4551915228366852e-11,False,0.0,2025-06-01,8
Q4-3,2025-06-02,12:00,selected,46079.95964175389,7.275957614183426e-12,False,0.0,2025-06-01,8
Q4-3,2025-06-02,18:00,keep,26162.304774826418,7.275957614183426e-12,False,0.0,2025-06-01,8
Q4-3,2025-06-02,18:00,selected,26052.09262845115,7.275957614183426e-12,False,0.0,2025-06-01,8
Q4-3,2025-06-03,00:00,selected,66058.43622444748,2.1827872842550278e-11,False,0.0,2025-06-02,8
Q4-3,2025-06-03,06:00,keep,71827.35509776008,2.9103830456733704e-11,False,0.0,2025-06-02,8
Q4-3,2025-06-03,06:00,selected,59938.33371111176,2.1827872842550278e-11,False,0.0,2025-06-02,8
Q4-3,2025-06-03,12:00,keep,46398.93689960696,7.275957614183426e-12,False,0.0,2025-06-01,8
Q4-3,2025-06-03,12:00,selected,42537.7803266894,3.2741809263825417e-11,False,0.0,2025-06-01,8
Q4-3,2025-06-03,18:00,keep,26461.915159742417,3.637978807091713e-12,False,0.0,2025-06-01,8
Q4-3,2025-06-03,18:00,selected,26321.26458901409,3.637978807091713e-12,False,0.0,2025-06-01,8
Q4-3,2025-06-04,00:00,selected,76559.33812616937,4.3655745685100555e-11,False,0.0,2025-06-02,8
Q4-3,2025-06-04,06:00,keep,62245.300005225996,1.4551915228366852e-11,False,0.0,2025-06-03,8
Q4-3,2025-06-04,06:00,selected,61517.1233983682,1.4551915228366852e-11,False,0.0,2025-06-03,8
Q4-3,2025-06-04,12:00,keep,49034.0835935608,7.275957614183426e-12,False,0.0,2025-06-01,8
Q4-3,2025-06-04,12:00,selected,49034.0835935608,7.275957614183426e-12,False,0.0,2025-06-01,8
Q4-3,2025-06-04,18:00,keep,26485.785034758395,7.275957614183426e-12,False,0.0,2025-06-01,8
Q4-3,2025-06-04,18:00,selected,26485.785034758395,7.275957614183426e-12,False,0.0,2025-06-01,8
Q4-3,2025-06-05,00:00,selected,67258.15847243647,3.637978807091713e-11,False,0.0,2025-06-04,8
Q4-3,2025-06-05,06:00,keep,70148.46237269964,3.637978807091713e-11,False,0.0,2025-06-04,8
Q4-3,2025-06-05,06:00,selected,61823.80616314873,4.3655745685100555e-11,False,0.0,2025-06-04,8
Q4-3,2025-06-05,12:00,keep,49009.49233001278,2.9103830456733704e-11,False,0.0,2025-06-04,8
Q4-3,2025-06-05,12:00,selected,46993.39522300266,3.637978807091713e-11,False,0.0,2025-06-04,8
Q4-3,2025-06-05,18:00,keep,26735.84056576425,9.094947017729282e-12,False,0.0,2025-06-04,8
Q4-3,2025-06-05,18:00,selected,26682.50526459982,7.275957614183426e-12,False,0.0,2025-06-04,8
Q4-3,2025-06-06,00:00,selected,33866.04784761308,1.0913936421275139e-11,False,0.0,2025-06-04,8
Q4-3,2025-06-06,06:00,keep,23804.991027958935,3.637978807091713e-12,False,0.0,2025-06-04,8
Q4-3,2025-06-06,06:00,selected,23804.991027958935,3.637978807091713e-12,False,0.0,2025-06-04,8
Q4-3,2025-06-06,12:00,keep,21536.437595102234,1.8189894035458565e-12,False,0.0,2025-06-05,8
Q4-3,2025-06-06,12:00,selected,21504.09587512655,3.637978807091713e-12,False,0.0,2025-06-05,8
Q4-3,2025-06-06,18:00,keep,15784.298863469461,1.8189894035458565e-12,False,0.0,2025-06-04,8
Q4-3,2025-06-06,18:00,selected,15767.651066708935,1.8189894035458565e-12,False,0.0,2025-06-04,8
Q4-3,2025-06-07,00:00,selected,37501.216328639384,1.7280399333685637e-11,False,0.0,2025-06-04,8
Q4-3,2025-06-07,06:00,keep,25363.542521292155,3.637978807091713e-12,False,0.0,2025-06-04,8
Q4-3,2025-06-07,06:00,selected,25363.542521292155,3.637978807091713e-12,False,0.0,2025-06-04,8
Q4-3,2025-06-07,12:00,keep,20635.68079510124,3.637978807091713e-12,False,0.0,2025-06-05,8
Q4-3,2025-06-07,12:00,selected,20635.68079510124,3.637978807091713e-12,False,0.0,2025-06-05,8
Q4-3,2025-06-07,18:00,keep,15754.449936782077,3.524291969370097e-12,False,0.0,2025-06-04,8
Q4-3,2025-06-07,18:00,selected,15754.449936782077,3.524291969370097e-12,False,0.0,2025-06-04,8
Q4-3,2025-06-08,00:00,selected,64934.44076328869,1.546140993013978e-11,False,0.0,2025-06-04,8
Q4-3,2025-06-08,06:00,keep,59091.81254866682,2.9103830456733704e-11,False,0.0,2025-06-04,8
Q4-3,2025-06-08,06:00,selected,54231.09808285954,1.546140993013978e-11,False,0.0,2025-06-04,8
Q4-3,2025-06-08,12:00,keep,46197.253641995776,1.4551915228366852e-11,False,0.0,2025-06-06,8
Q4-3,2025-06-08,12:00,selected,44470.054753047276,1.4551915228366852e-11,False,0.0,2025-06-06,8
Q4-3,2025-06-08,18:00,keep,26709.788818229696,3.637978807091713e-12,False,0.0,2025-06-07,8
Q4-3,2025-06-08,18:00,selected,26651.9168874968,3.637978807091713e-12,False,0.0,2025-06-07,8
Q4-3,2025-06-09,00:00,selected,75956.89915538701,1.4551915228366852e-11,False,0.0,2025-06-08,8
Q4-3,2025-06-09,06:00,keep,59301.33743575105,1.6370904631912708e-11,False,0.0,2025-06-04,8
Q4-3,2025-06-09,06:00,selected,58765.38725542716,2.091837814077735e-11,False,0.0,2025-06-04,8
Q4-3,2025-06-09,12:00,keep,48789.82254826437,7.275957614183426e-12,False,0.0,2025-06-06,8
Q4-3,2025-06-09,12:00,selected,47756.67261693714,7.275957614183426e-12,False,0.0,2025-06-06,8
Q4-3,2025-06-09,18:00,keep,26763.19947338723,1.0913936421275139e-11,False,0.0,2025-06-07,8
Q4-3,2025-06-09,18:00,selected,26701.41481909026,7.275957614183426e-12,False,0.0,2025-06-07,8
Q4-3,2025-06-10,00:00,selected,69903.19794670565,1.4551915228366852e-11,False,0.0,2025-06-08,8
Q4-3,2025-06-10,06:00,keep,55408.558917128874,1.4551915228366852e-11,False,0.0,2025-06-04,8
Q4-3,2025-06-10,06:00,selected,54922.97625680837,2.1827872842550278e-11,False,0.0,2025-06-04,8
Q4-3,2025-06-10,12:00,keep,49977.30415013997,1.4551915228366852e-11,False,0.0,2025-06-06,8
Q4-3,2025-06-10,12:00,selected,49355.702346751554,3.637978807091713e-11,False,0.0,2025-06-06,8
Q4-3,2025-06-10,18:00,keep,27033.687647963394,3.637978807091713e-12,False,0.0,2025-06-08,8
Q4-3,2025-06-10,18:00,selected,27001.827974251464,1.4551915228366852e-11,False,0.0,2025-06-08,8
Q4-3,2025-06-11,00:00,selected,73666.89674852332,3.2741809263825417e-11,False,0.0,2025-06-08,8
Q4-3,2025-06-11,06:00,keep,65955.01153867987,2.1827872842550278e-11,False,0.0,2025-06-04,8
Q4-3,2025-06-11,06:00,selected,61837.47331021227,2.9103830456733704e-11,False,0.0,2025-06-04,8
Q4-3,2025-06-11,12:00,keep,52149.674801678106,1.4551915228366852e-11,False,0.0,2025-06-06,8
Q4-3,2025-06-11,12:00,selected,51439.99306960814,2.1827872842550278e-11,False,0.0,2025-06-06,8
Q4-3,2025-06-11,18:00,keep,26906.298923837727,7.275957614183426e-12,False,0.0,2025-06-08,8
Q4-3,2025-06-11,18:00,selected,26887.723012231552,1.8189894035458565e-11,False,0.0,2025-06-08,8
Q4-3,2025-06-12,00:00,selected,71438.36188003253,2.9103830456733704e-11,False,0.0,2025-06-08,8
Q4-3,2025-06-12,06:00,keep,65520.074889992306,2.9103830456733704e-11,False,0.0,2025-06-04,8
Q4-3,2025-06-12,06:00,selected,62001.447176914175,2.1827872842550278e-11,False,0.0,2025-06-04,8
Q4-3,2025-06-12,12:00,keep,50894.69787455535,1.4551915228366852e-11,False,0.0,2025-06-06,8
Q4-3,2025-06-12,12:00,selected,48919.448877138544,1.4551915228366852e-11,False,0.0,2025-06-06,8
Q4-3,2025-06-12,18:00,keep,27326.68910215936,1.0913936421275139e-11,False,0.0,2025-06-08,8
Q4-3,2025-06-12,18:00,selected,27297.389412192657,2.1827872842550278e-11,False,0.0,2025-06-08,8
Q4-3,2025-06-13,00:00,selected,34584.93710730036,1.4551915228366852e-11,False,0.0,2025-06-08,8
Q4-3,2025-06-13,06:00,keep,24261.530193941482,3.637978807091713e-12,False,0.0,2025-06-11,8
Q4-3,2025-06-13,06:00,selected,24057.632196123926,8.071765478234738e-12,False,0.0,2025-06-11,8
Q4-3,2025-06-13,12:00,keep,21928.763378507883,7.275957614183426e-12,False,0.0,2025-06-06,8
Q4-3,2025-06-13,12:00,selected,21928.763378507883,7.275957614183426e-12,False,0.0,2025-06-06,8
Q4-3,2025-06-13,18:00,keep,15905.858315934878,4.860112312599085e-12,False,0.0,2025-06-08,8
Q4-3,2025-06-13,18:00,selected,15905.858315934878,4.860112312599085e-12,False,0.0,2025-06-08,8
Q4-3,2025-06-14,00:00,selected,35564.17744780636,7.275957614183426e-12,False,0.0,2025-06-08,8
Q4-3,2025-06-14,06:00,keep,24630.83162776478,3.637978807091713e-12,False,0.0,2025-06-04,8
Q4-3,2025-06-14,06:00,selected,24387.125240985784,8.810729923425242e-12,False,0.0,2025-06-04,8
Q4-3,2025-06-14,12:00,keep,23413.459673485107,3.637978807091713e-12,False,0.0,2025-06-06,8
Q4-3,2025-06-14,12:00,selected,23413.459673485107,3.637978807091713e-12,False,0.0,2025-06-06,8
Q4-3,2025-06-14,18:00,keep,16937.311943390796,1.8189894035458565e-12,False,0.0,2025-06-08,8
Q4-3,2025-06-14,18:00,selected,16937.311943390796,1.8189894035458565e-12,False,0.0,2025-06-08,8
Q4-3,2025-06-15,00:00,selected,66677.10218305155,2.3646862246096134e-11,False,0.0,2025-06-14,8
Q4-3,2025-06-15,06:00,keep,60591.07843164454,2.1827872842550278e-11,False,0.0,2025-06-14,8
Q4-3,2025-06-15,06:00,selected,55664.08164074104,2.9103830456733704e-11,False,0.0,2025-06-14,8
Q4-3,2025-06-15,12:00,keep,49891.38887940276,2.1827872842550278e-11,False,0.0,2025-06-14,8
Q4-3,2025-06-15,12:00,selected,49287.734635466586,1.4551915228366852e-11,False,0.0,2025-06-14,8
Q4-3,2025-06-15,18:00,keep,27689.04198338697,7.275957614183426e-12,False,0.0,2025-06-14,8
Q4-3,2025-06-15,18:00,selected,27661.95210302945,3.637978807091713e-12,False,0.0,2025-06-14,8
Q4-3,2025-06-16,00:00,selected,72486.07968736056,3.637978807091713e-11,False,0.0,2025-06-15,8
Q4-3,2025-06-16,06:00,keep,61695.61864048849,2.9103830456733704e-11,False,0.0,2025-06-14,8
Q4-3,2025-06-16,06:00,selected,59152.77828712782,1.4551915228366852e-11,False,0.0,2025-06-14,8
Q4-3,2025-06-16,12:00,keep,49779.07473983377,2.9103830456733704e-11,False,0.0,2025-06-14,8
Q4-3,2025-06-16,12:00,selected,48361.9520156246,1.4551915228366852e-11,False,0.0,2025-06-14,8
Q4-3,2025-06-16,18:00,keep,27491.745199569603,3.637978807091713e-12,False,0.0,2025-06-14,8
Q4-3,2025-06-16,18:00,selected,27475.819361594346,7.275957614183426e-12,False,0.0,2025-06-14,8
Q4-3,2025-06-17,00:00,selected,74734.59214392584,2.9103830456733704e-11,False,0.0,2025-06-15,8
Q4-3,2025-06-17,06:00,keep,65527.48786254488,1.4551915228366852e-11,False,0.0,2025-06-14,8
Q4-3,2025-06-17,06:00,selected,62041.92091958331,2.1827872842550278e-11,False,0.0,2025-06-14,8
Q4-3,2025-06-17,12:00,keep,53757.04145423476,2.1827872842550278e-11,False,0.0,2025-06-14,8
Q4-3,2025-06-17,12:00,selected,51585.647427170974,7.275957614183426e-12,False,0.0,2025-06-14,8
Q4-3,2025-06-17,18:00,keep,27130.739060539607,7.275957614183426e-12,False,0.0,2025-06-14,8
Q4-3,2025-06-17,18:00,selected,27085.2890029996,7.275957614183426e-12,False,0.0,2025-06-14,8
Q4-3,2025-06-18,00:00,selected,75175.7719088453,4.3655745685100555e-11,False,0.0,2025-06-15,8
Q4-3,2025-06-18,06:00,keep,65507.4596365881,2.1827872842550278e-11,False,0.0,2025-06-14,8
Q4-3,2025-06-18,06:00,selected,62113.45363803675,3.637978807091713e-11,False,0.0,2025-06-14,8
Q4-3,2025-06-18,12:00,keep,53454.95625196904,3.637978807091713e-11,False,0.0,2025-06-14,8
Q4-3,2025-06-18,12:00,selected,50576.35487509036,2.1827872842550278e-11,False,0.0,2025-06-14,8
Q4-3,2025-06-18,18:00,keep,27581.357062405077,3.637978807091713e-12,False,0.0,2025-06-14,8
Q4-3,2025-06-18,18:00,selected,27550.03549128027,7.275957614183426e-12,False,0.0,2025-06-14,8
Q4-3,2025-06-19,00:00,selected,69267.76223759915,3.637978807091713e-11,False,0.0,2025-06-15,8
Q4-3,2025-06-19,06:00,keep,61829.049552514465,1.4551915228366852e-11,False,0.0,2025-06-14,8
Q4-3,2025-06-19,06:00,selected,56305.16159363487,1.5006662579253316e-11,False,0.0,2025-06-14,8
Q4-3,2025-06-19,12:00,keep,50956.18618897274,2.9103830456733704e-11,False,0.0,2025-06-18,8
Q4-3,2025-06-19,12:00,selected,50438.22893486115,2.1827872842550278e-11,False,0.0,2025-06-18,8
Q4-3,2025-06-19,18:00,keep,28060.24182660759,1.0913936421275139e-11,False,0.0,2025-06-14,8
Q4-3,2025-06-19,18:00,selected,28023.4392269255,1.0913936421275139e-11,False,0.0,2025-06-14,8
Q4-3,2025-06-20,00:00,selected,34704.087897880636,1.5006662579253316e-11,False,0.0,2025-06-15,8
Q4-3,2025-06-20,06:00,keep,24443.447267744312,3.637978807091713e-12,False,0.0,2025-06-14,8
Q4-3,2025-06-20,06:00,selected,24370.972614982296,4.710898338089464e-12,False,0.0,2025-06-14,8
Q4-3,2025-06-20,12:00,keep,22937.748528605527,3.637978807091713e-12,False,0.0,2025-06-19,8
Q4-3,2025-06-20,12:00,selected,22937.748528605527,3.637978807091713e-12,False,0.0,2025-06-19,8
Q4-3,2025-06-20,18:00,keep,17086.09355406411,2.2737367544323206e-13,False,0.0,2025-06-14,8
Q4-3,2025-06-20,18:00,selected,17086.09355406411,2.2737367544323206e-13,False,0.0,2025-06-14,8
Q4-3,2025-06-21,00:00,selected,32369.789286171897,1.0913936421275139e-11,False,0.0,2025-06-20,8
Q4-3,2025-06-21,06:00,keep,23391.645199901322,3.637978807091713e-12,False,0.0,2025-06-14,8
Q4-3,2025-06-21,06:00,selected,23391.645199901322,3.637978807091713e-12,False,0.0,2025-06-14,8
Q4-3,2025-06-21,12:00,keep,21640.49841663042,3.637978807091713e-12,False,0.0,2025-06-19,8
Q4-3,2025-06-21,12:00,selected,21640.49841663042,3.637978807091713e-12,False,0.0,2025-06-19,8
Q4-3,2025-06-21,18:00,keep,16578.441387961542,5.684341886080801e-13,False,0.0,2025-06-14,8
Q4-3,2025-06-21,18:00,selected,16578.441387961542,5.684341886080801e-13,False,0.0,2025-06-14,8
Q4-3,2025-06-22,00:00,selected,68195.50424728228,3.637978807091713e-11,False,0.0,2025-06-20,8
Q4-3,2025-06-22,06:00,keep,61600.356485877994,1.4551915228366852e-11,False,0.0,2025-06-21,8
Q4-3,2025-06-22,06:00,selected,55672.003425782976,1.4551915228366852e-11,False,0.0,2025-06-21,8
Q4-3,2025-06-22,12:00,keep,49729.02180221344,2.1827872842550278e-11,False,0.0,2025-06-21,8
Q4-3,2025-06-22,12:00,selected,48128.81365762792,7.275957614183426e-12,False,0.0,2025-06-21,8
Q4-3,2025-06-22,18:00,keep,27630.669540821826,7.275957614183426e-12,False,0.0,2025-06-21,8
Q4-3,2025-06-22,18:00,selected,27582.522483974535,1.0913936421275139e-11,False,0.0,2025-06-21,8
Q4-3,2025-06-23,00:00,selected,70187.569244254,2.9103830456733704e-11,False,0.0,2025-06-20,8
Q4-3,2025-06-23,06:00,keep,53283.7734437365,1.4551915228366852e-11,False,0.0,2025-06-21,8
Q4-3,2025-06-23,06:00,selected,52742.09886368979,1.4551915228366852e-11,False,0.0,2025-06-21,8
Q4-3,2025-06-23,12:00,keep,46562.47037323347,1.4551915228366852e-11,False,0.0,2025-06-21,8
Q4-3,2025-06-23,12:00,selected,46104.93016259729,3.637978807091713e-11,False,0.0,2025-06-21,8
Q4-3,2025-06-23,18:00,keep,27673.38760290704,1.4551915228366852e-11,False,0.0,2025-06-21,8
Q4-3,2025-06-23,18:00,selected,27641.337021757594,7.275957614183426e-12,False,0.0,2025-06-21,8
Q4-3,2025-06-24,00:00,selected,83426.17138590344,5.820766091346741e-11,False,0.0,2025-06-20,8
Q4-3,2025-06-24,06:00,keep,64426.6268196386,7.275957614183426e-12,False,0.0,2025-06-21,8
Q4-3,2025-06-24,06:00,selected,64127.869058089425,2.6830093702301383e-11,False,0.0,2025-06-21,8
Q4-3,2025-06-24,12:00,keep,53740.506878567525,2.1827872842550278e-11,False,0.0,2025-06-21,8
Q4-3,2025-06-24,12:00,selected,53661.365660293624,7.275957614183426e-12,False,0.0,2025-06-21,8
Q4-3,2025-06-24,18:00,keep,27903.45620418724,7.275957614183426e-12,False,0.0,2025-06-21,8
Q4-3,2025-06-24,18:00,selected,27860.40485244982,7.275957614183426e-12,False,0.0,2025-06-21,8
Q4-3,2025-06-25,00:00,selected,71217.02932719012,2.1827872842550278e-11,False,0.0,2025-06-20,8
Q4-3,2025-06-25,06:00,keep,61565.300872908505,2.1827872842550278e-11,False,0.0,2025-06-21,8
Q4-3,2025-06-25,06:00,selected,57872.46848565927,2.9103830456733704e-11,False,0.0,2025-06-21,8
Q4-3,2025-06-25,12:00,keep,49405.84696030546,7.275957614183426e-12,False,0.0,2025-06-21,8
Q4-3,2025-06-25,12:00,selected,47955.16621435086,1.4551915228366852e-11,False,0.0,2025-06-21,8
Q4-3,2025-06-25,18:00,keep,27353.81915663855,7.275957614183426e-12,False,0.0,2025-06-24,8
Q4-3,2025-06-25,18:00,selected,27198.77400412925,7.275957614183426e-12,False,0.0,2025-06-24,8
Q4-3,2025-06-26,00:00,selected,68074.92489075298,3.637978807091713e-11,False,0.0,2025-06-20,8
Q4-3,2025-06-26,06:00,keep,53924.19058013611,7.275957614183426e-12,False,0.0,2025-06-21,8
Q4-3,2025-06-26,06:00,selected,52537.225888280955,1.546140993013978e-11,False,0.0,2025-06-21,8
Q4-3,2025-06-26,12:00,keep,45546.1819470045,1.0913936421275139e-11,False,0.0,2025-06-21,8
Q4-3,2025-06-26,12:00,selected,44180.95017037941,2.9103830456733704e-11,False,0.0,2025-06-21,8
Q4-3,2025-06-26,18:00,keep,26919.45366350154,1.4551915228366852e-11,False,0.0,2025-06-21,8
Q4-3,2025-06-26,18:00,selected,26898.043459671215,7.275957614183426e-12,False,0.0,2025-06-21,8
Q4-3,2025-06-27,00:00,selected,32956.37959703468,1.4551915228366852e-11,False,0.0,2025-06-20,8
Q4-3,2025-06-27,06:00,keep,24057.60291262895,3.637978807091713e-12,False,0.0,2025-06-21,8
Q4-3,2025-06-27,06:00,selected,23710.8518360617,5.7056581681536045e-12,False,0.0,2025-06-21,8
Q4-3,2025-06-27,12:00,keep,21888.574442490662,3.637978807091713e-12,False,0.0,2025-06-21,8
Q4-3,2025-06-27,12:00,selected,21670.323962539744,7.275957614183426e-12,False,0.0,2025-06-21,8
Q4-3,2025-06-27,18:00,keep,15807.948124633333,2.7284841053187847e-12,False,0.0,2025-06-21,8
Q4-3,2025-06-27,18:00,selected,15807.948124633333,2.7284841053187847e-12,False,0.0,2025-06-21,8
Q4-3,2025-06-28,00:00,selected,33119.31637460994,1.0913936421275139e-11,False,0.0,2025-06-20,8
Q4-3,2025-06-28,06:00,keep,25100.97667606152,7.275957614183426e-12,False,0.0,2025-06-21,8
Q4-3,2025-06-28,06:00,selected,24927.789228255624,3.637978807091713e-12,False,0.0,2025-06-21,8
Q4-3,2025-06-28,12:00,keep,22316.915616718015,3.637978807091713e-12,False,0.0,2025-06-21,8
Q4-3,2025-06-28,12:00,selected,21885.39787526486,3.637978807091713e-12,False,0.0,2025-06-21,8
Q4-3,2025-06-28,18:00,keep,16406.82654983301,1.8189894035458565e-12,False,0.0,2025-06-21,8
Q4-3,2025-06-28,18:00,selected,16406.82654983301,1.8189894035458565e-12,False,0.0,2025-06-21,8
Q4-3,2025-06-29,00:00,selected,68179.33162648935,2.9103830456733704e-11,False,0.0,2025-06-20,8
Q4-3,2025-06-29,06:00,keep,61314.08025517283,2.1827872842550278e-11,False,0.0,2025-06-21,8
Q4-3,2025-06-29,06:00,selected,55955.1918276497,2.1827872842550278e-11,False,0.0,2025-06-21,8
Q4-3,2025-06-29,12:00,keep,48827.546043617054,1.8189894035458565e-11,False,0.0,2025-06-28,8
Q4-3,2025-06-29,12:00,selected,47848.10472404192,1.4551915228366852e-11,False,0.0,2025-06-28,8
Q4-3,2025-06-29,18:00,keep,27612.61130959687,1.0913936421275139e-11,False,0.0,2025-06-28,8
Q4-3,2025-06-29,18:00,selected,27595.42419919696,3.637978807091713e-12,False,0.0,2025-06-28,8
Q4-3,2025-06-30,00:00,selected,73618.01844531717,3.092281986027956e-11,False,0.0,2025-06-20,8
Q4-3,2025-06-30,06:00,keep,54042.01399824717,7.275957614183426e-12,False,0.0,2025-06-29,8
Q4-3,2025-06-30,06:00,selected,53906.3693870361,7.275957614183426e-12,False,0.0,2025-06-29,8
Q4-3,2025-06-30,12:00,keep,46368.516190768314,1.4551915228366852e-11,False,0.0,2025-06-28,8
Q4-3,2025-06-30,12:00,selected,46248.321294721325,1.4551915228366852e-11,False,0.0,2025-06-28,8
Q4-3,2025-06-30,18:00,keep,27286.543935032554,3.637978807091713e-12,False,0.0,2025-06-28,8
Q4-3,2025-06-30,18:00,selected,27200.787514619544,1.0913936421275139e-11,False,0.0,2025-06-28,8
Q4-3,2025-07-01,00:00,selected,71058.24627298144,2.9103830456733704e-11,False,0.0,2025-06-20,8
Q4-3,2025-07-01,06:00,keep,124219.92493045401,4.3655745685100555e-11,False,0.0,2025-06-30,8
Q4-3,2025-07-01,06:00,selected,79900.72613375034,4.3655745685100555e-11,False,0.0,2025-06-30,8
Q4-3,2025-07-01,12:00,keep,63750.48019808694,1.4551915228366852e-11,False,0.0,2025-06-30,8
Q4-3,2025-07-01,12:00,selected,62194.577842687,4.3655745685100555e-11,False,0.0,2025-06-30,8
Q4-3,2025-07-01,18:00,keep,37457.22614144133,1.4551915228366852e-11,False,0.0,2025-06-30,8
Q4-3,2025-07-01,18:00,selected,37309.995994964054,1.4551915228366852e-11,False,0.0,2025-06-30,8
Q4-3,2025-07-02,00:00,selected,73575.56023765549,2.9103830456733704e-11,False,0.0,2025-07-01,8
Q4-3,2025-07-02,06:00,keep,83006.836329201,3.637978807091713e-11,False,0.0,2025-07-01,8
Q4-3,2025-07-02,06:00,selected,69907.05319857455,3.637978807091713e-11,False,0.0,2025-07-01,8
Q4-3,2025-07-02,12:00,keep,57062.610405180756,1.4551915228366852e-11,False,0.0,2025-06-30,8
Q4-3,2025-07-02,12:00,selected,54125.25963525639,7.275957614183426e-12,False,0.0,2025-06-30,8
Q4-3,2025-07-02,18:00,keep,36189.71768917784,1.0913936421275139e-11,False,0.0,2025-06-30,8
Q4-3,2025-07-02,18:00,selected,36058.887600258066,1.0913936421275139e-11,False,0.0,2025-06-30,8
Q4-3,2025-07-03,00:00,selected,83102.03574920706,5.820766091346741e-11,False,0.0,2025-07-01,8
Q4-3,2025-07-03,06:00,keep,105180.21218901228,2.9103830456733704e-11,False,0.0,2025-07-01,8
Q4-3,2025-07-03,06:00,selected,84708.76901138571,2.1827872842550278e-11,False,0.0,2025-07-01,8
Q4-3,2025-07-03,12:00,keep,63767.05577188984,1.4551915228366852e-11,False,0.0,2025-06-30,8
Q4-3,2025-07-03,12:00,selected,61794.24530614513,2.9103830456733704e-11,False,0.0,2025-06-30,8
Q4-3,2025-07-03,18:00,keep,36968.494509755714,7.275957614183426e-12,False,0.0,2025-06-30,8
Q4-3,2025-07-03,18:00,selected,36844.48445125314,1.0913936421275139e-11,False,0.0,2025-06-30,8
Q4-3,2025-07-04,00:00,selected,37784.95437293101,2.5920599000528455e-11,False,0.0,2025-07-01,8
Q4-3,2025-07-04,06:00,keep,31603.966347220405,3.637978807091713e-12,False,0.0,2025-07-03,8
Q4-3,2025-07-04,06:00,selected,30732.099616333857,3.637978807091713e-12,False,0.0,2025-07-03,8
Q4-3,2025-07-04,12:00,keep,26704.587726800084,3.637978807091713e-12,False,0.0,2025-06-30,8
Q4-3,2025-07-04,12:00,selected,26091.141167792535,1.4779288903810084e-12,False,0.0,2025-06-30,8
Q4-3,2025-07-04,18:00,keep,20225.563447982066,9.094947017729282e-13,False,0.0,2025-06-30,8
Q4-3,2025-07-04,18:00,selected,20225.563447982066,9.094947017729282e-13,False,0.0,2025-06-30,8
Q4-3,2025-07-05,00:00,selected,38469.91921449195,2.9103830456733704e-11,False,0.0,2025-07-01,8
Q4-3,2025-07-05,06:00,keep,29024.637354267023,9.322320693172514e-12,False,0.0,2025-07-04,8
Q4-3,2025-07-05,06:00,selected,29020.65705511541,8.640199666842818e-12,False,0.0,2025-07-04,8
Q4-3,2025-07-05,12:00,keep,26851.64596855026,3.637978807091713e-12,False,0.0,2025-06-30,8
Q4-3,2025-07-05,12:00,selected,26851.64596855026,3.637978807091713e-12,False,0.0,2025-06-30,8
Q4-3,2025-07-05,18:00,keep,20172.15940948904,6.16751094639767e-12,False,0.0,2025-06-30,8
Q4-3,2025-07-05,18:00,selected,20172.15940948904,6.16751094639767e-12,False,0.0,2025-06-30,8
Q4-3,2025-07-06,00:00,selected,80347.81160420823,4.229150363244116e-11,False,0.0,2025-07-01,8
Q4-3,2025-07-06,06:00,keep,100331.61383181819,3.637978807091713e-11,False,0.0,2025-07-05,8
Q4-3,2025-07-06,06:00,selected,79664.9272224529,3.637978807091713e-11,False,0.0,2025-07-05,8
Q4-3,2025-07-06,12:00,keep,66818.65374884834,2.1827872842550278e-11,False,0.0,2025-06-30,8
Q4-3,2025-07-06,12:00,selected,65578.68187139035,1.4551915228366852e-11,False,0.0,2025-06-30,8
Q4-3,2025-07-06,18:00,keep,37611.799002523214,3.637978807091713e-12,False,0.0,2025-06-30,8
Q4-3,2025-07-06,18:00,selected,37433.67951353768,7.275957614183426e-12,False,0.0,2025-06-30,8
Q4-3,2025-07-07,00:00,selected,85139.1958395247,2.9103830456733704e-11,False,0.0,2025-07-06,8
Q4-3,2025-07-07,06:00,keep,69212.48774747814,1.4551915228366852e-11,False,0.0,2025-07-05,8
Q4-3,2025-07-07,06:00,selected,66136.66131665163,2.4556356947869062e-11,False,0.0,2025-07-05,8
Q4-3,2025-07-07,12:00,keep,59775.358982842845,2.1827872842550278e-11,False,0.0,2025-07-06,8
Q4-3,2025-07-07,12:00,selected,59478.835106250925,1.4551915228366852e-11,False,0.0,2025-07-06,8
Q4-3,2025-07-07,18:00,keep,36641.75281170453,7.275957614183426e-12,False,0.0,2025-07-06,8
Q4-3,2025-07-07,18:00,selected,36293.66318014729,7.275957614183426e-12,False,0.0,2025-07-06,8
Q4-3,2025-07-08,00:00,selected,90861.7456028467,7.275957614183426e-11,False,0.0,2025-07-07,8
Q4-3,2025-07-08,06:00,keep,71703.40763187612,1.4551915228366852e-11,False,0.0,2025-07-05,8
Q4-3,2025-07-08,06:00,selected,70029.6882266389,1.4551915228366852e-11,False,0.0,2025-07-05,8
Q4-3,2025-07-08,12:00,keep,62384.555729795386,1.4551915228366852e-11,False,0.0,2025-07-06,8
Q4-3,2025-07-08,12:00,selected,61949.80008444187,7.275957614183426e-12,False,0.0,2025-07-06,8
Q4-3,2025-07-08,18:00,keep,37550.74526427977,1.4551915228366852e-11,False,0.0,2025-07-06,8
Q4-3,2025-07-08,18:00,selected,37355.80947507635,7.275957614183426e-12,False,0.0,2025-07-06,8
Q4-3,2025-07-09,00:00,selected,90031.23504389296,4.3655745685100555e-11,False,0.0,2025-07-07,8
Q4-3,2025-07-09,06:00,keep,67866.53621845861,1.6370904631912708e-11,False,0.0,2025-07-05,8
Q4-3,2025-07-09,06:00,selected,67691.21589278718,2.9103830456733704e-11,False,0.0,2025-07-05,8
Q4-3,2025-07-09,12:00,keep,61590.31526932442,2.1827872842550278e-11,False,0.0,2025-07-06,8
Q4-3,2025-07-09,12:00,selected,60929.66017333797,1.4551915228366852e-11,False,0.0,2025-07-06,8
Q4-3,2025-07-09,18:00,keep,36945.40561858399,1.0913936421275139e-11,False,0.0,2025-07-06,8
Q4-3,2025-07-09,18:00,selected,36593.23046359294,1.0913936421275139e-11,False,0.0,2025-07-06,8
Q4-3,2025-07-10,00:00,selected,84382.13296812787,2.9103830456733704e-11,False,0.0,2025-07-07,8
Q4-3,2025-07-10,06:00,keep,68488.69305793822,1.4551915228366852e-11,False,0.0,2025-07-05,8
Q4-3,2025-07-10,06:00,selected,66217.63862905154,3.637978807091713e-11,False,0.0,2025-07-05,8
Q4-3,2025-07-10,12:00,keep,59895.919440262056,2.9103830456733704e-11,False,0.0,2025-07-06,8
Q4-3,2025-07-10,12:00,selected,57841.41870927336,2.1827872842550278e-11,False,0.0,2025-07-06,8
Q4-3,2025-07-10,18:00,keep,36506.40621549498,4.547473508864641e-13,False,0.0,2025-06-30,8
Q4-3,2025-07-10,18:00,selected,36306.96020162174,1.0913936421275139e-11,False,0.0,2025-06-30,8
Q4-3,2025-07-11,00:00,selected,52914.2514832197,5.093170329928398e-11,False,0.0,2025-07-07,8
Q4-3,2025-07-11,06:00,keep,37902.77254032742,2.2737367544323206e-13,False,0.0,2025-07-10,8
Q4-3,2025-07-11,06:00,selected,37902.77254032742,2.2737367544323206e-13,False,0.0,2025-07-10,8
Q4-3,2025-07-11,12:00,keep,33514.88373331926,7.275957614183426e-12,False,0.0,2025-07-10,8
Q4-3,2025-07-11,12:00,selected,33514.88373331926,7.275957614183426e-12,False,0.0,2025-07-10,8
Q4-3,2025-07-11,18:00,keep,23877.579870787114,9.094947017729282e-13,False,0.0,2025-07-10,8
Q4-3,2025-07-11,18:00,selected,23877.579870787114,9.094947017729282e-13,False,0.0,2025-07-10,8
Q4-3,2025-07-12,00:00,selected,47185.20913616755,3.637978807091713e-11,False,0.0,2025-07-07,8
Q4-3,2025-07-12,06:00,keep,34253.21423186417,3.637978807091713e-12,False,0.0,2025-07-05,8
Q4-3,2025-07-12,06:00,selected,34198.056013076355,1.3812950783176348e-11,False,0.0,2025-07-05,8
Q4-3,2025-07-12,12:00,keep,31903.722813884946,1.0913936421275139e-11,False,0.0,2025-07-10,8
Q4-3,2025-07-12,12:00,selected,31903.722813884946,1.0913936421275139e-11,False,0.0,2025-07-10,8
Q4-3,2025-07-12,18:00,keep,23579.109729856456,0.0,False,0.0,2025-07-10,8
Q4-3,2025-07-12,18:00,selected,23573.122004698835,0.0,False,0.0,2025-07-10,8
Q4-3,2025-07-13,00:00,selected,89026.2125730266,4.3655745685100555e-11,False,0.0,2025-07-07,8
Q4-3,2025-07-13,06:00,keep,65486.58189794973,7.275957614183426e-12,False,0.0,2025-07-05,8
Q4-3,2025-07-13,06:00,selected,65372.032983337966,1.4551915228366852e-11,False,0.0,2025-07-05,8
Q4-3,2025-07-13,12:00,keep,59677.23014175066,2.9103830456733704e-11,False,0.0,2025-07-10,8
Q4-3,2025-07-13,12:00,selected,59501.74811564033,2.9103830456733704e-11,False,0.0,2025-07-10,8
Q4-3,2025-07-13,18:00,keep,35729.04040493884,1.0913936421275139e-11,False,0.0,2025-07-10,8
Q4-3,2025-07-13,18:00,selected,35620.12971344835,3.637978807091713e-12,False,0.0,2025-07-10,8
Q4-3,2025-07-14,00:00,selected,85252.15628979739,5.820766091346741e-11,False,0.0,2025-07-07,8
Q4-3,2025-07-14,06:00,keep,65177.59968540593,7.275957614183426e-12,False,0.0,2025-07-10,8
Q4-3,2025-07-14,06:00,selected,64106.54421582618,7.275957614183426e-12,False,0.0,2025-07-10,8
Q4-3,2025-07-14,12:00,keep,60395.275265921664,1.4551915228366852e-11,False,0.0,2025-07-10,8
Q4-3,2025-07-14,12:00,selected,58585.7711496518,2.9103830456733704e-11,False,0.0,2025-07-10,8
Q4-3,2025-07-14,18:00,keep,37265.84281546005,3.637978807091713e-12,False,0.0,2025-07-10,8
Q4-3,2025-07-14,18:00,selected,37041.10554536257,1.4551915228366852e-11,False,0.0,2025-07-10,8
Q4-3,2025-07-15,00:00,selected,88904.96565141884,5.820766091346741e-11,False,0.0,2025-07-07,8
Q4-3,2025-07-15,06:00,keep,64336.57813188756,7.275957614183426e-12,False,0.0,2025-07-10,8
Q4-3,2025-07-15,06:00,selected,64336.57813188756,7.275957614183426e-12,False,0.0,2025-07-10,8
Q4-3,2025-07-15,12:00,keep,57539.84057921909,1.4551915228366852e-11,False,0.0,2025-07-10,8
Q4-3,2025-07-15,12:00,selected,57352.55238562815,2.1827872842550278e-11,False,0.0,2025-07-10,8
Q4-3,2025-07-15,18:00,keep,36102.27271322149,3.637978807091713e-12,False,0.0,2025-07-10,8
Q4-3,2025-07-15,18:00,selected,35984.71035525713,3.637978807091713e-12,False,0.0,2025-07-10,8
Q4-3,2025-07-16,00:00,selected,87802.16241329814,1.0186340659856796e-10,False,0.0,2025-07-07,8
Q4-3,2025-07-16,06:00,keep,64221.2942599357,1.4551915228366852e-11,False,0.0,2025-07-10,8
Q4-3,2025-07-16,06:00,selected,64188.17487753969,7.275957614183426e-12,False,0.0,2025-07-10,8
Q4-3,2025-07-16,12:00,keep,60045.294930277414,2.1827872842550278e-11,False,0.0,2025-07-15,8
Q4-3,2025-07-16,12:00,selected,59494.17622966934,7.275957614183426e-12,False,0.0,2025-07-15,8
Q4-3,2025-07-16,18:00,keep,37328.436920593005,3.637978807091713e-12,False,0.0,2025-07-10,8
Q4-3,2025-07-16,18:00,selected,37245.297780942616,1.0913936421275139e-11,False,0.0,2025-07-10,8
Q4-3,2025-07-17,00:00,selected,84998.52660498914,4.729372449219227e-11,False,0.0,2025-07-16,8
Q4-3,2025-07-17,06:00,keep,67828.4693356814,1.4551915228366852e-11,False,0.0,2025-07-10,8
Q4-3,2025-07-17,06:00,selected,65601.49926971794,1.4551915228366852e-11,False,0.0,2025-07-10,8
Q4-3,2025-07-17,12:00,keep,59808.31236334254,1.4551915228366852e-11,False,0.0,2025-07-16,8
Q4-3,2025-07-17,12:00,selected,57854.92849632166,2.1827872842550278e-11,False,0.0,2025-07-16,8
Q4-3,2025-07-17,18:00,keep,36289.737395827164,7.275957614183426e-12,False,0.0,2025-07-16,8
Q4-3,2025-07-17,18:00,selected,36139.705366297596,7.275957614183426e-12,False,0.0,2025-07-16,8
Q4-3,2025-07-18,00:00,selected,57060.09812544023,1.1937117960769683e-10,False,0.0,2025-07-16,8
Q4-3,2025-07-18,06:00,keep,41914.70269706244,0.0,False,0.0,2025-07-10,8
Q4-3,2025-07-18,06:00,selected,41914.70269706244,0.0,False,0.0,2025-07-10,8
Q4-3,2025-07-18,12:00,keep,37644.97782350489,1.0913936421275139e-11,False,0.0,2025-07-16,8
Q4-3,2025-07-18,12:00,selected,37644.97782350489,1.0913936421275139e-11,False,0.0,2025-07-16,8
Q4-3,2025-07-18,18:00,keep,24551.672173335417,7.275957614183426e-12,False,0.0,2025-07-16,8
Q4-3,2025-07-18,18:00,selected,24551.672173335417,7.275957614183426e-12,False,0.0,2025-07-16,8
Q4-3,2025-07-19,00:00,selected,52344.65478685841,3.637978807091713e-11,False,0.0,2025-07-18,8
Q4-3,2025-07-19,06:00,keep,41242.47045672528,1.8189894035458565e-12,False,0.0,2025-07-10,8
Q4-3,2025-07-19,06:00,selected,41242.47045672528,1.8189894035458565e-12,False,0.0,2025-07-10,8
Q4-3,2025-07-19,12:00,keep,38417.39654974586,3.637978807091713e-12,False,0.0,2025-07-16,8
Q4-3,2025-07-19,12:00,selected,38417.39654974586,3.637978807091713e-12,False,0.0,2025-07-16,8
Q4-3,2025-07-19,18:00,keep,24645.40986015519,0.0,False,0.0,2025-07-16,8
Q4-3,2025-07-19,18:00,selected,24645.40986015519,0.0,False,0.0,2025-07-16,8
Q4-3,2025-07-20,00:00,selected,85748.78619548949,1.4551915228366852e-11,False,0.0,2025-07-19,8
Q4-3,2025-07-20,06:00,keep,66327.51961562912,7.275957614183426e-12,False,0.0,2025-07-19,8
Q4-3,2025-07-20,06:00,selected,66327.51961562912,7.275957614183426e-12,False,0.0,2025-07-19,8
Q4-3,2025-07-20,12:00,keep,59917.87976707157,1.4551915228366852e-11,False,0.0,2025-07-16,8
Q4-3,2025-07-20,12:00,selected,59828.677718746345,2.0463630789890885e-11,False,0.0,2025-07-16,8
Q4-3,2025-07-20,18:00,keep,35714.485591102464,3.637978807091713e-12,False,0.0,2025-07-19,8
Q4-3,2025-07-20,18:00,selected,35613.10018375321,3.637978807091713e-12,False,0.0,2025-07-19,8
Q4-3,2025-07-21,00:00,selected,88473.24356385991,2.9103830456733704e-11,False,0.0,2025-07-19,8
Q4-3,2025-07-21,06:00,keep,67884.67849312046,7.275957614183426e-12,False,0.0,2025-07-19,8
Q4-3,2025-07-21,06:00,selected,67781.31613980842,8.128608897095546e-12,False,0.0,2025-07-19,8
Q4-3,2025-07-21,12:00,keep,62207.11011931082,2.1827872842550278e-11,False,0.0,2025-07-16,8
Q4-3,2025-07-21,12:00,selected,61922.99987858121,3.637978807091713e-11,False,0.0,2025-07-16,8
Q4-3,2025-07-21,18:00,keep,36230.08799547469,8.526512829121202e-12,False,0.0,2025-07-19,8
Q4-3,2025-07-21,18:00,selected,35994.68727914237,7.275957614183426e-12,False,0.0,2025-07-19,8
Q4-3,2025-07-22,00:00,selected,84880.82164399538,2.9103830456733704e-11,False,0.0,2025-07-19,8
Q4-3,2025-07-22,06:00,keep,72236.66064321098,1.4551915228366852e-11,False,0.0,2025-07-19,8
Q4-3,2025-07-22,06:00,selected,70983.64841063267,1.7280399333685637e-11,False,0.0,2025-07-19,8
Q4-3,2025-07-22,12:00,keep,61701.70643796255,7.275957614183426e-12,False,0.0,2025-07-21,8
Q4-3,2025-07-22,12:00,selected,59099.02915737383,2.955857780762017e-11,False,0.0,2025-07-21,8
Q4-3,2025-07-22,18:00,keep,36854.98975450111,7.275957614183426e-12,False,0.0,2025-07-21,8
Q4-3,2025-07-22,18:00,selected,36694.73034663428,1.0913936421275139e-11,False,0.0,2025-07-21,8
Q4-3,2025-07-23,00:00,selected,94154.07925246801,2.9103830456733704e-11,False,0.0,2025-07-19,8
Q4-3,2025-07-23,06:00,keep,72987.97956821497,2.0463630789890885e-12,False,0.0,2025-07-22,8
Q4-3,2025-07-23,06:00,selected,72987.97956821497,2.0463630789890885e-12,False,0.0,2025-07-22,8
Q4-3,2025-07-23,12:00,keep,64619.82801429203,7.275957614183426e-12,False,0.0,2025-07-21,8
Q4-3,2025-07-23,12:00,selected,64512.594056176975,2.9103830456733704e-11,False,0.0,2025-07-21,8
Q4-3,2025-07-23,18:00,keep,35709.04003775069,3.637978807091713e-12,False,0.0,2025-07-21,8
Q4-3,2025-07-23,18:00,selected,35413.82917932069,3.637978807091713e-12,False,0.0,2025-07-21,8
Q4-3,2025-07-24,00:00,selected,94818.43982216172,3.319655661471188e-11,False,0.0,2025-07-19,8
Q4-3,2025-07-24,06:00,keep,74321.71643583373,7.275957614183426e-12,False,0.0,2025-07-23,8
Q4-3,2025-07-24,06:00,selected,74295.9501256348,2.1827872842550278e-11,False,0.0,2025-07-23,8
Q4-3,2025-07-24,12:00,keep,64464.14115177959,1.4551915228366852e-11,False,0.0,2025-07-23,8
Q4-3,2025-07-24,12:00,selected,64235.348980922194,2.091837814077735e-11,False,0.0,2025-07-23,8
Q4-3,2025-07-24,18:00,keep,36214.83978873453,1.000444171950221e-11,False,0.0,2025-07-21,8
Q4-3,2025-07-24,18:00,selected,35979.030374640715,3.637978807091713e-12,False,0.0,2025-07-21,8
Q4-3,2025-07-25,00:00,selected,46375.402123516724,2.1827872842550278e-11,False,0.0,2025-07-19,8
Q4-3,2025-07-25,06:00,keep,37198.61446927472,3.637978807091713e-12,False,0.0,2025-07-23,8
Q4-3,2025-07-25,06:00,selected,37066.45733570248,3.637978807091713e-12,False,0.0,2025-07-23,8
Q4-3,2025-07-25,12:00,keep,34081.2499910137,3.637978807091713e-12,False,0.0,2025-07-24,8
Q4-3,2025-07-25,12:00,selected,33474.95208898768,2.429888422876498e-11,False,0.0,2025-07-24,8
Q4-3,2025-07-25,18:00,keep,24519.36986995728,1.4210854715202004e-14,False,0.0,2025-07-24,8
Q4-3,2025-07-25,18:00,selected,24519.36986995728,1.4210854715202004e-14,False,0.0,2025-07-24,8
Q4-3,2025-07-26,00:00,selected,49569.69425269444,4.3655745685100555e-11,False,0.0,2025-07-19,8
Q4-3,2025-07-26,06:00,keep,37611.953050120785,4.547473508864641e-13,False,0.0,2025-07-25,8
Q4-3,2025-07-26,06:00,selected,37611.953050120785,4.547473508864641e-13,False,0.0,2025-07-25,8
Q4-3,2025-07-26,12:00,keep,33184.63702156481,4.547473508864641e-13,False,0.0,2025-07-24,8
Q4-3,2025-07-26,12:00,selected,33116.7812250256,3.637978807091713e-12,False,0.0,2025-07-24,8
Q4-3,2025-07-26,18:00,keep,23847.856864958663,3.637978807091713e-12,False,0.0,2025-07-24,8
Q4-3,2025-07-26,18:00,selected,23816.256116224966,7.275957614183426e-12,False,0.0,2025-07-24,8
Q4-3,2025-07-27,00:00,selected,86176.5020935607,2.9103830456733704e-11,False,0.0,2025-07-19,8
Q4-3,2025-07-27,06:00,keep,67649.31234376518,1.4551915228366852e-11,False,0.0,2025-07-25,8
Q4-3,2025-07-27,06:00,selected,67413.86349906861,2.9103830456733704e-11,False,0.0,2025-07-25,8
Q4-3,2025-07-27,12:00,keep,58179.721092722335,2.1827872842550278e-11,False,0.0,2025-07-24,8
Q4-3,2025-07-27,12:00,selected,57398.77977272601,7.275957614183426e-12,False,0.0,2025-07-24,8
Q4-3,2025-07-27,18:00,keep,36093.33335036483,8.185452315956354e-12,False,0.0,2025-07-24,8
Q4-3,2025-07-27,18:00,selected,35855.43611100415,3.637978807091713e-12,False,0.0,2025-07-24,8
Q4-3,2025-07-28,00:00,selected,89821.60782682484,5.820766091346741e-11,False,0.0,2025-07-19,8
Q4-3,2025-07-28,06:00,keep,73779.82033561068,7.275957614183426e-12,False,0.0,2025-07-25,8
Q4-3,2025-07-28,06:00,selected,72632.60077105014,7.275957614183426e-12,False,0.0,2025-07-25,8
Q4-3,2025-07-28,12:00,keep,62715.219718949425,1.4551915228366852e-11,False,0.0,2025-07-24,8
Q4-3,2025-07-28,12:00,selected,61120.00026833747,7.275957614183426e-12,False,0.0,2025-07-24,8
Q4-3,2025-07-28,18:00,keep,35511.63027425068,1.000444171950221e-11,False,0.0,2025-07-24,8
Q4-3,2025-07-28,18:00,selected,35228.69257509637,1.6370904631912708e-11,False,0.0,2025-07-24,8
Q4-3,2025-07-29,00:00,selected,91072.51529034092,4.3655745685100555e-11,False,0.0,2025-07-19,8
Q4-3,2025-07-29,06:00,keep,69873.4123902288,2.1827872842550278e-11,False,0.0,2025-07-25,8
Q4-3,2025-07-29,06:00,selected,67497.00484897006,2.1827872842550278e-11,False,0.0,2025-07-25,8
Q4-3,2025-07-29,12:00,keep,58176.07946116691,7.275957614183426e-12,False,0.0,2025-07-24,8
Q4-3,2025-07-29,12:00,selected,56760.62814536209,1.1823431123048067e-11,False,0.0,2025-07-24,8
Q4-3,2025-07-29,18:00,keep,34914.620674002166,5.6843418860808015e-12,False,0.0,2025-07-28,8
Q4-3,2025-07-29,18:00,selected,34914.620674002166,5.6843418860808015e-12,False,0.0,2025-07-28,8
Q4-3,2025-07-30,00:00,selected,85668.34816062993,4.3655745685100555e-11,False,0.0,2025-07-19,8
Q4-3,2025-07-30,06:00,keep,67081.9534487883,1.4551915228366852e-11,False,0.0,2025-07-25,8
Q4-3,2025-07-30,06:00,selected,64948.450683485484,2.3646862246096134e-11,False,0.0,2025-07-25,8
Q4-3,2025-07-30,12:00,keep,56226.34290921969,1.4551915228366852e-11,False,0.0,2025-07-24,8
Q4-3,2025-07-30,12:00,selected,55964.15509125535,2.9103830456733704e-11,False,0.0,2025-07-24,8
Q4-3,2025-07-30,18:00,keep,34940.03834219647,1.5575096767861396e-11,False,0.0,2025-07-29,8
Q4-3,2025-07-30,18:00,selected,34880.954798696795,1.4097167877480388e-11,False,0.0,2025-07-29,8
Q4-3,2025-07-31,00:00,selected,88978.2388390818,8.731149137020111e-11,False,0.0,2025-07-30,8
Q4-3,2025-07-31,06:00,keep,62832.25490756683,7.275957614183426e-12,False,0.0,2025-07-25,8
Q4-3,2025-07-31,06:00,selected,62719.56435701307,7.275957614183426e-12,False,0.0,2025-07-25,8
Q4-3,2025-07-31,12:00,keep,54316.4746507562,7.275957614183426e-12,False,0.0,2025-07-24,8
Q4-3,2025-07-31,12:00,selected,54224.84627808207,7.275957614183426e-12,False,0.0,2025-07-24,8
Q4-3,2025-07-31,18:00,keep,34342.50412184867,3.637978807091713e-12,False,0.0,2025-07-29,8
Q4-3,2025-07-31,18:00,selected,34327.3129050182,5.4569682106375694e-12,False,0.0,2025-07-29,8
Q4-3,2025-08-01,00:00,selected,47124.81166570172,2.1827872842550278e-11,False,0.0,2025-07-30,8
Q4-3,2025-08-01,06:00,keep,34405.676763033436,4.547473508864641e-13,False,0.0,2025-07-25,8
Q4-3,2025-08-01,06:00,selected,34405.676763033436,4.547473508864641e-13,False,0.0,2025-07-25,8
Q4-3,2025-08-01,12:00,keep,32596.130431253783,9.094947017729282e-13,False,0.0,2025-07-24,8
Q4-3,2025-08-01,12:00,selected,32596.130431253783,9.094947017729282e-13,False,0.0,2025-07-24,8
Q4-3,2025-08-01,18:00,keep,22969.603592814627,9.094947017729282e-13,False,0.0,2025-07-29,8
Q4-3,2025-08-01,18:00,selected,22969.603592814627,9.094947017729282e-13,False,0.0,2025-07-29,8
Q4-3,2025-08-02,00:00,selected,50169.85826665944,4.3655745685100555e-11,False,0.0,2025-07-30,8
Q4-3,2025-08-02,06:00,keep,37458.43489183251,9.094947017729282e-13,False,0.0,2025-07-25,8
Q4-3,2025-08-02,06:00,selected,37458.43489183251,9.094947017729282e-13,False,0.0,2025-07-25,8
Q4-3,2025-08-02,12:00,keep,34679.46966010459,9.094947017729282e-13,False,0.0,2025-07-24,8
Q4-3,2025-08-02,12:00,selected,34679.46966010459,9.094947017729282e-13,False,0.0,2025-07-24,8
Q4-3,2025-08-02,18:00,keep,23179.959549869945,9.094947017729282e-13,False,0.0,2025-07-29,8
Q4-3,2025-08-02,18:00,selected,23144.127781059527,1.1455550513165213e-11,False,0.0,2025-07-29,8
Q4-3,2025-08-03,00:00,selected,76760.2907683393,4.3655745685100555e-11,False,0.0,2025-08-02,8
Q4-3,2025-08-03,06:00,keep,57621.65679900964,7.275957614183426e-12,False,0.0,2025-07-25,8
Q4-3,2025-08-03,06:00,selected,57042.012126205635,1.4551915228366852e-11,False,0.0,2025-07-25,8
Q4-3,2025-08-03,12:00,keep,52240.57141176216,9.094947017729282e-13,False,0.0,2025-08-02,8
Q4-3,2025-08-03,12:00,selected,50469.345381946114,7.275957614183426e-12,False,0.0,2025-08-02,8
Q4-3,2025-08-03,18:00,keep,34306.07386363355,1.0629719326971099e-11,False,0.0,2025-07-29,8
Q4-3,2025-08-03,18:00,selected,34064.281023193005,7.275957614183426e-12,False,0.0,2025-07-29,8
Q4-3,2025-08-04,00:00,selected,82523.2698668757,2.9103830456733704e-11,False,0.0,2025-08-02,8
Q4-3,2025-08-04,06:00,keep,59695.89212597061,7.275957614183426e-12,False,0.0,2025-07-25,8
Q4-3,2025-08-04,06:00,selected,59522.29454840222,1.0118128557223827e-11,False,0.0,2025-07-25,8
Q4-3,2025-08-04,12:00,keep,54456.66424357521,7.275957614183426e-12,False,0.0,2025-08-02,8
Q4-3,2025-08-04,12:00,selected,54211.713188870934,9.094947017729282e-13,False,0.0,2025-08-02,8
Q4-3,2025-08-04,18:00,keep,34859.45847131914,3.637978807091713e-12,False,0.0,2025-07-29,8
Q4-3,2025-08-04,18:00,selected,34827.8620669528,7.275957614183426e-12,False,0.0,2025-07-29,8
Q4-3,2025-08-05,00:00,selected,83167.83617151831,4.3655745685100555e-11,False,0.0,2025-08-02,8
Q4-3,2025-08-05,06:00,keep,58763.93083585397,9.094947017729282e-13,False,0.0,2025-07-25,8
Q4-3,2025-08-05,06:00,selected,58763.93083585397,9.094947017729282e-13,False,0.0,2025-07-25,8
Q4-3,2025-08-05,12:00,keep,53330.13291222006,9.094947017729282e-13,False,0.0,2025-08-02,8
Q4-3,2025-08-05,12:00,selected,53330.13291222006,9.094947017729282e-13,False,0.0,2025-08-02,8
Q4-3,2025-08-05,18:00,keep,35525.72674897737,1.5916157281026244e-12,False,0.0,2025-07-29,8
Q4-3,2025-08-05,18:00,selected,35525.72674897737,1.5916157281026244e-12,False,0.0,2025-07-29,8
Q4-3,2025-08-06,00:00,selected,92292.76723604699,4.3655745685100555e-11,False,0.0,2025-08-02,8
Q4-3,2025-08-06,06:00,keep,68384.32791345599,9.094947017729282e-13,False,0.0,2025-07-25,8
Q4-3,2025-08-06,06:00,selected,68384.32791345599,9.094947017729282e-13,False,0.0,2025-07-25,8
Q4-3,2025-08-06,12:00,keep,63807.44293723975,2.3305801732931286e-12,False,0.0,2025-08-02,8
Q4-3,2025-08-06,12:00,selected,63807.44293723975,2.3305801732931286e-12,False,0.0,2025-08-02,8
Q4-3,2025-08-06,18:00,keep,35459.794295693304,4.774847184307873e-12,False,0.0,2025-07-29,8
Q4-3,2025-08-06,18:00,selected,35459.794295693304,4.774847184307873e-12,False,0.0,2025-07-29,8
Q4-3,2025-08-07,00:00,selected,89833.31900781722,4.3655745685100555e-11,False,0.0,2025-08-06,8
Q4-3,2025-08-07,06:00,keep,64013.02241750984,7.275957614183426e-12,False,0.0,2025-07-25,8
Q4-3,2025-08-07,06:00,selected,63987.574625573616,6.650680006714538e-12,False,0.0,2025-07-25,8
Q4-3,2025-08-07,12:00,keep,55355.12587061623,7.275957614183426e-12,False,0.0,2025-08-02,8
Q4-3,2025-08-07,12:00,selected,55355.12587061623,7.275957614183426e-12,False,0.0,2025-08-02,8
Q4-3,2025-08-07,18:00,keep,34542.81350646268,3.637978807091713e-12,False,0.0,2025-08-06,8
Q4-3,2025-08-07,18:00,selected,34542.81350646268,3.637978807091713e-12,False,0.0,2025-08-06,8
Q4-3,2025-08-08,00:00,selected,42385.39778852084,2.1827872842550278e-11,False,0.0,2025-08-07,8
Q4-3,2025-08-08,06:00,keep,32374.71699286261,9.094947017729282e-13,False,0.0,2025-07-25,8
Q4-3,2025-08-08,06:00,selected,32374.71699286261,9.094947017729282e-13,False,0.0,2025-07-25,8
Q4-3,2025-08-08,12:00,keep,30623.71723147688,9.094947017729282e-13,False,0.0,2025-08-02,8
Q4-3,2025-08-08,12:00,selected,30623.71723147688,9.094947017729282e-13,False,0.0,2025-08-02,8
Q4-3,2025-08-08,18:00,keep,23706.583356215244,7.275957614183426e-12,False,0.0,2025-08-06,8
Q4-3,2025-08-08,18:00,selected,23706.583356215244,7.275957614183426e-12,False,0.0,2025-08-06,8
Q4-3,2025-08-09,00:00,selected,42935.14355236229,2.1827872842550278e-11,False,0.0,2025-08-07,8
Q4-3,2025-08-09,06:00,keep,32890.47912485533,9.094947017729282e-13,False,0.0,2025-07-25,8
Q4-3,2025-08-09,06:00,selected,32890.47912485533,9.094947017729282e-13,False,0.0,2025-07-25,8
Q4-3,2025-08-09,12:00,keep,31464.463713698842,9.094947017729282e-13,False,0.0,2025-08-02,8
Q4-3,2025-08-09,12:00,selected,31464.463713698842,9.094947017729282e-13,False,0.0,2025-08-02,8
Q4-3,2025-08-09,18:00,keep,23917.818728726594,9.094947017729282e-13,False,0.0,2025-08-06,8
Q4-3,2025-08-09,18:00,selected,23917.818728726594,9.094947017729282e-13,False,0.0,2025-08-06,8
Q4-3,2025-08-10,00:00,selected,84410.08981698996,2.9103830456733704e-11,False,0.0,2025-08-07,8
Q4-3,2025-08-10,06:00,keep,66311.81965796107,0.0,False,0.0,2025-08-04,8
Q4-3,2025-08-10,06:00,selected,66248.75296527555,0.0,False,0.0,2025-08-04,8
Q4-3,2025-08-10,12:00,keep,59891.17614122346,9.094947017729282e-13,False,0.0,2025-08-02,8
Q4-3,2025-08-10,12:00,selected,59891.17614122346,9.094947017729282e-13,False,0.0,2025-08-02,8
Q4-3,2025-08-10,18:00,keep,36352.29642724398,7.275957614183426e-12,False,0.0,2025-08-06,8
Q4-3,2025-08-10,18:00,selected,36352.29642724398,7.275957614183426e-12,False,0.0,2025-08-06,8
Q4-3,2025-08-11,00:00,selected,79335.4697950013,2.9103830456733704e-11,False,0.0,2025-08-07,8
Q4-3,2025-08-11,06:00,keep,61405.63830159244,1.4551915228366852e-11,False,0.0,2025-08-04,8
Q4-3,2025-08-11,06:00,selected,61405.63830159244,1.4551915228366852e-11,False,0.0,2025-08-04,8
Q4-3,2025-08-11,12:00,keep,54876.84326897116,4.547473508864641e-13,False,0.0,2025-08-02,8
Q4-3,2025-08-11,12:00,selected,54876.84326897116,4.547473508864641e-13,False,0.0,2025-08-02,8
Q4-3,2025-08-11,18:00,keep,35683.4069968958,1.0913936421275139e-11,False,0.0,2025-08-06,8
Q4-3,2025-08-11,18:00,selected,35683.4069968958,1.0913936421275139e-11,False,0.0,2025-08-06,8
Q4-3,2025-08-12,00:00,selected,88488.95543336304,2.3206325749924872e-11,False,0.0,2025-08-07,8
Q4-3,2025-08-12,06:00,keep,68537.51948659933,9.094947017729282e-13,False,0.0,2025-08-04,8
Q4-3,2025-08-12,06:00,selected,68537.51948659933,9.094947017729282e-13,False,0.0,2025-08-04,8
Q4-3,2025-08-12,12:00,keep,62539.54923905279,9.094947017729282e-13,False,0.0,2025-08-02,8
Q4-3,2025-08-12,12:00,selected,62539.54923905279,9.094947017729282e-13,False,0.0,2025-08-02,8
Q4-3,2025-08-12,18:00,keep,36437.06934472368,9.094947017729282e-13,False,0.0,2025-08-06,8
Q4-3,2025-08-12,18:00,selected,36437.06934472368,9.094947017729282e-13,False,0.0,2025-08-06,8
Q4-3,2025-08-13,00:00,selected,80670.77433710126,3.8198777474462986e-11,False,0.0,2025-08-07,8
Q4-3,2025-08-13,06:00,keep,59945.56300055584,1.8900436771218665e-12,False,0.0,2025-08-04,8
Q4-3,2025-08-13,06:00,selected,59945.56300055584,1.8900436771218665e-12,False,0.0,2025-08-04,8
Q4-3,2025-08-13,12:00,keep,53714.16234099251,9.094947017729282e-13,False,0.0,2025-08-02,8
Q4-3,2025-08-13,12:00,selected,53714.16234099251,9.094947017729282e-13,False,0.0,2025-08-02,8
Q4-3,2025-08-13,18:00,keep,35625.109737839135,9.094947017729282e-13,False,0.0,2025-08-06,8
Q4-3,2025-08-13,18:00,selected,35625.109737839135,9.094947017729282e-13,False,0.0,2025-08-06,8
Q4-3,2025-08-14,00:00,selected,83128.71280349648,4.3655745685100555e-11,False,0.0,2025-08-07,8
Q4-3,2025-08-14,06:00,keep,63960.055401331185,1.4551915228366852e-11,False,0.0,2025-07-25,8
Q4-3,2025-08-14,06:00,selected,63960.055401331185,1.4551915228366852e-11,False,0.0,2025-07-25,8
Q4-3,2025-08-14,12:00,keep,57087.34081954878,9.094947017729282e-13,False,0.0,2025-08-13,8
Q4-3,2025-08-14,12:00,selected,57087.34081954878,9.094947017729282e-13,False,0.0,2025-08-13,8
Q4-3,2025-08-14,18:00,keep,36093.28202252508,1.043076736095827e-11,False,0.0,2025-08-13,8
Q4-3,2025-08-14,18:00,selected,36093.28202252508,1.043076736095827e-11,False,0.0,2025-08-13,8
Q4-3,2025-08-15,00:00,selected,45730.360821078124,8.704148513061227e-12,False,0.0,2025-08-07,8
Q4-3,2025-08-15,06:00,keep,35564.33444870651,9.094947017729282e-13,False,0.0,2025-08-13,8
Q4-3,2025-08-15,06:00,selected,35564.33444870651,9.094947017729282e-13,False,0.0,2025-08-13,8
Q4-3,2025-08-15,12:00,keep,33705.8112979306,9.094947017729282e-13,False,0.0,2025-08-13,8
Q4-3,2025-08-15,12:00,selected,33705.8112979306,9.094947017729282e-13,False,0.0,2025-08-13,8
Q4-3,2025-08-15,18:00,keep,23620.340387451506,0.0,False,0.0,2025-08-14,8
Q4-3,2025-08-15,18:00,selected,23620.340387451506,0.0,False,0.0,2025-08-14,8
Q4-3,2025-08-16,00:00,selected,45215.575672534724,2.1827872842550278e-11,False,0.0,2025-08-07,8
Q4-3,2025-08-16,06:00,keep,35144.34206583783,9.094947017729282e-13,False,0.0,2025-08-13,8
Q4-3,2025-08-16,06:00,selected,35144.34206583783,9.094947017729282e-13,False,0.0,2025-08-13,8
Q4-3,2025-08-16,12:00,keep,33978.49320172213,4.547473508864641e-13,False,0.0,2025-08-13,8
Q4-3,2025-08-16,12:00,selected,33978.49320172213,4.547473508864641e-13,False,0.0,2025-08-13,8
Q4-3,2025-08-16,18:00,keep,23410.607713074285,9.094947017729282e-13,False,0.0,2025-08-14,8
Q4-3,2025-08-16,18:00,selected,23410.607713074285,9.094947017729282e-13,False,0.0,2025-08-14,8
Q4-3,2025-08-17,00:00,selected,84292.56363681478,4.3655745685100555e-11,False,0.0,2025-08-07,8
Q4-3,2025-08-17,06:00,keep,66670.78365372201,9.094947017729282e-13,False,0.0,2025-08-13,8
Q4-3,2025-08-17,06:00,selected,66670.78365372201,9.094947017729282e-13,False,0.0,2025-08-13,8
Q4-3,2025-08-17,12:00,keep,58096.65656050206,9.094947017729282e-13,False,0.0,2025-08-13,8
Q4-3,2025-08-17,12:00,selected,58096.65656050206,9.094947017729282e-13,False,0.0,2025-08-13,8
Q4-3,2025-08-17,18:00,keep,36499.21512033808,9.237055564881302e-12,False,0.0,2025-08-14,8
Q4-3,2025-08-17,18:00,selected,36499.21512033808,9.237055564881302e-12,False,0.0,2025-08-14,8
Q4-3,2025-08-18,00:00,selected,84287.6619413902,2.9103830456733704e-11,False,0.0,2025-08-07,8
Q4-3,2025-08-18,06:00,keep,66339.69185643898,9.094947017729282e-13,False,0.0,2025-08-13,8
Q4-3,2025-08-18,06:00,selected,66339.69185643898,9.094947017729282e-13,False,0.0,2025-08-13,8
Q4-3,2025-08-18,12:00,keep,58405.44485383867,7.275957614183426e-12,False,0.0,2025-08-13,8
Q4-3,2025-08-18,12:00,selected,58405.44485383867,7.275957614183426e-12,False,0.0,2025-08-13,8
Q4-3,2025-08-18,18:00,keep,35888.35504202036,9.777068044058979e-12,False,0.0,2025-08-17,8
Q4-3,2025-08-18,18:00,selected,35888.35504202036,9.777068044058979e-12,False,0.0,2025-08-17,8
Q4-3,2025-08-19,00:00,selected,84494.44810720366,1.6825651982799172e-11,False,0.0,2025-08-18,8
Q4-3,2025-08-19,06:00,keep,64606.318118303614,4.547473508864641e-13,False,0.0,2025-08-13,8
Q4-3,2025-08-19,06:00,selected,64606.318118303614,4.547473508864641e-13,False,0.0,2025-08-13,8
Q4-3,2025-08-19,12:00,keep,57962.78544899634,7.275957614183426e-12,False,0.0,2025-08-13,8
Q4-3,2025-08-19,12:00,selected,57962.78544899634,7.275957614183426e-12,False,0.0,2025-08-13,8
Q4-3,2025-08-19,18:00,keep,36261.25509296593,4.547473508864641e-13,False,0.0,2025-08-17,8
Q4-3,2025-08-19,18:00,selected,36261.25509296593,4.547473508864641e-13,False,0.0,2025-08-17,8
Q4-3,2025-08-20,00:00,selected,92572.0517115829,3.637978807091713e-10,False,0.0,2025-08-19,8
Q4-3,2025-08-20,06:00,keep,69923.59305215071,9.094947017729282e-13,False,0.0,2025-08-13,8
Q4-3,2025-08-20,06:00,selected,69882.90430942515,9.094947017729282e-13,False,0.0,2025-08-13,8
Q4-3,2025-08-20,12:00,keep,60879.77367034658,4.547473508864641e-13,False,0.0,2025-08-13,8
Q4-3,2025-08-20,12:00,selected,60879.77367034658,4.547473508864641e-13,False,0.0,2025-08-13,8
Q4-3,2025-08-20,18:00,keep,36193.36090276789,8.611777957412414e-12,False,0.0,2025-08-19,8
Q4-3,2025-08-20,18:00,selected,36193.36090276789,8.611777957412414e-12,False,0.0,2025-08-19,8
Q4-3,2025-08-21,00:00,selected,87735.8962131713,2.9103830456733704e-11,False,0.0,2025-08-19,8
Q4-3,2025-08-21,06:00,keep,64926.876807431225,2.611244553918368e-12,False,0.0,2025-08-13,8
Q4-3,2025-08-21,06:00,selected,64926.876807431225,2.611244553918368e-12,False,0.0,2025-08-13,8
Q4-3,2025-08-21,12:00,keep,57227.08764411395,1.4551915228366852e-11,False,0.0,2025-08-13,8
Q4-3,2025-08-21,12:00,selected,57227.08764411395,1.4551915228366852e-11,False,0.0,2025-08-13,8
Q4-3,2025-08-21,18:00,keep,35346.27992503539,1.1056044968427159e-11,False,0.0,2025-08-19,8
Q4-3,2025-08-21,18:00,selected,35346.27992503539,1.1056044968427159e-11,False,0.0,2025-08-19,8
Q4-3,2025-08-22,00:00,selected,44046.58049238808,2.1827872842550278e-11,False,0.0,2025-08-19,8
Q4-3,2025-08-22,06:00,keep,33505.65486844427,9.094947017729282e-13,False,0.0,2025-08-17,8
Q4-3,2025-08-22,06:00,selected,33505.65486844427,9.094947017729282e-13,False,0.0,2025-08-17,8
Q4-3,2025-08-22,12:00,keep,32076.84804491766,7.275957614183426e-12,False,0.0,2025-08-13,8
Q4-3,2025-08-22,12:00,selected,32076.84804491766,7.275957614183426e-12,False,0.0,2025-08-13,8
Q4-3,2025-08-22,18:00,keep,22952.137357179454,9.094947017729282e-13,False,0.0,2025-08-19,8
Q4-3,2025-08-22,18:00,selected,22952.137357179454,9.094947017729282e-13,False,0.0,2025-08-19,8
Q4-3,2025-08-23,00:00,selected,41677.158475756725,7.275957614183426e-12,False,0.0,2025-08-19,8
Q4-3,2025-08-23,06:00,keep,31211.92185681909,1.4281908988778014e-12,False,0.0,2025-08-13,8
Q4-3,2025-08-23,06:00,selected,31211.92185681909,1.4281908988778014e-12,False,0.0,2025-08-13,8
Q4-3,2025-08-23,12:00,keep,29452.621434154356,7.275957614183426e-12,False,0.0,2025-08-13,8
Q4-3,2025-08-23,12:00,selected,29452.621434154356,7.275957614183426e-12,False,0.0,2025-08-13,8
Q4-3,2025-08-23,18:00,keep,22888.151171210353,9.094947017729282e-13,False,0.0,2025-08-19,8
Q4-3,2025-08-23,18:00,selected,22888.151171210353,9.094947017729282e-13,False,0.0,2025-08-19,8
Q4-3,2025-08-24,00:00,selected,85220.64863256841,1.4551915228366852e-11,False,0.0,2025-08-19,8
Q4-3,2025-08-24,06:00,keep,65967.19781433773,7.275957614183426e-12,False,0.0,2025-08-17,8
Q4-3,2025-08-24,06:00,selected,65949.89741934644,7.275957614183426e-12,False,0.0,2025-08-17,8
Q4-3,2025-08-24,12:00,keep,59892.884388635124,2.1827872842550278e-11,False,0.0,2025-08-13,8
Q4-3,2025-08-24,12:00,selected,59892.884388635124,2.1827872842550278e-11,False,0.0,2025-08-13,8
Q4-3,2025-08-24,18:00,keep,36310.08166805862,4.547473508864641e-13,False,0.0,2025-08-19,8
Q4-3,2025-08-24,18:00,selected,36310.08166805862,4.547473508864641e-13,False,0.0,2025-08-19,8
Q4-3,2025-08-25,00:00,selected,104443.04568067897,4.3655745685100555e-11,False,0.0,2025-08-19,8
Q4-3,2025-08-25,06:00,keep,81657.11892298338,6.821210263296962e-12,False,0.0,2025-08-24,8
Q4-3,2025-08-25,06:00,selected,81551.97257527565,1.7820411812863313e-11,False,0.0,2025-08-24,8
Q4-3,2025-08-25,12:00,keep,70852.16446445786,1.8189894035458565e-12,False,0.0,2025-08-13,8
Q4-3,2025-08-25,12:00,selected,70852.16446445786,1.8189894035458565e-12,False,0.0,2025-08-13,8
Q4-3,2025-08-25,18:00,keep,35296.68638699068,5.4569682106375694e-12,False,0.0,2025-08-19,8
Q4-3,2025-08-25,18:00,selected,35296.68638699068,5.4569682106375694e-12,False,0.0,2025-08-19,8
Q4-3,2025-08-26,00:00,selected,85569.73851339858,1.4551915228366852e-11,False,0.0,2025-08-19,8
Q4-3,2025-08-26,06:00,keep,68008.871316195,4.547473508864641e-13,False,0.0,2025-08-24,8
Q4-3,2025-08-26,06:00,selected,67805.44744052777,2.7824853532365523e-11,False,0.0,2025-08-24,8
Q4-3,2025-08-26,12:00,keep,60800.93518317789,7.275957614183426e-12,False,0.0,2025-08-13,8
Q4-3,2025-08-26,12:00,selected,60051.96921751445,9.094947017729282e-13,False,0.0,2025-08-13,8
Q4-3,2025-08-26,18:00,keep,36400.70119701858,3.126388037344441e-12,False,0.0,2025-08-19,8
Q4-3,2025-08-26,18:00,selected,36400.70119701858,3.126388037344441e-12,False,0.0,2025-08-19,8
Q4-3,2025-08-27,00:00,selected,86845.41255848609,2.9103830456733704e-11,False,0.0,2025-08-19,8
Q4-3,2025-08-27,06:00,keep,72903.00869184875,7.275957614183426e-12,False,0.0,2025-08-24,8
Q4-3,2025-08-27,06:00,selected,69815.67114747177,1.2562395568238571e-11,False,0.0,2025-08-24,8
Q4-3,2025-08-27,12:00,keep,58652.4499156698,7.275957614183426e-12,False,0.0,2025-08-13,8
Q4-3,2025-08-27,12:00,selected,55297.30694851247,2.0236257114447653e-11,False,0.0,2025-08-13,8
Q4-3,2025-08-27,18:00,keep,34851.40382738727,5.002220859751105e-12,False,0.0,2025-08-19,8
Q4-3,2025-08-27,18:00,selected,34851.40382738727,5.002220859751105e-12,False,0.0,2025-08-19,8
Q4-3,2025-08-28,00:00,selected,85536.11733900804,7.275957614183426e-11,False,0.0,2025-08-19,8
Q4-3,2025-08-28,06:00,keep,67124.84202998047,7.275957614183426e-12,False,0.0,2025-08-24,8
Q4-3,2025-08-28,06:00,selected,66195.77003980838,1.9895196601282805e-11,False,0.0,2025-08-24,8
Q4-3,2025-08-28,12:00,keep,54481.35002568423,7.275957614183426e-12,False,0.0,2025-08-13,8
Q4-3,2025-08-28,12:00,selected,52637.158967414754,2.802380549837835e-11,False,0.0,2025-08-13,8
Q4-3,2025-08-28,18:00,keep,34720.56968558795,1.0061285138363019e-11,False,0.0,2025-08-19,8
Q4-3,2025-08-28,18:00,selected,34720.56968558795,1.0061285138363019e-11,False,0.0,2025-08-19,8
Q4-3,2025-08-29,00:00,selected,47194.226187393724,7.275957614183426e-12,False,0.0,2025-08-28,8
Q4-3,2025-08-29,06:00,keep,36123.19972307347,4.547473508864641e-13,False,0.0,2025-08-24,8
Q4-3,2025-08-29,06:00,selected,36123.19972307347,4.547473508864641e-13,False,0.0,2025-08-24,8
Q4-3,2025-08-29,12:00,keep,32753.271791198033,9.094947017729282e-13,False,0.0,2025-08-13,8
Q4-3,2025-08-29,12:00,selected,32753.271791198033,9.094947017729282e-13,False,0.0,2025-08-13,8
Q4-3,2025-08-29,18:00,keep,22458.178965142488,9.094947017729282e-13,False,0.0,2025-08-19,8
Q4-3,2025-08-29,18:00,selected,22458.178965142488,9.094947017729282e-13,False,0.0,2025-08-19,8
Q4-3,2025-08-30,00:00,selected,45967.14203825097,2.9103830456733704e-11,False,0.0,2025-08-28,8
Q4-3,2025-08-30,06:00,keep,34836.982041284165,4.547473508864641e-13,False,0.0,2025-08-24,8
Q4-3,2025-08-30,06:00,selected,34836.982041284165,4.547473508864641e-13,False,0.0,2025-08-24,8
Q4-3,2025-08-30,12:00,keep,33102.22145938997,3.637978807091713e-12,False,0.0,2025-08-13,8
Q4-3,2025-08-30,12:00,selected,33102.22145938997,3.637978807091713e-12,False,0.0,2025-08-13,8
Q4-3,2025-08-30,18:00,keep,22766.28895984,9.094947017729282e-13,False,0.0,2025-08-19,8
Q4-3,2025-08-30,18:00,selected,22766.28895984,9.094947017729282e-13,False,0.0,2025-08-19,8
Q4-3,2025-08-31,00:00,selected,83712.57536659889,2.9103830456733704e-11,False,0.0,2025-08-28,8
Q4-3,2025-08-31,06:00,keep,63501.37157253384,9.094947017729282e-13,False,0.0,2025-08-24,8
Q4-3,2025-08-31,06:00,selected,63501.37157253384,9.094947017729282e-13,False,0.0,2025-08-24,8
Q4-3,2025-08-31,12:00,keep,56488.154765935804,0.0,False,0.0,2025-08-13,8
Q4-3,2025-08-31,12:00,selected,56488.154765935804,0.0,False,0.0,2025-08-13,8
Q4-3,2025-08-31,18:00,keep,34995.30974395063,1.0459189070388675e-11,False,0.0,2025-08-30,8
Q4-3,2025-08-31,18:00,selected,34995.30974395063,1.0459189070388675e-11,False,0.0,2025-08-30,8
Q4-3,2025-09-01,00:00,selected,77407.56310625328,2.9103830456733704e-11,False,0.0,2025-08-21,8
Q4-3,2025-09-01,06:00,keep,58567.974170649315,4.547473508864641e-13,False,0.0,2025-08-24,8
Q4-3,2025-09-01,06:00,selected,58567.974170649315,4.547473508864641e-13,False,0.0,2025-08-24,8
Q4-3,2025-09-01,12:00,keep,49677.278089445375,9.094947017729282e-13,False,0.0,2025-08-31,8
Q4-3,2025-09-01,12:00,selected,49677.278089445375,9.094947017729282e-13,False,0.0,2025-08-31,8
Q4-3,2025-09-01,18:00,keep,28549.404852504602,4.547473508864641e-13,False,0.0,2025-08-30,8
Q4-3,2025-09-01,18:00,selected,28549.404852504602,4.547473508864641e-13,False,0.0,2025-08-30,8
Q4-3,2025-09-02,00:00,selected,69482.7783406804,2.1373125491663814e-11,False,0.0,2025-09-01,8
Q4-3,2025-09-02,06:00,keep,54583.50316693865,9.094947017729282e-13,False,0.0,2025-09-01,8
Q4-3,2025-09-02,06:00,selected,54508.17083526273,7.275957614183426e-12,False,0.0,2025-09-01,8
Q4-3,2025-09-02,12:00,keep,46220.08306067177,2.2737367544323206e-13,False,0.0,2025-09-01,8
Q4-3,2025-09-02,12:00,selected,45991.51818673039,2.2737367544323206e-13,False,0.0,2025-09-01,8
Q4-3,2025-09-02,18:00,keep,29118.1541040119,7.084111075528199e-12,False,0.0,2025-09-01,8
Q4-3,2025-09-02,18:00,selected,29118.1541040119,7.084111075528199e-12,False,0.0,2025-09-01,8
Q4-3,2025-09-03,00:00,selected,72128.79478947872,3.146993776681484e-11,False,0.0,2025-09-02,8
Q4-3,2025-09-03,06:00,keep,56480.45729256249,7.275957614183426e-12,False,0.0,2025-09-01,8
Q4-3,2025-09-03,06:00,selected,56405.97719666725,7.275957614183426e-12,False,0.0,2025-09-01,8
Q4-3,2025-09-03,12:00,keep,50046.62112274624,1.8189894035458565e-12,False,0.0,2025-09-01,8
Q4-3,2025-09-03,12:00,selected,50046.62112274624,1.8189894035458565e-12,False,0.0,2025-09-01,8
Q4-3,2025-09-03,18:00,keep,28697.34270073405,1.0601297617540695e-11,False,0.0,2025-09-02,8
Q4-3,2025-09-03,18:00,selected,28697.34270073405,1.0601297617540695e-11,False,0.0,2025-09-02,8
Q4-3,2025-09-04,00:00,selected,69786.45437106075,3.637978807091713e-11,False,0.0,2025-09-02,8
Q4-3,2025-09-04,06:00,keep,54798.11939429103,7.275957614183426e-12,False,0.0,2025-09-01,8
Q4-3,2025-09-04,06:00,selected,54688.7451163034,2.5067947717616335e-11,False,0.0,2025-09-01,8
Q4-3,2025-09-04,12:00,keep,49721.45523623229,1.4551915228366852e-11,False,0.0,2025-09-01,8
Q4-3,2025-09-04,12:00,selected,49721.45523623229,1.4551915228366852e-11,False,0.0,2025-09-01,8
Q4-3,2025-09-04,18:00,keep,27840.803061434195,3.069544618483633e-12,False,0.0,2025-09-02,8
Q4-3,2025-09-04,18:00,selected,27840.803061434195,3.069544618483633e-12,False,0.0,2025-09-02,8
Q4-3,2025-09-05,00:00,selected,34051.31485089733,1.8189894035458565e-11,False,0.0,2025-09-04,8
Q4-3,2025-09-05,06:00,keep,25413.17990871446,3.637978807091713e-12,False,0.0,2025-09-04,8
Q4-3,2025-09-05,06:00,selected,25252.11789137991,3.637978807091713e-12,False,0.0,2025-09-04,8
Q4-3,2025-09-05,12:00,keep,23791.33188679173,4.547473508864641e-13,False,0.0,2025-09-04,8
Q4-3,2025-09-05,12:00,selected,23791.33188679173,4.547473508864641e-13,False,0.0,2025-09-04,8
Q4-3,2025-09-05,18:00,keep,18120.84596158557,1.8189894035458565e-12,False,0.0,2025-09-02,8
Q4-3,2025-09-05,18:00,selected,18120.84596158557,1.8189894035458565e-12,False,0.0,2025-09-02,8
Q4-3,2025-09-06,00:00,selected,34481.94084938016,1.5916157281026244e-11,False,0.0,2025-09-05,8
Q4-3,2025-09-06,06:00,keep,25770.8688320791,9.094947017729282e-13,False,0.0,2025-09-04,8
Q4-3,2025-09-06,06:00,selected,25637.812090114858,3.637978807091713e-12,False,0.0,2025-09-04,8
Q4-3,2025-09-06,12:00,keep,23893.064746930504,9.094947017729282e-13,False,0.0,2025-09-02,8
Q4-3,2025-09-06,12:00,selected,23893.064746930504,9.094947017729282e-13,False,0.0,2025-09-02,8
Q4-3,2025-09-06,18:00,keep,17360.151134361444,7.275957614183426e-12,False,0.0,2025-09-02,8
Q4-3,2025-09-06,18:00,selected,17340.233197264264,3.183231456205249e-12,False,0.0,2025-09-02,8
Q4-3,2025-09-07,00:00,selected,65045.793543084976,2.1827872842550278e-11,False,0.0,2025-09-06,8
Q4-3,2025-09-07,06:00,keep,50101.08137578145,7.275957614183426e-12,False,0.0,2025-09-04,8
Q4-3,2025-09-07,06:00,selected,49730.134191373625,7.275957614183426e-12,False,0.0,2025-09-04,8
Q4-3,2025-09-07,12:00,keep,43682.775538640075,7.275957614183426e-12,False,0.0,2025-09-06,8
Q4-3,2025-09-07,12:00,selected,42822.03424198803,7.275957614183426e-12,False,0.0,2025-09-06,8
Q4-3,2025-09-07,18:00,keep,27405.723737557575,4.547473508864641e-13,False,0.0,2025-09-06,8
Q4-3,2025-09-07,18:00,selected,27405.723737557575,4.547473508864641e-13,False,0.0,2025-09-06,8
Q4-3,2025-09-08,00:00,selected,71410.91026617352,1.261923898709938e-11,False,0.0,2025-09-06,8
Q4-3,2025-09-08,06:00,keep,56150.926230997764,7.275957614183426e-12,False,0.0,2025-09-04,8
Q4-3,2025-09-08,06:00,selected,56031.56921083091,1.4551915228366852e-11,False,0.0,2025-09-04,8
Q4-3,2025-09-08,12:00,keep,47018.48618738758,7.275957614183426e-12,False,0.0,2025-09-06,8
Q4-3,2025-09-08,12:00,selected,47018.48618738758,7.275957614183426e-12,False,0.0,2025-09-06,8
Q4-3,2025-09-08,18:00,keep,26765.91312045054,4.945377440890297e-12,False,0.0,2025-09-06,8
Q4-3,2025-09-08,18:00,selected,26765.91312045054,4.945377440890297e-12,False,0.0,2025-09-06,8
Q4-3,2025-09-09,00:00,selected,61432.72878056251,2.837623469531536e-10,False,0.0,2025-09-06,8
Q4-3,2025-09-09,06:00,keep,49833.37695106382,7.275957614183426e-12,False,0.0,2025-09-04,8
Q4-3,2025-09-09,06:00,selected,48934.01462149817,7.275957614183426e-12,False,0.0,2025-09-04,8
Q4-3,2025-09-09,12:00,keep,43661.83434863141,7.275957614183426e-12,False,0.0,2025-09-06,8
Q4-3,2025-09-09,12:00,selected,42226.208397045855,2.968504641694186e-11,False,0.0,2025-09-06,8
Q4-3,2025-09-09,18:00,keep,26424.88287455258,3.637978807091713e-12,False,0.0,2025-09-06,8
Q4-3,2025-09-09,18:00,selected,26424.88287455258,3.637978807091713e-12,False,0.0,2025-09-06,8
Q4-3,2025-09-10,00:00,selected,72110.92871401104,1.0186340659856796e-10,False,0.0,2025-09-06,8
Q4-3,2025-09-10,06:00,keep,56630.568039001046,7.275957614183426e-12,False,0.0,2025-09-09,8
Q4-3,2025-09-10,06:00,selected,56522.923745507636,7.275957614183426e-12,False,0.0,2025-09-09,8
Q4-3,2025-09-10,12:00,keep,46847.91385174618,9.094947017729282e-13,False,0.0,2025-09-06,8
Q4-3,2025-09-10,12:00,selected,46847.91385174618,9.094947017729282e-13,False,0.0,2025-09-06,8
Q4-3,2025-09-10,18:00,keep,26303.84635750773,7.133849067031406e-12,False,0.0,2025-09-06,8
Q4-3,2025-09-10,18:00,selected,26303.84635750773,7.133849067031406e-12,False,0.0,2025-09-06,8
Q4-3,2025-09-11,00:00,selected,69330.50902707424,1.4551915228366852e-11,False,0.0,2025-09-06,8
Q4-3,2025-09-11,06:00,keep,54029.098932306646,7.275957614183426e-12,False,0.0,2025-09-10,8
Q4-3,2025-09-11,06:00,selected,53960.84105655744,1.000444171950221e-11,False,0.0,2025-09-10,8
Q4-3,2025-09-11,12:00,keep,47761.07983773792,9.094947017729282e-13,False,0.0,2025-09-06,8
Q4-3,2025-09-11,12:00,selected,47761.07983773792,9.094947017729282e-13,False,0.0,2025-09-06,8
Q4-3,2025-09-11,18:00,keep,25059.9042620853,6.323830348264892e-13,False,0.0,2025-09-10,8
Q4-3,2025-09-11,18:00,selected,25059.9042620853,6.323830348264892e-13,False,0.0,2025-09-10,8
Q4-3,2025-09-12,00:00,selected,35273.695015729616,1.8189894035458565e-11,False,0.0,2025-09-06,8
Q4-3,2025-09-12,06:00,keep,26898.948798376994,3.637978807091713e-12,False,0.0,2025-09-10,8
Q4-3,2025-09-12,06:00,selected,26834.908010479616,3.637978807091713e-12,False,0.0,2025-09-10,8
Q4-3,2025-09-12,12:00,keep,24474.549411192907,9.094947017729282e-13,False,0.0,2025-09-06,8
Q4-3,2025-09-12,12:00,selected,24474.549411192907,9.094947017729282e-13,False,0.0,2025-09-06,8
Q4-3,2025-09-12,18:00,keep,17360.39761153372,6.707523425575346e-12,False,0.0,2025-09-10,8
Q4-3,2025-09-12,18:00,selected,17360.39761153372,6.707523425575346e-12,False,0.0,2025-09-10,8
Q4-3,2025-09-13,00:00,selected,35224.79804159067,1.4097167877480388e-11,False,0.0,2025-09-06,8
Q4-3,2025-09-13,06:00,keep,26651.59133352036,3.637978807091713e-12,False,0.0,2025-09-10,8
Q4-3,2025-09-13,06:00,selected,26604.08263846763,3.637978807091713e-12,False,0.0,2025-09-10,8
Q4-3,2025-09-13,12:00,keep,24490.788226526663,9.094947017729282e-13,False,0.0,2025-09-12,8
Q4-3,2025-09-13,12:00,selected,24490.788226526663,9.094947017729282e-13,False,0.0,2025-09-12,8
Q4-3,2025-09-13,18:00,keep,17546.06055128688,1.0231815394945443e-11,False,0.0,2025-09-12,8
Q4-3,2025-09-13,18:00,selected,17546.06055128688,1.0231815394945443e-11,False,0.0,2025-09-12,8
Q4-3,2025-09-14,00:00,selected,74517.60725995718,1.4551915228366852e-11,False,0.0,2025-09-13,8
Q4-3,2025-09-14,06:00,keep,58072.60822666923,7.275957614183426e-12,False,0.0,2025-09-13,8
Q4-3,2025-09-14,06:00,selected,58072.60822666923,7.275957614183426e-12,False,0.0,2025-09-13,8
Q4-3,2025-09-14,12:00,keep,46780.367550020324,9.094947017729282e-13,False,0.0,2025-09-12,8
Q4-3,2025-09-14,12:00,selected,46780.367550020324,9.094947017729282e-13,False,0.0,2025-09-12,8
Q4-3,2025-09-14,18:00,keep,26192.66207866577,1.0913936421275139e-11,False,0.0,2025-09-12,8
Q4-3,2025-09-14,18:00,selected,26192.66207866577,1.0913936421275139e-11,False,0.0,2025-09-12,8
Q4-3,2025-09-15,00:00,selected,62438.69761871129,2.1827872842550278e-11,False,0.0,2025-09-13,8
Q4-3,2025-09-15,06:00,keep,48343.48537155392,7.275957614183426e-12,False,0.0,2025-09-13,8
Q4-3,2025-09-15,06:00,selected,48206.9399440339,7.275957614183426e-12,False,0.0,2025-09-13,8
Q4-3,2025-09-15,12:00,keep,42711.56604633051,8.128608897095546e-12,False,0.0,2025-09-12,8
Q4-3,2025-09-15,12:00,selected,42683.823715257655,1.432454155292362e-11,False,0.0,2025-09-12,8
Q4-3,2025-09-15,18:00,keep,25377.116400770774,5.6843418860808015e-12,False,0.0,2025-09-12,8
Q4-3,2025-09-15,18:00,selected,25377.116400770774,5.6843418860808015e-12,False,0.0,2025-09-12,8
Q4-3,2025-09-16,00:00,selected,73413.25512684854,2.1827872842550278e-11,False,0.0,2025-09-13,8
Q4-3,2025-09-16,06:00,keep,57591.00488002149,7.275957614183426e-12,False,0.0,2025-09-13,8
Q4-3,2025-09-16,06:00,selected,57406.05171944955,7.275957614183426e-12,False,0.0,2025-09-13,8
Q4-3,2025-09-16,12:00,keep,49205.8582889318,9.094947017729282e-13,False,0.0,2025-09-12,8
Q4-3,2025-09-16,12:00,selected,49205.8582889318,9.094947017729282e-13,False,0.0,2025-09-12,8
Q4-3,2025-09-16,18:00,keep,26080.834869301554,7.16227077646181e-12,False,0.0,2025-09-12,8
Q4-3,2025-09-16,18:00,selected,26078.364830765127,5.7980287238024175e-12,False,0.0,2025-09-12,8
Q4-3,2025-09-17,00:00,selected,70875.65253090141,2.2282620193436742e-11,False,0.0,2025-09-13,8
Q4-3,2025-09-17,06:00,keep,55375.16660597987,7.275957614183426e-12,False,0.0,2025-09-13,8
Q4-3,2025-09-17,06:00,selected,55129.881435142466,9.606537787476555e-12,False,0.0,2025-09-13,8
Q4-3,2025-09-17,12:00,keep,47278.11160757895,9.094947017729282e-13,False,0.0,2025-09-12,8
Q4-3,2025-09-17,12:00,selected,47278.11160757895,9.094947017729282e-13,False,0.0,2025-09-12,8
Q4-3,2025-09-17,18:00,keep,24865.984012332425,7.275957614183426e-12,False,0.0,2025-09-12,8
Q4-3,2025-09-17,18:00,selected,24865.984012332425,7.275957614183426e-12,False,0.0,2025-09-12,8
Q4-3,2025-09-18,00:00,selected,61721.20050178549,1.659827830735594e-11,False,0.0,2025-09-17,8
Q4-3,2025-09-18,06:00,keep,50073.30834052342,1.4551915228366852e-11,False,0.0,2025-09-13,8
Q4-3,2025-09-18,06:00,selected,49318.32447257386,2.0463630789890885e-11,False,0.0,2025-09-13,8
Q4-3,2025-09-18,12:00,keep,42234.769840315574,1.659827830735594e-11,False,0.0,2025-09-12,8
Q4-3,2025-09-18,12:00,selected,41546.496871282616,7.275957614183426e-12,False,0.0,2025-09-12,8
Q4-3,2025-09-18,18:00,keep,25277.775083388624,1.0913936421275139e-11,False,0.0,2025-09-12,8
Q4-3,2025-09-18,18:00,selected,25257.748869343883,4.206412995699793e-12,False,0.0,2025-09-12,8
Q4-3,2025-09-19,00:00,selected,37054.68285852588,7.275957614183426e-12,False,0.0,2025-09-18,8
Q4-3,2025-09-19,06:00,keep,28882.757988043584,3.637978807091713e-12,False,0.0,2025-09-13,8
Q4-3,2025-09-19,06:00,selected,28841.4450325274,3.637978807091713e-12,False,0.0,2025-09-13,8
Q4-3,2025-09-19,12:00,keep,25279.34673280613,9.094947017729282e-13,False,0.0,2025-09-12,8
Q4-3,2025-09-19,12:00,selected,25279.34673280613,9.094947017729282e-13,False,0.0,2025-09-12,8
Q4-3,2025-09-19,18:00,keep,16961.60031946149,1.8189894035458565e-12,False,0.0,2025-09-18,8
Q4-3,2025-09-19,18:00,selected,16961.60031946149,1.8189894035458565e-12,False,0.0,2025-09-18,8
Q4-3,2025-09-20,00:00,selected,36215.311640067484,7.275957614183426e-12,False,0.0,2025-09-19,8
Q4-3,2025-09-20,06:00,keep,28165.18529349777,3.637978807091713e-12,False,0.0,2025-09-13,8
Q4-3,2025-09-20,06:00,selected,28165.18529349777,3.637978807091713e-12,False,0.0,2025-09-13,8
Q4-3,2025-09-20,12:00,keep,25570.460625438718,9.094947017729282e-13,False,0.0,2025-09-12,8
Q4-3,2025-09-20,12:00,selected,25570.460625438718,9.094947017729282e-13,False,0.0,2025-09-12,8
Q4-3,2025-09-20,18:00,keep,16789.960847041086,9.094947017729282e-13,False,0.0,2025-09-18,8
Q4-3,2025-09-20,18:00,selected,16789.960847041086,9.094947017729282e-13,False,0.0,2025-09-18,8
Q4-3,2025-09-21,00:00,selected,69961.79869528777,3.1377567211166024e-11,False,0.0,2025-09-19,8
Q4-3,2025-09-21,06:00,keep,53212.087196214794,9.094947017729282e-13,False,0.0,2025-09-13,8
Q4-3,2025-09-21,06:00,selected,53095.344259916594,1.4722445484949276e-11,False,0.0,2025-09-13,8
Q4-3,2025-09-21,12:00,keep,44994.579047326086,9.094947017729282e-13,False,0.0,2025-09-12,8
Q4-3,2025-09-21,12:00,selected,44994.579047326086,9.094947017729282e-13,False,0.0,2025-09-12,8
Q4-3,2025-09-21,18:00,keep,25182.09944704584,7.58859641791787e-12,False,0.0,2025-09-20,8
Q4-3,2025-09-21,18:00,selected,25182.09944704584,7.58859641791787e-12,False,0.0,2025-09-20,8
Q4-3,2025-09-22,00:00,selected,73861.27102046131,3.637978807091713e-11,False,0.0,2025-09-21,8
Q4-3,2025-09-22,06:00,keep,57615.31049245963,7.275957614183426e-12,False,0.0,2025-09-13,8
Q4-3,2025-09-22,06:00,selected,57547.93044752109,7.275957614183426e-12,False,0.0,2025-09-13,8
Q4-3,2025-09-22,12:00,keep,50238.44680229476,9.094947017729282e-13,False,0.0,2025-09-12,8
Q4-3,2025-09-22,12:00,selected,50238.44680229476,9.094947017729282e-13,False,0.0,2025-09-12,8
Q4-3,2025-09-22,18:00,keep,25309.868301366387,3.637978807091713e-12,False,0.0,2025-09-20,8
Q4-3,2025-09-22,18:00,selected,25309.868301366387,3.637978807091713e-12,False,0.0,2025-09-20,8
Q4-3,2025-09-23,00:00,selected,71431.24955521208,3.637978807091713e-11,False,0.0,2025-09-21,8
Q4-3,2025-09-23,06:00,keep,55257.52621478953,1.4551915228366852e-11,False,0.0,2025-09-13,8
Q4-3,2025-09-23,06:00,selected,55175.46821284283,3.467448550509289e-12,False,0.0,2025-09-13,8
Q4-3,2025-09-23,12:00,keep,46965.35158100237,7.275957614183426e-12,False,0.0,2025-09-12,8
Q4-3,2025-09-23,12:00,selected,46965.35158100237,7.275957614183426e-12,False,0.0,2025-09-12,8
Q4-3,2025-09-23,18:00,keep,24066.585212815262,3.637978807091713e-12,False,0.0,2025-09-22,8
Q4-3,2025-09-23,18:00,selected,24066.585212815262,3.637978807091713e-12,False,0.0,2025-09-22,8
Q4-3,2025-09-24,00:00,selected,62668.62008765202,2.1827872842550278e-11,False,0.0,2025-09-23,8
Q4-3,2025-09-24,06:00,keep,47070.58203877194,7.275957614183426e-12,False,0.0,2025-09-13,8
Q4-3,2025-09-24,06:00,selected,46895.95611048007,1.3073986337985843e-11,False,0.0,2025-09-13,8
Q4-3,2025-09-24,12:00,keep,41500.04068181847,1.4551915228366852e-11,False,0.0,2025-09-12,8
Q4-3,2025-09-24,12:00,selected,41495.909942111015,2.0236257114447653e-11,False,0.0,2025-09-12,8
Q4-3,2025-09-24,18:00,keep,24303.68134968561,1.546140993013978e-11,False,0.0,2025-09-23,8
Q4-3,2025-09-24,18:00,selected,24303.68134968561,1.546140993013978e-11,False,0.0,2025-09-23,8
Q4-3,2025-09-25,00:00,selected,66329.33803623423,2.1827872842550278e-11,False,0.0,2025-09-24,8
Q4-3,2025-09-25,06:00,keep,50525.9154770827,7.275957614183426e-12,False,0.0,2025-09-13,8
Q4-3,2025-09-25,06:00,selected,50228.71828294505,7.275957614183426e-12,False,0.0,2025-09-13,8
Q4-3,2025-09-25,12:00,keep,42572.72572274082,1.7962520360015333e-11,False,0.0,2025-09-12,8
Q4-3,2025-09-25,12:00,selected,42225.88527965669,2.1827872842550278e-11,False,0.0,2025-09-12,8
Q4-3,2025-09-25,18:00,keep,24850.01383914617,8.185452315956354e-12,False,0.0,2025-09-23,8
Q4-3,2025-09-25,18:00,selected,24850.01383914617,8.185452315956354e-12,False,0.0,2025-09-23,8
Q4-3,2025-09-26,00:00,selected,38356.28890791212,1.4551915228366852e-11,False,0.0,2025-09-24,8
Q4-3,2025-09-26,06:00,keep,28752.32301547938,9.094947017729282e-13,False,0.0,2025-09-13,8
Q4-3,2025-09-26,06:00,selected,28752.32301547938,9.094947017729282e-13,False,0.0,2025-09-13,8
Q4-3,2025-09-26,12:00,keep,24814.09001637302,0.0,False,0.0,2025-09-12,8
Q4-3,2025-09-26,12:00,selected,24814.09001637302,0.0,False,0.0,2025-09-12,8
Q4-3,2025-09-26,18:00,keep,16013.644815113536,5.002220859751105e-12,False,0.0,2025-09-23,8
Q4-3,2025-09-26,18:00,selected,16013.644815113536,5.002220859751105e-12,False,0.0,2025-09-23,8
Q4-3,2025-09-27,00:00,selected,35191.809959869,9.094947017729282e-13,False,0.0,2025-09-26,8
Q4-3,2025-09-27,06:00,keep,27447.241531342173,3.637978807091713e-12,False,0.0,2025-09-13,8
Q4-3,2025-09-27,06:00,selected,27264.32249087916,3.637978807091713e-12,False,0.0,2025-09-13,8
Q4-3,2025-09-27,12:00,keep,24924.912117901695,3.637978807091713e-12,False,0.0,2025-09-12,8
Q4-3,2025-09-27,12:00,selected,24571.84675848269,4.547473508864641e-13,False,0.0,2025-09-12,8
Q4-3,2025-09-27,18:00,keep,17323.903244828354,9.549694368615746e-12,False,0.0,2025-09-23,8
Q4-3,2025-09-27,18:00,selected,17323.903244828354,9.549694368615746e-12,False,0.0,2025-09-23,8
Q4-3,2025-09-28,00:00,selected,66569.58994271698,2.9103830456733704e-11,False,0.0,2025-09-27,8
Q4-3,2025-09-28,06:00,keep,57560.449196345464,1.4551915228366852e-11,False,0.0,2025-09-27,8
Q4-3,2025-09-28,06:00,selected,56064.29335366064,2.9103830456733704e-11,False,0.0,2025-09-27,8
Q4-3,2025-09-28,12:00,keep,44505.26627930177,7.275957614183426e-12,False,0.0,2025-09-12,8
Q4-3,2025-09-28,12:00,selected,42138.30975694033,1.1482370609883219e-11,False,0.0,2025-09-12,8
Q4-3,2025-09-28,18:00,keep,24212.0296083438,3.637978807091713e-12,False,0.0,2025-09-23,8
Q4-3,2025-09-28,18:00,selected,24212.0296083438,3.637978807091713e-12,False,0.0,2025-09-23,8
Q4-3,2025-09-29,00:00,selected,64963.82110399672,2.9103830456733704e-11,False,0.0,2025-09-27,8
Q4-3,2025-09-29,06:00,keep,47895.0491715202,1.4551915228366852e-11,False,0.0,2025-09-27,8
Q4-3,2025-09-29,06:00,selected,47671.604175934255,1.4551915228366852e-11,False,0.0,2025-09-27,8
Q4-3,2025-09-29,12:00,keep,42008.530659190634,2.1827872842550278e-11,False,0.0,2025-09-12,8
Q4-3,2025-09-29,12:00,selected,41500.72748778401,2.1827872842550278e-11,False,0.0,2025-09-12,8
Q4-3,2025-09-29,18:00,keep,24257.513486178213,1.2278178473934531e-11,False,0.0,2025-09-23,8
Q4-3,2025-09-29,18:00,selected,24257.513486178213,1.2278178473934531e-11,False,0.0,2025-09-23,8
Q4-3,2025-09-30,00:00,selected,64040.41336517313,2.000888343900442e-11,False,0.0,2025-09-27,8
Q4-3,2025-09-30,06:00,keep,55506.28551980611,2.9103830456733704e-11,False,0.0,2025-09-27,8
Q4-3,2025-09-30,06:00,selected,52940.23520513615,2.9103830456733704e-11,False,0.0,2025-09-27,8
Q4-3,2025-09-30,12:00,keep,44244.08636567834,2.1827872842550278e-11,False,0.0,2025-09-12,8
Q4-3,2025-09-30,12:00,selected,43638.10861787334,2.1827872842550278e-11,False,0.0,2025-09-12,8
Q4-3,2025-09-30,18:00,keep,24183.773952450472,6.366462912410498e-12,False,0.0,2025-09-23,8
Q4-3,2025-09-30,18:00,selected,24017.61662531368,1.318767317570746e-11,False,0.0,2025-09-23,8
Q4-3,2025-10-01,00:00,selected,57111.28289293114,1.4551915228366852e-11,False,0.0,2025-09-27,8
Q4-3,2025-10-01,06:00,keep,46352.37965551214,5.093170329928398e-11,False,0.0,2025-09-20,8
Q4-3,2025-10-01,06:00,selected,45331.97232388884,4.3655745685100555e-11,False,0.0,2025-09-20,8
Q4-3,2025-10-01,12:00,keep,39615.784341909646,1.0913936421275139e-11,False,0.0,2025-09-12,8
Q4-3,2025-10-01,12:00,selected,37786.30547009837,1.0913936421275139e-11,False,0.0,2025-09-12,8
Q4-3,2025-10-01,18:00,keep,22573.93637576456,1.0913936421275139e-11,False,0.0,2025-09-25,8
Q4-3,2025-10-01,18:00,selected,22451.630591191886,7.275957614183426e-12,False,0.0,2025-09-25,8
Q4-3,2025-10-02,00:00,selected,62322.23183165803,3.637978807091713e-11,False,0.0,2025-09-27,8
Q4-3,2025-10-02,06:00,keep,45069.7608671498,7.275957614183426e-12,False,0.0,2025-10-01,8
Q4-3,2025-10-02,06:00,selected,45015.490575551456,1.4551915228366852e-11,False,0.0,2025-10-01,8
Q4-3,2025-10-02,12:00,keep,40258.6007283112,1.0913936421275139e-11,False,0.0,2025-10-01,8
Q4-3,2025-10-02,12:00,selected,39620.73991855745,2.546585164964199e-11,False,0.0,2025-10-01,8
Q4-3,2025-10-02,18:00,keep,22263.6360450169,1.0913936421275139e-11,False,0.0,2025-10-01,8
Q4-3,2025-10-02,18:00,selected,22263.6360450169,1.0913936421275139e-11,False,0.0,2025-10-01,8
Q4-3,2025-10-03,00:00,selected,25570.97982295126,1.0913936421275139e-11,False,0.0,2025-10-02,8
Q4-3,2025-10-03,06:00,keep,18900.699640867137,9.094947017729282e-13,False,0.0,2025-09-27,8
Q4-3,2025-10-03,06:00,selected,18824.82030817673,9.379164112033322e-13,False,0.0,2025-09-27,8
Q4-3,2025-10-03,12:00,keep,16832.555768622144,9.094947017729282e-13,False,0.0,2025-10-02,8
Q4-3,2025-10-03,12:00,selected,16832.555768622144,9.094947017729282e-13,False,0.0,2025-10-02,8
Q4-3,2025-10-03,18:00,keep,12821.327745015964,1.8189894035458565e-12,False,0.0,2025-10-01,8
Q4-3,2025-10-03,18:00,selected,12752.487053887491,1.8189894035458565e-12,False,0.0,2025-10-01,8
Q4-3,2025-10-04,00:00,selected,32021.257948255134,2.1827872842550278e-11,False,0.0,2025-10-02,8
Q4-3,2025-10-04,06:00,keep,24487.8960738858,3.637978807091713e-12,False,0.0,2025-10-03,8
Q4-3,2025-10-04,06:00,selected,24487.8960738858,3.637978807091713e-12,False,0.0,2025-10-03,8
Q4-3,2025-10-04,12:00,keep,20131.528212539957,3.637978807091713e-12,False,0.0,2025-10-02,8
Q4-3,2025-10-04,12:00,selected,20085.160056048262,3.637978807091713e-12,False,0.0,2025-10-02,8
Q4-3,2025-10-04,18:00,keep,13186.99271942407,3.637978807091713e-12,False,0.0,2025-10-01,8
Q4-3,2025-10-04,18:00,selected,13088.599957019218,6.480149750132114e-12,False,0.0,2025-10-01,8
Q4-3,2025-10-05,00:00,selected,60656.79762331711,4.3655745685100555e-11,False,0.0,2025-10-04,8
Q4-3,2025-10-05,06:00,keep,48937.270015817136,1.4551915228366852e-11,False,0.0,2025-10-03,8
Q4-3,2025-10-05,06:00,selected,48838.28653989225,2.1827872842550278e-11,False,0.0,2025-10-03,8
Q4-3,2025-10-05,12:00,keep,40024.09200844817,1.8189894035458565e-11,False,0.0,2025-10-02,8
Q4-3,2025-10-05,12:00,selected,39479.16655718003,1.8189894035458565e-11,False,0.0,2025-10-02,8
Q4-3,2025-10-05,18:00,keep,22663.408558660754,1.0913936421275139e-11,False,0.0,2025-10-02,8
Q4-3,2025-10-05,18:00,selected,22550.102365822462,7.275957614183426e-12,False,0.0,2025-10-02,8
Q4-3,2025-10-06,00:00,selected,51493.57521165592,1.4551915228366852e-11,False,0.0,2025-10-04,8
Q4-3,2025-10-06,06:00,keep,46707.63075096744,2.1827872842550278e-11,False,0.0,2025-10-03,8
Q4-3,2025-10-06,06:00,selected,44712.489407119196,2.1827872842550278e-11,False,0.0,2025-10-03,8
Q4-3,2025-10-06,12:00,keep,37334.183381156756,7.275957614183426e-12,False,0.0,2025-10-02,8
Q4-3,2025-10-06,12:00,selected,36743.21456053035,2.1827872842550278e-11,False,0.0,2025-10-02,8
Q4-3,2025-10-06,18:00,keep,21098.741122765223,1.2732925824820995e-11,False,0.0,2025-10-02,8
Q4-3,2025-10-06,18:00,selected,20966.051912834002,5.4569682106375694e-12,False,0.0,2025-10-02,8
Q4-3,2025-10-07,00:00,selected,54075.43287121639,2.1827872842550278e-11,False,0.0,2025-10-04,8
Q4-3,2025-10-07,06:00,keep,44082.652234142945,2.9103830456733704e-11,False,0.0,2025-10-03,8
Q4-3,2025-10-07,06:00,selected,43748.45315736599,1.4551915228366852e-11,False,0.0,2025-10-03,8
Q4-3,2025-10-07,12:00,keep,37704.274850219495,1.4551915228366852e-11,False,0.0,2025-10-02,8
Q4-3,2025-10-07,12:00,selected,37191.25929828937,1.1823431123048067e-11,False,0.0,2025-10-02,8
Q4-3,2025-10-07,18:00,keep,21255.81120708696,9.094947017729282e-12,False,0.0,2025-10-02,8
Q4-3,2025-10-07,18:00,selected,21127.110888007217,5.4569682106375694e-12,False,0.0,2025-10-02,8
Q4-3,2025-10-08,00:00,selected,52612.977348951135,8.981260180007666e-12,False,0.0,2025-10-04,8
Q4-3,2025-10-08,06:00,keep,42381.364407527806,2.1827872842550278e-11,False,0.0,2025-10-03,8
Q4-3,2025-10-08,06:00,selected,41737.99072484574,1.4551915228366852e-11,False,0.0,2025-10-03,8
Q4-3,2025-10-08,12:00,keep,36359.23632308966,7.275957614183426e-12,False,0.0,2025-10-07,8
Q4-3,2025-10-08,12:00,selected,36167.18369636704,1.4551915228366852e-11,False,0.0,2025-10-07,8
Q4-3,2025-10-08,18:00,keep,21843.126811965318,9.094947017729282e-12,False,0.0,2025-10-02,8
Q4-3,2025-10-08,18:00,selected,21680.036582544195,5.4569682106375694e-12,False,0.0,2025-10-02,8
Q4-3,2025-10-09,00:00,selected,60416.87667454977,5.093170329928398e-11,False,0.0,2025-10-04,8
Q4-3,2025-10-09,06:00,keep,46861.861034798814,1.4551915228366852e-11,False,0.0,2025-10-06,8
Q4-3,2025-10-09,06:00,selected,44905.60490669626,7.275957614183426e-12,False,0.0,2025-10-06,8
Q4-3,2025-10-09,12:00,keep,38688.52652574188,1.4551915228366852e-11,False,0.0,2025-10-07,8
Q4-3,2025-10-09,12:00,selected,38513.23341062553,1.4551915228366852e-11,False,0.0,2025-10-07,8
Q4-3,2025-10-09,18:00,keep,22088.291847042314,3.637978807091713e-12,False,0.0,2025-10-02,8
Q4-3,2025-10-09,18:00,selected,21947.803249992558,5.4569682106375694e-12,False,0.0,2025-10-02,8
Q4-3,2025-10-10,00:00,selected,27248.881173915117,1.0913936421275139e-11,False,0.0,2025-10-06,8
Q4-3,2025-10-10,06:00,keep,20386.75162936002,9.094947017729282e-13,False,0.0,2025-10-06,8
Q4-3,2025-10-10,06:00,selected,20369.35067651343,9.094947017729282e-13,False,0.0,2025-10-06,8
Q4-3,2025-10-10,12:00,keep,17605.20394089391,1.8189894035458565e-12,False,0.0,2025-10-07,8
Q4-3,2025-10-10,12:00,selected,17550.61844346266,4.547473508864641e-13,False,0.0,2025-10-07,8
Q4-3,2025-10-10,18:00,keep,11821.80130025414,1.8189894035458565e-12,False,0.0,2025-10-02,8
Q4-3,2025-10-10,18:00,selected,11807.879949896247,1.8189894035458565e-12,False,0.0,2025-10-02,8
Q4-3,2025-10-11,00:00,selected,27447.40380474564,1.4551915228366852e-11,False,0.0,2025-10-06,8
Q4-3,2025-10-11,06:00,keep,19460.6142747154,5.229594535194337e-12,False,0.0,2025-10-10,8
Q4-3,2025-10-11,06:00,selected,19317.780787789226,4.092726157978177e-12,False,0.0,2025-10-10,8
Q4-3,2025-10-11,12:00,keep,15964.858090736321,1.8189894035458565e-12,False,0.0,2025-10-07,8
Q4-3,2025-10-11,12:00,selected,15560.859467694547,1.8047785488306545e-12,False,0.0,2025-10-07,8
Q4-3,2025-10-11,18:00,keep,10948.747841986615,7.958078640513122e-13,False,0.0,2025-10-06,8
Q4-3,2025-10-11,18:00,selected,10924.230874166611,1.8189894035458565e-12,False,0.0,2025-10-06,8
Q4-3,2025-10-12,00:00,selected,55453.290855216845,2.9103830456733704e-11,False,0.0,2025-10-06,8
Q4-3,2025-10-12,06:00,keep,44069.18072674471,1.2732925824820995e-11,False,0.0,2025-10-10,8
Q4-3,2025-10-12,06:00,selected,43598.27224778285,1.8189894035458565e-11,False,0.0,2025-10-10,8
Q4-3,2025-10-12,12:00,keep,35821.82424421965,1.0913936421275139e-11,False,0.0,2025-10-07,8
Q4-3,2025-10-12,12:00,selected,34880.268540553334,1.000444171950221e-11,False,0.0,2025-10-07,8
Q4-3,2025-10-12,18:00,keep,20261.733539753033,7.275957614183426e-12,False,0.0,2025-10-06,8
Q4-3,2025-10-12,18:00,selected,20261.733539753033,7.275957614183426e-12,False,0.0,2025-10-06,8
Q4-3,2025-10-13,00:00,selected,57871.03234028042,1.5916157281026244e-11,False,0.0,2025-10-06,8
Q4-3,2025-10-13,06:00,keep,45725.55586281701,1.4551915228366852e-11,False,0.0,2025-10-10,8
Q4-3,2025-10-13,06:00,selected,45041.860399387086,7.275957614183426e-12,False,0.0,2025-10-10,8
Q4-3,2025-10-13,12:00,keep,38783.52978471667,1.0913936421275139e-11,False,0.0,2025-10-07,8
Q4-3,2025-10-13,12:00,selected,38551.7918105452,1.0459189070388675e-11,False,0.0,2025-10-07,8
Q4-3,2025-10-13,18:00,keep,21502.97011429881,5.4569682106375694e-12,False,0.0,2025-10-06,8
Q4-3,2025-10-13,18:00,selected,21316.283071825368,7.275957614183426e-12,False,0.0,2025-10-06,8
Q4-3,2025-10-14,00:00,selected,60229.79284397827,2.1827872842550278e-11,False,0.0,2025-10-04,8
Q4-3,2025-10-14,06:00,keep,50457.344468911666,2.9103830456733704e-11,False,0.0,2025-10-10,8
Q4-3,2025-10-14,06:00,selected,47867.211986008006,2.9103830456733704e-11,False,0.0,2025-10-10,8
Q4-3,2025-10-14,12:00,keep,41175.29892023835,1.8189894035458565e-11,False,0.0,2025-10-13,8
Q4-3,2025-10-14,12:00,selected,40697.87384126108,7.275957614183426e-12,False,0.0,2025-10-13,8
Q4-3,2025-10-14,18:00,keep,21915.759575510026,5.4569682106375694e-12,False,0.0,2025-10-06,8
Q4-3,2025-10-14,18:00,selected,21745.28166863188,6.366462912410498e-12,False,0.0,2025-10-06,8
Q4-3,2025-10-15,00:00,selected,62500.9540004269,1.4551915228366852e-11,False,0.0,2025-10-04,8
Q4-3,2025-10-15,06:00,keep,49143.9587414596,1.4551915228366852e-11,False,0.0,2025-10-10,8
Q4-3,2025-10-15,06:00,selected,47801.378219687904,3.637978807091713e-11,False,0.0,2025-10-10,8
Q4-3,2025-10-15,12:00,keep,39942.397760801825,1.8189894035458565e-11,False,0.0,2025-10-13,8
Q4-3,2025-10-15,12:00,selected,39724.65714818783,7.73070496506989e-12,False,0.0,2025-10-13,8
Q4-3,2025-10-15,18:00,keep,20397.493572380456,9.094947017729282e-12,False,0.0,2025-10-06,8
Q4-3,2025-10-15,18:00,selected,20192.691486902335,1.0913936421275139e-11,False,0.0,2025-10-06,8
Q4-3,2025-10-16,00:00,selected,60336.935473045676,2.1827872842550278e-11,False,0.0,2025-10-04,8
Q4-3,2025-10-16,06:00,keep,55532.94966131367,3.637978807091713e-11,False,0.0,2025-10-10,8
Q4-3,2025-10-16,06:00,selected,51341.627823521674,1.4551915228366852e-11,False,0.0,2025-10-10,8
Q4-3,2025-10-16,12:00,keep,41830.69380959385,2.1827872842550278e-11,False,0.0,2025-10-13,8
Q4-3,2025-10-16,12:00,selected,40372.27963447998,7.275957614183426e-12,False,0.0,2025-10-13,8
Q4-3,2025-10-16,18:00,keep,21788.198457192608,7.275957614183426e-12,False,0.0,2025-10-06,8
Q4-3,2025-10-16,18:00,selected,21608.770312338984,7.275957614183426e-12,False,0.0,2025-10-06,8
Q4-3,2025-10-17,00:00,selected,23395.612362173775,7.275957614183426e-12,False,0.0,2025-10-04,8
Q4-3,2025-10-17,06:00,keep,19131.157794170107,9.094947017729282e-12,False,0.0,2025-10-10,8
Q4-3,2025-10-17,06:00,selected,18439.134448157216,7.275957614183426e-12,False,0.0,2025-10-10,8
Q4-3,2025-10-17,12:00,keep,15275.784640416516,1.8189894035458565e-12,False,0.0,2025-10-13,8
Q4-3,2025-10-17,12:00,selected,14898.945323497011,1.8189894035458565e-12,False,0.0,2025-10-13,8
Q4-3,2025-10-17,18:00,keep,10937.314059383698,3.637978807091713e-12,False,0.0,2025-10-06,8
Q4-3,2025-10-17,18:00,selected,10897.803276412265,5.4569682106375694e-12,False,0.0,2025-10-06,8
Q4-3,2025-10-18,00:00,selected,26774.656269001516,1.0913936421275139e-11,False,0.0,2025-10-04,8
Q4-3,2025-10-18,06:00,keep,20693.87502044919,7.275957614183426e-12,False,0.0,2025-10-10,8
Q4-3,2025-10-18,06:00,selected,20211.5306787868,5.4569682106375694e-12,False,0.0,2025-10-10,8
Q4-3,2025-10-18,12:00,keep,17499.658015262525,9.094947017729282e-13,False,0.0,2025-10-13,8
Q4-3,2025-10-18,12:00,selected,17499.658015262525,9.094947017729282e-13,False,0.0,2025-10-13,8
Q4-3,2025-10-18,18:00,keep,11028.177474951855,5.684341886080802e-14,False,0.0,2025-10-06,8
Q4-3,2025-10-18,18:00,selected,11012.023628301542,1.8189894035458565e-12,False,0.0,2025-10-06,8
Q4-3,2025-10-19,00:00,selected,62636.014068743934,2.9103830456733704e-11,False,0.0,2025-10-04,8
Q4-3,2025-10-19,06:00,keep,53279.6838655697,2.1827872842550278e-11,False,0.0,2025-10-18,8
Q4-3,2025-10-19,06:00,selected,52123.54894405696,2.9103830456733704e-11,False,0.0,2025-10-18,8
Q4-3,2025-10-19,12:00,keep,43379.65925384212,2.1827872842550278e-11,False,0.0,2025-10-13,8
Q4-3,2025-10-19,12:00,selected,42546.75445754091,7.275957614183426e-12,False,0.0,2025-10-13,8
Q4-3,2025-10-19,18:00,keep,20537.512441389907,5.4569682106375694e-12,False,0.0,2025-10-06,8
Q4-3,2025-10-19,18:00,selected,20426.76465427419,5.4569682106375694e-12,False,0.0,2025-10-06,8
Q4-3,2025-10-20,00:00,selected,65892.89457485665,1.4551915228366852e-11,False,0.0,2025-10-04,8
Q4-3,2025-10-20,06:00,keep,54670.31807024314,1.4551915228366852e-11,False,0.0,2025-10-19,8
Q4-3,2025-10-20,06:00,selected,53781.6449377258,2.1827872842550278e-11,False,0.0,2025-10-19,8
Q4-3,2025-10-20,12:00,keep,42152.333725697186,1.4551915228366852e-11,False,0.0,2025-10-13,8
Q4-3,2025-10-20,12:00,selected,41828.664640326715,1.4551915228366852e-11,False,0.0,2025-10-13,8
Q4-3,2025-10-20,18:00,keep,20845.275468001782,5.4569682106375694e-12,False,0.0,2025-10-06,8
Q4-3,2025-10-20,18:00,selected,20719.519225007312,9.094947017729282e-12,False,0.0,2025-10-06,8
Q4-3,2025-10-21,00:00,selected,65025.5411518307,2.9103830456733704e-11,False,0.0,2025-10-17,8
Q4-3,2025-10-21,06:00,keep,58652.08719559691,7.275957614183426e-12,False,0.0,2025-10-19,8
Q4-3,2025-10-21,06:00,selected,55166.93541298582,4.3655745685100555e-11,False,0.0,2025-10-19,8
Q4-3,2025-10-21,12:00,keep,41615.34947008321,1.4551915228366852e-11,False,0.0,2025-10-13,8
Q4-3,2025-10-21,12:00,selected,41315.76861349547,2.1373125491663814e-11,False,0.0,2025-10-13,8
Q4-3,2025-10-21,18:00,keep,21573.220121707614,7.275957614183426e-12,False,0.0,2025-10-20,8
Q4-3,2025-10-21,18:00,selected,21389.563175463365,3.637978807091713e-12,False,0.0,2025-10-20,8
Q4-3,2025-10-22,00:00,selected,62011.70507950147,2.9103830456733704e-11,False,0.0,2025-10-17,8
Q4-3,2025-10-22,06:00,keep,53301.44850895067,1.4551915228366852e-11,False,0.0,2025-10-19,8
Q4-3,2025-10-22,06:00,selected,50721.521923483844,2.1827872842550278e-11,False,0.0,2025-10-19,8
Q4-3,2025-10-22,12:00,keep,39690.57479861233,1.0913936421275139e-11,False,0.0,2025-10-13,8
Q4-3,2025-10-22,12:00,selected,39488.668682096824,1.8189894035458565e-11,False,0.0,2025-10-13,8
Q4-3,2025-10-22,18:00,keep,21001.251863049776,1.6370904631912708e-11,False,0.0,2025-10-20,8
Q4-3,2025-10-22,18:00,selected,20842.97684764149,1.8189894035458565e-11,False,0.0,2025-10-20,8
Q4-3,2025-10-23,00:00,selected,70396.36376010763,2.9103830456733704e-11,False,0.0,2025-10-17,8
Q4-3,2025-10-23,06:00,keep,60439.39689675754,7.275957614183426e-12,False,0.0,2025-10-19,8
Q4-3,2025-10-23,06:00,selected,57938.033162193,2.1827872842550278e-11,False,0.0,2025-10-19,8
Q4-3,2025-10-23,12:00,keep,43643.133348559975,1.8189894035458565e-11,False,0.0,2025-10-13,8
Q4-3,2025-10-23,12:00,selected,42744.649375114335,1.4551915228366852e-11,False,0.0,2025-10-13,8
Q4-3,2025-10-23,18:00,keep,20770.457863421103,3.637978807091713e-12,False,0.0,2025-10-20,8
Q4-3,2025-10-23,18:00,selected,20698.77856631589,1.0913936421275139e-11,False,0.0,2025-10-20,8
Q4-3,2025-10-24,00:00,selected,23355.820969763674,1.0913936421275139e-11,False,0.0,2025-10-23,8
Q4-3,2025-10-24,06:00,keep,18404.791261564056,3.637978807091713e-12,False,0.0,2025-10-19,8
Q4-3,2025-10-24,06:00,selected,18126.29327342839,4.092726157978177e-12,False,0.0,2025-10-19,8
Q4-3,2025-10-24,12:00,keep,14879.36593345319,1.8189894035458565e-12,False,0.0,2025-10-13,8
Q4-3,2025-10-24,12:00,selected,14509.853559251069,4.447997525858227e-12,False,0.0,2025-10-13,8
Q4-3,2025-10-24,18:00,keep,9856.89523013863,3.637978807091713e-12,False,0.0,2025-10-20,8
Q4-3,2025-10-24,18:00,selected,9856.89523013863,3.637978807091713e-12,False,0.0,2025-10-20,8
Q4-3,2025-10-25,00:00,selected,24593.98123503829,1.2732925824820995e-11,False,0.0,2025-10-24,8
Q4-3,2025-10-25,06:00,keep,18268.560858868987,3.637978807091713e-12,False,0.0,2025-10-21,8
Q4-3,2025-10-25,06:00,selected,18046.80530629184,1.8189894035458565e-12,False,0.0,2025-10-21,8
Q4-3,2025-10-25,12:00,keep,14313.139248441215,1.8189894035458565e-12,False,0.0,2025-10-13,8
Q4-3,2025-10-25,12:00,selected,13794.96031327566,3.637978807091713e-12,False,0.0,2025-10-13,8
Q4-3,2025-10-25,18:00,keep,9543.744176538528,1.8189894035458565e-12,False,0.0,2025-10-20,8
Q4-3,2025-10-25,18:00,selected,9543.744176538528,1.8189894035458565e-12,False,0.0,2025-10-20,8
Q4-3,2025-10-26,00:00,selected,63247.24206991173,1.4551915228366852e-11,False,0.0,2025-10-24,8
Q4-3,2025-10-26,06:00,keep,57270.86997652784,2.1827872842550278e-11,False,0.0,2025-10-19,8
Q4-3,2025-10-26,06:00,selected,54499.9795566548,2.091837814077735e-11,False,0.0,2025-10-19,8
Q4-3,2025-10-26,12:00,keep,40607.90457404539,1.4551915228366852e-11,False,0.0,2025-10-13,8
Q4-3,2025-10-26,12:00,selected,39519.582918713306,1.4551915228366852e-11,False,0.0,2025-10-13,8
Q4-3,2025-10-26,18:00,keep,19842.464191362153,3.637978807091713e-12,False,0.0,2025-10-20,8
Q4-3,2025-10-26,18:00,selected,19685.68183085136,4.320099833421409e-12,False,0.0,2025-10-20,8
Q4-3,2025-10-27,00:00,selected,57036.94885885954,2.1827872842550278e-11,False,0.0,2025-10-24,8
Q4-3,2025-10-27,06:00,keep,68285.01881591715,8.731149137020111e-11,False,0.0,2025-10-19,8
Q4-3,2025-10-27,06:00,selected,57257.32397971521,2.9103830456733704e-11,False,0.0,2025-10-19,8
Q4-3,2025-10-27,12:00,keep,42271.317491212256,1.6257217794191092e-11,False,0.0,2025-10-13,8
Q4-3,2025-10-27,12:00,selected,38383.29221465365,2.2737367544323206e-11,False,0.0,2025-10-13,8
Q4-3,2025-10-27,18:00,keep,19101.040356740985,1.8189894035458565e-12,False,0.0,2025-10-20,8
Q4-3,2025-10-27,18:00,selected,18911.924560735384,6.821210263296962e-12,False,0.0,2025-10-20,8
Q4-3,2025-10-28,00:00,selected,58240.11492340142,1.9099388737231493e-11,False,0.0,2025-10-24,8
Q4-3,2025-10-28,06:00,keep,67377.81560586783,3.637978807091713e-11,False,0.0,2025-10-21,8
Q4-3,2025-10-28,06:00,selected,57261.68470882955,2.9103830456733704e-11,False,0.0,2025-10-21,8
Q4-3,2025-10-28,12:00,keep,41736.38110167261,1.4551915228366852e-11,False,0.0,2025-10-27,8
Q4-3,2025-10-28,12:00,selected,37022.23796054202,9.094947017729282e-12,False,0.0,2025-10-27,8
Q4-3,2025-10-28,18:00,keep,18804.902746939402,5.4569682106375694e-12,False,0.0,2025-10-20,8
Q4-3,2025-10-28,18:00,selected,18804.902746939402,5.4569682106375694e-12,False,0.0,2025-10-20,8
Q4-3,2025-10-29,00:00,selected,64738.58933894669,1.4551915228366852e-11,False,0.0,2025-10-28,8
Q4-3,2025-10-29,06:00,keep,58731.815785187486,1.4551915228366852e-11,False,0.0,2025-10-21,8
Q4-3,2025-10-29,06:00,selected,56333.693312129435,2.1827872842550278e-11,False,0.0,2025-10-21,8
Q4-3,2025-10-29,12:00,keep,40565.07048416565,2.1827872842550278e-11,False,0.0,2025-10-27,8
Q4-3,2025-10-29,12:00,selected,40443.96056313901,2.1827872842550278e-11,False,0.0,2025-10-27,8
Q4-3,2025-10-29,18:00,keep,18137.85408699258,3.637978807091713e-12,False,0.0,2025-10-20,8
Q4-3,2025-10-29,18:00,selected,18099.839691909485,5.4569682106375694e-12,False,0.0,2025-10-20,8
Q4-3,2025-10-30,00:00,selected,56629.883577541324,2.1827872842550278e-11,False,0.0,2025-10-28,8
Q4-3,2025-10-30,06:00,keep,49762.203127607296,2.9103830456733704e-11,False,0.0,2025-10-21,8
Q4-3,2025-10-30,06:00,selected,49158.31759716318,3.637978807091713e-11,False,0.0,2025-10-21,8
Q4-3,2025-10-30,12:00,keep,36363.005578952616,1.0913936421275139e-11,False,0.0,2025-10-27,8
Q4-3,2025-10-30,12:00,selected,35391.316342041246,7.275957614183426e-12,False,0.0,2025-10-27,8
Q4-3,2025-10-30,18:00,keep,17697.123295157548,3.637978807091713e-12,False,0.0,2025-10-20,8
Q4-3,2025-10-30,18:00,selected,17697.123295157548,3.637978807091713e-12,False,0.0,2025-10-20,8
Q4-3,2025-10-31,00:00,selected,25370.677051552528,1.0913936421275139e-11,False,0.0,2025-10-28,8
Q4-3,2025-10-31,06:00,keep,19705.364967692563,9.777068044058979e-12,False,0.0,2025-10-21,8
Q4-3,2025-10-31,06:00,selected,19462.340261970574,8.697043085703626e-12,False,0.0,2025-10-21,8
Q4-3,2025-10-31,12:00,keep,16691.229879396036,5.4569682106375694e-12,False,0.0,2025-10-27,8
Q4-3,2025-10-31,12:00,selected,16691.229879396036,5.4569682106375694e-12,False,0.0,2025-10-27,8
Q4-3,2025-10-31,18:00,keep,9557.251218184618,2.7426949600339867e-12,False,0.0,2025-10-20,8
Q4-3,2025-10-31,18:00,selected,9557.251218184618,2.7426949600339867e-12,False,0.0,2025-10-20,8
Q4-3,2025-11-01,00:00,selected,23382.240726025386,1.8189894035458565e-11,False,0.0,2025-10-28,8
Q4-3,2025-11-01,06:00,keep,17525.440148859085,8.412825991399586e-12,False,0.0,2025-10-21,8
Q4-3,2025-11-01,06:00,selected,17378.059635870643,7.048583938740194e-12,False,0.0,2025-10-21,8
Q4-3,2025-11-01,12:00,keep,14899.975622519005,9.094947017729282e-13,False,0.0,2025-10-27,8
Q4-3,2025-11-01,12:00,selected,14892.645278581293,1.8189894035458565e-12,False,0.0,2025-10-27,8
Q4-3,2025-11-01,18:00,keep,9454.057758231544,2.0747847884194925e-12,False,0.0,2025-10-20,8
Q4-3,2025-11-01,18:00,selected,9427.481369376279,2.0179413695586845e-12,False,0.0,2025-10-20,8
Q4-3,2025-11-02,00:00,selected,64577.922443484895,4.3655745685100555e-11,False,0.0,2025-11-01,8
Q4-3,2025-11-02,06:00,keep,69184.91292095279,6.548361852765083e-11,False,0.0,2025-10-21,8
Q4-3,2025-11-02,06:00,selected,60809.56360747566,2.1827872842550278e-11,False,0.0,2025-10-21,8
Q4-3,2025-11-02,12:00,keep,44289.40588449989,2.546585164964199e-11,False,0.0,2025-10-27,8
Q4-3,2025-11-02,12:00,selected,39114.265878052895,1.0913936421275139e-11,False,0.0,2025-10-27,8
Q4-3,2025-11-02,18:00,keep,18557.8433577382,1.2732925824820995e-11,False,0.0,2025-10-20,8
Q4-3,2025-11-02,18:00,selected,18557.8433577382,1.2732925824820995e-11,False,0.0,2025-10-20,8
Q4-3,2025-11-03,00:00,selected,68811.16692775206,7.275957614183426e-12,False,0.0,2025-11-01,8
Q4-3,2025-11-03,06:00,keep,62537.63498767653,1.4551915228366852e-11,False,0.0,2025-10-21,8
Q4-3,2025-11-03,06:00,selected,59497.33355965331,7.275957614183426e-12,False,0.0,2025-10-21,8
Q4-3,2025-11-03,12:00,keep,43360.00571484877,2.1827872842550278e-11,False,0.0,2025-10-27,8
Q4-3,2025-11-03,12:00,selected,39919.69150257501,1.8189894035458565e-11,False,0.0,2025-10-27,8
Q4-3,2025-11-03,18:00,keep,18568.669186485837,5.4569682106375694e-12,False,0.0,2025-10-20,8
Q4-3,2025-11-03,18:00,selected,18568.669186485837,5.4569682106375694e-12,False,0.0,2025-10-20,8
Q4-3,2025-11-04,00:00,selected,63425.76564216544,3.637978807091713e-11,False,0.0,2025-11-01,8
Q4-3,2025-11-04,06:00,keep,61648.18566663992,2.9103830456733704e-11,False,0.0,2025-10-21,8
Q4-3,2025-11-04,06:00,selected,57231.13953762506,2.9103830456733704e-11,False,0.0,2025-10-21,8
Q4-3,2025-11-04,12:00,keep,41142.83281325615,1.0402345651527867e-11,False,0.0,2025-10-27,8
Q4-3,2025-11-04,12:00,selected,36729.0227082459,1.0913936421275139e-11,False,0.0,2025-10-27,8
Q4-3,2025-11-04,18:00,keep,18654.080954732006,7.275957614183426e-12,False,0.0,2025-10-20,8
Q4-3,2025-11-04,18:00,selected,18580.11833483867,9.094947017729282e-12,False,0.0,2025-10-20,8
Q4-3,2025-11-05,00:00,selected,71047.45125987382,2.9103830456733704e-11,False,0.0,2025-11-01,8
Q4-3,2025-11-05,06:00,keep,58787.05749315189,2.1827872842550278e-11,False,0.0,2025-10-21,8
Q4-3,2025-11-05,06:00,selected,57702.43120578376,1.7962520360015333e-11,False,0.0,2025-10-21,8
Q4-3,2025-11-05,12:00,keep,42562.354106715225,1.4551915228366852e-11,False,0.0,2025-10-27,8
Q4-3,2025-11-05,12:00,selected,41569.443451434396,7.275957614183426e-12,False,0.0,2025-10-27,8
Q4-3,2025-11-05,18:00,keep,18364.384631913283,7.275957614183426e-12,False,0.0,2025-10-20,8
Q4-3,2025-11-05,18:00,selected,18233.44007886321,8.640199666842818e-12,False,0.0,2025-10-20,8
Q4-3,2025-11-06,00:00,selected,67993.54847601417,1.4551915228366852e-11,False,0.0,2025-11-05,8
Q4-3,2025-11-06,06:00,keep,59119.28724761966,7.275957614183426e-12,False,0.0,2025-10-21,8
Q4-3,2025-11-06,06:00,selected,56915.44379145692,4.3655745685100555e-11,False,0.0,2025-10-21,8
Q4-3,2025-11-06,12:00,keep,39945.69630579653,2.9103830456733704e-11,False,0.0,2025-10-27,8
Q4-3,2025-11-06,12:00,selected,37770.30416602725,1.0459189070388675e-11,False,0.0,2025-10-27,8
Q4-3,2025-11-06,18:00,keep,17996.76000949314,6.366462912410498e-12,False,0.0,2025-10-20,8
Q4-3,2025-11-06,18:00,selected,17996.76000949314,6.366462912410498e-12,False,0.0,2025-10-20,8
Q4-3,2025-11-07,00:00,selected,24634.67863524042,7.275957614183426e-12,False,0.0,2025-11-05,8
Q4-3,2025-11-07,06:00,keep,18123.88709160936,1.8189894035458565e-12,False,0.0,2025-10-21,8
Q4-3,2025-11-07,06:00,selected,18057.860278864857,2.6147972675971687e-12,False,0.0,2025-10-21,8
Q4-3,2025-11-07,12:00,keep,13759.046290960749,1.8189894035458565e-12,False,0.0,2025-10-27,8
Q4-3,2025-11-07,12:00,selected,13717.287634610715,1.8189894035458565e-12,False,0.0,2025-10-27,8
Q4-3,2025-11-07,18:00,keep,9707.17487394872,4.376943252282217e-12,False,0.0,2025-10-20,8
Q4-3,2025-11-07,18:00,selected,9680.341532235563,1.8189894035458565e-12,False,0.0,2025-10-20,8
Q4-3,2025-11-08,00:00,selected,25152.147665660526,3.637978807091713e-12,False,0.0,2025-11-07,8
Q4-3,2025-11-08,06:00,keep,18435.63290651234,5.4569682106375694e-12,False,0.0,2025-10-21,8
Q4-3,2025-11-08,06:00,selected,18423.198695685307,3.325340003357269e-12,False,0.0,2025-10-21,8
Q4-3,2025-11-08,12:00,keep,14280.643833562679,1.8189894035458565e-12,False,0.0,2025-10-27,8
Q4-3,2025-11-08,12:00,selected,14095.180672717619,4.547473508864641e-12,False,0.0,2025-10-27,8
Q4-3,2025-11-08,18:00,keep,9503.555763000557,2.8705926524708048e-12,False,0.0,2025-10-20,8
Q4-3,2025-11-08,18:00,selected,9470.019925748473,2.8705926524708048e-12,False,0.0,2025-10-20,8
Q4-3,2025-11-09,00:00,selected,67319.07025898353,3.041478180421109e-11,False,0.0,2025-11-07,8
Q4-3,2025-11-09,06:00,keep,57652.72418724274,7.275957614183426e-12,False,0.0,2025-10-21,8
Q4-3,2025-11-09,06:00,selected,56749.99318668681,2.1827872842550278e-11,False,0.0,2025-10-21,8
Q4-3,2025-11-09,12:00,keep,40603.14463725586,2.1827872842550278e-11,False,0.0,2025-10-27,8
Q4-3,2025-11-09,12:00,selected,40125.47366193295,1.8189894035458565e-11,False,0.0,2025-10-27,8
Q4-3,2025-11-09,18:00,keep,17865.878005820567,5.4569682106375694e-12,False,0.0,2025-10-20,8
Q4-3,2025-11-09,18:00,selected,17708.318865405534,3.637978807091713e-12,False,0.0,2025-10-20,8
Q4-3,2025-11-10,00:00,selected,68917.44377011915,1.4551915228366852e-11,False,0.0,2025-11-07,8
Q4-3,2025-11-10,06:00,keep,62310.78359873422,1.4551915228366852e-11,False,0.0,2025-10-21,8
Q4-3,2025-11-10,06:00,selected,61171.962159093404,1.4551915228366852e-11,False,0.0,2025-10-21,8
Q4-3,2025-11-10,12:00,keep,42224.1318807998,2.1827872842550278e-11,False,0.0,2025-10-27,8
Q4-3,2025-11-10,12:00,selected,41872.555460829586,2.1827872842550278e-11,False,0.0,2025-10-27,8
Q4-3,2025-11-10,18:00,keep,18343.461270756306,5.4569682106375694e-12,False,0.0,2025-11-06,8
Q4-3,2025-11-10,18:00,selected,17929.514650135803,3.865352482534945e-12,False,0.0,2025-11-06,8
Q4-3,2025-11-11,00:00,selected,70546.71259319382,1.4551915228366852e-11,False,0.0,2025-11-07,8
Q4-3,2025-11-11,06:00,keep,60775.89080785069,1.4551915228366852e-11,False,0.0,2025-10-21,8
Q4-3,2025-11-11,06:00,selected,59806.21559344772,1.4551915228366852e-11,False,0.0,2025-10-21,8
Q4-3,2025-11-11,12:00,keep,41576.57866369293,1.4551915228366852e-11,False,0.0,2025-10-27,8
Q4-3,2025-11-11,12:00,selected,40771.703313704056,1.4551915228366852e-11,False,0.0,2025-10-27,8
Q4-3,2025-11-11,18:00,keep,18718.37366619318,3.637978807091713e-12,False,0.0,2025-11-06,8
Q4-3,2025-11-11,18:00,selected,18249.952442402046,3.637978807091713e-12,False,0.0,2025-11-06,8
Q4-3,2025-11-12,00:00,selected,66837.40463150616,3.069544618483633e-11,False,0.0,2025-11-07,8
Q4-3,2025-11-12,06:00,keep,58806.09966584108,1.4551915228366852e-11,False,0.0,2025-10-21,8
Q4-3,2025-11-12,06:00,selected,58067.22069528,2.9103830456733704e-11,False,0.0,2025-10-21,8
Q4-3,2025-11-12,12:00,keep,39728.08441824267,1.6825651982799172e-11,False,0.0,2025-10-27,8
Q4-3,2025-11-12,12:00,selected,39174.75004149356,9.549694368615746e-12,False,0.0,2025-10-27,8
Q4-3,2025-11-12,18:00,keep,17703.41603943037,3.637978807091713e-12,False,0.0,2025-11-06,8
Q4-3,2025-11-12,18:00,selected,17265.607875337533,7.275957614183426e-12,False,0.0,2025-11-06,8
Q4-3,2025-11-13,00:00,selected,65628.22254266498,7.275957614183426e-12,False,0.0,2025-11-07,8
Q4-3,2025-11-13,06:00,keep,58145.490527702204,2.9103830456733704e-11,False,0.0,2025-10-21,8
Q4-3,2025-11-13,06:00,selected,57152.233588716495,2.9103830456733704e-11,False,0.0,2025-10-21,8
Q4-3,2025-11-13,12:00,keep,40091.77077856125,1.4551915228366852e-11,False,0.0,2025-10-27,8
Q4-3,2025-11-13,12:00,selected,40091.77077856125,1.4551915228366852e-11,False,0.0,2025-10-27,8
Q4-3,2025-11-13,18:00,keep,19255.783156117715,1.0913936421275139e-11,False,0.0,2025-11-06,8
Q4-3,2025-11-13,18:00,selected,18754.904330429377,5.002220859751105e-12,False,0.0,2025-11-06,8
Q4-3,2025-11-14,00:00,selected,26191.88146958607,3.637978807091713e-12,False,0.0,2025-11-13,8
Q4-3,2025-11-14,06:00,keep,18631.133461874768,1.8189894035458565e-12,False,0.0,2025-11-13,8
Q4-3,2025-11-14,06:00,selected,18406.324955453463,9.094947017729282e-13,False,0.0,2025-11-13,8
Q4-3,2025-11-14,12:00,keep,15281.372681330578,3.637978807091713e-12,False,0.0,2025-10-27,8
Q4-3,2025-11-14,12:00,selected,15281.372681330578,3.637978807091713e-12,False,0.0,2025-10-27,8
Q4-3,2025-11-14,18:00,keep,10133.783928848192,1.2505552149377763e-12,False,0.0,2025-11-06,8
Q4-3,2025-11-14,18:00,selected,10133.783928848192,1.2505552149377763e-12,False,0.0,2025-11-06,8
Q4-3,2025-11-15,00:00,selected,30251.089513107534,8.242295734817162e-12,False,0.0,2025-11-13,8
Q4-3,2025-11-15,06:00,keep,22135.454738302717,9.094947017729282e-13,False,0.0,2025-11-14,8
Q4-3,2025-11-15,06:00,selected,22135.454738302717,9.094947017729282e-13,False,0.0,2025-11-14,8
Q4-3,2025-11-15,12:00,keep,16283.46694729415,3.637978807091713e-12,False,0.0,2025-10-27,8
Q4-3,2025-11-15,12:00,selected,16283.46694729415,3.637978807091713e-12,False,0.0,2025-10-27,8
Q4-3,2025-11-15,18:00,keep,10112.610874033227,2.2168933355715126e-12,False,0.0,2025-11-06,8
Q4-3,2025-11-15,18:00,selected,10112.610874033227,2.2168933355715126e-12,False,0.0,2025-11-06,8
Q4-3,2025-11-16,00:00,selected,71416.68228142915,2.9103830456733704e-11,False,0.0,2025-11-13,8
Q4-3,2025-11-16,06:00,keep,60225.850677463895,7.275957614183426e-12,False,0.0,2025-11-14,8
Q4-3,2025-11-16,06:00,selected,59962.970123665225,7.275957614183426e-12,False,0.0,2025-11-14,8
Q4-3,2025-11-16,12:00,keep,41291.33033775315,1.5631940186722204e-11,False,0.0,2025-10-27,8
Q4-3,2025-11-16,12:00,selected,40940.504483718105,1.0174971976084635e-11,False,0.0,2025-10-27,8
Q4-3,2025-11-16,18:00,keep,17812.001449187912,3.637978807091713e-12,False,0.0,2025-11-06,8
Q4-3,2025-11-16,18:00,selected,17761.117898862554,1.8189894035458565e-12,False,0.0,2025-11-06,8
Q4-3,2025-11-17,00:00,selected,68195.63103462024,1.1596057447604835e-11,False,0.0,2025-11-13,8
Q4-3,2025-11-17,06:00,keep,62098.59640843488,1.4551915228366852e-11,False,0.0,2025-11-14,8
Q4-3,2025-11-17,06:00,selected,59757.187952355416,1.4551915228366852e-11,False,0.0,2025-11-14,8
Q4-3,2025-11-17,12:00,keep,41580.84622600908,1.0970779840135947e-11,False,0.0,2025-10-27,8
Q4-3,2025-11-17,12:00,selected,39499.64942764054,1.3415046851150692e-11,False,0.0,2025-10-27,8
Q4-3,2025-11-17,18:00,keep,18676.71244782078,3.637978807091713e-12,False,0.0,2025-11-06,8
Q4-3,2025-11-17,18:00,selected,18669.48770757386,1.8189894035458565e-12,False,0.0,2025-11-06,8
Q4-3,2025-11-18,00:00,selected,72645.95461893664,2.1827872842550278e-11,False,0.0,2025-11-13,8
Q4-3,2025-11-18,06:00,keep,58765.17823594964,7.275957614183426e-12,False,0.0,2025-11-14,8
Q4-3,2025-11-18,06:00,selected,58756.09202464848,1.4551915228366852e-11,False,0.0,2025-11-14,8
Q4-3,2025-11-18,12:00,keep,44687.32249563143,7.275957614183426e-12,False,0.0,2025-10-27,8
Q4-3,2025-11-18,12:00,selected,44687.32249563143,7.275957614183426e-12,False,0.0,2025-10-27,8
Q4-3,2025-11-18,18:00,keep,19088.19697746491,3.637978807091713e-12,False,0.0,2025-11-12,8
Q4-3,2025-11-18,18:00,selected,18935.36644451492,1.8189894035458565e-12,False,0.0,2025-11-12,8
Q4-3,2025-11-19,00:00,selected,72090.32282066703,2.1827872842550278e-11,False,0.0,2025-11-13,8
Q4-3,2025-11-19,06:00,keep,69347.66427524063,2.1827872842550278e-11,False,0.0,2025-11-14,8
Q4-3,2025-11-19,06:00,selected,65780.24830468559,2.1827872842550278e-11,False,0.0,2025-11-14,8
Q4-3,2025-11-19,12:00,keep,43982.81852686265,2.1827872842550278e-11,False,0.0,2025-11-18,8
Q4-3,2025-11-19,12:00,selected,42333.73230457802,2.1827872842550278e-11,False,0.0,2025-11-18,8
Q4-3,2025-11-19,18:00,keep,18159.84363962522,5.4569682106375694e-12,False,0.0,2025-11-12,8
Q4-3,2025-11-19,18:00,selected,18159.84363962522,5.4569682106375694e-12,False,0.0,2025-11-12,8
Q4-3,2025-11-20,00:00,selected,70855.596421097,1.1141310096718371e-11,False,0.0,2025-11-13,8
Q4-3,2025-11-20,06:00,keep,58796.011935769726,1.4551915228366852e-11,False,0.0,2025-11-19,8
Q4-3,2025-11-20,06:00,selected,58711.913126752894,7.275957614183426e-12,False,0.0,2025-11-19,8
Q4-3,2025-11-20,12:00,keep,42337.67977897107,7.275957614183426e-12,False,0.0,2025-11-18,8
Q4-3,2025-11-20,12:00,selected,42171.23412964554,1.4551915228366852e-11,False,0.0,2025-11-18,8
Q4-3,2025-11-20,18:00,keep,18278.45221236509,1.8189894035458565e-12,False,0.0,2025-11-19,8
Q4-3,2025-11-20,18:00,selected,18114.832944055353,3.296918293926865e-12,False,0.0,2025-11-19,8
Q4-3,2025-11-21,00:00,selected,26835.741717644803,1.4551915228366852e-11,False,0.0,2025-11-14,8
Q4-3,2025-11-21,06:00,keep,19609.272319477466,5.4569682106375694e-12,False,0.0,2025-11-19,8
Q4-3,2025-11-21,06:00,selected,19601.59261968564,5.5706550483591855e-12,False,0.0,2025-11-19,8
Q4-3,2025-11-21,12:00,keep,14862.76863430088,1.8189894035458565e-12,False,0.0,2025-11-18,8
Q4-3,2025-11-21,12:00,selected,14831.961556570948,9.094947017729282e-13,False,0.0,2025-11-18,8
Q4-3,2025-11-21,18:00,keep,9661.375320396563,1.9895196601282805e-12,False,0.0,2025-11-19,8
Q4-3,2025-11-21,18:00,selected,9661.375320396563,1.9895196601282805e-12,False,0.0,2025-11-19,8
Q4-3,2025-11-22,00:00,selected,28541.984679530164,1.0913936421275139e-11,False,0.0,2025-11-13,8
Q4-3,2025-11-22,06:00,keep,21085.093342553086,3.637978807091713e-12,False,0.0,2025-11-21,8
Q4-3,2025-11-22,06:00,selected,21085.093342553086,3.637978807091713e-12,False,0.0,2025-11-21,8
Q4-3,2025-11-22,12:00,keep,16249.0967102079,5.684341886080801e-13,False,0.0,2025-11-18,8
Q4-3,2025-11-22,12:00,selected,16249.0967102079,5.684341886080801e-13,False,0.0,2025-11-18,8
Q4-3,2025-11-22,18:00,keep,10341.057956970386,1.9326762412674725e-12,False,0.0,2025-11-19,8
Q4-3,2025-11-22,18:00,selected,10341.057956970386,1.9326762412674725e-12,False,0.0,2025-11-19,8
Q4-3,2025-11-23,00:00,selected,69207.74471566659,7.503331289626658e-12,False,0.0,2025-11-13,8
Q4-3,2025-11-23,06:00,keep,69148.7051772996,2.1827872842550278e-11,False,0.0,2025-11-19,8
Q4-3,2025-11-23,06:00,selected,64095.371801258,2.9103830456733704e-11,False,0.0,2025-11-19,8
Q4-3,2025-11-23,12:00,keep,42145.376193621465,1.000444171950221e-11,False,0.0,2025-11-18,8
Q4-3,2025-11-23,12:00,selected,40910.732908295904,1.4551915228366852e-11,False,0.0,2025-11-18,8
Q4-3,2025-11-23,18:00,keep,17957.693997825674,1.8189894035458565e-12,False,0.0,2025-11-22,8
Q4-3,2025-11-23,18:00,selected,17862.92022467012,1.8189894035458565e-12,False,0.0,2025-11-22,8
Q4-3,2025-11-24,00:00,selected,68033.73103729433,4.3655745685100555e-11,False,0.0,2025-11-13,8
Q4-3,2025-11-24,06:00,keep,61104.38284968122,2.1827872842550278e-11,False,0.0,2025-11-19,8
Q4-3,2025-11-24,06:00,selected,60147.48622091566,2.4556356947869062e-11,False,0.0,2025-11-19,8
Q4-3,2025-11-24,12:00,keep,42567.04788848738,1.3926637620897964e-11,False,0.0,2025-11-18,8
Q4-3,2025-11-24,12:00,selected,41902.2728929681,1.6143530956469476e-11,False,0.0,2025-11-18,8
Q4-3,2025-11-24,18:00,keep,17976.16521261354,1.8189894035458565e-12,False,0.0,2025-11-22,8
Q4-3,2025-11-24,18:00,selected,17890.384805174792,5.4569682106375694e-12,False,0.0,2025-11-22,8
Q4-3,2025-11-25,00:00,selected,79351.7787796043,2.9103830456733704e-11,False,0.0,2025-11-13,8
Q4-3,2025-11-25,06:00,keep,65739.73995779292,1.7962520360015333e-11,False,0.0,2025-11-19,8
Q4-3,2025-11-25,06:00,selected,65613.59188620007,1.3642420526593924e-11,False,0.0,2025-11-19,8
Q4-3,2025-11-25,12:00,keep,47895.25090284122,8.412825991399586e-12,False,0.0,2025-11-24,8
Q4-3,2025-11-25,12:00,selected,47895.25090284122,8.412825991399586e-12,False,0.0,2025-11-24,8
Q4-3,2025-11-25,18:00,keep,17952.524358143262,3.637978807091713e-12,False,0.0,2025-11-22,8
Q4-3,2025-11-25,18:00,selected,17866.06381399132,3.637978807091713e-12,False,0.0,2025-11-22,8
Q4-3,2025-11-26,00:00,selected,74435.6535047239,2.9103830456733704e-11,False,0.0,2025-11-13,8
Q4-3,2025-11-26,06:00,keep,65413.071430983524,1.4551915228366852e-11,False,0.0,2025-11-21,8
Q4-3,2025-11-26,06:00,selected,63865.50926491938,1.4551915228366852e-11,False,0.0,2025-11-21,8
Q4-3,2025-11-26,12:00,keep,47190.1914973542,7.275957614183426e-12,False,0.0,2025-11-24,8
Q4-3,2025-11-26,12:00,selected,46616.97303811552,7.275957614183426e-12,False,0.0,2025-11-24,8
Q4-3,2025-11-26,18:00,keep,17989.32588920196,3.637978807091713e-12,False,0.0,2025-11-22,8
Q4-3,2025-11-26,18:00,selected,17830.20939728249,5.4569682106375694e-12,False,0.0,2025-11-22,8
Q4-3,2025-11-27,00:00,selected,72132.5177898787,3.637978807091713e-11,False,0.0,2025-11-13,8
Q4-3,2025-11-27,06:00,keep,62626.985219974566,7.275957614183426e-12,False,0.0,2025-11-21,8
Q4-3,2025-11-27,06:00,selected,61817.59010772946,2.3874235921539366e-11,False,0.0,2025-11-21,8
Q4-3,2025-11-27,12:00,keep,45940.396718088894,1.4551915228366852e-11,False,0.0,2025-11-24,8
Q4-3,2025-11-27,12:00,selected,44503.969577703036,2.1827872842550278e-11,False,0.0,2025-11-24,8
Q4-3,2025-11-27,18:00,keep,17295.331382319637,3.637978807091713e-12,False,0.0,2025-11-24,8
Q4-3,2025-11-27,18:00,selected,17259.238805283043,1.8189894035458565e-12,False,0.0,2025-11-24,8
Q4-3,2025-11-28,00:00,selected,26482.28841068092,1.0913936421275139e-11,False,0.0,2025-11-13,8
Q4-3,2025-11-28,06:00,keep,19646.08664666999,6.821210263296962e-12,False,0.0,2025-11-21,8
Q4-3,2025-11-28,06:00,selected,19489.698549537596,7.275957614183426e-12,False,0.0,2025-11-21,8
Q4-3,2025-11-28,12:00,keep,15214.033964506552,9.094947017729282e-13,False,0.0,2025-11-27,8
Q4-3,2025-11-28,12:00,selected,15186.536055059463,3.637978807091713e-12,False,0.0,2025-11-27,8
Q4-3,2025-11-28,18:00,keep,9784.495390588218,9.094947017729282e-13,False,0.0,2025-11-24,8
Q4-3,2025-11-28,18:00,selected,9784.495390588218,9.094947017729282e-13,False,0.0,2025-11-24,8
Q4-3,2025-11-29,00:00,selected,32588.230710767148,2.1827872842550278e-11,False,0.0,2025-11-13,8
Q4-3,2025-11-29,06:00,keep,23648.709853315206,4.547473508864641e-13,False,0.0,2025-11-21,8
Q4-3,2025-11-29,06:00,selected,23648.709853315206,4.547473508864641e-13,False,0.0,2025-11-21,8
Q4-3,2025-11-29,12:00,keep,18479.45380629054,9.094947017729282e-13,False,0.0,2025-11-27,8
Q4-3,2025-11-29,12:00,selected,18479.45380629054,9.094947017729282e-13,False,0.0,2025-11-27,8
Q4-3,2025-11-29,18:00,keep,9879.349703482898,1.8189894035458565e-12,False,0.0,2025-11-24,8
Q4-3,2025-11-29,18:00,selected,9879.349703482898,1.8189894035458565e-12,False,0.0,2025-11-24,8
Q4-3,2025-11-30,00:00,selected,78627.39395899154,2.9103830456733704e-11,False,0.0,2025-11-13,8
Q4-3,2025-11-30,06:00,keep,67528.69833119064,7.275957614183426e-12,False,0.0,2025-11-21,8
Q4-3,2025-11-30,06:00,selected,67095.21904781405,1.1596057447604835e-11,False,0.0,2025-11-21,8
Q4-3,2025-11-30,12:00,keep,48208.59469254764,7.275957614183426e-12,False,0.0,2025-11-27,8
Q4-3,2025-11-30,12:00,selected,46027.12875794649,1.750777300912887e-11,False,0.0,2025-11-27,8
Q4-3,2025-11-30,18:00,keep,18128.417868375935,1.8189894035458565e-12,False,0.0,2025-11-29,8
Q4-3,2025-11-30,18:00,selected,17952.319612944375,1.8189894035458565e-12,False,0.0,2025-11-29,8
Q4-3,2025-12-01,00:00,selected,88111.44875120018,2.9103830456733704e-11,False,0.0,2025-11-13,8
Q4-3,2025-12-01,06:00,keep,99062.39118423351,3.637978807091713e-11,False,0.0,2025-11-21,8
Q4-3,2025-12-01,06:00,selected,85419.61705211356,5.820766091346741e-11,False,0.0,2025-11-21,8
Q4-3,2025-12-01,12:00,keep,61465.54244123875,1.4551915228366852e-11,False,0.0,2025-11-27,8
Q4-3,2025-12-01,12:00,selected,58360.81126637053,1.4551915228366852e-11,False,0.0,2025-11-27,8
Q4-3,2025-12-01,18:00,keep,21774.153066473013,3.637978807091713e-12,False,0.0,2025-11-29,8
Q4-3,2025-12-01,18:00,selected,21647.481209660153,3.637978807091713e-12,False,0.0,2025-11-29,8
Q4-3,2025-12-02,00:00,selected,93172.50621878754,2.660272002685815e-11,False,0.0,2025-12-01,8
Q4-3,2025-12-02,06:00,keep,101441.47017487939,5.093170329928398e-11,False,0.0,2025-12-01,8
Q4-3,2025-12-02,06:00,selected,90498.23346826101,4.3655745685100555e-11,False,0.0,2025-12-01,8
Q4-3,2025-12-02,12:00,keep,59829.09663718486,2.1827872842550278e-11,False,0.0,2025-12-01,8
Q4-3,2025-12-02,12:00,selected,58945.93661089961,2.1827872842550278e-11,False,0.0,2025-12-01,8
Q4-3,2025-12-02,18:00,keep,21977.625064639342,3.637978807091713e-12,False,0.0,2025-12-01,8
Q4-3,2025-12-02,18:00,selected,21720.064920941575,3.637978807091713e-12,False,0.0,2025-12-01,8
Q4-3,2025-12-03,00:00,selected,82554.54182993295,1.4551915228366852e-11,False,0.0,2025-12-02,8
Q4-3,2025-12-03,06:00,keep,107976.02585100486,4.3655745685100555e-11,False,0.0,2025-12-02,8
Q4-3,2025-12-03,06:00,selected,87582.02436917013,4.001776687800884e-11,False,0.0,2025-12-02,8
Q4-3,2025-12-03,12:00,keep,58467.320335363765,1.4551915228366852e-11,False,0.0,2025-12-01,8
Q4-3,2025-12-03,12:00,selected,57749.00471647208,3.637978807091713e-11,False,0.0,2025-12-01,8
Q4-3,2025-12-03,18:00,keep,20560.139631654074,7.958078640513122e-12,False,0.0,2025-12-01,8
Q4-3,2025-12-03,18:00,selected,20482.91651978223,9.890754881780595e-12,False,0.0,2025-12-01,8
Q4-3,2025-12-04,00:00,selected,94324.09687349362,1.0186340659856796e-10,False,0.0,2025-12-03,8
Q4-3,2025-12-04,06:00,keep,101064.77558484455,2.9103830456733704e-11,False,0.0,2025-12-02,8
Q4-3,2025-12-04,06:00,selected,86038.56538503796,1.2732925824820995e-11,False,0.0,2025-12-02,8
Q4-3,2025-12-04,12:00,keep,60754.99470221413,2.4158453015843406e-11,False,0.0,2025-12-01,8
Q4-3,2025-12-04,12:00,selected,60472.89422235067,7.275957614183426e-12,False,0.0,2025-12-01,8
Q4-3,2025-12-04,18:00,keep,21186.24351419969,3.637978807091713e-12,False,0.0,2025-12-01,8
Q4-3,2025-12-04,18:00,selected,20950.94462023476,5.4569682106375694e-12,False,0.0,2025-12-01,8
Q4-3,2025-12-05,00:00,selected,40866.7801563017,2.1827872842550278e-11,False,0.0,2025-12-04,8
Q4-3,2025-12-05,06:00,keep,29535.408562044304,3.637978807091713e-12,False,0.0,2025-12-02,8
Q4-3,2025-12-05,06:00,selected,29158.399096059104,1.1823431123048067e-11,False,0.0,2025-12-02,8
Q4-3,2025-12-05,12:00,keep,19469.025359746553,4.376943252282217e-12,False,0.0,2025-12-01,8
Q4-3,2025-12-05,12:00,selected,19069.460040913684,3.637978807091713e-12,False,0.0,2025-12-01,8
Q4-3,2025-12-05,18:00,keep,10825.183770637215,1.8189894035458565e-12,False,0.0,2025-12-01,8
Q4-3,2025-12-05,18:00,selected,10806.826541406203,9.094947017729282e-13,False,0.0,2025-12-01,8
Q4-3,2025-12-06,00:00,selected,44245.84551492479,2.9103830456733704e-11,False,0.0,2025-12-04,8
Q4-3,2025-12-06,06:00,keep,32123.87689671676,1.0913936421275139e-11,False,0.0,2025-12-02,8
Q4-3,2025-12-06,06:00,selected,31367.267564289145,7.275957614183426e-12,False,0.0,2025-12-02,8
Q4-3,2025-12-06,12:00,keep,22046.891325992787,9.094947017729282e-13,False,0.0,2025-12-01,8
Q4-3,2025-12-06,12:00,selected,21594.02167511571,1.0913936421275139e-11,False,0.0,2025-12-01,8
Q4-3,2025-12-06,18:00,keep,10661.413035743602,1.8189894035458565e-12,False,0.0,2025-12-01,8
Q4-3,2025-12-06,18:00,selected,10612.445544516095,4.293049884075836e-12,False,0.0,2025-12-01,8
Q4-3,2025-12-07,00:00,selected,98702.54896608909,4.3655745685100555e-11,False,0.0,2025-12-04,8
Q4-3,2025-12-07,06:00,keep,92976.35114247094,4.3655745685100555e-11,False,0.0,2025-12-06,8
Q4-3,2025-12-07,06:00,selected,84049.50420548965,2.1827872842550278e-11,False,0.0,2025-12-06,8
Q4-3,2025-12-07,12:00,keep,59670.96435320826,7.275957614183426e-12,False,0.0,2025-12-01,8
Q4-3,2025-12-07,12:00,selected,59012.87276840956,1.4551915228366852e-11,False,0.0,2025-12-01,8
Q4-3,2025-12-07,18:00,keep,20770.13672052648,1.0913936421275139e-11,False,0.0,2025-12-06,8
Q4-3,2025-12-07,18:00,selected,20626.426329892616,3.637978807091713e-12,False,0.0,2025-12-06,8
Q4-3,2025-12-08,00:00,selected,98871.45851053635,2.9103830456733704e-11,False,0.0,2025-12-04,8
Q4-3,2025-12-08,06:00,keep,95427.68232961073,4.3655745685100555e-11,False,0.0,2025-12-06,8
Q4-3,2025-12-08,06:00,selected,87382.30686335985,4.3655745685100555e-11,False,0.0,2025-12-06,8
Q4-3,2025-12-08,12:00,keep,59027.76828083578,2.9103830456733704e-11,False,0.0,2025-12-06,8
Q4-3,2025-12-08,12:00,selected,56236.37676719994,1.4551915228366852e-11,False,0.0,2025-12-06,8
Q4-3,2025-12-08,18:00,keep,20266.821767313802,5.4569682106375694e-12,False,0.0,2025-12-06,8
Q4-3,2025-12-08,18:00,selected,20059.933154282382,7.503331289626658e-12,False,0.0,2025-12-06,8
Q4-3,2025-12-09,00:00,selected,96813.37730674449,5.820766091346741e-11,False,0.0,2025-12-04,8
Q4-3,2025-12-09,06:00,keep,88414.65779928897,6.548361852765083e-11,False,0.0,2025-12-06,8
Q4-3,2025-12-09,06:00,selected,81457.64168480202,4.3655745685100555e-11,False,0.0,2025-12-06,8
Q4-3,2025-12-09,12:00,keep,56156.6479483451,2.1827872842550278e-11,False,0.0,2025-12-06,8
Q4-3,2025-12-09,12:00,selected,55726.14079624421,2.9103830456733704e-11,False,0.0,2025-12-06,8
Q4-3,2025-12-09,18:00,keep,20047.999262202266,3.637978807091713e-12,False,0.0,2025-12-06,8
Q4-3,2025-12-09,18:00,selected,19794.630065479036,5.4569682106375694e-12,False,0.0,2025-12-06,8
Q4-3,2025-12-10,00:00,selected,93655.69207289223,1.4551915228366852e-11,False,0.0,2025-12-04,8
Q4-3,2025-12-10,06:00,keep,88141.72863678011,2.1827872842550278e-11,False,0.0,2025-12-06,8
Q4-3,2025-12-10,06:00,selected,82127.72886030597,2.7966962079517543e-11,False,0.0,2025-12-06,8
Q4-3,2025-12-10,12:00,keep,59386.478003805205,1.4551915228366852e-11,False,0.0,2025-12-06,8
Q4-3,2025-12-10,12:00,selected,56402.02616902222,1.4551915228366852e-11,False,0.0,2025-12-06,8
Q4-3,2025-12-10,18:00,keep,19785.878431694342,7.275957614183426e-12,False,0.0,2025-12-06,8
Q4-3,2025-12-10,18:00,selected,19532.579907209252,3.637978807091713e-12,False,0.0,2025-12-06,8
Q4-3,2025-12-11,00:00,selected,95374.59761562306,3.637978807091713e-11,False,0.0,2025-12-04,8
Q4-3,2025-12-11,06:00,keep,80554.95667408564,1.4551915228366852e-11,False,0.0,2025-12-06,8
Q4-3,2025-12-11,06:00,selected,77011.83420514032,1.4551915228366852e-11,False,0.0,2025-12-06,8
Q4-3,2025-12-11,12:00,keep,54800.65073385113,2.1827872842550278e-11,False,0.0,2025-12-06,8
Q4-3,2025-12-11,12:00,selected,54506.37035490482,2.9103830456733704e-11,False,0.0,2025-12-06,8
Q4-3,2025-12-11,18:00,keep,19217.126530285183,5.4569682106375694e-12,False,0.0,2025-12-10,8
Q4-3,2025-12-11,18:00,selected,19119.266999353855,5.9117155615240335e-12,False,0.0,2025-12-10,8
Q4-3,2025-12-12,00:00,selected,45647.03941797527,7.275957614183426e-12,False,0.0,2025-12-04,8
Q4-3,2025-12-12,06:00,keep,31376.128002713234,4.547473508864641e-13,False,0.0,2025-12-06,8
Q4-3,2025-12-12,06:00,selected,31364.545567640227,1.1141310096718371e-11,False,0.0,2025-12-06,8
Q4-3,2025-12-12,12:00,keep,21028.394531805494,3.637978807091713e-12,False,0.0,2025-12-06,8
Q4-3,2025-12-12,12:00,selected,20976.553763836575,9.094947017729282e-13,False,0.0,2025-12-06,8
Q4-3,2025-12-12,18:00,keep,11234.975115651498,0.0,False,0.0,2025-12-10,8
Q4-3,2025-12-12,18:00,selected,11234.975115651498,0.0,False,0.0,2025-12-10,8
Q4-3,2025-12-13,00:00,selected,47496.343982936596,2.9103830456733704e-11,False,0.0,2025-12-04,8
Q4-3,2025-12-13,06:00,keep,36622.722834836575,7.275957614183426e-12,False,0.0,2025-12-10,8
Q4-3,2025-12-13,06:00,selected,35470.76613469955,1.1652900866465643e-11,False,0.0,2025-12-10,8
Q4-3,2025-12-13,12:00,keep,24908.213995593964,3.637978807091713e-12,False,0.0,2025-12-12,8
Q4-3,2025-12-13,12:00,selected,22059.112814887405,1.1549264610675632e-11,False,0.0,2025-12-12,8
Q4-3,2025-12-13,18:00,keep,10980.947975266414,0.0,False,0.0,2025-12-10,8
Q4-3,2025-12-13,18:00,selected,10980.947975266414,0.0,False,0.0,2025-12-10,8
Q4-3,2025-12-14,00:00,selected,93050.52240055584,1.6370904631912708e-11,False,0.0,2025-12-13,8
Q4-3,2025-12-14,06:00,keep,82921.41178070268,2.1827872842550278e-11,False,0.0,2025-12-13,8
Q4-3,2025-12-14,06:00,selected,80310.72700887524,4.3655745685100555e-11,False,0.0,2025-12-13,8
Q4-3,2025-12-14,12:00,keep,56063.92265691912,2.1827872842550278e-11,False,0.0,2025-12-13,8
Q4-3,2025-12-14,12:00,selected,54867.26069889496,2.1827872842550278e-11,False,0.0,2025-12-13,8
Q4-3,2025-12-14,18:00,keep,19617.303274926177,5.4569682106375694e-12,False,0.0,2025-12-10,8
Q4-3,2025-12-14,18:00,selected,19441.305653639505,6.139089236967266e-12,False,0.0,2025-12-10,8
Q4-3,2025-12-15,00:00,selected,93026.16640441076,8.731149137020111e-11,False,0.0,2025-12-13,8
Q4-3,2025-12-15,06:00,keep,87879.45917874668,3.637978807091713e-11,False,0.0,2025-12-13,8
Q4-3,2025-12-15,06:00,selected,82883.42857457686,4.3655745685100555e-11,False,0.0,2025-12-13,8
Q4-3,2025-12-15,12:00,keep,55379.587786369186,1.4551915228366852e-11,False,0.0,2025-12-13,8
Q4-3,2025-12-15,12:00,selected,53459.86376432023,2.1827872842550278e-11,False,0.0,2025-12-13,8
Q4-3,2025-12-15,18:00,keep,19326.804059012877,3.637978807091713e-12,False,0.0,2025-12-10,8
Q4-3,2025-12-15,18:00,selected,18921.5597423695,1.8189894035458565e-12,False,0.0,2025-12-10,8
Q4-3,2025-12-16,00:00,selected,98751.17019642192,8.731149137020111e-11,False,0.0,2025-12-13,8
Q4-3,2025-12-16,06:00,keep,85086.70368507992,2.1827872842550278e-11,False,0.0,2025-12-13,8
Q4-3,2025-12-16,06:00,selected,81119.12972710986,3.637978807091713e-11,False,0.0,2025-12-13,8
Q4-3,2025-12-16,12:00,keep,56690.05555749495,2.1827872842550278e-11,False,0.0,2025-12-13,8
Q4-3,2025-12-16,12:00,selected,55997.8183603114,1.4551915228366852e-11,False,0.0,2025-12-13,8
Q4-3,2025-12-16,18:00,keep,20848.90103129746,7.275957614183426e-12,False,0.0,2025-12-10,8
Q4-3,2025-12-16,18:00,selected,20592.095659589286,9.094947017729282e-12,False,0.0,2025-12-10,8
Q4-3,2025-12-17,00:00,selected,99401.27620138951,5.820766091346741e-11,False,0.0,2025-12-13,8
Q4-3,2025-12-17,06:00,keep,85679.89537790514,5.820766091346741e-11,False,0.0,2025-12-16,8
Q4-3,2025-12-17,06:00,selected,81868.94326280334,2.9103830456733704e-11,False,0.0,2025-12-16,8
Q4-3,2025-12-17,12:00,keep,55475.6129663946,1.4551915228366852e-11,False,0.0,2025-12-13,8
Q4-3,2025-12-17,12:00,selected,55106.98030545221,7.275957614183426e-12,False,0.0,2025-12-13,8
Q4-3,2025-12-17,18:00,keep,19267.571039407256,5.4569682106375694e-12,False,0.0,2025-12-10,8
Q4-3,2025-12-17,18:00,selected,18965.601465333617,1.1823431123048067e-11,False,0.0,2025-12-10,8
Q4-3,2025-12-18,00:00,selected,93978.18700327576,2.9103830456733704e-11,False,0.0,2025-12-13,8
Q4-3,2025-12-18,06:00,keep,87970.21948121897,4.3655745685100555e-11,False,0.0,2025-12-16,8
Q4-3,2025-12-18,06:00,selected,82585.72754531786,5.820766091346741e-11,False,0.0,2025-12-16,8
Q4-3,2025-12-18,12:00,keep,55186.30492959682,9.322320693172514e-12,False,0.0,2025-12-13,8
Q4-3,2025-12-18,12:00,selected,52172.21329453687,1.4551915228366852e-11,False,0.0,2025-12-13,8
Q4-3,2025-12-18,18:00,keep,19182.041629781044,1.8189894035458565e-12,False,0.0,2025-12-10,8
Q4-3,2025-12-18,18:00,selected,18728.712356042335,3.637978807091713e-12,False,0.0,2025-12-10,8
Q4-3,2025-12-19,00:00,selected,45757.21044327413,2.1827872842550278e-11,False,0.0,2025-12-13,8
Q4-3,2025-12-19,06:00,keep,32231.595063529654,3.637978807091713e-12,False,0.0,2025-12-16,8
Q4-3,2025-12-19,06:00,selected,32137.36294630533,1.3358203432289883e-11,False,0.0,2025-12-16,8
Q4-3,2025-12-19,12:00,keep,22803.365799336567,3.637978807091713e-12,False,0.0,2025-12-13,8
Q4-3,2025-12-19,12:00,selected,22409.408375964907,1.2737240355866075e-11,False,0.0,2025-12-13,8
Q4-3,2025-12-19,18:00,keep,10245.899617803738,0.0,False,0.0,2025-12-10,8
Q4-3,2025-12-19,18:00,selected,10245.899617803738,0.0,False,0.0,2025-12-10,8
Q4-3,2025-12-20,00:00,selected,48070.79341999621,2.9103830456733704e-11,False,0.0,2025-12-19,8
Q4-3,2025-12-20,06:00,keep,33772.71751886786,3.637978807091713e-12,False,0.0,2025-12-16,8
Q4-3,2025-12-20,06:00,selected,33772.71751886786,3.637978807091713e-12,False,0.0,2025-12-16,8
Q4-3,2025-12-20,12:00,keep,23487.52080906074,9.094947017729282e-13,False,0.0,2025-12-13,8
Q4-3,2025-12-20,12:00,selected,23452.86473312422,3.637978807091713e-12,False,0.0,2025-12-13,8
Q4-3,2025-12-20,18:00,keep,10258.035286372235,4.547473508864641e-13,False,0.0,2025-12-10,8
Q4-3,2025-12-20,18:00,selected,10258.035286372235,4.547473508864641e-13,False,0.0,2025-12-10,8
Q4-3,2025-12-21,00:00,selected,97118.83575719416,1.0186340659856796e-10,False,0.0,2025-12-04,8
Q4-3,2025-12-21,06:00,keep,84154.84947277249,7.275957614183426e-12,False,0.0,2025-12-16,8
Q4-3,2025-12-21,06:00,selected,81491.38724760723,2.751221472863108e-11,False,0.0,2025-12-16,8
Q4-3,2025-12-21,12:00,keep,56041.85617002873,2.1827872842550278e-11,False,0.0,2025-12-19,8
Q4-3,2025-12-21,12:00,selected,55062.129598933454,7.275957614183426e-12,False,0.0,2025-12-19,8
Q4-3,2025-12-21,18:00,keep,19688.00994987587,5.4569682106375694e-12,False,0.0,2025-12-10,8
Q4-3,2025-12-21,18:00,selected,19187.59165402651,3.637978807091713e-12,False,0.0,2025-12-10,8
Q4-3,2025-12-22,00:00,selected,96436.08378805041,5.820766091346741e-11,False,0.0,2025-12-04,8
Q4-3,2025-12-22,06:00,keep,83867.66894747347,4.3655745685100555e-11,False,0.0,2025-12-16,8
Q4-3,2025-12-22,06:00,selected,80485.79685756177,2.3419488570652902e-11,False,0.0,2025-12-16,8
Q4-3,2025-12-22,12:00,keep,54854.02838478584,1.4551915228366852e-11,False,0.0,2025-12-19,8
Q4-3,2025-12-22,12:00,selected,53605.74621678357,2.9103830456733704e-11,False,0.0,2025-12-19,8
Q4-3,2025-12-22,18:00,keep,19300.65356967906,7.275957614183426e-12,False,0.0,2025-12-10,8
Q4-3,2025-12-22,18:00,selected,19132.402933708596,1.057287590811029e-11,False,0.0,2025-12-10,8
Q4-3,2025-12-23,00:00,selected,98155.57817925929,2.9103830456733704e-11,False,0.0,2025-12-22,8
Q4-3,2025-12-23,06:00,keep,81744.95426554953,4.3655745685100555e-11,False,0.0,2025-12-16,8
Q4-3,2025-12-23,06:00,selected,80415.1979818242,2.9103830456733704e-11,False,0.0,2025-12-16,8
Q4-3,2025-12-23,12:00,keep,54933.77218867822,1.4551915228366852e-11,False,0.0,2025-12-22,8
Q4-3,2025-12-23,12:00,selected,54111.77704682264,2.1827872842550278e-11,False,0.0,2025-12-22,8
Q4-3,2025-12-23,18:00,keep,19327.200383170566,3.637978807091713e-12,False,0.0,2025-12-10,8
Q4-3,2025-12-23,18:00,selected,19113.151326206236,5.4569682106375694e-12,False,0.0,2025-12-10,8
Q4-3,2025-12-24,00:00,selected,96633.90020476568,4.3655745685100555e-11,False,0.0,2025-12-22,8
Q4-3,2025-12-24,06:00,keep,81292.64910241975,2.1827872842550278e-11,False,0.0,2025-12-16,8
Q4-3,2025-12-24,06:00,selected,80014.12652075464,2.1827872842550278e-11,False,0.0,2025-12-16,8
Q4-3,2025-12-24,12:00,keep,54633.62671524601,7.275957614183426e-12,False,0.0,2025-12-22,8
Q4-3,2025-12-24,12:00,selected,54172.07229618091,2.9103830456733704e-11,False,0.0,2025-12-22,8
Q4-3,2025-12-24,18:00,keep,18846.873514395396,1.8189894035458565e-12,False,0.0,2025-12-10,8
Q4-3,2025-12-24,18:00,selected,18720.50500515408,1.8189894035458565e-12,False,0.0,2025-12-10,8
Q4-3,2025-12-25,00:00,selected,92544.33247329807,7.275957614183426e-11,False,0.0,2025-12-19,8
Q4-3,2025-12-25,06:00,keep,77580.08778018228,3.637978807091713e-11,False,0.0,2025-12-16,8
Q4-3,2025-12-25,06:00,selected,75705.88016018992,3.001332515850663e-11,False,0.0,2025-12-16,8
Q4-3,2025-12-25,12:00,keep,52835.40552996134,1.4551915228366852e-11,False,0.0,2025-12-22,8
Q4-3,2025-12-25,12:00,selected,52624.06182959383,1.6825651982799172e-11,False,0.0,2025-12-22,8
Q4-3,2025-12-25,18:00,keep,18256.496919167323,7.275957614183426e-12,False,0.0,2025-12-22,8
Q4-3,2025-12-25,18:00,selected,18103.630452231268,5.4569682106375694e-12,False,0.0,2025-12-22,8
Q4-3,2025-12-26,00:00,selected,44993.711730759445,2.9103830456733704e-11,False,0.0,2025-12-19,8
Q4-3,2025-12-26,06:00,keep,31810.233304710648,3.637978807091713e-12,False,0.0,2025-12-16,8
Q4-3,2025-12-26,06:00,selected,31425.977416406076,3.637978807091713e-12,False,0.0,2025-12-16,8
Q4-3,2025-12-26,12:00,keep,23618.074759598407,3.637978807091713e-12,False,0.0,2025-12-22,8
Q4-3,2025-12-26,12:00,selected,23346.380423861952,3.637978807091713e-12,False,0.0,2025-12-22,8
Q4-3,2025-12-26,18:00,keep,10218.052803335526,2.7284841053187847e-12,False,0.0,2025-12-22,8
Q4-3,2025-12-26,18:00,selected,9930.51476541381,1.8189894035458565e-12,False,0.0,2025-12-22,8
Q4-3,2025-12-27,00:00,selected,46147.14021814468,2.1827872842550278e-11,False,0.0,2025-12-19,8
Q4-3,2025-12-27,06:00,keep,33689.7005051314,7.275957614183426e-12,False,0.0,2025-12-16,8
Q4-3,2025-12-27,06:00,selected,33284.75197861017,3.637978807091713e-12,False,0.0,2025-12-16,8
Q4-3,2025-12-27,12:00,keep,24386.264618369933,3.637978807091713e-12,False,0.0,2025-12-22,8
Q4-3,2025-12-27,12:00,selected,24117.955559395796,3.637978807091713e-12,False,0.0,2025-12-22,8
Q4-3,2025-12-27,18:00,keep,10195.848931860999,9.094947017729282e-13,False,0.0,2025-12-22,8
Q4-3,2025-12-27,18:00,selected,9915.357989968672,3.780087354243733e-12,False,0.0,2025-12-22,8
Q4-3,2025-12-28,00:00,selected,95360.57836412487,4.3655745685100555e-11,False,0.0,2025-12-19,8
Q4-3,2025-12-28,06:00,keep,82372.63054015212,2.9103830456733704e-11,False,0.0,2025-12-16,8
Q4-3,2025-12-28,06:00,selected,79792.84232184947,2.1827872842550278e-11,False,0.0,2025-12-16,8
Q4-3,2025-12-28,12:00,keep,54503.93492652292,2.1827872842550278e-11,False,0.0,2025-12-22,8
Q4-3,2025-12-28,12:00,selected,53742.21903717319,2.1827872842550278e-11,False,0.0,2025-12-22,8
Q4-3,2025-12-28,18:00,keep,18684.34800093915,3.637978807091713e-12,False,0.0,2025-12-27,8
Q4-3,2025-12-28,18:00,selected,18407.161565474966,5.4569682106375694e-12,False,0.0,2025-12-27,8
Q4-3,2025-12-29,00:00,selected,95259.64956207959,5.820766091346741e-11,False,0.0,2025-12-19,8
Q4-3,2025-12-29,06:00,keep,76332.22072079156,1.4551915228366852e-11,False,0.0,2025-12-16,8
Q4-3,2025-12-29,06:00,selected,75958.94008964523,1.4551915228366852e-11,False,0.0,2025-12-16,8
Q4-3,2025-12-29,12:00,keep,53108.87526053536,1.4551915228366852e-11,False,0.0,2025-12-22,8
Q4-3,2025-12-29,12:00,selected,52942.624008999905,1.4551915228366852e-11,False,0.0,2025-12-22,8
Q4-3,2025-12-29,18:00,keep,18525.266390145964,3.637978807091713e-12,False,0.0,2025-12-27,8
Q4-3,2025-12-29,18:00,selected,18413.827315832856,5.4569682106375694e-12,False,0.0,2025-12-27,8
Q4-3,2025-12-30,00:00,selected,95602.85763063242,2.9103830456733704e-11,False,0.0,2025-12-19,8
Q4-3,2025-12-30,06:00,keep,77856.65558875329,3.637978807091713e-11,False,0.0,2025-12-16,8
Q4-3,2025-12-30,06:00,selected,77363.10694595047,1.6825651982799172e-11,False,0.0,2025-12-16,8
Q4-3,2025-12-30,12:00,keep,53162.06295466582,1.4551915228366852e-11,False,0.0,2025-12-22,8
Q4-3,2025-12-30,12:00,selected,52712.15205645493,2.1827872842550278e-11,False,0.0,2025-12-22,8
Q4-3,2025-12-30,18:00,keep,18175.6675977297,3.637978807091713e-12,False,0.0,2025-12-27,8
Q4-3,2025-12-30,18:00,selected,18044.806855897903,4.320099833421409e-12,False,0.0,2025-12-27,8
Q4-3,2025-12-31,00:00,selected,98775.02322620038,7.275957614183426e-11,False,0.0,2025-12-19,8
Q4-3,2025-12-31,06:00,keep,80374.20864071004,1.4551915228366852e-11,False,0.0,2025-12-30,8
Q4-3,2025-12-31,06:00,selected,79944.94002908262,4.3655745685100555e-11,False,0.0,2025-12-30,8
Q4-3,2025-12-31,12:00,keep,53301.6750949323,2.1827872842550278e-11,False,0.0,2025-12-22,8
Q4-3,2025-12-31,12:00,selected,53040.63412696033,7.275957614183426e-12,False,0.0,2025-12-22,8
Q4-3,2025-12-31,18:00,keep,18071.782242450314,3.637978807091713e-12,False,0.0,2025-12-30,8
Q4-3,2025-12-31,18:00,selected,17976.93929598788,1.8189894035458565e-12,False,0.0,2025-12-30,8
Q3-no-update,2025-02-01,00:00,selected,42359.551136152375,2.1827872842550278e-11,False,0.0,2025-01-31,8
Q3-no-update,2025-02-02,00:00,selected,76312.08030505017,1.4551915228366852e-11,False,0.0,2025-02-01,8
Q3-no-update,2025-02-03,00:00,selected,78319.26502938516,2.1827872842550278e-11,False,0.0,2025-02-02,8
Q3-no-update,2025-02-04,00:00,selected,80449.42875328548,4.3655745685100555e-11,False,0.0,2025-02-02,8
Q3-no-update,2025-02-05,00:00,selected,76081.13000713284,1.4551915228366852e-11,False,0.0,2025-02-02,8
Q3-no-update,2025-02-06,00:00,selected,80783.56312128538,5.820766091346741e-11,False,0.0,2025-02-02,8
Q3-no-update,2025-02-07,00:00,selected,44128.0360379769,2.1827872842550278e-11,False,0.0,2025-02-02,8
Q3-no-update,2025-02-08,00:00,selected,37623.79275703464,1.0913936421275139e-11,False,0.0,2025-02-07,8
Q3-no-update,2025-02-09,00:00,selected,76694.9059419724,1.5411671938636573e-11,False,0.0,2025-02-08,8
Q3-no-update,2025-02-10,00:00,selected,73053.47899546126,2.9103830456733704e-11,False,0.0,2025-02-08,8
Q3-no-update,2025-02-11,00:00,selected,74139.38788170638,4.3655745685100555e-11,False,0.0,2025-02-08,8
Q3-no-update,2025-02-12,00:00,selected,74105.2890130969,2.1827872842550278e-11,False,0.0,2025-02-08,8
Q3-no-update,2025-02-13,00:00,selected,69313.63697800947,1.2892797940367018e-11,False,0.0,2025-02-08,8
Q3-no-update,2025-02-14,00:00,selected,40176.98695792993,1.4551915228366852e-11,False,0.0,2025-02-08,8
Q3-no-update,2025-02-15,00:00,selected,40567.772596074545,1.4551915228366852e-11,False,0.0,2025-02-08,8
Q3-no-update,2025-02-16,00:00,selected,74349.38755485653,3.637978807091713e-11,False,0.0,2025-02-08,8
Q3-no-update,2025-02-17,00:00,selected,73593.02025484196,2.1827872842550278e-11,False,0.0,2025-02-08,8
Q3-no-update,2025-02-18,00:00,selected,66450.63281339548,3.637978807091713e-11,False,0.0,2025-02-17,8
Q3-no-update,2025-02-19,00:00,selected,67091.90656865918,3.637978807091713e-11,False,0.0,2025-02-17,8
Q3-no-update,2025-02-20,00:00,selected,69380.92230752503,2.4101609596982598e-11,False,0.0,2025-02-17,8
Q3-no-update,2025-02-21,00:00,selected,37200.926802429654,7.275957614183426e-12,False,0.0,2025-02-17,8
Q3-no-update,2025-02-22,00:00,selected,37421.56489734497,1.4551915228366852e-11,False,0.0,2025-02-21,8
Q3-no-update,2025-02-23,00:00,selected,67834.39460881203,3.637978807091713e-11,False,0.0,2025-02-21,8
Q3-no-update,2025-02-24,00:00,selected,65519.06126536904,1.4551915228366852e-11,False,0.0,2025-02-21,8
Q3-no-update,2025-02-25,00:00,selected,65345.10833966434,1.3415046851150692e-11,False,0.0,2025-02-21,8
Q3-no-update,2025-02-26,00:00,selected,59826.78288038439,4.961754821691338e-10,False,0.0,2025-02-21,8
Q3-no-update,2025-02-27,00:00,selected,61222.22590787734,2.9103830456733704e-11,False,0.0,2025-02-21,8
Q3-no-update,2025-02-28,00:00,selected,31357.56392295821,1.0913936421275139e-11,False,0.0,2025-02-21,8
Q3-no-update,2025-03-01,00:00,selected,38590.8659813166,1.594849764115073e-10,False,0.0,2025-02-21,8
Q3-no-update,2025-03-02,00:00,selected,68395.06651304985,2.8352884695379076e-10,False,0.0,2025-02-21,8
Q3-no-update,2025-03-03,00:00,selected,70076.56497171689,2.1827872842550278e-11,False,0.0,2025-02-21,8
Q3-no-update,2025-03-04,00:00,selected,62063.77451954454,2.1264663521534307e-10,False,0.0,2025-02-21,8
Q3-no-update,2025-03-05,00:00,selected,65157.29946253129,3.544110586922383e-11,False,0.0,2025-02-21,8
Q3-no-update,2025-03-06,00:00,selected,63021.53657428172,2.3989699116100383e-11,False,0.0,2025-02-21,8
Q3-no-update,2025-03-07,00:00,selected,37423.569485975095,1.2278178473934531e-11,False,0.0,2025-02-21,8
Q3-no-update,2025-03-08,00:00,selected,31868.79210922873,1.4551915228366852e-11,False,0.0,2025-03-01,8
Q3-no-update,2025-03-09,00:00,selected,65136.125270109,2.7284841053187847e-11,False,0.0,2025-03-01,8
Q3-no-update,2025-03-10,00:00,selected,62130.256533938315,2.3874235921539366e-11,False,0.0,2025-03-01,8
Q3-no-update,2025-03-11,00:00,selected,55367.052698798136,2.546585164964199e-11,False,0.0,2025-03-01,8
Q3-no-update,2025-03-12,00:00,selected,62168.231028829185,3.637978807091713e-11,False,0.0,2025-03-11,8
Q3-no-update,2025-03-13,00:00,selected,61745.560409158636,7.275957614183426e-12,False,0.0,2025-03-11,8
Q3-no-update,2025-03-14,00:00,selected,28956.63494683274,7.275957614183426e-12,False,0.0,2025-03-11,8
Q3-no-update,2025-03-15,00:00,selected,31615.744622158647,1.8189894035458565e-11,False,0.0,2025-03-11,8
Q3-no-update,2025-03-16,00:00,selected,58900.116088950555,2.9103830456733704e-11,False,0.0,2025-03-11,8
Q3-no-update,2025-03-17,00:00,selected,54894.84514706417,2.9103830456733704e-11,False,0.0,2025-03-11,8
Q3-no-update,2025-03-18,00:00,selected,62451.87763736194,2.864908310584724e-11,False,0.0,2025-03-11,8
Q3-no-update,2025-03-19,00:00,selected,51614.37111825239,3.637978807091713e-11,False,0.0,2025-03-11,8
Q3-no-update,2025-03-20,00:00,selected,58589.47664950536,1.5916157281026244e-11,False,0.0,2025-03-11,8
Q3-no-update,2025-03-21,00:00,selected,28022.68108660328,1.0913936421275139e-11,False,0.0,2025-03-20,8
Q3-no-update,2025-03-22,00:00,selected,29421.33188412453,2.1827872842550278e-11,False,0.0,2025-03-20,8
Q3-no-update,2025-03-23,00:00,selected,59109.09542300063,5.093170329928398e-11,False,0.0,2025-03-20,8
Q3-no-update,2025-03-24,00:00,selected,55708.96641127445,3.54702933691442e-11,False,0.0,2025-03-20,8
Q3-no-update,2025-03-25,00:00,selected,61946.27392232356,2.9103830456733704e-11,False,0.0,2025-03-20,8
Q3-no-update,2025-03-26,00:00,selected,53599.280953183385,3.637978807091713e-11,False,0.0,2025-03-20,8
Q3-no-update,2025-03-27,00:00,selected,56809.197098921446,4.3655745685100555e-11,False,0.0,2025-03-20,8
Q3-no-update,2025-03-28,00:00,selected,26246.93260990469,7.275957614183426e-12,False,0.0,2025-03-21,8
Q3-no-update,2025-03-29,00:00,selected,23791.602875508834,1.4551915228366852e-11,False,0.0,2025-03-28,8
Q3-no-update,2025-03-30,00:00,selected,53908.490333297734,1.4551915228366852e-11,False,0.0,2025-03-28,8
Q3-no-update,2025-03-31,00:00,selected,47021.679563623184,2.1827872842550278e-11,False,0.0,2025-03-28,8
Q3-no-update,2025-04-01,00:00,selected,56687.22020360273,2.9103830456733704e-11,False,0.0,2025-03-28,8
Q3-no-update,2025-04-02,00:00,selected,54317.59642902736,9.322320693172514e-12,False,0.0,2025-03-28,8
Q3-no-update,2025-04-03,00:00,selected,55620.67624164129,3.637978807091713e-11,False,0.0,2025-03-28,8
Q3-no-update,2025-04-04,00:00,selected,22663.543890843735,7.275957614183426e-12,False,0.0,2025-03-28,8
Q3-no-update,2025-04-05,00:00,selected,21905.241601900456,2.9103830456733704e-11,False,0.0,2025-03-28,8
Q3-no-update,2025-04-06,00:00,selected,51112.75479105551,2.1827872842550278e-11,False,0.0,2025-03-28,8
Q3-no-update,2025-04-07,00:00,selected,45307.79458806377,1.4551915228366852e-11,False,0.0,2025-03-28,8
Q3-no-update,2025-04-08,00:00,selected,54582.12568014067,1.4551915228366852e-11,False,0.0,2025-04-07,8
Q3-no-update,2025-04-09,00:00,selected,53149.99099286849,1.4551915228366852e-11,False,0.0,2025-04-07,8
Q3-no-update,2025-04-10,00:00,selected,52496.494199509856,2.9103830456733704e-11,False,0.0,2025-04-07,8
Q3-no-update,2025-04-11,00:00,selected,20923.52962886751,1.8189894035458565e-11,False,0.0,2025-04-07,8
Q3-no-update,2025-04-12,00:00,selected,23888.251385943233,7.275957614183426e-12,False,0.0,2025-04-07,8
Q3-no-update,2025-04-13,00:00,selected,49307.18437215563,2.9103830456733704e-11,False,0.0,2025-04-07,8
Q3-no-update,2025-04-14,00:00,selected,52694.95553826441,2.1827872842550278e-11,False,0.0,2025-04-07,8
Q3-no-update,2025-04-15,00:00,selected,45296.455196457326,2.9103830456733704e-11,False,0.0,2025-04-14,8
Q3-no-update,2025-04-16,00:00,selected,50346.72519167602,1.4551915228366852e-11,False,0.0,2025-04-15,8
Q3-no-update,2025-04-17,00:00,selected,46379.73403371011,1.4551915228366852e-11,False,0.0,2025-04-15,8
Q3-no-update,2025-04-18,00:00,selected,21201.541435377854,1.4551915228366852e-11,False,0.0,2025-04-15,8
Q3-no-update,2025-04-19,00:00,selected,20668.440593647396,2.1827872842550278e-11,False,0.0,2025-04-15,8
Q3-no-update,2025-04-20,00:00,selected,47214.12853199689,3.637978807091713e-11,False,0.0,2025-04-15,8
Q3-no-update,2025-04-21,00:00,selected,49615.00955342032,2.9103830456733704e-11,False,0.0,2025-04-15,8
Q3-no-update,2025-04-22,00:00,selected,44316.521635477446,2.9103830456733704e-11,False,0.0,2025-04-15,8
Q3-no-update,2025-04-23,00:00,selected,43045.82034867073,2.1827872842550278e-11,False,0.0,2025-04-22,8
Q3-no-update,2025-04-24,00:00,selected,44575.7594820819,1.4551915228366852e-11,False,0.0,2025-04-23,8
Q3-no-update,2025-04-25,00:00,selected,20912.751684907907,3.637978807091713e-12,False,0.0,2025-04-23,8
Q3-no-update,2025-04-26,00:00,selected,20715.610700392008,9.094947017729282e-11,False,0.0,2025-04-25,8
Q3-no-update,2025-04-27,00:00,selected,43749.792895273866,8.731149137020111e-11,False,0.0,2025-04-25,8
Q3-no-update,2025-04-28,00:00,selected,52603.177260189594,3.1604940886609256e-11,False,0.0,2025-04-27,8
Q3-no-update,2025-04-29,00:00,selected,44009.251822678,2.1827872842550278e-11,False,0.0,2025-04-28,8
Q3-no-update,2025-04-30,00:00,selected,42222.01668110105,1.4551915228366852e-11,False,0.0,2025-04-28,8
Q3-no-update,2025-05-01,00:00,selected,44585.8694868602,7.275957614183426e-12,False,0.0,2025-04-28,8
Q3-no-update,2025-05-02,00:00,selected,24761.393782002036,7.275957614183426e-12,False,0.0,2025-05-01,8
Q3-no-update,2025-05-03,00:00,selected,23659.123759752616,3.637978807091713e-12,False,0.0,2025-05-01,8
Q3-no-update,2025-05-04,00:00,selected,50007.26923561205,3.637978807091713e-11,False,0.0,2025-05-01,8
Q3-no-update,2025-05-05,00:00,selected,51787.23285541937,7.275957614183426e-12,False,0.0,2025-05-01,8
Q3-no-update,2025-05-06,00:00,selected,45137.33037638453,2.1827872842550278e-11,False,0.0,2025-05-05,8
Q3-no-update,2025-05-07,00:00,selected,49765.700745933165,2.1827872842550278e-11,False,0.0,2025-05-06,8
Q3-no-update,2025-05-08,00:00,selected,54067.13528135611,2.1827872842550278e-11,False,0.0,2025-05-06,8
Q3-no-update,2025-05-09,00:00,selected,25702.60048668171,7.275957614183426e-12,False,0.0,2025-05-06,8
Q3-no-update,2025-05-10,00:00,selected,25672.802806922005,2.9103830456733704e-11,False,0.0,2025-05-06,8
Q3-no-update,2025-05-11,00:00,selected,52790.000903920765,4.3655745685100555e-11,False,0.0,2025-05-06,8
Q3-no-update,2025-05-12,00:00,selected,46260.719535630444,2.1827872842550278e-11,False,0.0,2025-05-06,8
Q3-no-update,2025-05-13,00:00,selected,54424.99064155369,2.9103830456733704e-11,False,0.0,2025-05-06,8
Q3-no-update,2025-05-14,00:00,selected,52787.47099594325,2.9103830456733704e-11,False,0.0,2025-05-06,8
Q3-no-update,2025-05-15,00:00,selected,52471.18168462148,3.637978807091713e-11,False,0.0,2025-05-06,8
Q3-no-update,2025-05-16,00:00,selected,24798.74625770518,1.0913936421275139e-11,False,0.0,2025-05-14,8
Q3-no-update,2025-05-17,00:00,selected,25145.891817280182,2.1827872842550278e-11,False,0.0,2025-05-14,8
Q3-no-update,2025-05-18,00:00,selected,54568.814917621865,3.2741809263825417e-11,False,0.0,2025-05-14,8
Q3-no-update,2025-05-19,00:00,selected,49837.74705058265,4.3655745685100555e-11,False,0.0,2025-05-14,8
Q3-no-update,2025-05-20,00:00,selected,49324.625652454204,3.183231456205249e-11,False,0.0,2025-05-14,8
Q3-no-update,2025-05-21,00:00,selected,46650.730325286895,1.4551915228366852e-11,False,0.0,2025-05-14,8
Q3-no-update,2025-05-22,00:00,selected,49745.557104813044,2.1827872842550278e-11,False,0.0,2025-05-14,8
Q3-no-update,2025-05-23,00:00,selected,23922.309291565467,7.275957614183426e-12,False,0.0,2025-05-14,8
Q3-no-update,2025-05-24,00:00,selected,24168.335091958153,7.275957614183426e-12,False,0.0,2025-05-14,8
Q3-no-update,2025-05-25,00:00,selected,48496.895876593604,1.4551915228366852e-11,False,0.0,2025-05-14,8
Q3-no-update,2025-05-26,00:00,selected,47696.16888951672,2.1827872842550278e-11,False,0.0,2025-05-14,8
Q3-no-update,2025-05-27,00:00,selected,45231.93714596563,1.4551915228366852e-11,False,0.0,2025-05-14,8
Q3-no-update,2025-05-28,00:00,selected,51257.733440027754,1.1368683772161603e-11,False,0.0,2025-05-14,8
Q3-no-update,2025-05-29,00:00,selected,51188.11145261504,9.208633855450898e-12,False,0.0,2025-05-14,8
Q3-no-update,2025-05-30,00:00,selected,25182.836900030103,1.8189894035458565e-11,False,0.0,2025-05-14,8
Q3-no-update,2025-05-31,00:00,selected,27569.019506613025,1.0913936421275139e-11,False,0.0,2025-05-14,8
Q3-no-update,2025-06-01,00:00,selected,63648.93082335079,3.637978807091713e-11,False,0.0,2025-05-14,8
Q3-no-update,2025-06-02,00:00,selected,66614.9031943353,2.1827872842550278e-11,False,0.0,2025-06-01,8
Q3-no-update,2025-06-03,00:00,selected,61557.56698272152,2.1827872842550278e-11,False,0.0,2025-06-02,8
Q3-no-update,2025-06-04,00:00,selected,70862.62055084779,2.9103830456733704e-11,False,0.0,2025-06-02,8
Q3-no-update,2025-06-05,00:00,selected,61954.33941683369,1.4551915228366852e-11,False,0.0,2025-06-04,8
Q3-no-update,2025-06-06,00:00,selected,39033.15685206452,1.4551915228366852e-11,False,0.0,2025-06-04,8
Q3-no-update,2025-06-07,00:00,selected,43578.01531608915,1.4551915228366852e-11,False,0.0,2025-06-04,8
Q3-no-update,2025-06-08,00:00,selected,61255.12821003287,5.093170329928398e-11,False,0.0,2025-06-04,8
Q3-no-update,2025-06-09,00:00,selected,69926.10452617437,1.4551915228366852e-11,False,0.0,2025-06-08,8
Q3-no-update,2025-06-10,00:00,selected,64798.40522625062,2.9103830456733704e-11,False,0.0,2025-06-08,8
Q3-no-update,2025-06-11,00:00,selected,68005.6934291491,3.637978807091713e-11,False,0.0,2025-06-08,8
Q3-no-update,2025-06-12,00:00,selected,66086.00744095897,4.3655745685100555e-11,False,0.0,2025-06-08,8
Q3-no-update,2025-06-13,00:00,selected,40224.96818140411,2.3646862246096134e-11,False,0.0,2025-06-08,8
Q3-no-update,2025-06-14,00:00,selected,40681.06145301896,2.1827872842550278e-11,False,0.0,2025-06-08,8
Q3-no-update,2025-06-15,00:00,selected,62029.62049940006,4.3655745685100555e-11,False,0.0,2025-06-14,8
Q3-no-update,2025-06-16,00:00,selected,66736.47155295631,2.9103830456733704e-11,False,0.0,2025-06-15,8
Q3-no-update,2025-06-17,00:00,selected,68427.16604378006,3.637978807091713e-11,False,0.0,2025-06-15,8
Q3-no-update,2025-06-18,00:00,selected,69159.57403710502,2.1827872842550278e-11,False,0.0,2025-06-15,8
Q3-no-update,2025-06-19,00:00,selected,64662.288774220804,1.5688783605583012e-11,False,0.0,2025-06-15,8
Q3-no-update,2025-06-20,00:00,selected,40792.64172300096,1.9099388737231493e-11,False,0.0,2025-06-15,8
Q3-no-update,2025-06-21,00:00,selected,38379.59031154268,4.3655745685100555e-11,False,0.0,2025-06-20,8
Q3-no-update,2025-06-22,00:00,selected,63746.409510577636,1.4551915228366852e-11,False,0.0,2025-06-20,8
Q3-no-update,2025-06-23,00:00,selected,65674.30327342032,3.637978807091713e-11,False,0.0,2025-06-20,8
Q3-no-update,2025-06-24,00:00,selected,75218.42881142182,2.1827872842550278e-11,False,0.0,2025-06-20,8
Q3-no-update,2025-06-25,00:00,selected,66353.78749960195,4.3655745685100555e-11,False,0.0,2025-06-20,8
Q3-no-update,2025-06-26,00:00,selected,64292.05330851367,2.000888343900442e-11,False,0.0,2025-06-20,8
Q3-no-update,2025-06-27,00:00,selected,40062.39270441499,2.9103830456733704e-11,False,0.0,2025-06-20,8
Q3-no-update,2025-06-28,00:00,selected,39239.859673154024,2.1827872842550278e-11,False,0.0,2025-06-20,8
Q3-no-update,2025-06-29,00:00,selected,63288.472149965004,3.637978807091713e-11,False,0.0,2025-06-20,8
Q3-no-update,2025-06-30,00:00,selected,69122.50855441659,7.275957614183426e-11,False,0.0,2025-06-20,8
Q3-no-update,2025-07-01,00:00,selected,61153.924010235634,1.4551915228366852e-11,False,0.0,2025-06-20,8
Q3-no-update,2025-07-02,00:00,selected,63239.44050141318,1.4551915228366852e-11,False,0.0,2025-07-01,8
Q3-no-update,2025-07-03,00:00,selected,70169.17697587721,4.3655745685100555e-11,False,0.0,2025-07-01,8
Q3-no-update,2025-07-04,00:00,selected,39220.57979477057,2.1827872842550278e-11,False,0.0,2025-07-01,8
Q3-no-update,2025-07-05,00:00,selected,40669.691563160755,1.4551915228366852e-11,False,0.0,2025-07-01,8
Q3-no-update,2025-07-06,00:00,selected,67946.36449292445,7.275957614183426e-12,False,0.0,2025-07-01,8
Q3-no-update,2025-07-07,00:00,selected,73579.23521516801,1.2240519708939246e-10,False,0.0,2025-07-06,8
Q3-no-update,2025-07-08,00:00,selected,78048.52353961469,5.820766091346741e-11,False,0.0,2025-07-07,8
Q3-no-update,2025-07-09,00:00,selected,77707.12474706682,2.9103830456733704e-11,False,0.0,2025-07-07,8
Q3-no-update,2025-07-10,00:00,selected,72809.92745815056,2.1827872842550278e-11,False,0.0,2025-07-07,8
Q3-no-update,2025-07-11,00:00,selected,56167.67325768532,2.9103830456733704e-11,False,0.0,2025-07-07,8
Q3-no-update,2025-07-12,00:00,selected,49999.140573926976,2.9103830456733704e-11,False,0.0,2025-07-07,8
Q3-no-update,2025-07-13,00:00,selected,78730.54126628523,4.3655745685100555e-11,False,0.0,2025-07-07,8
Q3-no-update,2025-07-14,00:00,selected,74316.91817815702,4.3655745685100555e-11,False,0.0,2025-07-07,8
Q3-no-update,2025-07-15,00:00,selected,77425.15246052976,5.093170329928398e-11,False,0.0,2025-07-07,8
Q3-no-update,2025-07-16,00:00,selected,75790.74110729672,5.820766091346741e-11,False,0.0,2025-07-07,8
Q3-no-update,2025-07-17,00:00,selected,73814.30145481424,5.275069270282984e-11,False,0.0,2025-07-16,8
Q3-no-update,2025-07-18,00:00,selected,62051.42177093396,3.637978807091713e-11,False,0.0,2025-07-16,8
Q3-no-update,2025-07-19,00:00,selected,57097.261175487096,1.4551915228366852e-11,False,0.0,2025-07-18,8
Q3-no-update,2025-07-20,00:00,selected,75079.52870847195,3.637978807091713e-11,False,0.0,2025-07-19,8
Q3-no-update,2025-07-21,00:00,selected,76159.99786413129,1.8189894035458565e-11,False,0.0,2025-07-19,8
Q3-no-update,2025-07-22,00:00,selected,73426.13226628698,1.3869794202037156e-11,False,0.0,2025-07-19,8
Q3-no-update,2025-07-23,00:00,selected,81951.31481706224,4.3655745685100555e-11,False,0.0,2025-07-19,8
Q3-no-update,2025-07-24,00:00,selected,82246.57902795842,2.9103830456733704e-11,False,0.0,2025-07-19,8
Q3-no-update,2025-07-25,00:00,selected,50008.989252999665,1.7280399333685637e-11,False,0.0,2025-07-19,8
Q3-no-update,2025-07-26,00:00,selected,53249.89754343774,2.1827872842550278e-11,False,0.0,2025-07-19,8
Q3-no-update,2025-07-27,00:00,selected,74801.24493750693,1.4551915228366852e-11,False,0.0,2025-07-19,8
Q3-no-update,2025-07-28,00:00,selected,77559.9652421271,5.820766091346741e-11,False,0.0,2025-07-19,8
Q3-no-update,2025-07-29,00:00,selected,79127.05209221593,4.3655745685100555e-11,False,0.0,2025-07-19,8
Q3-no-update,2025-07-30,00:00,selected,73716.78467193022,5.820766091346741e-11,False,0.0,2025-07-19,8
Q3-no-update,2025-07-31,00:00,selected,77293.58905543001,5.820766091346741e-11,False,0.0,2025-07-30,8
Q3-no-update,2025-08-01,00:00,selected,51350.99763481286,4.3655745685100555e-11,False,0.0,2025-07-30,8
Q3-no-update,2025-08-02,00:00,selected,56536.739540178976,2.1827872842550278e-11,False,0.0,2025-07-30,8
Q3-no-update,2025-08-03,00:00,selected,68221.2340459313,1.4551915228366852e-11,False,0.0,2025-08-02,8
Q3-no-update,2025-08-04,00:00,selected,72954.5906963541,1.1641532182693481e-10,False,0.0,2025-08-02,8
Q3-no-update,2025-08-05,00:00,selected,73552.47439266555,8.731149137020111e-11,False,0.0,2025-08-02,8
Q3-no-update,2025-08-06,00:00,selected,80300.35746897255,4.3655745685100555e-11,False,0.0,2025-08-02,8
Q3-no-update,2025-08-07,00:00,selected,80562.45970199548,2.9103830456733704e-11,False,0.0,2025-08-06,8
Q3-no-update,2025-08-08,00:00,selected,45842.698091161394,1.9483081814541947e-11,False,0.0,2025-08-07,8
Q3-no-update,2025-08-09,00:00,selected,46056.114819448616,1.4551915228366852e-11,False,0.0,2025-08-07,8
Q3-no-update,2025-08-10,00:00,selected,73541.53168289202,1.4551915228366852e-11,False,0.0,2025-08-07,8
Q3-no-update,2025-08-11,00:00,selected,70922.4535288154,4.3655745685100555e-11,False,0.0,2025-08-07,8
Q3-no-update,2025-08-12,00:00,selected,77647.9940052366,2.1827872842550278e-11,False,0.0,2025-08-07,8
Q3-no-update,2025-08-13,00:00,selected,71302.65987885931,2.9103830456733704e-11,False,0.0,2025-08-07,8
Q3-no-update,2025-08-14,00:00,selected,73261.53400301056,1.5489831639570184e-11,False,0.0,2025-08-07,8
Q3-no-update,2025-08-15,00:00,selected,49834.2365663783,2.1827872842550278e-11,False,0.0,2025-08-07,8
Q3-no-update,2025-08-16,00:00,selected,49211.26401262228,1.4551915228366852e-11,False,0.0,2025-08-07,8
Q3-no-update,2025-08-17,00:00,selected,75121.76605133046,2.3462121134798508e-11,False,0.0,2025-08-07,8
Q3-no-update,2025-08-18,00:00,selected,74446.47248470155,3.637978807091713e-11,False,0.0,2025-08-07,8
Q3-no-update,2025-08-19,00:00,selected,74655.05132356453,7.275957614183426e-12,False,0.0,2025-08-18,8
Q3-no-update,2025-08-20,00:00,selected,80823.84876808879,4.0745362639427185e-10,False,0.0,2025-08-19,8
Q3-no-update,2025-08-21,00:00,selected,77992.43920540548,1.4551915228366852e-11,False,0.0,2025-08-19,8
Q3-no-update,2025-08-22,00:00,selected,47230.31354525473,2.9103830456733704e-11,False,0.0,2025-08-19,8
Q3-no-update,2025-08-23,00:00,selected,45033.62514393839,8.071765478234738e-12,False,0.0,2025-08-19,8
Q3-no-update,2025-08-24,00:00,selected,75018.42983443713,2.9103830456733704e-11,False,0.0,2025-08-19,8
Q3-no-update,2025-08-25,00:00,selected,92166.32840960112,2.9103830456733704e-11,False,0.0,2025-08-19,8
Q3-no-update,2025-08-26,00:00,selected,76088.76345723767,7.275957614183426e-12,False,0.0,2025-08-19,8
Q3-no-update,2025-08-27,00:00,selected,77347.03554408373,4.3655745685100555e-11,False,0.0,2025-08-19,8
Q3-no-update,2025-08-28,00:00,selected,75676.3650789294,2.1827872842550278e-11,False,0.0,2025-08-19,8
Q3-no-update,2025-08-29,00:00,selected,52195.97526193352,1.4551915228366852e-11,False,0.0,2025-08-28,8
Q3-no-update,2025-08-30,00:00,selected,49761.62559520389,1.4551915228366852e-11,False,0.0,2025-08-28,8
Q3-no-update,2025-08-31,00:00,selected,74867.58265383725,3.092281986027956e-11,False,0.0,2025-08-28,8
Q3-no-update,2025-09-01,00:00,selected,77577.28786574873,2.1827872842550278e-11,False,0.0,2025-08-21,8
Q3-no-update,2025-09-02,00:00,selected,68966.33315196689,2.9103830456733704e-11,False,0.0,2025-09-01,8
Q3-no-update,2025-09-03,00:00,selected,70651.11363102075,3.630873379734112e-11,False,0.0,2025-09-02,8
Q3-no-update,2025-09-04,00:00,selected,68894.50430136781,2.9103830456733704e-11,False,0.0,2025-09-02,8
Q3-no-update,2025-09-05,00:00,selected,42306.61172807047,1.4551915228366852e-11,False,0.0,2025-09-04,8
Q3-no-update,2025-09-06,00:00,selected,42533.111200408086,3.637978807091713e-11,False,0.0,2025-09-05,8
Q3-no-update,2025-09-07,00:00,selected,64270.764778310215,2.9103830456733704e-11,False,0.0,2025-09-06,8
Q3-no-update,2025-09-08,00:00,selected,70017.5648861186,2.9103830456733704e-11,False,0.0,2025-09-06,8
Q3-no-update,2025-09-09,00:00,selected,60442.454077049675,1.3096723705530167e-10,False,0.0,2025-09-06,8
Q3-no-update,2025-09-10,00:00,selected,70141.7242099237,8.731149137020111e-11,False,0.0,2025-09-06,8
Q3-no-update,2025-09-11,00:00,selected,69420.59198587795,2.1827872842550278e-11,False,0.0,2025-09-06,8
Q3-no-update,2025-09-12,00:00,selected,43853.77911311244,2.1827872842550278e-11,False,0.0,2025-09-06,8
Q3-no-update,2025-09-13,00:00,selected,43417.18128263505,1.4551915228366852e-11,False,0.0,2025-09-06,8
Q3-no-update,2025-09-14,00:00,selected,72493.67243339472,2.1827872842550278e-11,False,0.0,2025-09-13,8
Q3-no-update,2025-09-15,00:00,selected,60755.01090108101,2.1827872842550278e-11,False,0.0,2025-09-13,8
Q3-no-update,2025-09-16,00:00,selected,71281.62294516231,1.6370904631912708e-11,False,0.0,2025-09-13,8
Q3-no-update,2025-09-17,00:00,selected,69158.41358736169,3.637978807091713e-11,False,0.0,2025-09-13,8
Q3-no-update,2025-09-18,00:00,selected,60678.74441607825,1.5688783605583012e-11,False,0.0,2025-09-17,8
Q3-no-update,2025-09-19,00:00,selected,46307.12255691823,1.4551915228366852e-11,False,0.0,2025-09-18,8
Q3-no-update,2025-09-20,00:00,selected,45338.08159768974,2.9103830456733704e-11,False,0.0,2025-09-19,8
Q3-no-update,2025-09-21,00:00,selected,68000.00109671794,3.637978807091713e-11,False,0.0,2025-09-19,8
Q3-no-update,2025-09-22,00:00,selected,71225.43170717641,1.0913936421275139e-11,False,0.0,2025-09-21,8
Q3-no-update,2025-09-23,00:00,selected,69396.18106450068,2.546585164964199e-11,False,0.0,2025-09-21,8
Q3-no-update,2025-09-24,00:00,selected,60753.95772778099,4.3655745685100555e-11,False,0.0,2025-09-23,8
Q3-no-update,2025-09-25,00:00,selected,64453.8265264336,3.637978807091713e-11,False,0.0,2025-09-24,8
Q3-no-update,2025-09-26,00:00,selected,49353.37478900095,2.9103830456733704e-11,False,0.0,2025-09-24,8
Q3-no-update,2025-09-27,00:00,selected,42381.81851334835,6.548361852765083e-11,False,0.0,2025-09-26,8
Q3-no-update,2025-09-28,00:00,selected,63986.43375216211,2.5920599000528455e-11,False,0.0,2025-09-27,8
Q3-no-update,2025-09-29,00:00,selected,62664.528364954815,2.9103830456733704e-11,False,0.0,2025-09-27,8
Q3-no-update,2025-09-30,00:00,selected,61952.471439544126,1.4551915228366852e-11,False,0.0,2025-09-27,8
Q3-no-update,2025-10-01,00:00,selected,58055.35790981225,2.9103830456733704e-11,False,0.0,2025-09-27,8
Q3-no-update,2025-10-02,00:00,selected,63887.40310012415,3.637978807091713e-11,False,0.0,2025-09-27,8
Q3-no-update,2025-10-03,00:00,selected,33607.946996650426,7.275957614183426e-12,False,0.0,2025-10-02,8
Q3-no-update,2025-10-04,00:00,selected,42219.05608634058,2.1827872842550278e-11,False,0.0,2025-10-02,8
Q3-no-update,2025-10-05,00:00,selected,61374.600307529254,3.637978807091713e-11,False,0.0,2025-10-04,8
Q3-no-update,2025-10-06,00:00,selected,50588.483240194146,7.275957614183426e-12,False,0.0,2025-10-04,8
Q3-no-update,2025-10-07,00:00,selected,53880.39771866373,2.1827872842550278e-11,False,0.0,2025-10-04,8
Q3-no-update,2025-10-08,00:00,selected,52155.576996628064,1.3642420526593924e-11,False,0.0,2025-10-04,8
Q3-no-update,2025-10-09,00:00,selected,60606.06302977149,2.9103830456733704e-11,False,0.0,2025-10-04,8
Q3-no-update,2025-10-10,00:00,selected,35341.277297902,1.4551915228366852e-11,False,0.0,2025-10-06,8
Q3-no-update,2025-10-11,00:00,selected,35089.403646511564,1.8189894035458565e-11,False,0.0,2025-10-06,8
Q3-no-update,2025-10-12,00:00,selected,55388.21354252314,2.4556356947869062e-11,False,0.0,2025-10-06,8
Q3-no-update,2025-10-13,00:00,selected,57447.82368495275,3.637978807091713e-11,False,0.0,2025-10-06,8
Q3-no-update,2025-10-14,00:00,selected,59822.50169020034,3.637978807091713e-11,False,0.0,2025-10-04,8
Q3-no-update,2025-10-15,00:00,selected,61809.82021508375,2.9103830456733704e-11,False,0.0,2025-10-04,8
Q3-no-update,2025-10-16,00:00,selected,59038.30656221968,3.637978807091713e-11,False,0.0,2025-10-04,8
Q3-no-update,2025-10-17,00:00,selected,29187.919680983556,9.549694368615746e-12,False,0.0,2025-10-04,8
Q3-no-update,2025-10-18,00:00,selected,34805.527361882254,1.0913936421275139e-11,False,0.0,2025-10-04,8
Q3-no-update,2025-10-19,00:00,selected,60681.407170009334,1.8189894035458565e-11,False,0.0,2025-10-04,8
Q3-no-update,2025-10-20,00:00,selected,64363.009124122305,4.3655745685100555e-11,False,0.0,2025-10-04,8
Q3-no-update,2025-10-21,00:00,selected,62832.1102228347,2.1827872842550278e-11,False,0.0,2025-10-17,8
Q3-no-update,2025-10-22,00:00,selected,60061.54071983894,2.9103830456733704e-11,False,0.0,2025-10-17,8
Q3-no-update,2025-10-23,00:00,selected,69229.71824584961,3.092281986027956e-11,False,0.0,2025-10-17,8
Q3-no-update,2025-10-24,00:00,selected,29385.87048538601,1.4551915228366852e-11,False,0.0,2025-10-23,8
Q3-no-update,2025-10-25,00:00,selected,31987.593717098447,2.546585164964199e-11,False,0.0,2025-10-24,8
Q3-no-update,2025-10-26,00:00,selected,61439.0419966445,2.9103830456733704e-11,False,0.0,2025-10-24,8
Q3-no-update,2025-10-27,00:00,selected,55979.02080466383,2.1827872842550278e-11,False,0.0,2025-10-24,8
Q3-no-update,2025-10-28,00:00,selected,56207.241079983505,1.546140993013978e-11,False,0.0,2025-10-24,8
Q3-no-update,2025-10-29,00:00,selected,61499.1370753224,7.275957614183426e-12,False,0.0,2025-10-28,8
Q3-no-update,2025-10-30,00:00,selected,54414.80368538691,1.4551915228366852e-11,False,0.0,2025-10-28,8
Q3-no-update,2025-10-31,00:00,selected,31836.059059463325,7.275957614183426e-12,False,0.0,2025-10-28,8
Q3-no-update,2025-11-01,00:00,selected,29538.166457349846,3.637978807091713e-12,False,0.0,2025-10-28,8
Q3-no-update,2025-11-02,00:00,selected,61506.47431595286,4.092726157978177e-12,False,0.0,2025-11-01,8
Q3-no-update,2025-11-03,00:00,selected,65062.156715929494,4.3655745685100555e-11,False,0.0,2025-11-01,8
Q3-no-update,2025-11-04,00:00,selected,60604.90653393246,2.9103830456733704e-11,False,0.0,2025-11-01,8
Q3-no-update,2025-11-05,00:00,selected,66682.61661171653,1.546140993013978e-11,False,0.0,2025-11-01,8
Q3-no-update,2025-11-06,00:00,selected,63275.81423740579,2.1827872842550278e-11,False,0.0,2025-11-05,8
Q3-no-update,2025-11-07,00:00,selected,30445.38481189525,9.379164112033322e-12,False,0.0,2025-11-05,8
Q3-no-update,2025-11-08,00:00,selected,31501.962327079877,1.0977885267493548e-11,False,0.0,2025-11-07,8
Q3-no-update,2025-11-09,00:00,selected,63581.22286523078,2.502886786714953e-11,False,0.0,2025-11-07,8
Q3-no-update,2025-11-10,00:00,selected,64137.55318391911,1.0480505352461478e-11,False,0.0,2025-11-07,8
Q3-no-update,2025-11-11,00:00,selected,66280.12667257058,3.637978807091713e-11,False,0.0,2025-11-07,8
Q3-no-update,2025-11-12,00:00,selected,62846.10632335883,1.0476952638782677e-11,False,0.0,2025-11-07,8
Q3-no-update,2025-11-13,00:00,selected,61127.51665723715,2.1827872842550278e-11,False,0.0,2025-11-07,8
Q3-no-update,2025-11-14,00:00,selected,32649.730293510278,7.275957614183426e-12,False,0.0,2025-11-13,8
Q3-no-update,2025-11-15,00:00,selected,37360.162910644576,1.0913936421275139e-11,False,0.0,2025-11-13,8
Q3-no-update,2025-11-16,00:00,selected,66461.16099885738,1.4551915228366852e-11,False,0.0,2025-11-13,8
Q3-no-update,2025-11-17,00:00,selected,63866.743336573425,1.4551915228366852e-11,False,0.0,2025-11-13,8
Q3-no-update,2025-11-18,00:00,selected,67139.28777814459,1.4551915228366852e-11,False,0.0,2025-11-13,8
Q3-no-update,2025-11-19,00:00,selected,66077.9536555012,2.1827872842550278e-11,False,0.0,2025-11-13,8
Q3-no-update,2025-11-20,00:00,selected,65829.5236004319,2.1827872842550278e-11,False,0.0,2025-11-13,8
Q3-no-update,2025-11-21,00:00,selected,33166.794517008224,8.640199666842818e-12,False,0.0,2025-11-14,8
Q3-no-update,2025-11-22,00:00,selected,35120.63216642365,5.364597654988756e-12,False,0.0,2025-11-13,8
Q3-no-update,2025-11-23,00:00,selected,64167.73321609857,2.9103830456733704e-11,False,0.0,2025-11-13,8
Q3-no-update,2025-11-24,00:00,selected,63400.00837108068,1.964508555829525e-10,False,0.0,2025-11-13,8
Q3-no-update,2025-11-25,00:00,selected,73037.9774303245,2.255546860396862e-10,False,0.0,2025-11-13,8
Q3-no-update,2025-11-26,00:00,selected,68330.45686044994,3.92901711165905e-10,False,0.0,2025-11-13,8
Q3-no-update,2025-11-27,00:00,selected,66392.4632931125,3.128661774098873e-10,False,0.0,2025-11-13,8
Q3-no-update,2025-11-28,00:00,selected,32922.77074908689,1.0913936421275139e-11,False,0.0,2025-11-13,8
Q3-no-update,2025-11-29,00:00,selected,39778.098608133194,1.4551915228366852e-11,False,0.0,2025-11-13,8
Q3-no-update,2025-11-30,00:00,selected,71064.10185392435,2.9103830456733704e-11,False,0.0,2025-11-13,8
Q3-no-update,2025-12-01,00:00,selected,74669.33870238884,2.432898327242583e-11,False,0.0,2025-11-13,8
Q3-no-update,2025-12-02,00:00,selected,77754.54069116889,1.1709744285326451e-11,False,0.0,2025-12-01,8
Q3-no-update,2025-12-03,00:00,selected,70411.82900691786,2.9103830456733704e-11,False,0.0,2025-12-02,8
Q3-no-update,2025-12-04,00:00,selected,79958.27213553614,4.729372449219227e-11,False,0.0,2025-12-03,8
Q3-no-update,2025-12-05,00:00,selected,46079.0235145097,3.637978807091713e-11,False,0.0,2025-12-04,8
Q3-no-update,2025-12-06,00:00,selected,48707.5655335318,4.3655745685100555e-11,False,0.0,2025-12-04,8
Q3-no-update,2025-12-07,00:00,selected,82797.65210714936,4.638422979041934e-11,False,0.0,2025-12-04,8
Q3-no-update,2025-12-08,00:00,selected,82721.34462466181,7.275957614183426e-11,False,0.0,2025-12-04,8
Q3-no-update,2025-12-09,00:00,selected,81968.47909050612,2.9103830456733704e-11,False,0.0,2025-12-04,8
Q3-no-update,2025-12-10,00:00,selected,78583.47543877232,3.637978807091713e-11,False,0.0,2025-12-04,8
Q3-no-update,2025-12-11,00:00,selected,81491.95460412183,8.731149137020111e-11,False,0.0,2025-12-04,8
Q3-no-update,2025-12-12,00:00,selected,50521.07865359001,6.548361852765083e-11,False,0.0,2025-12-04,8
Q3-no-update,2025-12-13,00:00,selected,51959.21475542839,3.637978807091713e-11,False,0.0,2025-12-04,8
Q3-no-update,2025-12-14,00:00,selected,77868.99463959064,7.275957614183426e-11,False,0.0,2025-12-13,8
Q3-no-update,2025-12-15,00:00,selected,78106.21243610694,2.9103830456733704e-11,False,0.0,2025-12-13,8
Q3-no-update,2025-12-16,00:00,selected,82815.03426979139,5.820766091346741e-11,False,0.0,2025-12-13,8
Q3-no-update,2025-12-17,00:00,selected,83168.76615813548,7.275957614183426e-11,False,0.0,2025-12-13,8
Q3-no-update,2025-12-18,00:00,selected,79661.01273490531,2.9103830456733704e-11,False,0.0,2025-12-13,8
Q3-no-update,2025-12-19,00:00,selected,51109.76716707248,1.4551915228366852e-11,False,0.0,2025-12-13,8
Q3-no-update,2025-12-20,00:00,selected,53576.9072636082,2.1152857243578183e-11,False,0.0,2025-12-19,8
Q3-no-update,2025-12-21,00:00,selected,81740.6443567246,8.731149137020111e-11,False,0.0,2025-12-04,8
Q3-no-update,2025-12-22,00:00,selected,80655.31973363592,1.3096723705530167e-10,False,0.0,2025-12-04,8
Q3-no-update,2025-12-23,00:00,selected,82355.78716146614,5.820766091346741e-11,False,0.0,2025-12-22,8
Q3-no-update,2025-12-24,00:00,selected,81965.41278180627,7.275957614183426e-11,False,0.0,2025-12-22,8
Q3-no-update,2025-12-25,00:00,selected,78455.66361579884,7.275957614183426e-11,False,0.0,2025-12-19,8
Q3-no-update,2025-12-26,00:00,selected,50360.90574585699,2.9103830456733704e-11,False,0.0,2025-12-19,8
Q3-no-update,2025-12-27,00:00,selected,51713.701981676226,2.000888343900442e-11,False,0.0,2025-12-19,8
Q3-no-update,2025-12-28,00:00,selected,81037.73033502302,8.731149137020111e-11,False,0.0,2025-12-19,8
Q3-no-update,2025-12-29,00:00,selected,80719.29945513388,5.820766091346741e-11,False,0.0,2025-12-19,8
Q3-no-update,2025-12-30,00:00,selected,81836.4948716419,1.1641532182693481e-10,False,0.0,2025-12-19,8
Q3-no-update,2025-12-31,00:00,selected,83141.45457763785,5.820766091346741e-11,False,0.0,2025-12-19,8
Q4-3-no-update,2025-02-01,00:00,selected,34876.21131743097,1.0913936421275139e-11,False,0.0,2025-01-31,8
Q4-3-no-update,2025-02-02,00:00,selected,84028.16149618701,3.0951241569709964e-11,False,0.0,2025-02-01,8
Q4-3-no-update,2025-02-03,00:00,selected,87560.73820072472,2.9103830456733704e-11,False,0.0,2025-02-02,8
Q4-3-no-update,2025-02-04,00:00,selected,90618.46192508985,4.3655745685100555e-11,False,0.0,2025-02-02,8
Q4-3-no-update,2025-02-05,00:00,selected,85071.40826040869,5.820766091346741e-11,False,0.0,2025-02-02,8
Q4-3-no-update,2025-02-06,00:00,selected,90588.11596888321,2.9103830456733704e-11,False,0.0,2025-02-02,8
Q4-3-no-update,2025-02-07,00:00,selected,36202.298282890086,1.0913936421275139e-11,False,0.0,2025-02-02,8
Q4-3-no-update,2025-02-08,00:00,selected,30549.93980769458,9.663381206337363e-12,False,0.0,2025-02-07,8
Q4-3-no-update,2025-02-09,00:00,selected,85460.24095182943,2.9103830456733704e-11,False,0.0,2025-02-08,8
Q4-3-no-update,2025-02-10,00:00,selected,78426.86543957464,1.4551915228366852e-11,False,0.0,2025-02-08,8
Q4-3-no-update,2025-02-11,00:00,selected,80577.99886809263,2.9103830456733704e-11,False,0.0,2025-02-08,8
Q4-3-no-update,2025-02-12,00:00,selected,80390.96022716213,1.1641532182693481e-10,False,0.0,2025-02-08,8
Q4-3-no-update,2025-02-13,00:00,selected,73715.98964293493,5.093170329928398e-11,False,0.0,2025-02-08,8
Q4-3-no-update,2025-02-14,00:00,selected,32479.019657598183,1.4551915228366852e-11,False,0.0,2025-02-08,8
Q4-3-no-update,2025-02-15,00:00,selected,33167.15941784191,7.275957614183426e-12,False,0.0,2025-02-08,8
Q4-3-no-update,2025-02-16,00:00,selected,81133.13475541955,5.820766091346741e-11,False,0.0,2025-02-08,8
Q4-3-no-update,2025-02-17,00:00,selected,79336.31384337058,5.093170329928398e-11,False,0.0,2025-02-08,8
Q4-3-no-update,2025-02-18,00:00,selected,70475.99722488048,2.1827872842550278e-11,False,0.0,2025-02-17,8
Q4-3-no-update,2025-02-19,00:00,selected,71251.67981742763,2.9103830456733704e-11,False,0.0,2025-02-17,8
Q4-3-no-update,2025-02-20,00:00,selected,74435.85788109664,1.3528733688872308e-11,False,0.0,2025-02-17,8
Q4-3-no-update,2025-02-21,00:00,selected,30005.625731476543,1.0913936421275139e-11,False,0.0,2025-02-17,8
Q4-3-no-update,2025-02-22,00:00,selected,30394.72415686889,1.318767317570746e-11,False,0.0,2025-02-21,8
Q4-3-no-update,2025-02-23,00:00,selected,72493.00617493864,2.9103830456733704e-11,False,0.0,2025-02-21,8
Q4-3-no-update,2025-02-24,00:00,selected,69499.09871938583,3.433342499192804e-11,False,0.0,2025-02-21,8
Q4-3-no-update,2025-02-25,00:00,selected,67784.13180723271,1.4551915228366852e-11,False,0.0,2025-02-21,8
Q4-3-no-update,2025-02-26,00:00,selected,63109.13952395024,4.961754821691338e-10,False,0.0,2025-02-21,8
Q4-3-no-update,2025-02-27,00:00,selected,63418.61005176777,2.1827872842550278e-11,False,0.0,2025-02-21,8
Q4-3-no-update,2025-02-28,00:00,selected,24865.43144489044,8.380694787656683e-12,False,0.0,2025-02-21,8
Q4-3-no-update,2025-03-01,00:00,selected,30410.117342134243,1.2404387054228344e-10,False,0.0,2025-02-21,8
Q4-3-no-update,2025-03-02,00:00,selected,72925.69914184164,1.1359927522185496e-10,False,0.0,2025-02-21,8
Q4-3-no-update,2025-03-03,00:00,selected,74635.35228144952,7.275957614183426e-12,False,0.0,2025-02-21,8
Q4-3-no-update,2025-03-04,00:00,selected,65309.301305937566,1.0632331760767153e-10,False,0.0,2025-02-21,8
Q4-3-no-update,2025-03-05,00:00,selected,67491.33548282116,1.4551915228366852e-11,False,0.0,2025-02-21,8
Q4-3-no-update,2025-03-06,00:00,selected,65201.67190267767,4.3655745685100555e-11,False,0.0,2025-02-21,8
Q4-3-no-update,2025-03-07,00:00,selected,28862.891828533415,1.0913936421275139e-11,False,0.0,2025-02-21,8
Q4-3-no-update,2025-03-08,00:00,selected,24753.073823314768,1.0913936421275139e-11,False,0.0,2025-03-01,8
Q4-3-no-update,2025-03-09,00:00,selected,66564.92905862175,2.1827872842550278e-11,False,0.0,2025-03-01,8
Q4-3-no-update,2025-03-10,00:00,selected,65731.9634918623,3.410605131648481e-11,False,0.0,2025-03-01,8
Q4-3-no-update,2025-03-11,00:00,selected,56722.87243665697,2.1827872842550278e-11,False,0.0,2025-03-01,8
Q4-3-no-update,2025-03-12,00:00,selected,63496.620438881575,1.5006662579253316e-11,False,0.0,2025-03-11,8
Q4-3-no-update,2025-03-13,00:00,selected,65007.48855085036,3.637978807091713e-11,False,0.0,2025-03-11,8
Q4-3-no-update,2025-03-14,00:00,selected,22309.211041922474,7.275957614183426e-12,False,0.0,2025-03-11,8
Q4-3-no-update,2025-03-15,00:00,selected,24771.148213521916,1.0913936421275139e-11,False,0.0,2025-03-11,8
Q4-3-no-update,2025-03-16,00:00,selected,60275.73910000523,1.4551915228366852e-11,False,0.0,2025-03-11,8
Q4-3-no-update,2025-03-17,00:00,selected,54700.63828868531,3.637978807091713e-11,False,0.0,2025-03-11,8
Q4-3-no-update,2025-03-18,00:00,selected,63474.90045649151,3.637978807091713e-11,False,0.0,2025-03-11,8
Q4-3-no-update,2025-03-19,00:00,selected,51904.8374394374,2.9103830456733704e-11,False,0.0,2025-03-11,8
Q4-3-no-update,2025-03-20,00:00,selected,59519.90269962445,2.637534635141492e-11,False,0.0,2025-03-11,8
Q4-3-no-update,2025-03-21,00:00,selected,21018.02400764715,1.0913936421275139e-11,False,0.0,2025-03-20,8
Q4-3-no-update,2025-03-22,00:00,selected,22349.859622867563,7.275957614183426e-12,False,0.0,2025-03-20,8
Q4-3-no-update,2025-03-23,00:00,selected,59349.61602853258,2.000888343900442e-11,False,0.0,2025-03-20,8
Q4-3-no-update,2025-03-24,00:00,selected,55869.98074081292,2.4556356947869062e-11,False,0.0,2025-03-20,8
Q4-3-no-update,2025-03-25,00:00,selected,62513.35562668541,4.3655745685100555e-11,False,0.0,2025-03-20,8
Q4-3-no-update,2025-03-26,00:00,selected,53441.7812240405,2.1827872842550278e-11,False,0.0,2025-03-20,8
Q4-3-no-update,2025-03-27,00:00,selected,56602.44558998448,2.9103830456733704e-11,False,0.0,2025-03-20,8
Q4-3-no-update,2025-03-28,00:00,selected,20269.11895735913,1.0913936421275139e-11,False,0.0,2025-03-21,8
Q4-3-no-update,2025-03-29,00:00,selected,18405.956724997795,4.092726157978177e-12,False,0.0,2025-03-28,8
Q4-3-no-update,2025-03-30,00:00,selected,52828.30102635348,2.1827872842550278e-11,False,0.0,2025-03-28,8
Q4-3-no-update,2025-03-31,00:00,selected,46744.38323776751,1.4551915228366852e-11,False,0.0,2025-03-28,8
Q4-3-no-update,2025-04-01,00:00,selected,57892.23600902921,2.1827872842550278e-11,False,0.0,2025-03-28,8
Q4-3-no-update,2025-04-02,00:00,selected,54985.30131547465,2.1827872842550278e-11,False,0.0,2025-03-28,8
Q4-3-no-update,2025-04-03,00:00,selected,55822.46850438854,1.2278178473934531e-11,False,0.0,2025-03-28,8
Q4-3-no-update,2025-04-04,00:00,selected,17425.179417854506,7.048583938740194e-12,False,0.0,2025-03-28,8
Q4-3-no-update,2025-04-05,00:00,selected,17082.450543993247,1.0913936421275139e-11,False,0.0,2025-03-28,8
Q4-3-no-update,2025-04-06,00:00,selected,50961.17646701739,1.4551915228366852e-11,False,0.0,2025-03-28,8
Q4-3-no-update,2025-04-07,00:00,selected,44994.23791715266,1.4551915228366852e-11,False,0.0,2025-03-28,8
Q4-3-no-update,2025-04-08,00:00,selected,53742.87099235607,1.4551915228366852e-11,False,0.0,2025-04-07,8
Q4-3-no-update,2025-04-09,00:00,selected,52943.47324339475,7.275957614183426e-12,False,0.0,2025-04-07,8
Q4-3-no-update,2025-04-10,00:00,selected,52216.503240649865,1.4551915228366852e-11,False,0.0,2025-04-07,8
Q4-3-no-update,2025-04-11,00:00,selected,16056.576980796588,7.275957614183426e-12,False,0.0,2025-04-07,8
Q4-3-no-update,2025-04-12,00:00,selected,17892.90553165159,1.693933882052079e-11,False,0.0,2025-04-07,8
Q4-3-no-update,2025-04-13,00:00,selected,49189.14520549769,1.4551915228366852e-11,False,0.0,2025-04-07,8
Q4-3-no-update,2025-04-14,00:00,selected,51701.66081307063,3.637978807091713e-11,False,0.0,2025-04-07,8
Q4-3-no-update,2025-04-15,00:00,selected,44211.70856123148,3.637978807091713e-11,False,0.0,2025-04-14,8
Q4-3-no-update,2025-04-16,00:00,selected,50417.58256745459,1.864464138634503e-11,False,0.0,2025-04-15,8
Q4-3-no-update,2025-04-17,00:00,selected,45540.51089303318,2.1827872842550278e-11,False,0.0,2025-04-15,8
Q4-3-no-update,2025-04-18,00:00,selected,16257.63583653207,3.637978807091713e-12,False,0.0,2025-04-15,8
Q4-3-no-update,2025-04-19,00:00,selected,15938.246351126032,7.275957614183426e-12,False,0.0,2025-04-15,8
Q4-3-no-update,2025-04-20,00:00,selected,46750.808676489985,2.1827872842550278e-11,False,0.0,2025-04-15,8
Q4-3-no-update,2025-04-21,00:00,selected,48140.80856398897,4.3655745685100555e-11,False,0.0,2025-04-15,8
Q4-3-no-update,2025-04-22,00:00,selected,43980.377739884156,2.1827872842550278e-11,False,0.0,2025-04-15,8
Q4-3-no-update,2025-04-23,00:00,selected,42673.07698285687,2.9103830456733704e-11,False,0.0,2025-04-22,8
Q4-3-no-update,2025-04-24,00:00,selected,43871.372805709005,2.1827872842550278e-11,False,0.0,2025-04-23,8
Q4-3-no-update,2025-04-25,00:00,selected,15610.57019553804,3.637978807091713e-12,False,0.0,2025-04-23,8
Q4-3-no-update,2025-04-26,00:00,selected,15870.143215694861,2.3646862246096134e-11,False,0.0,2025-04-25,8
Q4-3-no-update,2025-04-27,00:00,selected,42724.335410100706,9.458744898438454e-11,False,0.0,2025-04-25,8
Q4-3-no-update,2025-04-28,00:00,selected,52484.91177116929,2.97859514830634e-11,False,0.0,2025-04-27,8
Q4-3-no-update,2025-04-29,00:00,selected,42604.038355878314,2.1827872842550278e-11,False,0.0,2025-04-28,8
Q4-3-no-update,2025-04-30,00:00,selected,40995.23862807785,2.1827872842550278e-11,False,0.0,2025-04-28,8
Q4-3-no-update,2025-05-01,00:00,selected,44473.25823061135,2.9103830456733704e-11,False,0.0,2025-04-28,8
Q4-3-no-update,2025-05-02,00:00,selected,19793.05931807307,1.4551915228366852e-11,False,0.0,2025-05-01,8
Q4-3-no-update,2025-05-03,00:00,selected,18757.260863436968,5.4569682106375694e-12,False,0.0,2025-05-01,8
Q4-3-no-update,2025-05-04,00:00,selected,50173.06583311802,2.1827872842550278e-11,False,0.0,2025-05-01,8
Q4-3-no-update,2025-05-05,00:00,selected,51996.19920548422,1.4551915228366852e-11,False,0.0,2025-05-01,8
Q4-3-no-update,2025-05-06,00:00,selected,45964.839458420574,2.2282620193436742e-11,False,0.0,2025-05-05,8
Q4-3-no-update,2025-05-07,00:00,selected,50282.650490183994,5.820766091346741e-11,False,0.0,2025-05-06,8
Q4-3-no-update,2025-05-08,00:00,selected,54174.098625063634,3.637978807091713e-11,False,0.0,2025-05-06,8
Q4-3-no-update,2025-05-09,00:00,selected,19984.22960869659,7.275957614183426e-12,False,0.0,2025-05-06,8
Q4-3-no-update,2025-05-10,00:00,selected,20348.078959619947,1.4551915228366852e-11,False,0.0,2025-05-06,8
Q4-3-no-update,2025-05-11,00:00,selected,52992.99418864149,2.1827872842550278e-11,False,0.0,2025-05-06,8
Q4-3-no-update,2025-05-12,00:00,selected,46475.321953238155,1.4551915228366852e-11,False,0.0,2025-05-06,8
Q4-3-no-update,2025-05-13,00:00,selected,54109.91643857305,2.1827872842550278e-11,False,0.0,2025-05-06,8
Q4-3-no-update,2025-05-14,00:00,selected,52167.12117864827,3.637978807091713e-11,False,0.0,2025-05-06,8
Q4-3-no-update,2025-05-15,00:00,selected,52641.58434079378,1.4551915228366852e-11,False,0.0,2025-05-06,8
Q4-3-no-update,2025-05-16,00:00,selected,19426.253968486064,5.4569682106375694e-12,False,0.0,2025-05-14,8
Q4-3-no-update,2025-05-17,00:00,selected,19938.359229130307,3.637978807091713e-12,False,0.0,2025-05-14,8
Q4-3-no-update,2025-05-18,00:00,selected,54401.83820584636,4.3655745685100555e-11,False,0.0,2025-05-14,8
Q4-3-no-update,2025-05-19,00:00,selected,49004.672583785934,1.4551915228366852e-11,False,0.0,2025-05-14,8
Q4-3-no-update,2025-05-20,00:00,selected,48605.81149060458,2.2282620193436742e-11,False,0.0,2025-05-14,8
Q4-3-no-update,2025-05-21,00:00,selected,46706.07700397296,2.1827872842550278e-11,False,0.0,2025-05-14,8
Q4-3-no-update,2025-05-22,00:00,selected,49304.708945477425,2.9103830456733704e-11,False,0.0,2025-05-14,8
Q4-3-no-update,2025-05-23,00:00,selected,18541.49700572659,9.094947017729282e-12,False,0.0,2025-05-14,8
Q4-3-no-update,2025-05-24,00:00,selected,19074.96933766209,5.4569682106375694e-12,False,0.0,2025-05-14,8
Q4-3-no-update,2025-05-25,00:00,selected,48005.78631260503,1.4551915228366852e-11,False,0.0,2025-05-14,8
Q4-3-no-update,2025-05-26,00:00,selected,47179.665100883816,2.9103830456733704e-11,False,0.0,2025-05-14,8
Q4-3-no-update,2025-05-27,00:00,selected,44957.326105878776,1.4551915228366852e-11,False,0.0,2025-05-14,8
Q4-3-no-update,2025-05-28,00:00,selected,51095.44662161928,2.1827872842550278e-11,False,0.0,2025-05-14,8
Q4-3-no-update,2025-05-29,00:00,selected,51070.32194969116,2.1827872842550278e-11,False,0.0,2025-05-14,8
Q4-3-no-update,2025-05-30,00:00,selected,20042.910747509784,7.275957614183426e-12,False,0.0,2025-05-14,8
Q4-3-no-update,2025-05-31,00:00,selected,20625.098573004278,7.275957614183426e-12,False,0.0,2025-05-14,8
Q4-3-no-update,2025-06-01,00:00,selected,69166.43011647463,1.8189894035458565e-11,False,0.0,2025-05-14,8
Q4-3-no-update,2025-06-02,00:00,selected,71398.64246873195,2.9103830456733704e-11,False,0.0,2025-06-01,8
Q4-3-no-update,2025-06-03,00:00,selected,66058.43622444748,2.1827872842550278e-11,False,0.0,2025-06-02,8
Q4-3-no-update,2025-06-04,00:00,selected,76559.33812616937,4.3655745685100555e-11,False,0.0,2025-06-02,8
Q4-3-no-update,2025-06-05,00:00,selected,67258.15847243647,3.637978807091713e-11,False,0.0,2025-06-04,8
Q4-3-no-update,2025-06-06,00:00,selected,33866.04784761308,1.0913936421275139e-11,False,0.0,2025-06-04,8
Q4-3-no-update,2025-06-07,00:00,selected,37501.216328639384,1.7280399333685637e-11,False,0.0,2025-06-04,8
Q4-3-no-update,2025-06-08,00:00,selected,64934.44076328869,1.546140993013978e-11,False,0.0,2025-06-04,8
Q4-3-no-update,2025-06-09,00:00,selected,75956.89915538701,1.4551915228366852e-11,False,0.0,2025-06-08,8
Q4-3-no-update,2025-06-10,00:00,selected,69903.19794670565,1.4551915228366852e-11,False,0.0,2025-06-08,8
Q4-3-no-update,2025-06-11,00:00,selected,73666.89674852332,3.2741809263825417e-11,False,0.0,2025-06-08,8
Q4-3-no-update,2025-06-12,00:00,selected,71438.36188003253,2.9103830456733704e-11,False,0.0,2025-06-08,8
Q4-3-no-update,2025-06-13,00:00,selected,34584.93710730036,1.4551915228366852e-11,False,0.0,2025-06-08,8
Q4-3-no-update,2025-06-14,00:00,selected,35564.17744780636,7.275957614183426e-12,False,0.0,2025-06-08,8
Q4-3-no-update,2025-06-15,00:00,selected,66649.02230884615,4.001776687800884e-11,False,0.0,2025-06-14,8
Q4-3-no-update,2025-06-16,00:00,selected,72486.07968736056,3.637978807091713e-11,False,0.0,2025-06-15,8
Q4-3-no-update,2025-06-17,00:00,selected,74734.59214392584,2.9103830456733704e-11,False,0.0,2025-06-15,8
Q4-3-no-update,2025-06-18,00:00,selected,75175.7719088453,4.3655745685100555e-11,False,0.0,2025-06-15,8
Q4-3-no-update,2025-06-19,00:00,selected,69267.76223759915,3.637978807091713e-11,False,0.0,2025-06-15,8
Q4-3-no-update,2025-06-20,00:00,selected,34704.087897880636,1.5006662579253316e-11,False,0.0,2025-06-15,8
Q4-3-no-update,2025-06-21,00:00,selected,32255.53413995623,1.4551915228366852e-11,False,0.0,2025-06-20,8
Q4-3-no-update,2025-06-22,00:00,selected,67971.99877338817,2.1827872842550278e-11,False,0.0,2025-06-20,8
Q4-3-no-update,2025-06-23,00:00,selected,70187.569244254,2.9103830456733704e-11,False,0.0,2025-06-20,8
Q4-3-no-update,2025-06-24,00:00,selected,83426.17138590344,5.820766091346741e-11,False,0.0,2025-06-20,8
Q4-3-no-update,2025-06-25,00:00,selected,71218.66761264471,1.6370904631912708e-11,False,0.0,2025-06-20,8
Q4-3-no-update,2025-06-26,00:00,selected,68074.92489075298,3.637978807091713e-11,False,0.0,2025-06-20,8
Q4-3-no-update,2025-06-27,00:00,selected,32956.37959703468,1.4551915228366852e-11,False,0.0,2025-06-20,8
Q4-3-no-update,2025-06-28,00:00,selected,33072.14325456015,1.4551915228366852e-11,False,0.0,2025-06-20,8
Q4-3-no-update,2025-06-29,00:00,selected,68069.70158431883,2.9103830456733704e-11,False,0.0,2025-06-20,8
Q4-3-no-update,2025-06-30,00:00,selected,73618.01844531717,2.9103830456733704e-11,False,0.0,2025-06-20,8
Q4-3-no-update,2025-07-01,00:00,selected,71058.24627298144,2.9103830456733704e-11,False,0.0,2025-06-20,8
Q4-3-no-update,2025-07-02,00:00,selected,73575.56023765549,2.9103830456733704e-11,False,0.0,2025-07-01,8
Q4-3-no-update,2025-07-03,00:00,selected,83102.03574920706,5.820766091346741e-11,False,0.0,2025-07-01,8
Q4-3-no-update,2025-07-04,00:00,selected,37784.95437293101,2.5920599000528455e-11,False,0.0,2025-07-01,8
Q4-3-no-update,2025-07-05,00:00,selected,38469.91921449195,2.9103830456733704e-11,False,0.0,2025-07-01,8
Q4-3-no-update,2025-07-06,00:00,selected,80347.81160420823,4.229150363244116e-11,False,0.0,2025-07-01,8
Q4-3-no-update,2025-07-07,00:00,selected,85139.1958395247,2.9103830456733704e-11,False,0.0,2025-07-06,8
Q4-3-no-update,2025-07-08,00:00,selected,90861.7456028467,8.731149137020111e-11,False,0.0,2025-07-07,8
Q4-3-no-update,2025-07-09,00:00,selected,90031.23504389296,4.3655745685100555e-11,False,0.0,2025-07-07,8
Q4-3-no-update,2025-07-10,00:00,selected,84382.13296812787,2.9103830456733704e-11,False,0.0,2025-07-07,8
Q4-3-no-update,2025-07-11,00:00,selected,52914.2514832197,5.093170329928398e-11,False,0.0,2025-07-07,8
Q4-3-no-update,2025-07-12,00:00,selected,47049.92693186972,3.637978807091713e-11,False,0.0,2025-07-07,8
Q4-3-no-update,2025-07-13,00:00,selected,88897.67318233562,7.275957614183426e-11,False,0.0,2025-07-07,8
Q4-3-no-update,2025-07-14,00:00,selected,85252.15628979739,5.820766091346741e-11,False,0.0,2025-07-07,8
Q4-3-no-update,2025-07-15,00:00,selected,88904.96565141884,5.820766091346741e-11,False,0.0,2025-07-07,8
Q4-3-no-update,2025-07-16,00:00,selected,87802.16241329814,1.0186340659856796e-10,False,0.0,2025-07-07,8
Q4-3-no-update,2025-07-17,00:00,selected,84998.52660498914,4.729372449219227e-11,False,0.0,2025-07-16,8
Q4-3-no-update,2025-07-18,00:00,selected,57060.09812544023,1.1937117960769683e-10,False,0.0,2025-07-16,8
Q4-3-no-update,2025-07-19,00:00,selected,52082.04470288503,4.3655745685100555e-11,False,0.0,2025-07-18,8
Q4-3-no-update,2025-07-20,00:00,selected,85661.95404993562,3.888089850079268e-11,False,0.0,2025-07-19,8
Q4-3-no-update,2025-07-21,00:00,selected,88473.24356385991,2.9103830456733704e-11,False,0.0,2025-07-19,8
Q4-3-no-update,2025-07-22,00:00,selected,84880.82164399538,2.9103830456733704e-11,False,0.0,2025-07-19,8
Q4-3-no-update,2025-07-23,00:00,selected,94154.07925246801,2.9103830456733704e-11,False,0.0,2025-07-19,8
Q4-3-no-update,2025-07-24,00:00,selected,94818.43982216172,3.319655661471188e-11,False,0.0,2025-07-19,8
Q4-3-no-update,2025-07-25,00:00,selected,46375.402123516724,2.1827872842550278e-11,False,0.0,2025-07-19,8
Q4-3-no-update,2025-07-26,00:00,selected,49507.42544999766,3.637978807091713e-11,False,0.0,2025-07-19,8
Q4-3-no-update,2025-07-27,00:00,selected,86155.18321530933,2.9103830456733704e-11,False,0.0,2025-07-19,8
Q4-3-no-update,2025-07-28,00:00,selected,89821.60782682484,5.820766091346741e-11,False,0.0,2025-07-19,8
Q4-3-no-update,2025-07-29,00:00,selected,91072.51529034092,4.3655745685100555e-11,False,0.0,2025-07-19,8
Q4-3-no-update,2025-07-30,00:00,selected,85668.34816062993,4.3655745685100555e-11,False,0.0,2025-07-19,8
Q4-3-no-update,2025-07-31,00:00,selected,88978.2388390818,8.731149137020111e-11,False,0.0,2025-07-30,8
Q4-3-no-update,2025-08-01,00:00,selected,47124.81166570172,2.1827872842550278e-11,False,0.0,2025-07-30,8
Q4-3-no-update,2025-08-02,00:00,selected,50119.760642622896,3.092281986027956e-11,False,0.0,2025-07-30,8
Q4-3-no-update,2025-08-03,00:00,selected,76686.37829384954,4.3655745685100555e-11,False,0.0,2025-08-02,8
Q4-3-no-update,2025-08-04,00:00,selected,82523.2698668757,2.9103830456733704e-11,False,0.0,2025-08-02,8
Q4-3-no-update,2025-08-05,00:00,selected,83167.83617151831,4.3655745685100555e-11,False,0.0,2025-08-02,8
Q4-3-no-update,2025-08-06,00:00,selected,92292.76723604699,4.3655745685100555e-11,False,0.0,2025-08-02,8
Q4-3-no-update,2025-08-07,00:00,selected,89833.31900781722,4.3655745685100555e-11,False,0.0,2025-08-06,8
Q4-3-no-update,2025-08-08,00:00,selected,42385.39778852085,2.9103830456733704e-11,False,0.0,2025-08-07,8
Q4-3-no-update,2025-08-09,00:00,selected,42862.48853618648,1.4551915228366852e-11,False,0.0,2025-08-07,8
Q4-3-no-update,2025-08-10,00:00,selected,84253.57473085698,2.9103830456733704e-11,False,0.0,2025-08-07,8
Q4-3-no-update,2025-08-11,00:00,selected,79335.4697950013,2.9103830456733704e-11,False,0.0,2025-08-07,8
Q4-3-no-update,2025-08-12,00:00,selected,88488.95543336304,4.8544279707130045e-11,False,0.0,2025-08-07,8
Q4-3-no-update,2025-08-13,00:00,selected,80670.77433710126,3.8198777474462986e-11,False,0.0,2025-08-07,8
Q4-3-no-update,2025-08-14,00:00,selected,83128.71280349648,4.3655745685100555e-11,False,0.0,2025-08-07,8
Q4-3-no-update,2025-08-15,00:00,selected,45730.360821078124,8.704148513061227e-12,False,0.0,2025-08-07,8
Q4-3-no-update,2025-08-16,00:00,selected,45197.31341882231,2.9103830456733704e-11,False,0.0,2025-08-07,8
Q4-3-no-update,2025-08-17,00:00,selected,84187.57458049472,5.820766091346741e-11,False,0.0,2025-08-07,8
Q4-3-no-update,2025-08-18,00:00,selected,84287.6619413902,2.9103830456733704e-11,False,0.0,2025-08-07,8
Q4-3-no-update,2025-08-19,00:00,selected,84494.44810720366,1.6825651982799172e-11,False,0.0,2025-08-18,8
Q4-3-no-update,2025-08-20,00:00,selected,92572.0517115829,3.637978807091713e-10,False,0.0,2025-08-19,8
Q4-3-no-update,2025-08-21,00:00,selected,87735.8962131713,2.9103830456733704e-11,False,0.0,2025-08-19,8
Q4-3-no-update,2025-08-22,00:00,selected,44046.58049238808,2.9103830456733704e-11,False,0.0,2025-08-19,8
Q4-3-no-update,2025-08-23,00:00,selected,41634.40345000489,7.275957614183426e-12,False,0.0,2025-08-19,8
Q4-3-no-update,2025-08-24,00:00,selected,85193.69683675676,2.9103830456733704e-11,False,0.0,2025-08-19,8
Q4-3-no-update,2025-08-25,00:00,selected,104443.04568067897,4.3655745685100555e-11,False,0.0,2025-08-19,8
Q4-3-no-update,2025-08-26,00:00,selected,85569.73851339858,1.4551915228366852e-11,False,0.0,2025-08-19,8
Q4-3-no-update,2025-08-27,00:00,selected,86845.41255848609,2.9103830456733704e-11,False,0.0,2025-08-19,8
Q4-3-no-update,2025-08-28,00:00,selected,85536.11733900804,7.275957614183426e-11,False,0.0,2025-08-19,8
Q4-3-no-update,2025-08-29,00:00,selected,47194.226187393724,7.275957614183426e-12,False,0.0,2025-08-28,8
Q4-3-no-update,2025-08-30,00:00,selected,45934.23278771066,2.9103830456733704e-11,False,0.0,2025-08-28,8
Q4-3-no-update,2025-08-31,00:00,selected,83613.30516532452,3.228706191293895e-11,False,0.0,2025-08-28,8
Q4-3-no-update,2025-09-01,00:00,selected,77407.56310625328,2.9103830456733704e-11,False,0.0,2025-08-21,8
Q4-3-no-update,2025-09-02,00:00,selected,69322.26029842926,2.864908310584724e-11,False,0.0,2025-09-01,8
Q4-3-no-update,2025-09-03,00:00,selected,72124.86677515996,1.6918022538447985e-11,False,0.0,2025-09-02,8
Q4-3-no-update,2025-09-04,00:00,selected,69786.45437106075,3.637978807091713e-11,False,0.0,2025-09-02,8
Q4-3-no-update,2025-09-05,00:00,selected,34034.7141915426,1.6370904631912708e-11,False,0.0,2025-09-04,8
Q4-3-no-update,2025-09-06,00:00,selected,34311.86447116688,8.640199666842818e-12,False,0.0,2025-09-05,8
Q4-3-no-update,2025-09-07,00:00,selected,64813.140611789175,7.275957614183426e-12,False,0.0,2025-09-06,8
Q4-3-no-update,2025-09-08,00:00,selected,71410.91026617352,1.261923898709938e-11,False,0.0,2025-09-06,8
Q4-3-no-update,2025-09-09,00:00,selected,61432.72878056251,2.837623469531536e-10,False,0.0,2025-09-06,8
Q4-3-no-update,2025-09-10,00:00,selected,72110.92871401104,1.0186340659856796e-10,False,0.0,2025-09-06,8
Q4-3-no-update,2025-09-11,00:00,selected,69330.50902707424,1.4551915228366852e-11,False,0.0,2025-09-06,8
Q4-3-no-update,2025-09-12,00:00,selected,35273.695015729616,1.8189894035458565e-11,False,0.0,2025-09-06,8
Q4-3-no-update,2025-09-13,00:00,selected,35061.96950810208,1.0913936421275139e-11,False,0.0,2025-09-06,8
Q4-3-no-update,2025-09-14,00:00,selected,74334.4276675427,1.4551915228366852e-11,False,0.0,2025-09-13,8
Q4-3-no-update,2025-09-15,00:00,selected,62438.69761871129,2.1827872842550278e-11,False,0.0,2025-09-13,8
Q4-3-no-update,2025-09-16,00:00,selected,73413.25512684854,2.9103830456733704e-11,False,0.0,2025-09-13,8
Q4-3-no-update,2025-09-17,00:00,selected,70875.65253090141,2.2282620193436742e-11,False,0.0,2025-09-13,8
Q4-3-no-update,2025-09-18,00:00,selected,61721.20050178549,1.659827830735594e-11,False,0.0,2025-09-17,8
Q4-3-no-update,2025-09-19,00:00,selected,37054.68285852588,7.275957614183426e-12,False,0.0,2025-09-18,8
Q4-3-no-update,2025-09-20,00:00,selected,36133.57320722096,7.275957614183426e-12,False,0.0,2025-09-19,8
Q4-3-no-update,2025-09-21,00:00,selected,69903.13846917935,3.1377567211166024e-11,False,0.0,2025-09-19,8
Q4-3-no-update,2025-09-22,00:00,selected,73861.27102046131,3.637978807091713e-11,False,0.0,2025-09-21,8
Q4-3-no-update,2025-09-23,00:00,selected,71431.2495552121,3.637978807091713e-11,False,0.0,2025-09-21,8
Q4-3-no-update,2025-09-24,00:00,selected,62668.62008765202,2.1827872842550278e-11,False,0.0,2025-09-23,8
Q4-3-no-update,2025-09-25,00:00,selected,66329.33803623423,2.1827872842550278e-11,False,0.0,2025-09-24,8
Q4-3-no-update,2025-09-26,00:00,selected,38356.28890791212,1.4551915228366852e-11,False,0.0,2025-09-24,8
Q4-3-no-update,2025-09-27,00:00,selected,35113.20025783275,9.094947017729282e-13,False,0.0,2025-09-26,8
Q4-3-no-update,2025-09-28,00:00,selected,66569.15491178338,3.637978807091713e-11,False,0.0,2025-09-27,8
Q4-3-no-update,2025-09-29,00:00,selected,64963.82110399672,2.9103830456733704e-11,False,0.0,2025-09-27,8
Q4-3-no-update,2025-09-30,00:00,selected,64040.41336517313,2.000888343900442e-11,False,0.0,2025-09-27,8
Q4-3-no-update,2025-10-01,00:00,selected,57111.28289293114,1.4551915228366852e-11,False,0.0,2025-09-27,8
Q4-3-no-update,2025-10-02,00:00,selected,62361.622300202805,2.9103830456733704e-11,False,0.0,2025-09-27,8
Q4-3-no-update,2025-10-03,00:00,selected,25576.126690308978,7.275957614183426e-12,False,0.0,2025-10-02,8
Q4-3-no-update,2025-10-04,00:00,selected,31939.604729304057,2.546585164964199e-11,False,0.0,2025-10-02,8
Q4-3-no-update,2025-10-05,00:00,selected,60557.91209615245,4.3655745685100555e-11,False,0.0,2025-10-04,8
Q4-3-no-update,2025-10-06,00:00,selected,51493.57521165592,2.1827872842550278e-11,False,0.0,2025-10-04,8
Q4-3-no-update,2025-10-07,00:00,selected,54075.43287121639,2.9103830456733704e-11,False,0.0,2025-10-04,8
Q4-3-no-update,2025-10-08,00:00,selected,52612.977348951135,8.981260180007666e-12,False,0.0,2025-10-04,8
Q4-3-no-update,2025-10-09,00:00,selected,60416.87667454977,5.093170329928398e-11,False,0.0,2025-10-04,8
Q4-3-no-update,2025-10-10,00:00,selected,27248.881173915117,1.0913936421275139e-11,False,0.0,2025-10-06,8
Q4-3-no-update,2025-10-11,00:00,selected,27447.40380474564,1.4551915228366852e-11,False,0.0,2025-10-06,8
Q4-3-no-update,2025-10-12,00:00,selected,55453.290855216845,2.9103830456733704e-11,False,0.0,2025-10-06,8
Q4-3-no-update,2025-10-13,00:00,selected,57871.03234028042,1.5916157281026244e-11,False,0.0,2025-10-06,8
Q4-3-no-update,2025-10-14,00:00,selected,60229.79284397827,2.1827872842550278e-11,False,0.0,2025-10-04,8
Q4-3-no-update,2025-10-15,00:00,selected,62500.9540004269,1.4551915228366852e-11,False,0.0,2025-10-04,8
Q4-3-no-update,2025-10-16,00:00,selected,60336.935473045676,2.1827872842550278e-11,False,0.0,2025-10-04,8
Q4-3-no-update,2025-10-17,00:00,selected,23395.612362173775,3.637978807091713e-12,False,0.0,2025-10-04,8
Q4-3-no-update,2025-10-18,00:00,selected,26774.656269001523,1.0913936421275139e-11,False,0.0,2025-10-04,8
Q4-3-no-update,2025-10-19,00:00,selected,62636.014068743934,2.9103830456733704e-11,False,0.0,2025-10-04,8
Q4-3-no-update,2025-10-20,00:00,selected,65892.89457485665,1.4551915228366852e-11,False,0.0,2025-10-04,8
Q4-3-no-update,2025-10-21,00:00,selected,65025.5411518307,2.9103830456733704e-11,False,0.0,2025-10-17,8
Q4-3-no-update,2025-10-22,00:00,selected,62011.70507950147,2.9103830456733704e-11,False,0.0,2025-10-17,8
Q4-3-no-update,2025-10-23,00:00,selected,70396.36376010763,4.3655745685100555e-11,False,0.0,2025-10-17,8
Q4-3-no-update,2025-10-24,00:00,selected,23355.820969763674,1.0913936421275139e-11,False,0.0,2025-10-23,8
Q4-3-no-update,2025-10-25,00:00,selected,24593.98123503829,1.4551915228366852e-11,False,0.0,2025-10-24,8
Q4-3-no-update,2025-10-26,00:00,selected,63247.24206991173,1.4551915228366852e-11,False,0.0,2025-10-24,8
Q4-3-no-update,2025-10-27,00:00,selected,57036.94885885954,2.1827872842550278e-11,False,0.0,2025-10-24,8
Q4-3-no-update,2025-10-28,00:00,selected,58240.11492340142,1.9099388737231493e-11,False,0.0,2025-10-24,8
Q4-3-no-update,2025-10-29,00:00,selected,64738.58933894669,1.4551915228366852e-11,False,0.0,2025-10-28,8
Q4-3-no-update,2025-10-30,00:00,selected,56629.883577541324,2.1827872842550278e-11,False,0.0,2025-10-28,8
Q4-3-no-update,2025-10-31,00:00,selected,25370.677051552528,1.0913936421275139e-11,False,0.0,2025-10-28,8
Q4-3-no-update,2025-11-01,00:00,selected,23382.240726025386,1.8189894035458565e-11,False,0.0,2025-10-28,8
Q4-3-no-update,2025-11-02,00:00,selected,64577.922443484895,4.3655745685100555e-11,False,0.0,2025-11-01,8
Q4-3-no-update,2025-11-03,00:00,selected,68811.16692775206,1.4551915228366852e-11,False,0.0,2025-11-01,8
Q4-3-no-update,2025-11-04,00:00,selected,63425.76564216544,3.637978807091713e-11,False,0.0,2025-11-01,8
Q4-3-no-update,2025-11-05,00:00,selected,71047.45125987382,2.9103830456733704e-11,False,0.0,2025-11-01,8
Q4-3-no-update,2025-11-06,00:00,selected,67993.54847601417,1.4551915228366852e-11,False,0.0,2025-11-05,8
Q4-3-no-update,2025-11-07,00:00,selected,24634.67863524042,7.275957614183426e-12,False,0.0,2025-11-05,8
Q4-3-no-update,2025-11-08,00:00,selected,25152.147665660526,3.637978807091713e-12,False,0.0,2025-11-07,8
Q4-3-no-update,2025-11-09,00:00,selected,67319.07025898353,3.041478180421109e-11,False,0.0,2025-11-07,8
Q4-3-no-update,2025-11-10,00:00,selected,68917.44377011915,1.4551915228366852e-11,False,0.0,2025-11-07,8
Q4-3-no-update,2025-11-11,00:00,selected,70546.71259319382,1.4551915228366852e-11,False,0.0,2025-11-07,8
Q4-3-no-update,2025-11-12,00:00,selected,66837.40463150616,3.069544618483633e-11,False,0.0,2025-11-07,8
Q4-3-no-update,2025-11-13,00:00,selected,65628.22254266498,7.275957614183426e-12,False,0.0,2025-11-07,8
Q4-3-no-update,2025-11-14,00:00,selected,26191.881469586082,3.637978807091713e-12,False,0.0,2025-11-13,8
Q4-3-no-update,2025-11-15,00:00,selected,30251.089513107534,8.242295734817162e-12,False,0.0,2025-11-13,8
Q4-3-no-update,2025-11-16,00:00,selected,71416.68228142915,2.9103830456733704e-11,False,0.0,2025-11-13,8
Q4-3-no-update,2025-11-17,00:00,selected,68195.63103462024,1.1596057447604835e-11,False,0.0,2025-11-13,8
Q4-3-no-update,2025-11-18,00:00,selected,72645.95461893664,2.1827872842550278e-11,False,0.0,2025-11-13,8
Q4-3-no-update,2025-11-19,00:00,selected,72090.32282066703,2.1827872842550278e-11,False,0.0,2025-11-13,8
Q4-3-no-update,2025-11-20,00:00,selected,70855.596421097,1.1141310096718371e-11,False,0.0,2025-11-13,8
Q4-3-no-update,2025-11-21,00:00,selected,26835.741717644803,1.8189894035458565e-11,False,0.0,2025-11-14,8
Q4-3-no-update,2025-11-22,00:00,selected,28541.984679530164,8.178346888598753e-12,False,0.0,2025-11-13,8
Q4-3-no-update,2025-11-23,00:00,selected,69207.74471566659,7.503331289626658e-12,False,0.0,2025-11-13,8
Q4-3-no-update,2025-11-24,00:00,selected,68033.73103729433,3.637978807091713e-11,False,0.0,2025-11-13,8
Q4-3-no-update,2025-11-25,00:00,selected,79351.7787796043,2.9103830456733704e-11,False,0.0,2025-11-13,8
Q4-3-no-update,2025-11-26,00:00,selected,74435.6535047239,2.9103830456733704e-11,False,0.0,2025-11-13,8
Q4-3-no-update,2025-11-27,00:00,selected,72132.5177898787,3.637978807091713e-11,False,0.0,2025-11-13,8
Q4-3-no-update,2025-11-28,00:00,selected,26482.28841068092,1.0913936421275139e-11,False,0.0,2025-11-13,8
Q4-3-no-update,2025-11-29,00:00,selected,32588.230710767148,2.1827872842550278e-11,False,0.0,2025-11-13,8
Q4-3-no-update,2025-11-30,00:00,selected,78627.39395899154,2.9103830456733704e-11,False,0.0,2025-11-13,8
Q4-3-no-update,2025-12-01,00:00,selected,88111.44875120018,4.3655745685100555e-11,False,0.0,2025-11-13,8
Q4-3-no-update,2025-12-02,00:00,selected,93172.50621878754,2.660272002685815e-11,False,0.0,2025-12-01,8
Q4-3-no-update,2025-12-03,00:00,selected,82554.54182993295,1.4551915228366852e-11,False,0.0,2025-12-02,8
Q4-3-no-update,2025-12-04,00:00,selected,94324.09687349362,1.1641532182693481e-10,False,0.0,2025-12-03,8
Q4-3-no-update,2025-12-05,00:00,selected,40866.780156301706,2.1827872842550278e-11,False,0.0,2025-12-04,8
Q4-3-no-update,2025-12-06,00:00,selected,44245.84551492478,2.9103830456733704e-11,False,0.0,2025-12-04,8
Q4-3-no-update,2025-12-07,00:00,selected,98702.54896608909,4.3655745685100555e-11,False,0.0,2025-12-04,8
Q4-3-no-update,2025-12-08,00:00,selected,98871.45851053635,2.9103830456733704e-11,False,0.0,2025-12-04,8
Q4-3-no-update,2025-12-09,00:00,selected,96813.37730674449,5.820766091346741e-11,False,0.0,2025-12-04,8
Q4-3-no-update,2025-12-10,00:00,selected,93655.69207289223,1.4551915228366852e-11,False,0.0,2025-12-04,8
Q4-3-no-update,2025-12-11,00:00,selected,95374.59761562306,3.637978807091713e-11,False,0.0,2025-12-04,8
Q4-3-no-update,2025-12-12,00:00,selected,45647.03941797527,7.275957614183426e-12,False,0.0,2025-12-04,8
Q4-3-no-update,2025-12-13,00:00,selected,47496.343982936596,2.9103830456733704e-11,False,0.0,2025-12-04,8
Q4-3-no-update,2025-12-14,00:00,selected,93050.52240055584,1.6370904631912708e-11,False,0.0,2025-12-13,8
Q4-3-no-update,2025-12-15,00:00,selected,93026.16640441076,8.731149137020111e-11,False,0.0,2025-12-13,8
Q4-3-no-update,2025-12-16,00:00,selected,98751.17019642192,8.731149137020111e-11,False,0.0,2025-12-13,8
Q4-3-no-update,2025-12-17,00:00,selected,99401.27620138951,5.820766091346741e-11,False,0.0,2025-12-13,8
Q4-3-no-update,2025-12-18,00:00,selected,93978.18700327576,2.9103830456733704e-11,False,0.0,2025-12-13,8
Q4-3-no-update,2025-12-19,00:00,selected,45757.21044327415,1.4551915228366852e-11,False,0.0,2025-12-13,8
Q4-3-no-update,2025-12-20,00:00,selected,48058.76767788356,2.9103830456733704e-11,False,0.0,2025-12-19,8
Q4-3-no-update,2025-12-21,00:00,selected,97099.16691552413,1.0186340659856796e-10,False,0.0,2025-12-04,8
Q4-3-no-update,2025-12-22,00:00,selected,96436.08378805041,5.820766091346741e-11,False,0.0,2025-12-04,8
Q4-3-no-update,2025-12-23,00:00,selected,98155.57817925929,2.9103830456733704e-11,False,0.0,2025-12-22,8
Q4-3-no-update,2025-12-24,00:00,selected,96633.90020476568,4.3655745685100555e-11,False,0.0,2025-12-22,8
Q4-3-no-update,2025-12-25,00:00,selected,92544.33247329807,7.275957614183426e-11,False,0.0,2025-12-19,8
Q4-3-no-update,2025-12-26,00:00,selected,44993.711730759445,2.9103830456733704e-11,False,0.0,2025-12-19,8
Q4-3-no-update,2025-12-27,00:00,selected,45999.83991160294,1.7280399333685637e-11,False,0.0,2025-12-19,8
Q4-3-no-update,2025-12-28,00:00,selected,95280.85489236358,3.001332515850663e-11,False,0.0,2025-12-19,8
Q4-3-no-update,2025-12-29,00:00,selected,95259.64956207959,5.820766091346741e-11,False,0.0,2025-12-19,8
Q4-3-no-update,2025-12-30,00:00,selected,95602.85763063242,2.9103830456733704e-11,False,0.0,2025-12-19,8
Q4-3-no-update,2025-12-31,00:00,selected,98775.02322620038,7.275957614183426e-11,False,0.0,2025-12-19,8
