date,price_case,release_time,mean_saving_yuan,saving_lcb_yuan,minimum_saving_yuan,keep_tail_emergency_kwh,new_tail_emergency_kwh,accepted,trigger
2025-02-01,固定电价,06:00,-38221.562040,-58703.756183,39.284881,12796.843261,27691.431460,False,未触发
2025-02-01,固定电价,12:00,-23784.683570,-35353.896893,39.284881,6355.085768,14044.767208,False,未触发
2025-02-01,固定电价,18:00,-9870.075108,-13732.150482,39.284881,1992.360656,4579.941695,False,未触发
2025-02-02,固定电价,06:00,-20107.068100,-30994.038398,62.405234,20616.528857,28046.346364,False,未触发
2025-02-02,固定电价,12:00,-15019.528745,-23080.299725,62.405234,11665.299152,17157.686518,False,未触发
2025-02-02,固定电价,18:00,-2442.094316,-3501.164547,62.405234,4015.369951,4608.438738,False,未触发
2025-02-03,固定电价,06:00,-21478.338394,-33405.014402,64.032355,19733.947873,27905.927223,False,未触发
2025-02-03,固定电价,12:00,-16091.386842,-24766.927263,64.032355,10995.221643,17064.364029,False,未触发
2025-02-03,固定电价,18:00,-1540.117057,-2341.735259,64.032355,4147.746286,4597.046648,False,未触发
2025-02-04,固定电价,06:00,-22944.567579,-35663.877324,65.954990,19065.078334,27750.873113,False,未触发
2025-02-04,固定电价,12:00,-20926.695086,-32344.799294,65.954990,8922.911025,16947.532832,False,未触发
2025-02-04,固定电价,18:00,-2166.908514,-3294.820040,65.954990,3940.762806,4572.553267,False,未触发
2025-02-05,固定电价,06:00,-8817.153787,-13227.806479,62.280050,24833.382058,27643.725717,False,未触发
2025-02-05,固定电价,12:00,-13560.016655,-20771.806486,62.280050,12072.289117,16899.894464,False,未触发
2025-02-05,固定电价,18:00,-1725.877416,-2624.337969,62.280050,4038.631546,4542.343263,False,未触发
2025-02-06,固定电价,06:00,-25088.474819,-39039.925898,66.344397,17810.052210,27455.102879,False,未触发
2025-02-06,固定电价,12:00,-22124.848018,-34295.988516,66.344397,8187.960675,16857.099980,False,未触发
2025-02-06,固定电价,18:00,-1803.726501,-2742.908518,66.344397,3990.622068,4516.988373,False,未触发
2025-02-07,固定电价,06:00,-31921.233504,-50075.329768,39.945672,14417.297302,27175.616803,False,未触发
2025-02-07,固定电价,12:00,-21032.734609,-32666.851217,39.945672,5144.427927,12722.500665,False,未触发
2025-02-07,固定电价,18:00,-6888.942818,-10666.671445,39.945672,1962.920843,4523.136770,False,未触发
2025-02-08,固定电价,06:00,-23028.647295,-35687.255969,34.607420,18747.875039,27325.522597,False,未触发
2025-02-08,固定电价,12:00,-15880.326278,-24425.792453,34.607420,8361.161533,13790.942197,False,未触发
2025-02-08,固定电价,18:00,-6925.062651,-10726.051209,34.607420,1955.497625,4523.613382,False,未触发
2025-02-09,固定电价,06:00,-14139.710942,-21566.640234,63.149008,22786.135213,27788.438914,False,未触发
2025-02-09,固定电价,12:00,-10583.372755,-16067.781828,63.149008,13272.727907,17011.096324,False,未触发
2025-02-09,固定电价,18:00,-1995.402021,-3033.787224,63.149008,3934.422114,4516.352039,False,未触发
2025-02-10,固定电价,06:00,-25381.023558,-39617.640343,59.867737,17261.331001,27736.186747,False,未触发
2025-02-10,固定电价,12:00,-14304.743659,-21908.736658,59.867737,11697.176992,16911.582820,False,未触发
2025-02-10,固定电价,18:00,-2067.954638,-3143.936281,59.867737,3915.489122,4519.528347,False,未触发
2025-02-11,固定电价,06:00,-23713.812641,-36926.788101,60.805270,18461.550161,27545.195034,False,未触发
2025-02-11,固定电价,12:00,-19733.383075,-30669.787419,60.805270,9012.782677,16793.905603,False,未触发
2025-02-11,固定电价,18:00,-1644.674568,-2500.638934,60.805270,4008.078909,4487.693176,False,未触发
2025-02-12,固定电价,06:00,-25504.659253,-39746.547720,60.746826,17526.399100,27543.013174,False,未触发
2025-02-12,固定电价,12:00,-16654.189652,-25681.086241,60.746826,10718.941078,16811.591397,False,未触发
2025-02-12,固定电价,18:00,-1998.634873,-3038.823208,60.746826,3929.127094,4513.082487,False,未触发
2025-02-13,固定电价,06:00,-19509.199844,-30248.619464,56.768052,19937.360695,27564.191752,False,未触发
2025-02-13,固定电价,12:00,-9518.940018,-14368.332153,56.768052,13314.412275,16757.887479,False,未触发
2025-02-13,固定电价,18:00,-1914.148174,-2910.849119,56.768052,3950.707053,4509.572357,False,未触发
2025-02-14,固定电价,06:00,-27293.902530,-42652.585109,35.510063,16201.078519,27101.597500,False,未触发
2025-02-14,固定电价,12:00,-13565.917742,-20672.373907,35.510063,7923.033186,12403.732303,False,未触发
2025-02-14,固定电价,18:00,-6834.559860,-10583.405099,35.510063,1984.205963,4530.563088,False,未触发
2025-02-15,固定电价,06:00,-31616.658403,-50193.098245,36.025341,11772.583013,25645.017998,False,未触发
2025-02-15,固定电价,12:00,-18070.818552,-27976.601459,36.025341,5811.310124,12222.799381,False,未触发
2025-02-15,固定电价,18:00,-6862.036627,-10629.066140,36.025341,1964.724242,4519.381714,False,未触发
2025-02-16,固定电价,06:00,-23649.166885,-36950.040088,61.140231,17992.350577,27626.675840,False,未触发
2025-02-16,固定电价,12:00,-19269.559598,-29955.379189,61.140231,9046.049935,16746.178392,False,未触发
2025-02-16,固定电价,18:00,-1405.426776,-2137.084632,61.140231,4101.888966,4511.452296,False,未触发
2025-02-17,固定电价,06:00,-24027.464330,-37520.252296,60.455510,17528.492526,27593.471747,False,未触发
2025-02-17,固定电价,12:00,-15917.527023,-24428.167602,60.455510,10043.697095,16173.995799,False,未触发
2025-02-17,固定电价,18:00,-1864.367725,-2834.828793,60.455510,3956.831242,4500.773376,False,未触发
2025-02-18,固定电价,06:00,-11530.368940,-17534.819597,54.473199,23605.411234,27451.358674,False,未触发
2025-02-18,固定电价,12:00,-10855.599348,-16535.728810,54.473199,12952.858506,16856.869817,False,未触发
2025-02-18,固定电价,18:00,-1367.559209,-2079.405813,54.473199,4136.303220,4535.043052,False,未触发
2025-02-19,固定电价,06:00,-12871.831955,-19888.935441,54.997055,22754.000831,27335.310618,False,未触发
2025-02-19,固定电价,12:00,-8232.767337,-12403.754267,54.997055,13795.598352,16764.992586,False,未触发
2025-02-19,固定电价,18:00,-1507.381604,-2292.165352,54.997055,4110.452572,4550.539228,False,未触发
2025-02-20,固定电价,06:00,-16411.098506,-25172.371376,56.755064,20952.064174,27374.203080,False,未触发
2025-02-20,固定电价,12:00,-11606.965354,-17724.728152,56.755064,12544.984503,16882.465160,False,未触发
2025-02-20,固定电价,18:00,-1586.344082,-2412.602852,56.755064,4109.408866,4572.420620,False,未触发
2025-02-21,固定电价,06:00,-25709.671484,-40133.636910,33.016238,16554.071231,26730.792958,False,未触发
2025-02-21,固定电价,12:00,-13575.305237,-20788.056327,33.016238,7602.995573,12114.222041,False,未触发
2025-02-21,固定电价,18:00,-6802.164119,-10531.996300,33.016238,2009.389250,4544.834993,False,未触发
2025-02-22,固定电价,06:00,-24799.110158,-38810.877587,33.928981,17048.195385,26945.695492,False,未触发
2025-02-22,固定电价,12:00,-16126.767616,-24967.697799,33.928981,6671.557836,12449.162744,False,未触发
2025-02-22,固定电价,18:00,-6828.134086,-10572.741206,33.928981,1996.076897,4540.305921,False,未触发
2025-02-23,固定电价,06:00,-11650.015635,-17995.116523,56.020960,23342.119677,27445.873403,False,未触发
2025-02-23,固定电价,12:00,-15314.199338,-23661.074941,56.020960,10997.146955,16772.725691,False,未触发
2025-02-23,固定电价,18:00,-1421.595405,-2161.678649,56.020960,4127.648304,4542.039312,False,未触发
2025-02-24,固定电价,06:00,-14910.179672,-21878.677702,54.195605,22746.953155,27438.941576,False,未触发
2025-02-24,固定电价,12:00,-12481.019893,-19172.844199,54.195605,11314.998693,15810.025191,False,未触发
2025-02-24,固定电价,18:00,-1587.643852,-2414.101417,54.195605,4095.582273,4558.825625,False,未触发
2025-02-25,固定电价,06:00,-18060.478474,-27894.660747,55.453558,20247.500887,27252.006851,False,未触发
2025-02-25,固定电价,12:00,-11406.500690,-17464.175593,55.453558,11054.925074,15181.365408,False,未触发
2025-02-25,固定电价,18:00,-1328.327039,-2019.783434,55.453558,4165.288377,4552.528398,False,未触发
2025-02-26,固定电价,06:00,-7208.307369,-10919.786546,50.637099,24837.084836,27238.173136,False,未触发
2025-02-26,固定电价,12:00,-4762.922378,-6926.234214,50.637099,15016.227849,16703.692976,False,未触发
2025-02-26,固定电价,18:00,-1562.757541,-2376.365112,50.637099,4105.752710,4562.007418,False,未触发
2025-02-27,固定电价,06:00,-13769.866903,-21267.433654,51.833379,22138.995190,27063.626990,False,未触发
2025-02-27,固定电价,12:00,-8590.708619,-12953.870824,51.833379,13413.470878,16467.488542,False,未触发
2025-02-27,固定电价,18:00,-1758.278578,-2674.131776,51.833379,4046.010474,4559.190080,False,未触发
2025-02-28,固定电价,06:00,-16633.694845,-26074.700469,29.952097,17627.843192,24156.514825,False,未触发
2025-02-28,固定电价,12:00,-13625.408269,-21005.196012,29.952097,7189.328575,11741.613138,False,未触发
2025-02-28,固定电价,18:00,-6805.516646,-10532.484109,29.952097,2039.061537,4570.248749,False,未触发
2025-03-01,固定电价,06:00,-31282.185631,-50365.936044,36.141886,8368.806007,21944.531242,False,未触发
2025-03-01,固定电价,12:00,-19136.259452,-29635.596160,36.141886,5446.783027,12173.202269,False,未触发
2025-03-01,固定电价,18:00,-6847.286386,-10593.299902,36.141886,2051.647265,4590.295268,False,未触发
2025-03-02,固定电价,06:00,-19598.617028,-30236.385391,57.684832,20365.011271,27414.735875,False,未触发
2025-03-02,固定电价,12:00,-18853.922499,-29030.000822,57.684832,10092.375315,16936.443590,False,未触发
2025-03-02,固定电价,18:00,-3089.037392,-4695.214233,57.684832,3698.840205,4604.118757,False,未触发
2025-03-03,固定电价,06:00,-25548.638914,-39876.293845,59.243504,16431.978489,27193.807001,False,未触发
2025-03-03,固定电价,12:00,-17362.079489,-26632.036970,59.243504,10279.389108,16884.212422,False,未触发
2025-03-03,固定电价,18:00,-3172.872103,-4818.918808,59.243504,3655.168873,4594.310869,False,未触发
2025-03-04,固定电价,06:00,-15604.647470,-24031.020408,52.800662,21678.520295,27125.348520,False,未触发
2025-03-04,固定电价,12:00,-13148.129134,-20032.799735,52.800662,11828.882016,16484.811136,False,未触发
2025-03-04,固定电价,18:00,-2572.921398,-3912.240889,52.800662,3840.916814,4591.806040,False,未触发
2025-03-05,固定电价,06:00,-23869.455640,-37137.343652,55.129917,17530.908739,26972.875610,False,未触发
2025-03-05,固定电价,12:00,-17653.240038,-27099.022338,55.129917,9506.412072,15918.830171,False,未触发
2025-03-05,固定电价,18:00,-2974.535945,-4521.138767,55.129917,3716.470788,4589.613106,False,未触发
2025-03-06,固定电价,06:00,-18085.269653,-27962.790890,51.926975,20126.348628,26745.208362,False,未触发
2025-03-06,固定电价,12:00,-13410.765324,-20383.191894,51.926975,11265.406670,15910.177580,False,未触发
2025-03-06,固定电价,18:00,-2984.983921,-4537.979403,51.926975,3702.303600,4578.115362,False,未触发
2025-03-07,固定电价,06:00,-26644.306326,-42910.817411,33.113563,8620.791363,20663.617975,False,未触发
2025-03-07,固定电价,12:00,-19402.972988,-30365.870910,33.113563,4958.647644,12087.802994,False,未触发
2025-03-07,固定电价,18:00,-6756.317888,-10456.834699,33.113563,2045.053067,4567.626372,False,未触发
2025-03-08,固定电价,06:00,-16504.609002,-26093.284613,29.177497,13635.825440,20186.713094,False,未触发
2025-03-08,固定电价,12:00,-14653.639045,-22622.650129,29.177497,6669.460856,11636.764389,False,未触发
2025-03-08,固定电价,18:00,-6816.473003,-10546.831492,29.177497,2050.234594,4580.753263,False,未触发
2025-03-09,固定电价,06:00,-28008.600962,-43874.133727,53.902583,15289.958703,27147.576050,False,未触发
2025-03-09,固定电价,12:00,-14112.242883,-21383.187219,53.902583,9952.788465,14649.958388,False,未触发
2025-03-09,固定电价,18:00,-2370.745280,-3604.898912,53.902583,3918.316739,4610.554984,False,未触发
2025-03-10,固定电价,06:00,-14389.576146,-22217.732734,51.572011,22085.946286,27146.438098,False,未触发
2025-03-10,固定电价,12:00,-13150.056445,-19988.432871,51.572011,12241.582326,16872.183183,False,未触发
2025-03-10,固定电价,18:00,-2214.953051,-3367.924352,51.572011,3965.359216,4612.545051,False,未触发
2025-03-11,固定电价,06:00,-536.914603,-3257.702297,46.157935,28838.126886,27027.303978,True,可靠性
2025-03-11,固定电价,12:00,-5854.260680,-10439.997604,46.157935,13423.635622,16764.695210,False,未触发
2025-03-11,固定电价,18:00,852.125693,504.545568,46.157935,4801.391409,4604.583958,True,经济性
2025-03-12,固定电价,06:00,-30057.773305,-47363.294889,52.697971,13819.705938,26659.645051,False,未触发
2025-03-12,固定电价,12:00,-15381.012240,-23579.358025,52.697971,9478.595555,14873.749162,False,未触发
2025-03-12,固定电价,18:00,-2134.268201,-3245.490547,52.697971,3979.925551,4603.350912,False,未触发
2025-03-13,固定电价,06:00,-16534.894259,-25329.935916,52.301327,20504.241609,26619.759965,False,未触发
2025-03-13,固定电价,12:00,-8731.338443,-13142.608021,52.301327,13598.215522,16740.891693,False,未触发
2025-03-13,固定电价,18:00,-2244.051379,-3412.878195,52.301327,3949.771431,4605.630586,False,未触发
2025-03-14,固定电价,06:00,-10748.499177,-16351.108230,26.771006,13024.769559,16563.505551,False,未触发
2025-03-14,固定电价,12:00,-13106.395427,-20307.342275,26.771006,7577.146214,12099.909173,False,未触发
2025-03-14,固定电价,18:00,-6709.288384,-10381.116646,26.771006,2080.460459,4593.796437,False,未触发
2025-03-15,固定电价,06:00,-16709.362364,-25687.461349,28.951129,19820.892682,26240.372532,False,未触发
2025-03-15,固定电价,12:00,-12171.386464,-18454.344358,28.951129,7729.718926,11681.933308,False,未触发
2025-03-15,固定电价,18:00,-6758.007974,-10453.847674,28.951129,2098.032887,4615.805214,False,未触发
2025-03-16,固定电价,06:00,-6506.310109,-9302.794973,49.945145,25120.952701,26947.231979,False,未触发
2025-03-16,固定电价,12:00,-13051.675532,-20039.338665,49.945145,11937.509083,16799.416079,False,未触发
2025-03-16,固定电价,18:00,-1663.771044,-2530.291511,49.945145,4132.700539,4618.131816,False,未触发
2025-03-17,固定电价,06:00,-22250.598066,-34886.976462,46.114410,17161.270313,26441.031338,False,未触发
2025-03-17,固定电价,12:00,-8496.638952,-12758.268198,46.114410,12368.792374,15254.223710,False,未触发
2025-03-17,固定电价,18:00,-1619.588477,-2462.862156,46.114410,4143.055192,4615.867645,False,未触发
2025-03-18,固定电价,06:00,-20033.173715,-31237.144390,52.487539,18283.871396,26525.972780,False,未触发
2025-03-18,固定电价,12:00,-12253.290240,-18549.451290,52.487539,11088.056029,15196.336557,False,未触发
2025-03-18,固定电价,18:00,-2083.239468,-3167.830762,52.487539,3996.658491,4605.327945,False,未触发
2025-03-19,固定电价,06:00,-1696.589306,-3283.940492,43.661823,27076.119650,26108.434912,False,未触发
2025-03-19,固定电价,12:00,-7123.931787,-10245.139061,43.661823,14832.858675,16754.229041,False,未触发
2025-03-19,固定电价,18:00,-1965.700440,-2989.117435,43.661823,4022.733386,4596.803504,False,未触发
2025-03-20,固定电价,06:00,-20758.309219,-32629.475705,49.068198,16994.849426,25811.614558,False,未触发
2025-03-20,固定电价,12:00,-18881.993393,-29341.498865,49.068198,9303.476676,16724.017198,False,未触发
2025-03-20,固定电价,18:00,-1854.596885,-2820.758847,49.068198,4049.488710,4591.215951,False,未触发
2025-03-21,固定电价,06:00,-13247.162390,-20476.508697,26.231605,10200.241544,15177.126057,False,未触发
2025-03-21,固定电价,12:00,-15120.753829,-23724.531759,26.231605,5339.656480,10735.307251,False,未触发
2025-03-21,固定电价,18:00,-6682.850169,-10337.142859,26.231605,2101.110540,4606.584861,False,未触发
2025-03-22,固定电价,06:00,-13517.998605,-20962.980599,27.415318,11822.701524,16955.363709,False,未触发
2025-03-22,固定电价,12:00,-15080.808564,-23479.586898,27.415318,6507.009538,11705.571873,False,未触发
2025-03-22,固定电价,18:00,-6744.222283,-10429.657624,27.415318,2094.364889,4610.331851,False,未触发
2025-03-23,固定电价,06:00,-13476.140161,-20828.538486,49.576323,20976.768589,26237.404049,False,未触发
2025-03-23,固定电价,12:00,-12963.163309,-20075.212881,49.576323,10380.491565,15202.027283,False,未触发
2025-03-23,固定电价,18:00,-1297.004694,-1972.531906,49.576323,4248.366184,4626.770267,False,未触发
2025-03-24,固定电价,06:00,-14178.366394,-21985.632334,46.559785,20473.195289,25963.864127,False,未触发
2025-03-24,固定电价,12:00,-5278.827906,-7572.551804,46.559785,13306.486348,14691.731642,False,未触发
2025-03-24,固定电价,18:00,-1353.844141,-2058.674254,46.559785,4232.741295,4628.129779,False,未触发
2025-03-25,固定电价,06:00,-24695.981727,-39115.292410,51.444809,14660.717466,25729.608519,False,未触发
2025-03-25,固定电价,12:00,-11616.279157,-17747.965220,51.444809,10166.326203,14349.802131,False,未触发
2025-03-25,固定电价,18:00,-1091.539643,-1659.892553,51.444809,4304.610118,4623.181270,False,未触发
2025-03-26,固定电价,06:00,-8752.358805,-13148.968827,44.391080,22720.375599,25585.641441,False,未触发
2025-03-26,固定电价,12:00,-11486.863566,-17700.185261,44.391080,10759.658476,14752.372625,False,未触发
2025-03-26,固定电价,18:00,-1237.775327,-1882.421594,44.391080,4265.606513,4626.860661,False,未触发
2025-03-27,固定电价,06:00,-10398.839018,-15757.519772,47.020329,21787.568509,25588.715128,False,未触发
2025-03-27,固定电价,12:00,-8797.041974,-13347.674613,47.020329,12334.618647,15241.626551,False,未触发
2025-03-27,固定电价,18:00,-910.739706,-1385.312858,47.020329,4374.661066,4640.525581,False,未触发
2025-03-28,固定电价,06:00,-9977.875004,-15221.638933,25.224525,10691.101178,13941.286303,False,未触发
2025-03-28,固定电价,12:00,-11809.412370,-18289.723828,25.224525,6809.051635,10759.490006,False,未触发
2025-03-28,固定电价,18:00,-6662.969169,-10302.981660,25.224525,2128.824361,4638.054413,False,未触发
2025-03-29,固定电价,06:00,-7755.142807,-11599.586998,23.860578,10301.753639,12544.755461,False,未触发
2025-03-29,固定电价,12:00,-9247.179541,-14150.031104,23.860578,7771.388647,10716.841143,False,未触发
2025-03-29,固定电价,18:00,-6646.817860,-10275.845184,23.860578,2116.980716,4619.568426,False,未触发
2025-03-30,固定电价,06:00,-13869.077291,-21676.472624,45.162155,19667.148354,25666.419362,False,未触发
2025-03-30,固定电价,12:00,-6252.468044,-9330.209236,45.162155,12267.177690,14046.753651,False,未触发
2025-03-30,固定电价,18:00,-572.425764,-870.383346,45.162155,4449.359249,4616.570486,False,未触发
2025-03-31,固定电价,06:00,6662.587531,-2411.757671,39.663727,32077.643044,25746.167060,True,可靠性
2025-03-31,固定电价,12:00,-5089.222451,-11470.806715,39.663727,11944.216973,16395.309171,False,未触发
2025-03-31,固定电价,18:00,461.795064,329.955730,39.663727,4691.276374,4616.350944,True,经济性
2025-04-01,固定电价,06:00,-5032.220309,-7119.031995,47.413486,24269.428731,25761.595126,False,未触发
2025-04-01,固定电价,12:00,-6404.226410,-9388.515857,47.413486,14292.517953,16595.557529,False,未触发
2025-04-01,固定电价,18:00,-603.922309,-919.163729,47.413486,4443.733774,4619.280343,False,未触发
2025-04-02,固定电价,06:00,876.397402,-2590.259812,45.585504,27667.208205,25623.430455,True,可靠性
2025-04-02,固定电价,12:00,-4655.114465,-9292.366477,45.585504,12782.206207,16057.042981,False,未触发
2025-04-02,固定电价,18:00,-211.215435,-546.160643,45.585504,4444.571934,4631.454274,False,未触发
2025-04-03,固定电价,06:00,-13909.832762,-21817.723229,46.783655,19748.076345,25256.770423,False,未触发
2025-04-03,固定电价,12:00,-9133.243818,-13856.493358,46.783655,11791.719299,14661.091559,False,未触发
2025-04-03,固定电价,18:00,-582.728196,-837.167975,46.783655,4484.619298,4625.519444,False,未触发
2025-04-04,固定电价,06:00,-10101.545487,-15295.748419,23.402454,9196.791183,12355.666494,False,未触发
2025-04-04,固定电价,12:00,-11425.859429,-17693.188579,23.402454,6612.111252,10413.193341,False,未触发
2025-04-04,固定电价,18:00,-6605.624319,-10210.171413,23.402454,2116.834387,4629.658928,False,未触发
2025-04-05,固定电价,06:00,-8242.301065,-12158.402570,22.729273,13786.433757,16110.294876,False,未触发
2025-04-05,固定电价,12:00,-11435.166943,-17668.960445,22.729273,6994.744804,10800.464853,False,未触发
2025-04-05,固定电价,18:00,-6364.602845,-9826.996498,22.729273,2284.040787,4643.070195,False,未触发
2025-04-06,固定电价,06:00,-11175.692975,-17604.897017,42.923265,20097.017086,24930.503537,False,未触发
2025-04-06,固定电价,12:00,-2592.107570,-3140.431790,42.923265,14132.253718,14424.438017,False,未触发
2025-04-06,固定电价,18:00,-558.039570,-847.560252,42.923265,4458.923159,4622.902619,False,未触发
2025-04-07,固定电价,06:00,2507.842210,-2664.212250,38.179187,28502.014383,24975.873155,True,可靠性
2025-04-07,固定电价,12:00,-3099.183652,-6073.664978,38.179187,13722.229465,15800.172044,False,未触发
2025-04-07,固定电价,18:00,-394.477467,-723.867259,38.179187,4432.870721,4615.701725,False,未触发
2025-04-08,固定电价,06:00,-12707.577854,-19964.135909,44.228732,19831.411028,25016.251932,False,未触发
2025-04-08,固定电价,12:00,-7918.557647,-12091.252822,44.228732,11121.165437,13814.846023,False,未触发
2025-04-08,固定电价,18:00,-575.359780,-874.753682,44.228732,4467.412157,4635.624030,False,未触发
2025-04-09,固定电价,06:00,985.425848,-1471.803530,42.847945,26840.126720,25366.751378,True,可靠性
2025-04-09,固定电价,12:00,-6218.495868,-10252.452517,42.847945,14072.112399,17060.077883,False,未触发
2025-04-09,固定电价,18:00,-157.630054,-340.623980,42.847945,4521.377936,4624.344563,False,未触发
2025-04-10,固定电价,06:00,207.287091,-2191.137048,42.275751,26986.233804,25526.386543,True,可靠性
2025-04-10,固定电价,12:00,-5526.982818,-9577.116193,42.275751,12447.193878,15230.596663,False,未触发
2025-04-10,固定电价,18:00,-318.337635,-595.082951,42.275751,4472.347385,4627.253382,False,未触发
2025-04-11,固定电价,06:00,-6676.706726,-9612.616895,21.324672,11720.041190,13424.353832,False,未触发
2025-04-11,固定电价,12:00,-9634.368470,-14813.814514,21.324672,6951.318490,10084.127021,False,未触发
2025-04-11,固定电价,18:00,-6373.796376,-9844.773183,21.324672,2206.146339,4623.740411,False,未触发
2025-04-12,固定电价,06:00,-12631.991267,-19429.481528,24.450912,8797.506430,13403.454608,False,未触发
2025-04-12,固定电价,12:00,-14139.543349,-22185.267949,24.450912,5826.338270,10904.469972,False,未触发
2025-04-12,固定电价,18:00,-6351.185316,-9814.572852,24.450912,2246.404200,4612.107096,False,未触发
2025-04-13,固定电价,06:00,-5823.374111,-8892.339661,39.782974,23675.761212,25602.786000,False,未触发
2025-04-13,固定电价,12:00,-3250.771077,-4936.555043,39.782974,14457.024282,15730.189439,False,未触发
2025-04-13,固定电价,18:00,-348.432309,-532.104623,39.782974,4523.040461,4622.576122,False,未触发
2025-04-14,固定电价,06:00,-19170.796095,-30238.030138,42.450377,17920.220390,25516.747055,False,未触发
2025-04-14,固定电价,12:00,-10393.167344,-16250.092302,42.450377,10110.848756,13795.923454,False,未触发
2025-04-14,固定电价,18:00,-134.901739,-184.736083,42.450377,4601.795529,4625.029978,False,未触发
2025-04-15,固定电价,06:00,-128.830936,-2587.900263,36.306085,27027.780555,25367.959030,True,可靠性
2025-04-15,固定电价,12:00,-2609.977225,-5181.049019,36.306085,13541.753908,15358.501572,False,未触发
2025-04-15,固定电价,18:00,844.402598,467.893024,36.306085,4820.099472,4609.536244,True,经济性
2025-04-16,固定电价,06:00,-856.006331,-3625.261183,40.127164,27207.222796,25651.428791,True,可靠性
2025-04-16,固定电价,12:00,-6559.523856,-12101.520392,40.127164,12763.031708,16755.927622,False,未触发
2025-04-16,固定电价,18:00,232.675617,210.626397,40.127164,4622.381675,4607.157045,True,经济性
2025-04-17,固定电价,06:00,3869.764097,-1480.082395,37.010353,29321.366354,25664.165361,True,可靠性
2025-04-17,固定电价,12:00,-2705.678915,-4979.012099,37.010353,13913.983841,15714.777660,False,未触发
2025-04-17,固定电价,18:00,468.024787,321.257791,37.010353,4681.857065,4601.658086,True,经济性
2025-04-18,固定电价,06:00,-8725.442756,-12811.046619,21.381678,12248.366475,14697.716753,False,未触发
2025-04-18,固定电价,12:00,-9907.048120,-15282.083287,21.381678,7073.007459,10318.938732,False,未触发
2025-04-18,固定电价,18:00,-6459.999579,-9984.550581,21.381678,2127.959076,4612.527878,False,未触发
2025-04-19,固定电价,06:00,-8820.022510,-13063.177719,21.186394,11043.004521,13606.654880,False,未触发
2025-04-19,固定电价,12:00,-7275.928265,-10949.030766,21.186394,8521.717286,10703.115038,False,未触发
2025-04-19,固定电价,18:00,-6255.087858,-9659.264065,21.186394,2229.501257,4609.476638,False,未触发
2025-04-20,固定电价,06:00,-846.592052,-1426.087310,37.490647,25780.078800,25575.661835,False,未触发
2025-04-20,固定电价,12:00,-2264.236843,-3303.901860,37.490647,15819.790221,16350.651968,False,未触发
2025-04-20,固定电价,18:00,-48.993026,-52.674249,37.490647,4605.125344,4609.364926,False,未触发
2025-04-21,固定电价,06:00,-17388.797667,-27071.407772,39.346311,18539.457024,25524.783318,False,未触发
2025-04-21,固定电价,12:00,-5870.512343,-8606.084118,39.346311,11919.789360,13582.903452,False,未触发
2025-04-21,固定电价,18:00,83.542858,-241.706945,39.346311,4796.450337,4609.294235,False,未触发
2025-04-22,固定电价,06:00,5048.467191,-2836.585744,35.169386,30978.276527,25583.923647,True,可靠性
2025-04-22,固定电价,12:00,-2700.868768,-6070.780062,35.169386,13203.937356,15680.516428,False,未触发
2025-04-22,固定电价,18:00,159.958823,109.498276,35.169386,4589.045919,4616.310483,True,经济性
2025-04-23,固定电价,06:00,7250.126750,-1380.191434,34.068203,31352.569878,25585.600447,True,可靠性
2025-04-23,固定电价,12:00,-830.024663,-2555.269052,34.068203,14485.491157,15834.461152,False,未触发
2025-04-23,固定电价,18:00,220.962667,-68.261323,34.068203,4431.329969,4591.651883,False,未触发
2025-04-24,固定电价,06:00,-4278.278033,-6639.432206,35.040590,22941.904408,24397.057012,False,未触发
2025-04-24,固定电价,12:00,-1230.621541,-2591.103493,35.040590,15323.723482,15305.335828,False,未触发
2025-04-24,固定电价,18:00,-278.357876,-317.258952,35.040590,4605.805115,4585.264886,False,未触发
2025-04-25,固定电价,06:00,-9881.560192,-14561.025260,20.964706,9155.478051,11934.494071,False,未触发
2025-04-25,固定电价,12:00,-11964.897682,-18677.645790,20.964706,5516.060318,9553.311595,False,未触发
2025-04-25,固定电价,18:00,-6222.642218,-9628.526294,20.964706,2201.632745,4573.842069,False,未触发
2025-04-26,固定电价,06:00,-9130.434217,-13355.924626,20.691052,8886.254106,11356.046154,False,未触发
2025-04-26,固定电价,12:00,-9400.198428,-14432.404094,20.691052,7476.496111,10521.434001,False,未触发
2025-04-26,固定电价,18:00,-6214.095499,-9611.126241,20.691052,2199.604049,4563.996724,False,未触发
2025-04-27,固定电价,06:00,1747.750944,-1432.683668,34.413088,27623.643066,25655.575780,True,可靠性
2025-04-27,固定电价,12:00,244.859102,-996.070037,34.413088,14497.195690,15051.524342,False,未触发
2025-04-27,固定电价,18:00,986.485261,381.715280,34.413088,4892.828215,4569.487572,True,经济性
2025-04-28,固定电价,06:00,2975.749434,-1273.765341,40.553758,28538.992576,25914.464573,True,可靠性
2025-04-28,固定电价,12:00,-5802.585474,-10013.244272,40.553758,13558.699853,16670.347561,False,未触发
2025-04-28,固定电价,18:00,138.015883,32.152673,40.553758,4508.250501,4567.822800,False,未触发
2025-04-29,固定电价,06:00,-2138.146621,-2507.391889,35.134547,25017.774412,25317.124911,False,未触发
2025-04-29,固定电价,12:00,136.779157,-1727.979415,35.134547,14713.696109,14116.322679,False,未触发
2025-04-29,固定电价,18:00,204.176218,-250.680166,35.134547,4800.573396,4564.616411,False,未触发
2025-04-30,固定电价,06:00,-700.490966,-1873.177509,33.800194,26077.509195,25269.158194,False,未触发
2025-04-30,固定电价,12:00,-2418.799758,-2828.503178,33.800194,16401.509866,16617.843001,False,未触发
2025-04-30,固定电价,18:00,-161.329598,-198.700277,33.800194,4557.133334,4573.910214,False,未触发
2025-05-01,固定电价,06:00,-383.378461,-1378.543329,35.404561,25714.943734,25183.507170,False,未触发
2025-05-01,固定电价,12:00,-2647.836479,-3919.872422,35.404561,14581.569481,15422.615307,False,未触发
2025-05-01,固定电价,18:00,-14.008242,-189.166263,35.404561,4652.731200,4560.976675,False,未触发
2025-05-02,固定电价,06:00,-8774.158639,-13003.226110,22.665911,17500.615831,20198.986786,False,未触发
2025-05-02,固定电价,12:00,-11210.452767,-17247.085065,22.665911,7757.271214,11433.158273,False,未触发
2025-05-02,固定电价,18:00,-6399.694370,-9815.527515,22.665911,2238.296212,4546.180494,False,未触发
2025-05-03,固定电价,06:00,-9733.181566,-14392.992064,21.438409,12960.273324,15863.532050,False,未触发
2025-05-03,固定电价,12:00,-10784.311928,-16673.624285,21.438409,7394.697680,10986.351111,False,未触发
2025-05-03,固定电价,18:00,-6010.008144,-9302.884241,21.438409,2253.695535,4520.066064,False,未触发
2025-05-04,固定电价,06:00,-6958.655888,-10099.272377,37.400169,23377.266744,25759.366646,False,未触发
2025-05-04,固定电价,12:00,-6026.462769,-9088.947848,37.400169,12596.344115,14643.592124,False,未触发
2025-05-04,固定电价,18:00,73.681473,-250.971393,37.400169,4679.138586,4493.801899,False,未触发
2025-05-05,固定电价,06:00,-8036.281404,-11018.971975,38.971723,24110.638669,25967.670384,False,未触发
2025-05-05,固定电价,12:00,-8888.212288,-13783.390571,38.971723,12456.508845,15791.761450,False,未触发
2025-05-05,固定电价,18:00,-366.878052,-430.874280,38.971723,4493.888829,4465.560171,False,未触发
2025-05-06,固定电价,06:00,8009.670925,-628.291691,33.412929,31773.826839,26031.025590,True,可靠性
2025-05-06,固定电价,12:00,-130.568017,-1570.009690,33.412929,13806.588961,14853.848888,False,未触发
2025-05-06,固定电价,18:00,377.786008,42.875159,33.412929,4604.352608,4449.600288,True,经济性
2025-05-07,固定电价,06:00,5614.906871,-1037.667847,35.603722,30280.024906,25904.695051,True,可靠性
2025-05-07,固定电价,12:00,-3750.330778,-7092.782304,35.603722,14355.934476,16623.561661,False,未触发
2025-05-07,固定电价,18:00,-341.740473,-365.316310,35.603722,4432.341708,4443.285131,False,未触发
2025-05-08,固定电价,06:00,-10543.869771,-16173.158670,38.568009,22435.397950,26260.883852,False,未触发
2025-05-08,固定电价,12:00,-2425.464027,-3352.379227,38.568009,15101.591765,15655.728996,False,未触发
2025-05-08,固定电价,18:00,-586.776133,-1311.080782,38.568009,4786.065795,4408.056013,True,可靠性
2025-05-09,固定电价,06:00,-7490.041272,-11081.331234,21.429198,11231.572359,13414.540127,False,未触发
2025-05-09,固定电价,12:00,-10154.586104,-15616.015105,21.429198,6661.753424,10008.933082,False,未触发
2025-05-09,固定电价,18:00,-6020.211845,-9231.958087,21.429198,2181.891632,4369.932975,False,未触发
2025-05-10,固定电价,06:00,-5186.964162,-6952.551330,20.781946,17451.933931,18494.458120,False,未触发
2025-05-10,固定电价,12:00,-8105.905042,-12390.253176,20.781946,7634.211628,10258.171262,False,未触发
2025-05-10,固定电价,18:00,-6000.253672,-9329.612333,20.781946,2030.011490,4344.555134,False,未触发
2025-05-11,固定电价,06:00,1988.927963,-1740.354404,37.413314,28324.290901,25990.804661,True,可靠性
2025-05-11,固定电价,12:00,-3577.493952,-6650.337003,37.413314,12883.352331,15159.946949,False,未触发
2025-05-11,固定电价,18:00,56.678830,-210.789888,37.413314,4169.076432,4324.487302,False,未触发
2025-05-12,固定电价,06:00,8138.730266,-894.484452,33.386244,32953.802829,25986.468770,True,可靠性
2025-05-12,固定电价,12:00,-898.349488,-3284.442456,33.386244,13438.514165,15123.402059,False,未触发
2025-05-12,固定电价,18:00,-404.151292,-517.378493,33.386244,4205.291857,4270.867912,False,未触发
2025-05-13,固定电价,06:00,-13186.959002,-19999.410226,38.838826,20669.308484,25826.544896,False,未触发
2025-05-13,固定电价,12:00,-502.025515,-2386.927141,38.838826,15429.350452,14544.479987,True,可靠性
2025-05-13,固定电价,18:00,116.789175,-82.010908,38.838826,4380.006374,4271.174930,False,未触发
2025-05-14,固定电价,06:00,104.362992,-2000.783125,38.440163,27654.707572,26113.533392,True,可靠性
2025-05-14,固定电价,12:00,-5623.771071,-8929.911156,38.440163,11984.969426,14250.655556,False,未触发
2025-05-14,固定电价,18:00,176.158937,94.227535,38.440163,4286.367276,4244.473560,True,经济性
2025-05-15,固定电价,06:00,2606.356869,-1390.447919,38.114330,28627.050939,25845.408800,True,可靠性
2025-05-15,固定电价,12:00,-8790.121931,-14986.581246,38.114330,11491.119520,15722.519138,False,未触发
2025-05-15,固定电价,18:00,275.468280,91.667883,38.114330,4281.837403,4187.524767,True,经济性
2025-05-16,固定电价,06:00,-10310.334876,-15374.758859,21.242675,7961.282602,11055.078408,False,未触发
2025-05-16,固定电价,12:00,-11952.901170,-18880.626296,21.242675,4979.981110,9207.736876,False,未触发
2025-05-16,固定电价,18:00,-6033.600006,-9487.029426,21.242675,1788.636091,4169.628508,False,未触发
2025-05-17,固定电价,06:00,-9440.564819,-13932.840290,21.270505,15209.604420,18202.195055,False,未触发
2025-05-17,固定电价,12:00,-10480.664377,-16468.281490,21.270505,6882.661122,10592.738700,False,未触发
2025-05-17,固定电价,18:00,-5654.534531,-8866.409611,21.270505,1924.417413,4130.270802,False,未触发
2025-05-18,固定电价,06:00,-4445.327972,-5863.244988,39.663638,25266.242231,26242.893756,False,未触发
2025-05-18,固定电价,12:00,-3930.785433,-5418.249984,39.663638,14031.486478,15286.396095,False,未触发
2025-05-18,固定电价,18:00,125.244055,-241.178316,39.663638,4279.849191,4066.455313,False,未触发
2025-05-19,固定电价,06:00,-5901.907830,-8821.846231,36.010310,23936.544102,25912.971468,False,未触发
2025-05-19,固定电价,12:00,337.565321,-912.310153,36.010310,13695.973280,13019.566222,False,未触发
2025-05-19,固定电价,18:00,28.755252,-239.532913,36.010310,4155.836606,4010.547862,False,未触发
2025-05-20,固定电价,06:00,2938.842703,-1487.806625,36.206030,29354.412171,26134.974391,True,可靠性
2025-05-20,固定电价,12:00,-3610.222314,-6204.454238,36.206030,14218.766090,16212.330279,False,未触发
2025-05-20,固定电价,18:00,-24.702300,-51.570625,36.206030,3955.016729,3941.897547,False,未触发
2025-05-21,固定电价,06:00,5048.273658,-1427.745066,34.634260,30424.552815,25943.308070,True,可靠性
2025-05-21,固定电价,12:00,-993.312972,-3118.197750,34.634260,12147.990553,13743.097649,False,未触发
2025-05-21,固定电价,18:00,-140.539052,-325.474443,34.634260,3969.786725,3859.446676,False,未触发
2025-05-22,固定电价,06:00,-2667.893572,-4020.024487,36.761173,24874.810271,25704.455216,False,未触发
2025-05-22,固定电价,12:00,-4812.528306,-7357.128550,36.761173,13766.428337,15492.497575,False,未触发
2025-05-22,固定电价,18:00,-967.631380,-1135.253194,36.761173,3917.229324,3821.001218,False,未触发
2025-05-23,固定电价,06:00,-7125.484795,-10533.935552,20.872275,12122.069470,14277.403520,False,未触发
2025-05-23,固定电价,12:00,-6332.230600,-9113.791483,20.872275,8962.422011,10676.464398,False,未触发
2025-05-23,固定电价,18:00,-5889.320064,-9184.715361,20.872275,1541.806347,3746.979286,False,未触发
2025-05-24,固定电价,06:00,-9117.836360,-13531.133981,21.502088,10020.148686,12729.103149,False,未触发
2025-05-24,固定电价,12:00,-10382.605529,-16484.345986,21.502088,6023.108030,9690.058011,False,未触发
2025-05-24,固定电价,18:00,-5908.666708,-9534.454632,21.502088,1185.872816,3686.594294,False,未触发
2025-05-25,固定电价,06:00,-2916.621301,-3991.226596,37.040048,25125.383737,26094.431515,False,未触发
2025-05-25,固定电价,12:00,-148.131279,-1053.800283,37.040048,13114.583830,12616.746713,False,未触发
2025-05-25,固定电价,18:00,75.738452,-172.989583,37.040048,3746.006991,3600.125658,False,未触发
2025-05-26,固定电价,06:00,1274.817417,-2060.302881,36.603823,28242.783305,25833.068893,True,可靠性
2025-05-26,固定电价,12:00,-355.266524,-1004.797530,36.603823,15638.325702,15842.781689,False,未触发
2025-05-26,固定电价,18:00,485.567029,228.811573,36.603823,3710.243352,3570.157074,True,经济性
2025-05-27,固定电价,06:00,6053.010992,-1659.195592,34.975521,31693.960676,25972.636889,True,可靠性
2025-05-27,固定电价,12:00,-2823.514204,-7377.250080,34.975521,11747.090461,14950.198441,False,未触发
2025-05-27,固定电价,18:00,364.145361,297.200959,34.975521,3517.866545,3556.698360,True,经济性
2025-05-28,固定电价,06:00,-3615.985304,-4860.416165,39.187529,24789.702776,25704.253277,False,未触发
2025-05-28,固定电价,12:00,-1841.652413,-3336.956946,39.187529,12788.237276,13423.829150,False,未触发
2025-05-28,固定电价,18:00,39.643911,-103.407141,39.187529,3621.940000,3538.137685,False,未触发
2025-05-29,固定电价,06:00,4943.433380,-1556.729454,38.990828,30162.399219,25901.353952,True,可靠性
2025-05-29,固定电价,12:00,-3146.738876,-6724.164092,38.990828,11423.910362,13889.828771,False,未触发
2025-05-29,固定电价,18:00,98.746702,-101.270048,38.990828,3449.935056,3569.285498,False,未触发
2025-05-30,固定电价,06:00,-8755.926569,-13021.256366,22.819038,10798.307452,13457.277228,False,未触发
2025-05-30,固定电价,12:00,-10294.584821,-16363.785313,22.819038,5871.376381,9557.503563,False,未触发
2025-05-30,固定电价,18:00,-5471.894397,-8839.811117,22.819038,1317.148049,3563.196978,False,未触发
2025-05-31,固定电价,06:00,-12828.172709,-19976.809227,25.009031,12129.391431,17002.358504,False,未触发
2025-05-31,固定电价,12:00,-15150.196393,-24699.661268,25.009031,3774.547598,9902.773174,False,未触发
2025-05-31,固定电价,18:00,-5641.612197,-9134.256738,25.009031,1095.043527,3451.872438,False,未触发
2025-06-01,固定电价,06:00,1669.351202,-4818.291136,49.436142,29987.561249,25752.166116,True,可靠性
2025-06-01,固定电价,12:00,-12739.319226,-22235.112736,49.436142,9382.556276,15877.281007,False,未触发
2025-06-01,固定电价,18:00,328.377970,-1249.919245,49.436142,2320.716149,3285.451711,False,未触发
2025-06-02,固定电价,06:00,-12012.474967,-16392.838412,50.978492,22030.473870,25663.265447,False,未触发
2025-06-02,固定电价,12:00,-12512.291771,-18054.822508,50.978492,11267.978253,15408.311912,False,未触发
2025-06-02,固定电价,18:00,-101.216474,-2479.333458,50.978492,4614.132545,3274.898251,True,可靠性
2025-06-03,固定电价,06:00,9213.502594,-2717.888006,46.455489,33739.898820,25716.889354,True,可靠性
2025-06-03,固定电价,12:00,-7229.776819,-15856.335625,46.455489,8703.509119,14295.449411,False,未触发
2025-06-03,固定电价,18:00,-766.375523,-1873.276301,46.455489,2642.121440,3306.295136,False,未触发
2025-06-04,固定电价,06:00,-18615.312616,-27162.989773,53.822311,18943.643597,25818.020163,False,未触发
2025-06-04,固定电价,12:00,-13808.282894,-20041.750333,53.822311,11153.300377,15831.354454,False,未触发
2025-06-04,固定电价,18:00,-393.668590,-2285.883038,53.822311,4432.193749,3331.266282,True,可靠性
2025-06-05,固定电价,06:00,10101.904544,-3232.283866,45.793106,34526.612591,25638.248685,True,可靠性
2025-06-05,固定电价,12:00,-5389.272525,-11837.908519,45.793106,10985.947849,15517.496288,False,未触发
2025-06-05,固定电价,18:00,-198.143025,-1666.279210,45.793106,2522.074404,3413.530191,False,未触发
2025-06-06,固定电价,06:00,-10752.524645,-17227.784491,29.929192,16895.408857,21504.796663,False,未触发
2025-06-06,固定电价,12:00,-13704.447498,-21347.495385,29.929192,8069.677918,12823.828811,False,未触发
2025-06-06,固定电价,18:00,-4674.435117,-7018.949515,29.929192,2017.110871,3465.782542,False,未触发
2025-06-07,固定电价,06:00,-21790.218477,-35054.565782,32.206529,14062.337749,24090.407043,False,未触发
2025-06-07,固定电价,12:00,-10851.079280,-16962.156405,32.206529,8220.221571,12226.262043,False,未触发
2025-06-07,固定电价,18:00,-3485.534322,-5586.263292,32.206529,1883.512764,3196.441533,False,未触发
2025-06-08,固定电价,06:00,-2368.950315,-5102.019754,44.635727,26396.930226,25024.000565,True,可靠性
2025-06-08,固定电价,12:00,-4461.080185,-8983.497242,44.635727,11648.783396,14947.231539,False,未触发
2025-06-08,固定电价,18:00,202.954174,-6.567615,44.635727,2842.532767,2967.031042,False,未触发
2025-06-09,固定电价,06:00,-2819.717835,-3656.627107,51.501541,25121.911164,25061.570828,False,未触发
2025-06-09,固定电价,12:00,-8701.462139,-12306.925769,51.501541,12597.754037,15320.559434,False,未触发
2025-06-09,固定电价,18:00,-890.640903,-1752.321527,51.501541,3539.528028,3007.798980,True,可靠性
2025-06-10,固定电价,06:00,2565.951254,-3687.607732,47.151352,29098.240485,25218.825750,True,可靠性
2025-06-10,固定电价,12:00,-2742.724288,-5763.869518,47.151352,13197.373596,15380.465307,False,未触发
2025-06-10,固定电价,18:00,-76.693560,-977.486817,47.151352,2540.741524,3072.549293,False,未触发
2025-06-11,固定电价,06:00,-2281.583905,-5327.914480,52.191181,27097.105434,25095.073113,True,可靠性
2025-06-11,固定电价,12:00,-1312.388597,-3134.930079,52.191181,14069.580553,15303.192739,False,未触发
2025-06-11,固定电价,18:00,902.258655,-739.946209,52.191181,4006.244221,3146.435507,True,可靠性
2025-06-12,固定电价,06:00,4214.340823,-3026.759970,50.659541,29666.469901,25207.080027,True,可靠性
2025-06-12,固定电价,12:00,-7436.116753,-14208.814728,50.659541,10786.081116,15505.820352,False,未触发
2025-06-12,固定电价,18:00,-701.928839,-1476.885969,50.659541,2787.945619,3250.596000,False,未触发
2025-06-13,固定电价,06:00,-11546.693864,-18356.427201,29.475924,17943.851210,22793.737643,False,未触发
2025-06-13,固定电价,12:00,-11823.186402,-18880.280246,29.475924,6601.096189,10968.659433,False,未触发
2025-06-13,固定电价,18:00,-4273.033957,-6806.151521,29.475924,1569.298551,3235.921315,False,未触发
2025-06-14,固定电价,06:00,-8750.322499,-14320.587036,30.096517,16347.254159,20441.371880,False,未触发
2025-06-14,固定电价,12:00,-13153.521928,-21218.930853,30.096517,5015.872077,10204.756512,False,未触发
2025-06-14,固定电价,18:00,-4430.036956,-7176.796818,30.096517,1259.408688,3093.050979,False,未触发
2025-06-15,固定电价,06:00,5959.826781,-2241.771509,46.913346,29983.841040,24834.249040,True,可靠性
2025-06-15,固定电价,12:00,-4477.725991,-8058.745574,46.913346,12276.308299,14901.825770,False,未触发
2025-06-15,固定电价,18:00,84.273667,-196.908728,46.913346,2833.168678,2997.658782,False,未触发
2025-06-16,固定电价,06:00,4639.694148,-2715.178038,49.580169,29410.107815,24706.531368,True,可靠性
2025-06-16,固定电价,12:00,-6804.001860,-11675.818210,49.580169,11387.954000,14864.580185,False,未触发
2025-06-16,固定电价,18:00,-95.467697,-602.652397,49.580169,2707.395839,3011.215083,False,未触发
2025-06-17,固定电价,06:00,6742.440723,-2677.788247,51.366867,30541.868206,24591.720962,True,可靠性
2025-06-17,固定电价,12:00,-7793.740415,-15068.874596,51.366867,9791.350211,14722.854238,False,未触发
2025-06-17,固定电价,18:00,-22.801172,-769.081218,51.366867,2506.345688,2951.546742,False,未触发
2025-06-18,固定电价,06:00,5510.008191,-2672.616475,51.754377,29830.318975,24671.575890,True,可靠性
2025-06-18,固定电价,12:00,-9518.093595,-17563.576760,51.754377,9276.833741,14848.820117,False,未触发
2025-06-18,固定电价,18:00,53.768951,-199.910005,51.754377,2805.073939,2957.462350,False,未触发
2025-06-19,固定电价,06:00,-3035.504389,-6258.311607,48.955815,26340.386859,24824.779431,True,可靠性
2025-06-19,固定电价,12:00,-3218.967830,-5719.101843,48.955815,12843.531507,14715.707039,False,未触发
2025-06-19,固定电价,18:00,154.304217,-561.133521,48.955815,2566.363107,2997.035236,False,未触发
2025-06-20,固定电价,06:00,-7535.593644,-12180.968503,29.855744,15167.712314,18273.696814,False,未触发
2025-06-20,固定电价,12:00,-10897.224089,-17835.627194,29.855744,5303.106083,9676.784787,False,未触发
2025-06-20,固定电价,18:00,-4596.528673,-7478.333916,29.855744,1173.164014,3114.695529,False,未触发
2025-06-21,固定电价,06:00,-4409.455999,-6614.545930,27.867802,19154.717784,20640.950282,False,未触发
2025-06-21,固定电价,12:00,-9320.038201,-15256.141919,27.867802,6303.776191,9949.961923,False,未触发
2025-06-21,固定电价,18:00,-4315.085536,-7017.957348,27.867802,1163.031836,2991.638039,False,未触发
2025-06-22,固定电价,06:00,-1978.913475,-5442.481915,47.505549,26429.599673,24460.713879,True,可靠性
2025-06-22,固定电价,12:00,-4266.111721,-8813.416307,47.505549,11185.542118,14388.792656,False,未触发
2025-06-22,固定电价,18:00,131.077981,-76.243032,47.505549,2743.258948,2865.783614,False,未触发
2025-06-23,固定电价,06:00,3348.928804,-2035.653949,49.389301,27877.596182,24641.622555,True,可靠性
2025-06-23,固定电价,12:00,-3680.566959,-8124.136227,49.389301,10751.024697,13882.110924,False,未触发
2025-06-23,固定电价,18:00,115.960240,-406.664540,49.389301,2637.187036,2942.494159,False,未触发
2025-06-24,固定电价,06:00,-6411.455950,-8169.810872,57.316701,23605.203336,24759.853864,False,未触发
2025-06-24,固定电价,12:00,-9883.284997,-14972.331931,57.316701,10912.387760,14486.781462,False,未触发
2025-06-24,固定电价,18:00,-23.869442,-725.712359,57.316701,3475.331339,3044.311933,True,可靠性
2025-06-25,固定电价,06:00,2990.141967,-2848.549871,50.276858,28417.053138,24805.587684,True,可靠性
2025-06-25,固定电价,12:00,-3736.659869,-7190.656458,50.276858,12174.204435,14736.450233,False,未触发
2025-06-25,固定电价,18:00,139.894439,-519.352300,50.276858,2705.426773,3097.230201,False,未触发
2025-06-26,固定电价,06:00,-289.316532,-3692.580260,48.993591,26963.311035,24980.762789,True,可靠性
2025-06-26,固定电价,12:00,-2429.867218,-4785.825992,48.993591,12950.653032,14840.465568,False,未触发
2025-06-26,固定电价,18:00,275.860447,216.811329,48.993591,3194.546548,3165.574652,True,经济性
2025-06-27,固定电价,06:00,-10364.944306,-16691.261022,30.303617,13208.078796,17524.385480,False,未触发
2025-06-27,固定电价,12:00,-15228.308412,-25295.218896,30.303617,2866.012003,9310.257873,False,未触发
2025-06-27,固定电价,18:00,-5238.514022,-8537.687437,30.303617,925.797845,3164.244943,False,未触发
2025-06-28,固定电价,06:00,-5882.812584,-8990.259677,29.864583,18942.039955,20979.043784,False,未触发
2025-06-28,固定电价,12:00,-11535.168106,-18806.017813,29.864583,6134.983694,10629.535635,False,未触发
2025-06-28,固定电价,18:00,-5167.840246,-8439.615744,29.864583,863.111553,3073.748533,False,未触发
2025-06-29,固定电价,06:00,2250.610966,-4501.150689,48.259734,28625.287163,24421.361776,True,可靠性
2025-06-29,固定电价,12:00,-3734.978170,-7432.723535,48.259734,11654.177163,14317.744884,False,未触发
2025-06-29,固定电价,18:00,118.123235,-678.790095,48.259734,2536.071974,3000.563450,False,未触发
2025-06-30,固定电价,06:00,-6652.617462,-9025.148959,52.906328,22819.676298,24547.060755,False,未触发
2025-06-30,固定电价,12:00,-7081.366620,-10346.272901,52.906328,11938.511542,14418.964617,False,未触发
2025-06-30,固定电价,18:00,22.097352,-540.750198,52.906328,3384.434997,3058.410875,True,可靠性
2025-07-01,固定电价,06:00,28265.194708,-72.996687,46.094271,44475.882898,24487.997884,True,可靠性
2025-07-01,固定电价,12:00,-2783.331147,-9676.260628,46.094271,9494.857420,14181.277421,False,未触发
2025-07-01,固定电价,18:00,438.812155,-1244.886451,46.094271,2102.015684,3136.373185,False,未触发
2025-07-02,固定电价,06:00,25089.570368,-580.769677,44.135784,42927.381107,24611.941681,True,可靠性
2025-07-02,固定电价,12:00,-3880.726950,-12191.412027,44.135784,8361.313291,13832.874921,False,未触发
2025-07-02,固定电价,18:00,-743.334376,-2651.205806,44.135784,1999.505536,3191.805350,False,未触发
2025-07-03,固定电价,06:00,29309.231573,256.237718,49.584186,44880.332173,24358.006444,True,经济性
2025-07-03,固定电价,12:00,-6110.515338,-16458.194202,49.584186,7610.277334,14468.141586,False,未触发
2025-07-03,固定电价,18:00,-820.697573,-2630.848592,49.584186,2131.925263,3246.823151,False,未触发
2025-07-04,固定电价,06:00,9111.137021,-4139.637750,27.069554,33244.714442,24101.983437,True,可靠性
2025-07-04,固定电价,12:00,-2315.676393,-11435.265644,27.069554,4587.849203,10469.664983,False,未触发
2025-07-04,固定电价,18:00,-176.591639,-3511.463848,27.069554,1159.761241,3387.799876,False,未触发
2025-07-05,固定电价,06:00,3742.090446,-3720.862724,27.344986,28047.079541,23092.119453,True,可靠性
2025-07-05,固定电价,12:00,-5776.703355,-12932.487504,27.344986,5243.687360,9609.601586,False,未触发
2025-07-05,固定电价,18:00,-2516.352910,-5636.591753,27.344986,1142.576022,3230.396640,False,未触发
2025-07-06,固定电价,06:00,36416.465501,4378.801531,47.157012,47198.658827,23344.374056,True,经济性
2025-07-06,固定电价,12:00,-5122.776280,-12041.558310,47.157012,9148.166849,13759.941000,False,未触发
2025-07-06,固定电价,18:00,-1919.404322,-3935.843452,47.157012,1711.482769,3005.867453,False,未触发
2025-07-07,固定电价,06:00,18655.273737,-2962.260138,47.540185,38392.822744,23753.050303,True,可靠性
2025-07-07,固定电价,12:00,-1814.012763,-6155.456179,47.540185,10456.357015,13419.742227,False,未触发
2025-07-07,固定电价,18:00,24.677561,-2306.389693,47.540185,1610.909679,3132.091436,False,未触发
2025-07-08,固定电价,06:00,15175.022029,-3360.042791,50.224442,35891.763681,23866.980322,True,可靠性
2025-07-08,固定电价,12:00,-2982.656958,-7009.725393,50.224442,10210.580688,12708.446936,False,未触发
2025-07-08,固定电价,18:00,-568.771571,-2550.277754,50.224442,2187.711472,3381.546634,False,未触发
2025-07-09,固定电价,06:00,16335.687144,-3688.193506,50.053832,37170.653705,24095.519809,True,可靠性
2025-07-09,固定电价,12:00,-5461.861560,-12093.195844,50.053832,9709.441498,14181.663303,False,未触发
2025-07-09,固定电价,18:00,-355.851581,-2024.783156,50.053832,2634.862037,3626.397564,False,未触发
2025-07-10,固定电价,06:00,23229.827753,-1421.386156,46.163098,41116.498720,24407.824325,True,可靠性
2025-07-10,固定电价,12:00,-3306.140137,-10717.516844,46.163098,9054.602991,13654.969464,False,未触发
2025-07-10,固定电价,18:00,-260.814608,-2383.892962,46.163098,2585.086810,3854.313944,False,未触发
2025-07-11,固定电价,06:00,4212.754560,-2947.058572,31.093661,29028.877963,24503.730992,True,可靠性
2025-07-11,固定电价,12:00,-6240.320761,-14564.561118,31.093661,5506.693868,10654.406982,False,未触发
2025-07-11,固定电价,18:00,-1603.072811,-5501.702020,31.093661,1509.849968,4059.821945,False,未触发
2025-07-12,固定电价,06:00,5990.872770,-4296.887868,28.643685,30274.423150,23737.414800,True,可靠性
2025-07-12,固定电价,12:00,-807.797392,-6463.864089,28.643685,7601.360689,11067.502502,False,未触发
2025-07-12,固定电价,18:00,-818.328545,-4195.520532,28.643685,1630.620799,3807.484953,False,未触发
2025-07-13,固定电价,06:00,7188.215271,-4947.270870,50.770464,30993.578746,23414.405349,True,可靠性
2025-07-13,固定电价,12:00,-7515.910189,-14282.868349,50.770464,7749.696166,11857.436821,False,未触发
2025-07-13,固定电价,18:00,-1363.927955,-3292.204627,50.770464,2479.297812,3617.475939,False,未触发
2025-07-14,固定电价,06:00,16019.481941,-3379.256884,46.783209,36505.969660,23656.777955,True,可靠性
2025-07-14,固定电价,12:00,-2067.593720,-6453.211336,46.783209,10381.976572,13166.503425,False,未触发
2025-07-14,固定电价,18:00,204.433445,-1208.868880,46.783209,2913.965516,3763.697859,False,未触发
2025-07-15,固定电价,06:00,7383.150960,-3962.679581,49.747696,30753.200613,23803.072260,True,可靠性
2025-07-15,固定电价,12:00,-4227.686356,-9733.391224,49.747696,10668.593438,14392.120521,False,未触发
2025-07-15,固定电价,18:00,-311.983821,-1446.250723,49.747696,3116.438162,3786.332309,False,未触发
2025-07-16,固定电价,06:00,9921.162345,-4094.336780,49.183396,32462.254295,23684.867442,True,可靠性
2025-07-16,固定电价,12:00,-688.365392,-3322.840199,49.183396,11967.866511,13734.774991,False,未触发
2025-07-16,固定电价,18:00,173.037559,-1099.109252,49.183396,2978.897867,3726.022658,False,未触发
2025-07-17,固定电价,06:00,18814.005705,-3067.893338,47.747232,38431.943459,23564.339727,True,可靠性
2025-07-17,固定电价,12:00,-1488.764719,-7426.666801,47.747232,9284.086805,12995.875426,False,未触发
2025-07-17,固定电价,18:00,203.395347,-1214.444317,47.747232,2698.823683,3535.092725,False,未触发
2025-07-18,固定电价,06:00,-2328.898545,-3349.929989,35.078434,23391.636721,23032.116556,False,未触发
2025-07-18,固定电价,12:00,-9908.428145,-16624.617732,35.078434,5908.140891,9867.037679,False,未触发
2025-07-18,固定电价,18:00,-2790.818411,-4500.349121,35.078434,2365.255287,3386.893466,False,未触发
2025-07-19,固定电价,06:00,-6221.076303,-8895.132393,34.589096,13409.345603,15196.475345,False,未触发
2025-07-19,固定电价,12:00,-8690.498242,-14620.045549,34.589096,5715.448794,9252.491502,False,未触发
2025-07-19,固定电价,18:00,-2518.905715,-4057.137544,34.589096,2258.147296,3182.230736,False,未触发
2025-07-20,固定电价,06:00,9864.273315,-4981.192194,51.867479,31264.484960,21986.485629,True,可靠性
2025-07-20,固定电价,12:00,-4446.112001,-10453.929815,51.867479,8029.666082,11849.932565,False,未触发
2025-07-20,固定电价,18:00,80.561450,-1055.262486,51.867479,2291.700880,2967.249047,False,未触发
2025-07-21,固定电价,06:00,6164.740353,-4073.409945,52.999812,28700.385664,22374.149355,True,可靠性
2025-07-21,固定电价,12:00,-932.663521,-2234.990315,52.999812,12327.655977,12582.416797,False,未触发
2025-07-21,固定电价,18:00,141.830940,-1045.179312,52.999812,2286.774495,2999.476228,False,未触发
2025-07-22,固定电价,06:00,24260.892783,-1245.956250,51.388375,39892.544673,22214.736186,True,可靠性
2025-07-22,固定电价,12:00,-840.496195,-9652.837826,51.388375,6417.592086,12083.076355,False,未触发
2025-07-22,固定电价,18:00,94.306754,-611.558147,51.388375,2645.738582,3064.248939,False,未触发
2025-07-23,固定电价,06:00,-6539.294101,-8469.101135,58.590141,21680.000148,22479.488182,False,未触发
2025-07-23,固定电价,12:00,-4104.373881,-6109.380381,58.590141,11956.973167,11790.594999,False,未触发
2025-07-23,固定电价,18:00,509.207961,-2054.648739,58.590141,4667.228498,3115.680448,True,可靠性
2025-07-24,固定电价,06:00,2958.643299,-5113.049414,58.292972,27220.352766,22503.011357,True,可靠性
2025-07-24,固定电价,12:00,-4464.171579,-9767.432628,58.292972,9443.161902,12771.906509,False,未触发
2025-07-24,固定电价,18:00,116.564783,-1133.844259,58.292972,2408.911143,3153.166369,False,未触发
2025-07-25,固定电价,06:00,2667.313495,-2428.299453,33.089567,25551.865342,22350.926681,True,可靠性
2025-07-25,固定电价,12:00,-3802.307250,-9899.817214,33.089567,5792.460592,9507.483822,False,未触发
2025-07-25,固定电价,18:00,-2491.821812,-5846.033887,33.089567,984.525943,3247.934944,False,未触发
2025-07-26,固定电价,06:00,-1033.696947,-1654.684410,33.991702,18526.007258,18302.703907,False,未触发
2025-07-26,固定电价,12:00,-6456.841682,-9907.376209,33.991702,7306.804672,9408.482460,False,未触发
2025-07-26,固定电价,18:00,-4405.024018,-6387.088661,33.991702,1750.319499,3054.542114,False,未触发
2025-07-27,固定电价,06:00,10806.636055,-5004.703175,52.749354,32021.852500,21799.250487,True,可靠性
2025-07-27,固定电价,12:00,-2118.484332,-6708.851631,52.749354,8940.238920,11774.143112,False,未触发
2025-07-27,固定电价,18:00,355.651418,-1262.936685,52.749354,1783.202031,2839.985581,False,未触发
2025-07-28,固定电价,06:00,11968.641164,-4502.627563,54.906311,32417.124276,21914.567062,True,可靠性
2025-07-28,固定电价,12:00,-3636.244856,-8994.294216,54.906311,9085.056633,12476.626395,False,未触发
2025-07-28,固定电价,18:00,127.284274,-957.469476,54.906311,2172.835337,2835.806299,False,未触发
2025-07-29,固定电价,06:00,12775.248255,-3571.154337,54.390130,32762.349391,22075.223477,True,可靠性
2025-07-29,固定电价,12:00,-1774.982090,-4927.647683,54.390130,10340.164779,12411.931382,False,未触发
2025-07-29,固定电价,18:00,117.413604,-788.968152,54.390130,2359.257038,2895.085240,False,未触发
2025-07-30,固定电价,06:00,18499.133135,-2222.352766,50.491619,36819.881526,22434.546599,True,可靠性
2025-07-30,固定电价,12:00,89.985553,-2232.940267,50.491619,10404.525662,11793.002499,False,未触发
2025-07-30,固定电价,18:00,92.647530,-730.766586,50.491619,2458.983400,2948.388199,False,未触发
2025-07-31,固定电价,06:00,8836.038539,-4025.529302,53.387221,30759.385254,22688.543076,True,可靠性
2025-07-31,固定电价,12:00,-1889.805019,-5030.702195,53.387221,10705.456748,12778.626196,False,未触发
2025-07-31,固定电价,18:00,143.385376,-881.264800,53.387221,2401.060088,3011.029297,False,未触发
2025-08-01,固定电价,06:00,-5748.130891,-8710.645093,34.925162,12050.099484,14004.166888,False,未触发
2025-08-01,固定电价,12:00,-12737.979134,-21250.307764,34.925162,3219.663988,8528.874347,False,未触发
2025-08-01,固定电价,18:00,-4541.755293,-7380.251605,34.925162,1171.920373,3072.462967,False,未触发
2025-08-02,固定电价,06:00,-9705.009264,-16042.364973,38.319910,7413.373575,11877.208051,False,未触发
2025-08-02,固定电价,12:00,-12921.641291,-21217.940609,38.319910,3069.045417,8040.891838,False,未触发
2025-08-02,固定电价,18:00,-5041.850607,-8253.649870,38.319910,747.336930,2910.841963,False,未触发
2025-08-03,固定电价,06:00,9160.953578,-4160.690417,47.514729,30528.523492,21851.303883,True,可靠性
2025-08-03,固定电价,12:00,-1762.102439,-8133.480847,47.514729,5476.645120,9388.118544,False,未触发
2025-08-03,固定电价,18:00,397.222106,-834.086795,47.514729,1852.768632,2641.416062,False,未触发
2025-08-04,固定电价,06:00,7089.793943,-2421.470956,51.100958,28667.261863,22423.232069,True,可靠性
2025-08-04,固定电价,12:00,-4958.879224,-10018.922436,51.100958,7079.984315,10188.818951,False,未触发
2025-08-04,固定电价,18:00,118.894229,-79.299199,51.100958,2594.452451,2712.000936,False,未触发
2025-08-05,固定电价,06:00,6528.247175,-1823.973638,51.229021,28098.085221,22859.492098,True,可靠性
2025-08-05,固定电价,12:00,-2531.403966,-6423.641753,51.229021,8210.705682,10576.175837,False,未触发
2025-08-05,固定电价,18:00,173.734578,-422.893997,51.229021,2505.108698,2860.536720,False,未触发
2025-08-06,固定电价,06:00,-6941.501496,-8524.956596,56.840248,21864.769419,23150.619626,False,未触发
2025-08-06,固定电价,12:00,-11952.446050,-19150.263178,56.840248,8195.718892,12946.721371,False,未触发
2025-08-06,固定电价,18:00,-98.118711,-599.014408,56.840248,3283.237771,2980.880002,True,可靠性
2025-08-07,固定电价,06:00,-11382.872273,-16536.772970,56.179183,19814.158419,23738.998679,False,未触发
2025-08-07,固定电价,12:00,-2240.626578,-3958.082336,56.179183,11080.348814,10853.948941,False,未触发
2025-08-07,固定电价,18:00,19.440368,-550.091227,56.179183,3582.137977,3250.112957,True,可靠性
2025-08-08,固定电价,06:00,-8902.597996,-13768.981220,34.287700,8597.649090,11556.266677,False,未触发
2025-08-08,固定电价,12:00,-11414.961621,-18496.031685,34.287700,4460.559185,8772.488914,False,未触发
2025-08-08,固定电价,18:00,-6306.081011,-10192.726075,34.287700,1027.936146,3618.591189,False,未触发
2025-08-09,固定电价,06:00,-10196.880310,-15905.507369,34.612649,8839.735672,12358.491171,False,未触发
2025-08-09,固定电价,12:00,-12005.387354,-19513.434750,34.612649,4092.848614,8738.722454,False,未触发
2025-08-09,固定电价,18:00,-6511.150198,-10570.456466,34.612649,560.605365,3264.057938,False,未触发
2025-08-10,固定电价,06:00,-6509.799401,-9716.470736,52.898772,21145.453189,23375.365276,False,未触发
2025-08-10,固定电价,12:00,-10105.337490,-15736.852384,52.898772,9849.746539,13674.516469,False,未触发
2025-08-10,固定电价,18:00,-54.350255,-382.188294,52.898772,3293.020002,3087.274407,True,可靠性
2025-08-11,固定电价,06:00,1020.168506,-1542.003680,50.394349,25668.264097,24122.118036,True,可靠性
2025-08-11,固定电价,12:00,-1561.253700,-2535.191956,50.394349,12355.374853,12998.675241,False,未触发
2025-08-11,固定电价,18:00,172.455294,164.181241,50.394349,3462.409486,3465.269817,True,经济性
2025-08-12,固定电价,06:00,-5443.843001,-7020.665461,55.250426,23558.957299,24810.534573,False,未触发
2025-08-12,固定电价,12:00,-4218.551752,-5933.142936,55.250426,12520.467387,13665.922849,False,未触发
2025-08-12,固定电价,18:00,51.267729,-140.550451,55.250426,3800.291140,3687.646742,False,未触发
2025-08-13,固定电价,06:00,-1035.430212,-1442.824400,49.932087,25452.434882,25240.101242,False,未触发
2025-08-13,固定电价,12:00,-2277.107823,-2940.387230,49.932087,14713.110592,15153.893875,False,未触发
2025-08-13,固定电价,18:00,39.259633,-114.939839,49.932087,3932.696702,3846.515625,False,未触发
2025-08-14,固定电价,06:00,4203.480334,-1343.312187,51.820775,29247.152431,25712.037084,True,可靠性
2025-08-14,固定电价,12:00,-5234.586930,-8666.107680,51.820775,12039.659496,14437.375295,False,未触发
2025-08-14,固定电价,18:00,63.531707,-89.786347,51.820775,3911.181534,4001.017365,False,未触发
2025-08-15,固定电价,06:00,-15150.821523,-23892.984303,37.516299,7864.901300,13813.377849,False,未触发
2025-08-15,固定电价,12:00,-17809.205688,-28481.328711,37.516299,3475.721427,10002.483590,False,未触发
2025-08-15,固定电价,18:00,-7592.445554,-12027.969549,37.516299,1162.642331,4089.076381,False,未触发
2025-08-16,固定电价,06:00,-17978.386322,-28230.567297,37.563260,6018.914809,12949.784998,False,未触发
2025-08-16,固定电价,12:00,-20825.596815,-33813.562166,37.563260,2260.383555,10008.423516,False,未触发
2025-08-16,固定电价,18:00,-7778.756179,-12363.286036,37.563260,915.636637,3962.954009,False,未触发
2025-08-17,固定电价,06:00,-11485.367814,-17867.314573,53.088365,20742.676919,25065.359914,False,未触发
2025-08-17,固定电价,12:00,-4633.209361,-6538.168028,53.088365,11488.889931,12675.674966,False,未触发
2025-08-17,固定电价,18:00,-607.793457,-907.971445,53.088365,3734.499883,3908.810809,False,未触发
2025-08-18,固定电价,06:00,-3440.090313,-4788.861088,52.435710,24469.734737,25292.626197,False,未触发
2025-08-18,固定电价,12:00,-6552.901100,-9947.910209,52.435710,11473.145281,13494.708643,False,未触发
2025-08-18,固定电价,18:00,-559.207420,-867.466422,52.435710,3809.619762,3987.430396,False,未触发
2025-08-19,固定电价,06:00,-8447.821431,-13095.345880,51.826106,22608.047984,25533.067172,False,未触发
2025-08-19,固定电价,12:00,-3545.090847,-5246.971300,51.826106,12800.913401,13773.049563,False,未触发
2025-08-19,固定电价,18:00,-1236.175756,-1880.180853,51.826106,3679.649404,4057.778366,False,未触发
2025-08-20,固定电价,06:00,-12692.885027,-19629.548259,56.908586,20372.477247,25711.397925,False,未触发
2025-08-20,固定电价,12:00,-13315.877914,-20810.365317,56.908586,10034.636680,15439.786750,False,未触发
2025-08-20,固定电价,18:00,-1165.952845,-1766.814033,56.908586,3766.158113,4119.045429,False,未触发
2025-08-21,固定电价,06:00,-15276.106655,-23761.784018,54.337258,19843.304645,25925.776999,False,未触发
2025-08-21,固定电价,12:00,-7385.658933,-11150.119999,54.337258,12021.656543,14411.520736,False,未触发
2025-08-21,固定电价,18:00,-1022.436469,-1552.316998,54.337258,3875.558918,4186.348556,False,未触发
2025-08-22,固定电价,06:00,-15529.789209,-23974.373077,35.786248,8139.309438,13779.922678,False,未触发
2025-08-22,固定电价,12:00,-19098.273811,-30522.717955,35.786248,3921.306938,11217.891782,False,未触发
2025-08-22,固定电价,18:00,-8267.931833,-13022.700731,35.786248,1052.927208,4231.098983,False,未触发
2025-08-23,固定电价,06:00,-9508.320638,-14172.335201,34.033422,10716.956620,13596.285508,False,未触发
2025-08-23,固定电价,12:00,-11661.597592,-18169.238273,34.033422,6262.722766,10238.119975,False,未触发
2025-08-23,固定电价,18:00,-8210.274775,-12933.804141,34.033422,990.738059,4161.318371,False,未触发
2025-08-24,固定电价,06:00,-16130.963594,-25446.025965,52.106832,18339.556868,24720.536400,False,未触发
2025-08-24,固定电价,12:00,-5703.366954,-8750.485574,52.106832,12179.232776,14359.469590,False,未触发
2025-08-24,固定电价,18:00,-927.759660,-1411.747579,52.106832,3846.117837,4129.009106,False,未触发
2025-08-25,固定电价,06:00,-32023.117413,-50752.215690,66.106483,11782.249862,25299.288221,False,未触发
2025-08-25,固定电价,12:00,-21684.104350,-33810.416261,66.106483,7330.308687,15588.665626,False,未触发
2025-08-25,固定电价,18:00,-1521.574269,-2310.571099,66.106483,3695.601693,4157.753279,False,未触发
2025-08-26,固定电价,06:00,-8582.142863,-12624.369129,53.087834,22798.265356,25178.434106,False,未触发
2025-08-26,固定电价,12:00,-10921.503340,-16837.687506,53.087834,11473.710405,15448.596816,False,未触发
2025-08-26,固定电价,18:00,-1424.699260,-2172.673320,53.087834,3736.162901,4174.618685,False,未触发
2025-08-27,固定电价,06:00,-3805.803639,-6988.619101,53.697117,27462.208536,25282.248342,True,可靠性
2025-08-27,固定电价,12:00,-2675.993060,-6463.768601,53.697117,12409.771560,15146.975049,False,未触发
2025-08-27,固定电价,18:00,704.820424,445.564743,53.697117,4303.592346,4156.395744,True,经济性
2025-08-28,固定电价,06:00,959.509405,-3727.701961,52.185173,28180.438491,25182.329833,True,可靠性
2025-08-28,固定电价,12:00,-4116.975411,-7816.381273,52.185173,13404.150482,15825.106784,False,未触发
2025-08-28,固定电价,18:00,506.805776,374.810757,52.185173,4210.220813,4140.869612,True,经济性
2025-08-29,固定电价,06:00,-18698.865904,-29803.652254,38.730758,4299.998215,11865.524047,False,未触发
2025-08-29,固定电价,12:00,-19485.188266,-31132.676378,38.730758,3024.356121,10314.631096,False,未触发
2025-08-29,固定电价,18:00,-8780.085684,-13862.307932,38.730758,726.474025,4128.857480,False,未触发
2025-08-30,固定电价,06:00,-15191.713233,-23348.246855,37.518429,7951.969923,13253.151127,False,未触发
2025-08-30,固定电价,12:00,-20851.414675,-33277.239477,37.518429,3459.232178,11164.560010,False,未触发
2025-08-30,固定电价,18:00,-8905.562159,-14057.814257,37.518429,726.141681,4184.229420,False,未触发
2025-08-31,固定电价,06:00,-10645.514083,-15473.431745,52.724208,22020.093079,25096.819582,False,未触发
2025-08-31,固定电价,12:00,-13973.708379,-21412.822130,52.724208,11231.681863,16008.740646,False,未触发
2025-08-31,固定电价,18:00,-1977.045499,-3004.742116,52.724208,3605.731008,4210.423535,False,未触发
2025-09-01,固定电价,06:00,-42764.096455,-69549.159124,58.531557,3833.539820,22877.562990,False,未触发
2025-09-01,固定电价,12:00,-15628.469361,-24028.187070,58.531557,7616.433835,13113.869120,False,未触发
2025-09-01,固定电价,18:00,-6309.454418,-9857.258979,58.531557,1935.444968,4176.126857,False,未触发
2025-09-02,固定电价,06:00,-25836.563074,-40301.010585,52.397359,14714.966416,24559.687130,False,未触发
2025-09-02,固定电价,12:00,-9618.360561,-14502.686120,52.397359,10246.501886,13160.230485,False,未触发
2025-09-02,固定电价,18:00,-5840.744303,-9120.528470,52.397359,2077.112334,4122.402048,False,未触发
2025-09-03,固定电价,06:00,-32839.997103,-53371.697198,55.584647,7128.675788,21898.266919,False,未触发
2025-09-03,固定电价,12:00,-13605.344467,-20875.254099,55.584647,8672.875002,13232.213795,False,未触发
2025-09-03,固定电价,18:00,-6208.701566,-9718.913335,55.584647,1805.551746,4046.796739,False,未触发
2025-09-04,固定电价,06:00,-28187.394091,-45650.910777,54.951663,7158.793133,19737.412182,False,未触发
2025-09-04,固定电价,12:00,-15347.095814,-23998.408008,54.951663,7272.163934,12994.603676,False,未触发
2025-09-04,固定电价,18:00,-6250.940761,-9801.878768,54.951663,1689.739296,3973.572719,False,未触发
2025-09-05,固定电价,06:00,-19729.676616,-31265.462307,35.820617,2351.670519,9901.306982,False,未触发
2025-09-05,固定电价,12:00,-19489.229501,-31383.462919,35.820617,1702.669506,9416.193775,False,未触发
2025-09-05,固定电价,18:00,-8727.572487,-13875.984658,35.820617,481.482144,3915.533855,False,未触发
2025-09-06,固定电价,06:00,-18683.260218,-29439.954242,35.858177,4328.920624,11382.276687,False,未触发
2025-09-06,固定电价,12:00,-18524.605264,-29666.188700,35.858177,2391.726537,9590.769519,False,未触发
2025-09-06,固定电价,18:00,-8763.682441,-13924.406960,35.858177,534.075681,3987.593942,False,未触发
2025-09-07,固定电价,06:00,-22903.570870,-35500.118764,52.543299,16190.628608,24774.480070,False,未触发
2025-09-07,固定电价,12:00,-12626.423903,-19529.022124,52.543299,10354.823649,14922.127294,False,未触发
2025-09-07,固定电价,18:00,-5767.299632,-9016.401551,52.543299,2069.528846,4116.751107,False,未触发
2025-09-08,固定电价,06:00,-37095.960425,-59011.382253,57.954210,8551.356115,24342.619780,False,未触发
2025-09-08,固定电价,12:00,-8795.475622,-12987.739817,57.954210,11729.643420,14222.618926,False,未触发
2025-09-08,固定电价,18:00,-5286.525103,-8257.804349,57.954210,2180.645602,4041.173213,False,未触发
2025-09-09,固定电价,06:00,-18487.070568,-28346.829770,51.047032,15079.937900,21504.538307,False,未触发
2025-09-09,固定电价,12:00,-7210.240681,-10347.255612,51.047032,11113.253564,12929.617578,False,未触发
2025-09-09,固定电价,18:00,-5258.588021,-8212.964577,51.047032,2119.336565,3976.896566,False,未触发
2025-09-10,固定电价,06:00,-40079.427297,-64102.686945,59.225430,6777.091381,23883.919115,False,未触发
2025-09-10,固定电价,12:00,-11773.755157,-17771.222488,59.225430,10147.754435,13984.522219,False,未触发
2025-09-10,固定电价,18:00,-5736.186928,-8995.804770,59.225430,1791.838593,3887.704634,False,未触发
2025-09-11,固定电价,06:00,-32502.305770,-52773.232443,58.752668,6673.643570,19959.786695,False,未触发
2025-09-11,固定电价,12:00,-18918.748190,-29589.524812,58.752668,5519.221226,12041.530780,False,未触发
2025-09-11,固定电价,18:00,-5225.170728,-8222.534033,58.752668,1819.356162,3733.960653,False,未触发
2025-09-12,固定电价,06:00,-18276.935001,-29355.872147,36.760327,1952.119702,9022.970968,False,未触发
2025-09-12,固定电价,12:00,-16339.118443,-26206.499491,36.760327,3233.682096,9564.756237,False,未触发
2025-09-12,固定电价,18:00,-8020.404418,-12938.231125,36.760327,329.390944,3556.744291,False,未触发
2025-09-13,固定电价,06:00,-17473.905451,-27718.063096,36.558166,3815.678927,10623.060121,False,未触发
2025-09-13,固定电价,12:00,-16649.649276,-26745.292032,36.558166,2937.639535,9435.919687,False,未触发
2025-09-13,固定电价,18:00,-8129.169381,-13100.018270,36.558166,371.120982,3656.856347,False,未触发
2025-09-14,固定电价,06:00,-41339.418330,-66405.093211,62.420139,5802.150225,24238.024024,False,未触发
2025-09-14,固定电价,12:00,-14201.836627,-22073.656877,62.420139,9049.870815,14074.585513,False,未触发
2025-09-14,固定电价,18:00,-4769.663452,-7516.797664,62.420139,2065.691735,3796.367869,False,未触发
2025-09-15,固定电价,06:00,-20382.629300,-33141.886059,52.340776,12718.714127,20982.424695,False,未触发
2025-09-15,固定电价,12:00,-9874.522491,-15345.173039,52.340776,9460.329333,13121.245851,False,未触发
2025-09-15,固定电价,18:00,-4988.845277,-7926.564880,52.340776,1692.422917,3589.592933,False,未触发
2025-09-16,固定电价,06:00,-32726.594353,-52605.907267,61.685911,9079.166226,22998.481480,False,未触发
2025-09-16,固定电价,12:00,-15985.499175,-25625.545002,61.685911,5738.048443,11960.775964,False,未触发
2025-09-16,固定电价,18:00,-3689.098593,-5921.493608,61.685911,1711.361939,3140.402981,False,未触发
2025-09-17,固定电价,06:00,-29888.432296,-49150.600420,60.723219,6962.825010,20492.857244,False,未触发
2025-09-17,固定电价,12:00,-15983.878043,-26702.634639,60.723219,2823.871552,9847.825474,False,未触发
2025-09-17,固定电价,18:00,-3221.521254,-5402.245715,60.723219,363.501790,1733.647460,False,未触发
2025-09-18,固定电价,06:00,-12537.564719,-18298.515637,56.216506,15170.272068,18785.031944,False,未触发
2025-09-18,固定电价,12:00,-5818.951885,-8757.387126,56.216506,6954.081678,8708.516224,False,未触发
2025-09-18,固定电价,18:00,-2296.135978,-3905.530921,56.216506,83.945087,687.102261,False,未触发
2025-09-19,固定电价,06:00,-11800.990973,-19687.454926,40.287365,1925.629635,7044.458118,False,未触发
2025-09-19,固定电价,12:00,-11633.921703,-19970.482790,40.287365,306.001229,4410.050826,False,未触发
2025-09-19,固定电价,18:00,-3596.705882,-5405.937915,40.287365,0.000000,491.212504,False,未触发
2025-09-20,固定电价,06:00,-14647.660902,-24718.079377,40.509310,2998.403461,9712.269856,False,未触发
2025-09-20,固定电价,12:00,-13245.587070,-22850.934410,40.509310,287.859985,4991.639181,False,未触发
2025-09-20,固定电价,18:00,-3948.793919,-6120.484551,40.509310,0.000000,706.501715,False,未触发
2025-09-21,固定电价,06:00,-22744.131319,-37205.529223,61.386473,10355.104196,20193.156593,False,未触发
2025-09-21,固定电价,12:00,-9230.690634,-15031.974276,61.386473,4616.009938,8411.291311,False,未触发
2025-09-21,固定电价,18:00,-2305.313876,-3930.940183,61.386473,409.995043,1443.990884,False,未触发
2025-09-22,固定电价,06:00,-29155.419258,-48291.582587,64.105144,6402.222197,19490.319648,False,未触发
2025-09-22,固定电价,12:00,-16019.902572,-27068.069204,64.105144,1987.458538,8875.814150,False,未触发
2025-09-22,固定电价,18:00,-2137.850195,-3632.915605,64.105144,355.590873,1277.844299,False,未触发
2025-09-23,固定电价,06:00,-25414.710512,-41508.315274,62.568678,8072.235029,19401.541929,False,未触发
2025-09-23,固定电价,12:00,-9384.583152,-15398.867969,62.568678,4070.192870,7985.933247,False,未触发
2025-09-23,固定电价,18:00,-1891.417016,-3205.392166,62.568678,349.561781,1130.906286,False,未触发
2025-09-24,固定电价,06:00,-9683.067653,-14100.328680,55.855881,15897.627341,18909.276683,False,未触发
2025-09-24,固定电价,12:00,-1313.847642,-2335.962969,55.855881,9683.053581,9163.021384,True,可靠性
2025-09-24,固定电价,18:00,106.436569,-428.433062,55.855881,698.299585,1039.597079,False,未触发
2025-09-25,固定电价,06:00,-13915.604270,-21978.809407,59.571987,14015.697427,19199.587307,False,未触发
2025-09-25,固定电价,12:00,-4281.890376,-5987.329412,59.571987,7161.090686,8212.050852,False,未触发
2025-09-25,固定电价,18:00,-2100.106253,-3557.381254,59.571987,253.679161,1005.465731,False,未触发
2025-09-26,固定电价,06:00,-18542.573831,-32071.964669,43.151002,1951.320032,9984.848758,False,未触发
2025-09-26,固定电价,12:00,-14347.069466,-24596.746956,43.151002,217.504559,5130.505710,False,未触发
2025-09-26,固定电价,18:00,-4361.271335,-7088.503608,43.151002,0.000000,980.913658,False,未触发
2025-09-27,固定电价,06:00,-10720.712525,-17067.527032,39.322991,7182.222147,11362.428539,False,未触发
2025-09-27,固定电价,12:00,-11713.354329,-19760.259767,39.322991,1643.170348,6660.817769,False,未触发
2025-09-27,固定电价,18:00,-5206.832455,-8773.496938,39.322991,18.904956,1563.336265,False,未触发
2025-09-28,固定电价,06:00,-8091.017492,-10165.437629,59.750376,20271.378789,21384.162751,False,未触发
2025-09-28,固定电价,12:00,-5516.087621,-8546.011652,59.750376,8650.768777,10642.224890,False,未触发
2025-09-28,固定电价,18:00,-2070.324601,-3541.171182,59.750376,847.588154,1813.739211,False,未触发
2025-09-29,固定电价,06:00,-23269.892568,-38104.074483,60.176728,10121.640140,20716.057586,False,未触发
2025-09-29,固定电价,12:00,-9488.321604,-15429.788780,60.176728,6109.798074,10030.145379,False,未触发
2025-09-29,固定电价,18:00,-1167.912461,-1995.953163,60.176728,1157.112530,1709.400070,False,未触发
2025-09-30,固定电价,06:00,-10830.584724,-17138.778732,59.133815,16734.172336,20765.632615,False,未触发
2025-09-30,固定电价,12:00,-6303.945848,-9493.793099,59.133815,8549.872076,10518.056299,False,未触发
2025-09-30,固定电价,18:00,-1288.746691,-2199.245960,59.133815,1083.309001,1689.256531,False,未触发
2025-10-01,固定电价,06:00,-14604.953588,-23872.848874,55.735328,14190.986646,20359.020644,False,未触发
2025-10-01,固定电价,12:00,-6115.825115,-9791.155827,55.735328,6201.686573,8503.742491,False,未触发
2025-10-01,固定电价,18:00,-1317.905077,-2250.968951,55.735328,1036.333937,1656.619007,False,未触发
2025-10-02,固定电价,06:00,-27790.067517,-45651.537248,60.659912,7534.250979,20307.580959,False,未触发
2025-10-02,固定电价,12:00,-11435.533263,-18994.205958,60.659912,3432.828262,8050.037801,False,未触发
2025-10-02,固定电价,18:00,-1404.077043,-2404.122682,60.659912,948.778064,1606.880475,False,未触发
2025-10-03,固定电价,06:00,-11370.602126,-18802.664653,35.844870,3008.096097,7641.279022,False,未触发
2025-10-03,固定电价,12:00,-10984.670410,-18564.015859,35.844870,1211.847224,5926.534232,False,未触发
2025-10-03,固定电价,18:00,-4950.537303,-8382.845086,35.844870,37.978262,1547.325497,False,未触发
2025-10-04,固定电价,06:00,-15386.985797,-26296.244854,40.949475,1920.980469,8345.034397,False,未触发
2025-10-04,固定电价,12:00,-13891.221875,-23361.058253,40.949475,731.343031,6265.029033,False,未触发
2025-10-04,固定电价,18:00,-5092.158666,-8611.376374,40.949475,79.051067,1730.691635,False,未触发
2025-10-05,固定电价,06:00,-25047.800362,-40853.104592,59.552107,9706.284636,20831.401571,False,未触发
2025-10-05,固定电价,12:00,-4110.001518,-6259.454571,59.552107,7568.729636,8902.146640,False,未触发
2025-10-05,固定电价,18:00,-1130.505960,-1926.899471,59.552107,1357.818367,1892.831033,False,未触发
2025-10-06,固定电价,06:00,-474.656281,-2238.394990,50.388887,22119.314212,21032.182517,False,未触发
2025-10-06,固定电价,12:00,-1777.460214,-2763.028314,50.388887,11718.412213,11107.844558,True,可靠性
2025-10-06,固定电价,18:00,904.890660,728.709477,50.388887,1721.749852,1840.834261,True,经济性
2025-10-07,固定电价,06:00,-6042.408552,-9932.828379,52.771288,18621.271100,21222.608548,False,未触发
2025-10-07,固定电价,12:00,-3593.375441,-4796.846793,52.771288,10031.419704,10878.960929,False,未触发
2025-10-07,固定电价,18:00,-683.689389,-1150.049092,52.771288,1521.043770,1836.315119,False,未触发
2025-10-08,固定电价,06:00,-6849.457479,-11226.071974,50.980083,18161.377836,21167.231233,False,未触发
2025-10-08,固定电价,12:00,-5298.018191,-8460.478288,50.980083,9388.952213,11294.031658,False,未触发
2025-10-08,固定电价,18:00,-612.856138,-1005.163642,50.980083,1651.880695,1917.818535,False,未触发
2025-10-09,固定电价,06:00,-26193.284908,-42944.559091,57.119351,9718.151732,21461.143353,False,未触发
2025-10-09,固定电价,12:00,-8723.416037,-14222.689570,57.119351,5270.214017,8745.237250,False,未触发
2025-10-09,固定电价,18:00,-596.604847,-980.863154,57.119351,1731.898018,1992.482316,False,未触发
2025-10-10,固定电价,06:00,-11098.824486,-17862.780507,32.715310,7754.289254,12103.355452,False,未触发
2025-10-10,固定电价,12:00,-13328.589717,-22113.878873,32.715310,2654.553808,8140.646572,False,未触发
2025-10-10,固定电价,18:00,-6312.238011,-10315.128753,32.715310,398.006113,3064.345019,False,未触发
2025-10-11,固定电价,06:00,-10230.667696,-16450.221928,33.208933,9561.251838,13470.340913,False,未触发
2025-10-11,固定电价,12:00,-13295.522746,-21900.227755,33.208933,3178.430135,8648.493345,False,未触发
2025-10-11,固定电价,18:00,-6593.155858,-10764.598314,33.208933,418.407705,3197.545201,False,未触发
2025-10-12,固定电价,06:00,-9643.686262,-14575.314341,50.243682,20820.374910,24014.427418,False,未触发
2025-10-12,固定电价,12:00,-4056.152627,-6119.439656,50.243682,11193.755574,12569.956430,False,未触发
2025-10-12,固定电价,18:00,-934.271538,-1486.330382,50.243682,3057.146348,3387.252729,False,未触发
2025-10-13,固定电价,06:00,-16180.202009,-26044.490257,50.876389,16620.534334,23774.772444,False,未触发
2025-10-13,固定电价,12:00,-10955.832983,-17552.243886,50.876389,8437.225016,12946.241646,False,未触发
2025-10-13,固定电价,18:00,-598.822140,-946.635076,50.876389,3233.821576,3442.396295,False,未触发
2025-10-14,固定电价,06:00,-15774.752135,-25276.252660,53.013021,16563.191301,23766.653418,False,未触发
2025-10-14,固定电价,12:00,-12271.064194,-19237.018031,53.013021,9354.164711,14275.810149,False,未触发
2025-10-14,固定电价,18:00,-157.208508,-245.740673,53.013021,3390.729626,3444.356681,False,未触发
2025-10-15,固定电价,06:00,-19300.726443,-30780.383253,54.399871,15457.664179,23847.896307,False,未触发
2025-10-15,固定电价,12:00,-15179.137892,-23997.887736,54.399871,8221.246608,14346.751115,False,未触发
2025-10-15,固定电价,18:00,-520.922487,-819.138871,54.399871,3170.124185,3350.162512,False,未触发
2025-10-16,固定电价,06:00,-4377.024185,-5824.424326,51.857040,22782.440125,23757.490766,False,未触发
2025-10-16,固定电价,12:00,-8676.419164,-13281.247150,51.857040,11129.092274,14203.077632,False,未触发
2025-10-16,固定电价,18:00,-80.592111,-124.587665,51.857040,3197.564673,3224.160080,False,未触发
2025-10-17,固定电价,06:00,-6516.359099,-9625.228785,29.169899,12316.768019,14324.426736,False,未触发
2025-10-17,固定电价,12:00,-8654.016435,-13660.606502,29.169899,6173.962813,9354.681278,False,未触发
2025-10-17,固定电价,18:00,-5827.559518,-9541.523732,29.169899,448.739764,2957.585611,False,未触发
2025-10-18,固定电价,06:00,-11957.469648,-18930.932257,33.088254,14292.535596,19106.630208,False,未触发
2025-10-18,固定电价,12:00,-16799.380583,-27472.965275,33.088254,2996.590599,9815.441281,False,未触发
2025-10-18,固定电价,18:00,-6444.590677,-10541.970371,33.088254,419.505120,3192.858039,False,未触发
2025-10-19,固定电价,06:00,-6850.401812,-10261.678597,53.054873,22617.770077,24828.119968,False,未触发
2025-10-19,固定电价,12:00,-10616.222734,-16515.225513,53.054873,10754.879968,14786.783203,False,未触发
2025-10-19,固定电价,18:00,-322.990214,-514.932547,53.054873,3373.889301,3488.350720,False,未触发
2025-10-20,固定电价,06:00,-11204.197968,-16782.105729,55.724359,20868.564677,24737.916798,False,未触发
2025-10-20,固定电价,12:00,-11459.168479,-18106.591350,55.724359,9538.436741,13954.990476,False,未触发
2025-10-20,固定电价,18:00,-336.118927,-543.144088,55.724359,3122.434997,3243.913264,False,未触发
2025-10-21,固定电价,06:00,-6068.858392,-8772.353373,54.511337,22952.706612,24627.439900,False,未触发
2025-10-21,固定电价,12:00,-10516.200031,-16245.206732,54.511337,10874.684375,14694.701894,False,未触发
2025-10-21,固定电价,18:00,-162.287175,-262.625515,54.511337,3096.436471,3154.783334,False,未触发
2025-10-22,固定电价,06:00,-7874.365881,-11659.524951,52.090447,21881.072708,24493.229830,False,未触发
2025-10-22,固定电价,12:00,-6212.704481,-9352.760946,52.090447,12553.891176,14635.475862,False,未触发
2025-10-22,固定电价,18:00,-230.695248,-373.094667,52.090447,3024.925790,3108.113288,False,未触发
2025-10-23,固定电价,06:00,-24708.289261,-39207.941110,58.704315,13128.084180,24388.477699,False,未触发
2025-10-23,固定电价,12:00,-8159.189590,-12313.710769,58.704315,10409.644943,13246.509092,False,未触发
2025-10-23,固定电价,18:00,-142.836817,-231.031770,58.704315,3036.298066,3087.800571,False,未触发
2025-10-24,固定电价,06:00,-7751.074518,-11877.292141,30.169016,13967.393742,16648.215747,False,未触发
2025-10-24,固定电价,12:00,-10019.347211,-15875.263130,30.169016,6442.855484,10122.843445,False,未触发
2025-10-24,固定电价,18:00,-5911.482086,-9673.216746,30.169016,508.506174,3062.493974,False,未触发
2025-10-25,固定电价,06:00,-12084.030414,-19390.537532,32.524220,11899.004658,17254.821605,False,未触发
2025-10-25,固定电价,12:00,-12483.509310,-19708.668899,32.524220,5906.139361,10384.489031,False,未触发
2025-10-25,固定电价,18:00,-6019.118679,-9820.469980,32.524220,653.374056,3226.622537,False,未触发
2025-10-26,固定电价,06:00,-16421.252400,-25700.363065,54.654186,17617.826863,24831.693824,False,未触发
2025-10-26,固定电价,12:00,-2492.430092,-3367.781268,54.654186,13192.651620,13750.087940,False,未触发
2025-10-26,固定电价,18:00,-95.338296,-152.931075,54.654186,3261.880362,3295.955350,False,未触发
2025-10-27,固定电价,06:00,5188.929163,-1830.835637,49.942989,29437.501755,24894.723089,True,可靠性
2025-10-27,固定电价,12:00,-2596.902608,-5723.134667,49.942989,12345.234217,14667.848290,False,未触发
2025-10-27,固定电价,18:00,195.339982,45.413531,49.942989,3184.794489,3272.972696,False,未触发
2025-10-28,固定电价,06:00,2903.942797,-3056.690013,50.100850,28615.528498,24805.090694,True,可靠性
2025-10-28,固定电价,12:00,-2921.475801,-5965.034235,50.100850,12921.844692,15201.397551,False,未触发
2025-10-28,固定电价,18:00,205.510332,-56.181397,50.100850,3083.898768,3238.838665,False,未触发
2025-10-29,固定电价,06:00,-5456.354714,-8111.244052,54.619350,23218.512979,24951.342562,False,未触发
2025-10-29,固定电价,12:00,-7359.687561,-11012.389053,54.619350,12426.817916,15139.278397,False,未触发
2025-10-29,固定电价,18:00,-3.842711,-5.730058,54.619350,3208.484918,3207.471532,False,未触发
2025-10-30,固定电价,06:00,-2131.186952,-3067.679089,48.829793,25032.031832,24790.662575,False,未触发
2025-10-30,固定电价,12:00,-2439.796912,-3490.651008,48.829793,14510.965451,14915.389745,False,未触发
2025-10-30,固定电价,18:00,-392.914861,-635.295681,48.829793,3075.306416,3216.861405,False,未触发
2025-10-31,固定电价,06:00,-15936.580426,-25826.722058,33.065356,14932.854840,21681.479212,False,未触发
2025-10-31,固定电价,12:00,-15067.191220,-23939.144834,33.065356,5172.525172,10842.603864,False,未触发
2025-10-31,固定电价,18:00,-5768.209393,-9376.845240,33.065356,820.460661,3256.710470,False,未触发
2025-11-01,固定电价,06:00,-9822.405757,-15428.323020,30.605128,17420.119679,21261.025705,False,未触发
2025-11-01,固定电价,12:00,-11918.902967,-18922.750660,30.605128,6545.645684,10930.667472,False,未触发
2025-11-01,固定电价,18:00,-5675.328146,-9205.143230,30.605128,978.796015,3349.184932,False,未触发
2025-11-02,固定电价,06:00,5025.751423,-1593.732204,53.122955,29423.198281,25283.233792,True,可靠性
2025-11-02,固定电价,12:00,-7713.860930,-13386.149030,53.122955,11532.312301,15477.125209,False,未触发
2025-11-02,固定电价,18:00,199.043835,-58.908211,53.122955,3306.944120,3459.562533,False,未触发
2025-11-03,固定电价,06:00,-6457.528440,-9414.743099,55.782989,23224.778825,25442.911647,False,未触发
2025-11-03,固定电价,12:00,-6847.681357,-10070.497753,55.782989,13221.578812,15680.103286,False,未触发
2025-11-03,固定电价,18:00,-0.514488,-58.299929,55.782989,3572.109983,3538.127207,False,未触发
2025-11-04,固定电价,06:00,1631.175723,-1151.976130,51.891233,27271.642240,25526.813874,True,可靠性
2025-11-04,固定电价,12:00,-4614.788542,-7943.573073,51.891233,12818.330836,15243.716321,False,未触发
2025-11-04,固定电价,18:00,-52.577047,-253.719566,51.891233,3483.938879,3602.255775,False,未触发
2025-11-05,固定电价,06:00,-16004.723684,-25035.907849,56.657904,18878.937431,25569.700706,False,未触发
2025-11-05,固定电价,12:00,-11705.456852,-17819.005479,56.657904,11385.971628,15768.973073,False,未触发
2025-11-05,固定电价,18:00,36.433013,-111.603250,56.657904,3731.331896,3642.643679,False,未触发
2025-11-06,固定电价,06:00,2429.775356,-1469.456727,52.895841,28248.287318,25720.960670,True,可靠性
2025-11-06,固定电价,12:00,-4491.895278,-7656.882302,52.895841,13392.732562,15798.437848,False,未触发
2025-11-06,固定电价,18:00,184.435098,95.827437,52.895841,3659.204243,3711.384086,True,经济性
2025-11-07,固定电价,06:00,-9173.801109,-13963.916206,29.988399,22400.370601,25369.181124,False,未触发
2025-11-07,固定电价,12:00,-9415.903306,-14474.898504,29.988399,7735.386751,10889.119353,False,未触发
2025-11-07,固定电价,18:00,-5795.940962,-9243.765988,29.988399,1561.532577,3821.303111,False,未触发
2025-11-08,固定电价,06:00,-16701.368959,-26883.888091,32.165993,14399.344665,21774.649494,False,未触发
2025-11-08,固定电价,12:00,-10849.659442,-16685.764840,32.165993,7562.449218,11219.640602,False,未触发
2025-11-08,固定电价,18:00,-5895.813167,-9390.537588,32.165993,1594.820970,3888.862674,False,未触发
2025-11-09,固定电价,06:00,-2718.001889,-3490.644980,54.463178,25440.558699,25985.287385,False,未触发
2025-11-09,固定电价,12:00,-4775.198818,-6689.636138,54.463178,14500.468214,16069.895576,False,未触发
2025-11-09,固定电价,18:00,46.518461,-76.488801,54.463178,3987.920819,3919.374543,False,未触发
2025-11-10,固定电价,06:00,2429.911624,-1503.762362,54.962284,28568.677929,26136.532471,True,可靠性
2025-11-10,固定电价,12:00,-4914.004779,-7929.269172,54.962284,13824.650507,16127.950099,False,未触发
2025-11-10,固定电价,18:00,289.062992,88.197410,54.962284,4133.535520,4021.629017,True,经济性
2025-11-11,固定电价,06:00,-5704.283802,-8411.088621,56.140596,24454.675451,26395.610850,False,未触发
2025-11-11,固定电价,12:00,-7310.614376,-10855.835606,56.140596,13886.348812,16521.717457,False,未触发
2025-11-11,固定电价,18:00,66.557406,-105.738432,56.140596,4401.669716,4305.201478,False,未触发
2025-11-12,固定电价,06:00,2568.319664,-1669.468097,53.079936,29280.624589,26554.395246,True,可靠性
2025-11-12,固定电价,12:00,-6340.262097,-11635.661680,53.079936,12790.510449,16588.951120,False,未触发
2025-11-12,固定电价,18:00,625.581881,406.358839,53.079936,4537.507913,4414.796357,True,经济性
2025-11-13,固定电价,06:00,793.340784,-2615.231414,51.694864,28728.603516,26646.062878,True,可靠性
2025-11-13,固定电价,12:00,-2389.933457,-3929.176703,51.694864,15389.575743,16654.284658,False,未触发
2025-11-13,固定电价,18:00,151.599097,150.683739,51.694864,4473.882239,4474.394296,True,经济性
2025-11-14,固定电价,06:00,-14954.216628,-23737.112502,30.725078,17399.194460,23528.387301,False,未触发
2025-11-14,固定电价,12:00,-12515.807420,-19196.785131,30.725078,8642.399998,12792.240497,False,未触发
2025-11-14,固定电价,18:00,-6549.158254,-10157.808738,30.725078,2148.031979,4509.598164,False,未触发
2025-11-15,固定电价,06:00,-23993.588521,-37686.535036,34.453032,16593.265767,26240.885025,False,未触发
2025-11-15,固定电价,12:00,-13336.359075,-20520.391401,34.453032,8211.154446,12683.038295,False,未触发
2025-11-15,固定电价,18:00,-6201.663600,-9599.254294,34.453032,2351.054051,4534.785991,False,未触发
2025-11-16,固定电价,06:00,2999.814051,-1868.326055,53.334559,29678.026205,26579.268347,True,可靠性
2025-11-16,固定电价,12:00,-4430.445845,-8031.700475,53.334559,14056.317783,16691.663760,False,未触发
2025-11-16,固定电价,18:00,317.426263,82.046703,53.334559,4674.525459,4543.638109,True,经济性
2025-11-17,固定电价,06:00,6587.733801,-2181.592344,51.471202,32666.242936,26734.073854,True,可靠性
2025-11-17,固定电价,12:00,-3386.710246,-7278.064209,51.471202,13870.273167,16763.239198,False,未触发
2025-11-17,固定电价,18:00,619.625136,389.056750,51.471202,4713.308027,4584.237876,True,经济性
2025-11-18,固定电价,06:00,-5225.988279,-7554.182087,54.055405,25339.140760,26809.735479,False,未触发
2025-11-18,固定电价,12:00,-4637.813611,-6489.556696,54.055405,15526.933062,16768.556254,False,未触发
2025-11-18,固定电价,18:00,42.560146,-66.218229,54.055405,4670.055688,4609.182704,False,未触发
2025-11-19,固定电价,06:00,7740.881121,-1967.694411,53.399751,33127.914196,26626.916671,True,可靠性
2025-11-19,固定电价,12:00,-4357.246384,-9017.378402,53.399751,13475.855207,16833.634957,False,未触发
2025-11-19,固定电价,18:00,116.807067,-120.019499,53.399751,4505.536443,4638.106021,False,未触发
2025-11-20,固定电价,06:00,1961.067294,-1242.353104,53.106480,28641.009773,26696.372109,True,可靠性
2025-11-20,固定电价,12:00,-2677.304072,-4300.430277,53.106480,15564.226699,16854.711756,False,未触发
2025-11-20,固定电价,18:00,160.114528,122.640470,53.106480,4623.895120,4644.870634,True,经济性
2025-11-21,固定电价,06:00,-8355.914203,-12134.763887,31.107146,24305.679809,26571.524405,False,未触发
2025-11-21,固定电价,12:00,-10955.305082,-16633.178144,31.107146,9619.313877,13076.624870,False,未触发
2025-11-21,固定电价,18:00,-6396.786621,-9868.871333,31.107146,2350.199401,4645.028305,False,未触发
2025-11-22,固定电价,06:00,-22873.284167,-35834.414967,35.214394,17841.109479,26796.774837,False,未触发
2025-11-22,固定电价,12:00,-13863.130576,-21121.558164,35.214394,8477.750556,12992.646172,False,未触发
2025-11-22,固定电价,18:00,-6428.799336,-9917.297243,35.214394,2353.432327,4668.068984,False,未触发
2025-11-23,固定电价,06:00,3721.523930,-2061.195142,53.771540,30715.683332,26937.177125,True,可靠性
2025-11-23,固定电价,12:00,-5834.847537,-10570.672144,53.771540,13540.276640,16947.102810,False,未触发
2025-11-23,固定电价,18:00,193.383883,160.239925,53.771540,4664.497725,4683.069646,True,经济性
2025-11-24,固定电价,06:00,1760.286841,-1450.757186,53.111710,29109.259532,27082.780144,True,可靠性
2025-11-24,固定电价,12:00,-3908.543426,-6777.279746,53.111710,14815.830513,17003.595576,False,未触发
2025-11-24,固定电价,18:00,144.952162,-18.389935,53.111710,4582.428891,4673.849166,False,未触发
2025-11-25,固定电价,06:00,-12060.727431,-18508.265457,61.222982,22512.086374,27115.825963,False,未触发
2025-11-25,固定电价,12:00,-13701.386802,-21169.822163,61.222982,11783.503173,17024.074202,False,未触发
2025-11-25,固定电价,18:00,-50.450143,-115.939993,61.222982,4715.277532,4678.581379,False,未触发
2025-11-26,固定电价,06:00,-1398.475800,-1549.925305,57.090920,27196.500312,27104.525405,False,未触发
2025-11-26,固定电价,12:00,-6669.612366,-9671.351097,57.090920,14676.046515,16916.215559,False,未触发
2025-11-26,固定电价,18:00,88.871564,-138.469349,57.090920,4799.550781,4672.177607,False,未触发
2025-11-27,固定电价,06:00,1805.827765,-1061.031492,55.569593,28893.731009,27162.236757,True,可靠性
2025-11-27,固定电价,12:00,-4636.817756,-8058.287103,55.569593,14398.760205,16930.642693,False,未触发
2025-11-27,固定电价,18:00,235.633906,184.653469,55.569593,4699.047922,4670.473073,True,经济性
2025-11-28,固定电价,06:00,-13854.774663,-21160.665008,33.218229,22501.488964,27042.264419,False,未触发
2025-11-28,固定电价,12:00,-12673.231975,-19382.420631,33.218229,9088.539120,13246.655040,False,未触发
2025-11-28,固定电价,18:00,-6177.606019,-9515.749161,33.218229,2455.940947,4667.562930,False,未触发
2025-11-29,固定电价,06:00,-31977.920330,-50316.829930,39.620006,14029.610972,27379.332248,False,未触发
2025-11-29,固定电价,12:00,-17249.839439,-26383.665423,39.620006,9162.605698,15086.605503,False,未触发
2025-11-29,固定电价,18:00,-6201.156701,-9551.800691,39.620006,2435.740237,4662.023811,False,未触发
2025-11-30,固定电价,06:00,2031.199474,-1802.398222,57.637016,29655.603351,27316.873692,True,可靠性
2025-11-30,固定电价,12:00,-4390.944324,-8158.855918,57.637016,14380.471125,16935.502519,False,未触发
2025-11-30,固定电价,18:00,21.198868,-33.059117,57.637016,4705.670550,4675.264818,False,未触发
2025-12-01,固定电价,06:00,11484.363432,-2877.339335,60.945756,36871.233252,27280.966337,True,可靠性
2025-12-01,固定电价,12:00,-5921.911833,-12148.584350,60.945756,12669.633528,16910.392617,False,未触发
2025-12-01,固定电价,18:00,-106.245122,-968.526571,60.945756,4206.053721,4687.307172,False,未触发
2025-12-02,固定电价,06:00,9552.628506,-3200.542183,62.643550,35729.965364,27231.643082,True,可靠性
2025-12-02,固定电价,12:00,-5927.075859,-11168.063755,62.643550,13287.681307,16912.454934,False,未触发
2025-12-02,固定电价,18:00,-118.451708,-905.200780,62.643550,4250.000346,4688.241846,False,未触发
2025-12-03,固定电价,06:00,19350.288518,-1163.968186,55.824577,41511.639799,27225.977250,True,可靠性
2025-12-03,固定电价,12:00,-2586.173057,-5074.432374,55.824577,15000.880440,16873.553688,False,未触发
2025-12-03,固定电价,18:00,3.670929,-521.071877,55.824577,4390.759126,4682.643665,False,未触发
2025-12-04,固定电价,06:00,7606.733494,-4026.498700,61.560881,35050.312962,27187.828182,True,可靠性
2025-12-04,固定电价,12:00,-6332.874045,-10466.556544,61.560881,14058.112706,16902.636985,False,未触发
2025-12-04,固定电价,18:00,-131.533359,-1045.064949,61.560881,4163.969590,4673.218133,False,未触发
2025-12-05,固定电价,06:00,139.218895,-1064.777678,36.836747,28102.711664,27394.172509,False,未触发
2025-12-05,固定电价,12:00,-5733.922752,-8477.789390,36.836747,13594.938353,15238.587932,False,未触发
2025-12-05,固定电价,18:00,-3587.750276,-5447.227513,36.836747,3588.518425,4676.059866,False,未触发
2025-12-06,固定电价,06:00,-4060.140310,-5756.244485,38.555246,25899.431269,27064.022165,False,未触发
2025-12-06,固定电价,12:00,-6330.044749,-9466.009352,38.555246,13573.151714,15775.159620,False,未触发
2025-12-06,固定电价,18:00,-3246.320948,-4937.491894,38.555246,3745.561756,4696.136583,False,未触发
2025-12-07,固定电价,06:00,1821.404905,-4683.098917,63.280782,30751.712926,26740.539327,True,可靠性
2025-12-07,固定电价,12:00,-3005.340446,-4744.765296,63.280782,15565.111663,16783.358252,False,未触发
2025-12-07,固定电价,18:00,-113.511112,-955.566757,63.280782,4219.906552,4688.506699,False,未触发
2025-12-08,固定电价,06:00,12277.807663,-2287.493065,63.026549,36294.101942,26625.411709,True,可靠性
2025-12-08,固定电价,12:00,-4668.979878,-10293.663474,63.026549,12934.376622,16839.694420,False,未触发
2025-12-08,固定电价,18:00,3.311309,-526.774375,63.026549,4371.887849,4667.041052,False,未触发
2025-12-09,固定电价,06:00,4809.512567,-4074.534292,62.506452,32359.066781,26689.768292,True,可靠性
2025-12-09,固定电价,12:00,-3639.675788,-6492.200922,62.506452,14721.296894,16816.855970,False,未触发
2025-12-09,固定电价,18:00,-151.127261,-903.141066,62.506452,4263.162444,4681.954102,False,未触发
2025-12-10,固定电价,06:00,14737.566650,-1860.113121,59.948667,38024.276320,26713.155196,True,可靠性
2025-12-10,固定电价,12:00,-3996.894859,-8287.888941,59.948667,13770.404620,16781.466020,False,未触发
2025-12-10,固定电价,18:00,-193.203096,-1034.513532,59.948667,4205.096153,4673.710807,False,未触发
2025-12-11,固定电价,06:00,2778.877168,-3496.991985,62.249706,30924.119774,26799.071110,True,可靠性
2025-12-11,固定电价,12:00,-3920.051919,-5960.887882,62.249706,15244.830259,16847.751371,False,未触发
2025-12-11,固定电价,18:00,-85.372435,-571.657939,62.249706,4400.088010,4671.060663,False,未触发
2025-12-12,固定电价,06:00,515.937761,-907.405114,38.046277,27722.533149,26883.132242,False,未触发
2025-12-12,固定电价,12:00,-6334.256909,-9394.686038,38.046277,14506.809820,16793.919675,False,未触发
2025-12-12,固定电价,18:00,-3510.214163,-5331.542776,38.046277,3607.223507,4663.576232,False,未触发
2025-12-13,固定电价,06:00,-2980.003417,-3963.041652,39.007584,26976.022025,26753.099272,False,未触发
2025-12-13,固定电价,12:00,-3013.380504,-4375.094570,39.007584,15467.022176,16523.015810,False,未触发
2025-12-13,固定电价,18:00,-3880.709118,-5890.895010,39.007584,3456.819670,4664.283337,False,未触发
2025-12-14,固定电价,06:00,13736.978704,-1857.087079,59.278163,37027.641740,26431.029725,True,可靠性
2025-12-14,固定电价,12:00,-2144.049555,-3743.727058,59.278163,15535.226852,16662.994576,False,未触发
2025-12-14,固定电价,18:00,-124.225252,-649.710531,59.278163,4358.215559,4650.753690,False,未触发
2025-12-15,固定电价,06:00,15455.147598,-1652.660468,59.628242,38051.391868,26352.793106,True,可靠性
2025-12-15,固定电价,12:00,-3389.040971,-6655.814247,59.628242,14344.566630,16689.874323,False,未触发
2025-12-15,固定电价,18:00,-171.003169,-882.962958,59.628242,4239.556706,4635.907674,False,未触发
2025-12-16,固定电价,06:00,5894.823330,-3154.483141,63.949141,32111.069085,26303.217425,True,可靠性
2025-12-16,固定电价,12:00,-4361.815541,-6513.639074,63.949141,15063.850744,16760.886783,False,未触发
2025-12-16,固定电价,18:00,-138.199335,-696.456853,63.949141,4312.910204,4623.565520,False,未触发
2025-12-17,固定电价,06:00,2108.430435,-3695.081469,64.434273,29503.006930,25975.520728,True,可靠性
2025-12-17,固定电价,12:00,-3966.453576,-6511.807764,64.434273,14835.225247,16775.637420,False,未触发
2025-12-17,固定电价,18:00,-215.406720,-911.095046,64.434273,4233.871807,4621.717132,False,未触发
2025-12-18,固定电价,06:00,11239.264378,-2988.566615,61.613156,35333.248942,25763.956067,True,可靠性
2025-12-18,固定电价,12:00,-4505.153500,-8949.392956,61.613156,13603.945453,16721.051397,False,未触发
2025-12-18,固定电价,18:00,-307.587464,-1140.009632,61.613156,4153.776312,4617.468318,False,未触发
2025-12-19,固定电价,06:00,-0.958455,-1243.891689,38.259447,26702.754518,25951.561951,False,未触发
2025-12-19,固定电价,12:00,-9119.797362,-13767.907723,38.259447,12733.486251,15694.039220,False,未触发
2025-12-19,固定电价,18:00,-3873.542539,-5885.213813,38.259447,3405.401466,4614.030549,False,未触发
2025-12-20,固定电价,06:00,-9927.147630,-15339.765812,40.291915,22149.247868,25852.562422,False,未触发
2025-12-20,固定电价,12:00,-10217.792008,-15510.203660,40.291915,12168.846148,15689.569196,False,未触发
2025-12-20,固定电价,18:00,-4108.056432,-6245.146795,40.291915,3310.022814,4613.028667,False,未触发
2025-12-21,固定电价,06:00,5008.139909,-3406.441507,63.594832,31007.811232,25622.346544,True,可靠性
2025-12-21,固定电价,12:00,-2093.696202,-3035.880299,63.594832,15777.594975,16536.038912,False,未触发
2025-12-21,固定电价,18:00,-247.879836,-853.595642,63.594832,4270.415815,4607.605215,False,未触发
2025-12-22,固定电价,06:00,8449.523944,-3304.079756,62.860402,33359.439217,25649.919365,True,可靠性
2025-12-22,固定电价,12:00,-3443.470251,-6189.596389,62.860402,14680.243026,16689.309359,False,未触发
2025-12-22,固定电价,18:00,-374.110473,-1371.671255,62.860402,4054.852078,4610.165953,False,未触发
2025-12-23,固定电价,06:00,893.725821,-3415.817340,64.374773,28287.560704,25691.946554,True,可靠性
2025-12-23,固定电价,12:00,-3454.506225,-5551.473419,64.374773,15011.140974,16677.062526,False,未触发
2025-12-23,固定电价,18:00,-99.530840,-367.914284,64.374773,4470.685807,4620.827024,False,未触发
2025-12-24,固定电价,06:00,5770.819498,-3264.461151,64.000016,31420.665845,25667.950442,True,可靠性
2025-12-24,固定电价,12:00,-5049.887054,-8619.139970,64.000016,14180.351963,16734.816029,False,未触发
2025-12-24,固定电价,18:00,-234.157773,-866.065465,64.000016,4270.240990,4623.640959,False,未触发
2025-12-25,固定电价,06:00,6782.942666,-3404.349625,61.060309,32320.591967,25741.534882,True,可靠性
2025-12-25,固定电价,12:00,-1671.264758,-2524.411116,61.060309,16089.786227,16657.843699,False,未触发
2025-12-25,固定电价,18:00,-248.893501,-911.957039,61.060309,4264.591167,4635.003645,False,未触发
2025-12-26,固定电价,06:00,-4848.162701,-7425.361474,39.021231,24201.597934,25817.075834,False,未触发
2025-12-26,固定电价,12:00,-9483.316241,-14299.832166,39.021231,13052.262484,16268.923318,False,未触发
2025-12-26,固定电价,18:00,-3960.006353,-6016.548215,39.021231,3418.083402,4654.710457,False,未触发
2025-12-27,固定电价,06:00,-8211.591158,-12674.056791,40.272334,22704.987427,25613.337839,False,未触发
2025-12-27,固定电价,12:00,-11775.236906,-17772.987932,40.272334,12076.925357,15989.334090,False,未触发
2025-12-27,固定电价,18:00,-4430.508917,-6742.341543,40.272334,3246.160098,4670.489887,False,未触发
2025-12-28,固定电价,06:00,5186.509577,-3251.445095,63.375358,30702.776352,25243.882263,True,可靠性
2025-12-28,固定电价,12:00,-5022.101830,-8114.072101,63.375358,14443.104064,16711.689014,False,未触发
2025-12-28,固定电价,18:00,-336.733524,-1235.206463,63.375358,4162.558137,4663.520990,False,未触发
2025-12-29,固定电价,06:00,6919.787469,-3293.540795,62.970275,31962.360500,25380.758779,True,可靠性
2025-12-29,固定电价,12:00,-3145.234866,-5669.539341,62.970275,14787.705524,16671.906586,False,未触发
2025-12-29,固定电价,18:00,-238.793855,-886.128565,62.970275,4293.598953,4656.001438,False,未触发
2025-12-30,固定电价,06:00,3804.086787,-3552.930867,64.134833,30140.263603,25490.992295,True,可靠性
2025-12-30,固定电价,12:00,-7447.534011,-13187.748958,64.134833,12712.316936,16712.012250,False,未触发
2025-12-30,固定电价,18:00,-253.297606,-938.210802,64.134833,4278.992372,4662.733820,False,未触发
2025-12-31,固定电价,06:00,1588.658034,-2990.130695,65.356506,28339.707985,25564.213853,True,可靠性
2025-12-31,固定电价,12:00,-3275.445504,-5414.658055,65.356506,15060.435045,16725.598478,False,未触发
2025-12-31,固定电价,18:00,-166.652453,-608.410748,65.356506,4420.084694,4667.586373,False,未触发
2025-02-01,波动电价,06:00,-32879.905449,-50396.936976,32.201225,12801.939428,27687.139813,False,未触发
2025-02-01,波动电价,12:00,-20054.053382,-29843.775474,32.201225,6361.204328,14044.767208,False,未触发
2025-02-01,波动电价,18:00,-8288.895104,-11508.506804,32.201225,1992.360656,4579.941695,False,未触发
2025-02-02,波动电价,06:00,-21103.396780,-32314.905404,68.866624,20727.808830,28046.346364,False,未触发
2025-02-02,波动电价,12:00,-15326.274398,-23378.595238,68.866624,11779.476295,17157.686518,False,未触发
2025-02-02,波动电价,18:00,-2265.183573,-3427.170929,68.866624,3925.152865,4608.438738,False,未触发
2025-02-03,波动电价,06:00,-23004.364986,-35561.604484,72.107266,19821.769536,28018.540240,False,未触发
2025-02-03,波动电价,12:00,-17007.263708,-25944.135938,72.107266,11088.466005,17162.364873,False,未触发
2025-02-03,波动电价,18:00,-1835.939807,-2681.003144,72.107266,4111.486340,4597.046648,False,未触发
2025-02-04,波动电价,06:00,-24704.059591,-38203.183653,74.493641,19047.376901,27782.863768,False,未触发
2025-02-04,波动电价,12:00,-22065.693664,-33912.489479,74.493641,8904.367575,16978.167771,False,未触发
2025-02-04,波动电价,18:00,-2118.483651,-3214.947662,74.493641,3940.762806,4572.553267,False,未触发
2025-02-05,波动电价,06:00,-9566.171440,-14102.297704,69.863339,24878.029322,27645.972917,False,未触发
2025-02-05,波动电价,12:00,-14060.799902,-21364.735561,69.863339,12126.798520,16917.023990,False,未触发
2025-02-05,波动电价,18:00,-1640.855690,-2489.716163,69.863339,4038.631546,4542.343263,False,未触发
2025-02-06,波动电价,06:00,-26531.004174,-41032.019840,74.491060,17827.059502,27516.334904,False,未触发
2025-02-06,波动电价,12:00,-22634.267014,-34765.142313,74.491060,8545.951986,16987.762235,False,未触发
2025-02-06,波动电价,18:00,-2085.778441,-3066.303263,74.491060,3950.343164,4516.988373,False,未触发
2025-02-07,波动电价,06:00,-27361.094920,-43020.840979,32.523422,14420.856456,27157.869059,False,未触发
2025-02-07,波动电价,12:00,-17360.918309,-27093.662946,32.523422,5142.685092,12722.500665,False,未触发
2025-02-07,波动电价,18:00,-6379.011749,-9818.668268,32.523422,1822.714574,4523.136770,False,未触发
2025-02-08,波动电价,06:00,-19700.775208,-30601.625796,27.976657,18745.507186,27317.561344,False,未触发
2025-02-08,波动电价,12:00,-13179.877026,-20322.690956,27.976657,8361.161533,13790.942197,False,未触发
2025-02-08,波动电价,18:00,-6369.883987,-9803.244606,27.976657,1811.608399,4523.613382,False,未触发
2025-02-09,波动电价,06:00,-15495.850233,-23586.786898,70.335684,22873.676087,27885.580706,False,未触发
2025-02-09,波动电价,12:00,-11141.095335,-16708.216237,70.335684,13342.422190,17081.896586,False,未触发
2025-02-09,波动电价,18:00,-1929.654291,-2931.699222,70.335684,3934.422114,4516.352039,False,未触发
2025-02-10,波动电价,06:00,-26767.547090,-41627.181812,64.800284,17352.288046,27763.768631,False,未触发
2025-02-10,波动电价,12:00,-13173.044951,-19934.896814,64.800284,12018.902645,16596.786385,False,未触发
2025-02-10,波动电价,18:00,-1981.154789,-3005.448591,64.800284,3915.489122,4519.528347,False,未触发
2025-02-11,波动电价,06:00,-24564.707291,-38091.510964,66.250654,18461.550161,27528.365986,False,未触发
2025-02-11,波动电价,12:00,-21240.111865,-32986.172472,66.250654,8508.980304,16758.713650,False,未触发
2025-02-11,波动电价,18:00,-1993.780512,-2927.167204,66.250654,3954.994069,4487.693176,False,未触发
2025-02-12,波动电价,06:00,-27413.663565,-42622.595360,66.143162,17436.877883,27506.503819,False,未触发
2025-02-12,波动电价,12:00,-17288.494947,-26502.311126,66.143162,10755.483430,16937.458031,False,未触发
2025-02-12,波动电价,18:00,-2409.033467,-3567.456503,66.143162,3876.518612,4619.245217,False,未触发
2025-02-13,波动电价,06:00,-20190.165942,-31306.549167,60.987152,20038.359832,27579.318254,False,未触发
2025-02-13,波动电价,12:00,-10276.306023,-15458.026344,60.987152,13289.982805,16820.055768,False,未触发
2025-02-13,波动电价,18:00,-1877.958701,-2853.215793,60.987152,3950.707053,4509.572357,False,未触发
2025-02-14,波动电价,06:00,-22481.663253,-35091.469892,28.844320,16204.997085,27101.186069,False,未触发
2025-02-14,波动电价,12:00,-11199.025502,-17054.837724,28.844320,7922.357543,12403.732303,False,未触发
2025-02-14,波动电价,18:00,-6259.485855,-9622.198015,28.844320,1859.876225,4530.563088,False,未触发
2025-02-15,波动电价,06:00,-26138.543181,-41555.120660,29.500324,11771.834299,25645.017998,False,未触发
2025-02-15,波动电价,12:00,-14982.399494,-23246.232758,29.500324,5810.830274,12222.799381,False,未触发
2025-02-15,波动电价,18:00,-6412.171868,-9859.634491,29.500324,1817.233155,4519.381714,False,未触发
2025-02-16,波动电价,06:00,-24996.761910,-38847.095217,67.093149,18022.092460,27562.959617,False,未触发
2025-02-16,波动电价,12:00,-20174.012477,-31196.626238,67.093149,9070.116676,16768.515079,False,未触发
2025-02-16,波动电价,18:00,-1366.840307,-2077.015387,67.093149,4101.888966,4511.452296,False,未触发
2025-02-17,波动电价,06:00,-25550.636420,-39677.549154,65.884638,17520.533700,27593.471747,False,未触发
2025-02-17,波动电价,12:00,-16662.866414,-25386.421063,65.884638,10079.293132,16199.275453,False,未触发
2025-02-17,波动电价,18:00,-1812.159837,-2749.865439,65.884638,3956.831242,4500.773376,False,未触发
2025-02-18,波动电价,06:00,-11646.538903,-17686.031030,58.243484,23771.454022,27520.600445,False,未触发
2025-02-18,波动电价,12:00,-8815.100466,-13164.908308,58.243484,13614.703775,16624.522231,False,未触发
2025-02-18,波动电价,18:00,-1328.550036,-2017.361313,58.243484,4136.303220,4535.043052,False,未触发
2025-02-19,波动电价,06:00,-13700.976950,-21044.217425,58.758440,22754.415611,27414.337709,False,未触发
2025-02-19,波动电价,12:00,-8535.137388,-12869.289263,58.758440,13798.605659,16879.515733,False,未触发
2025-02-19,波动电价,18:00,-1938.289828,-2855.280743,58.758440,4051.756601,4663.026452,False,未触发
2025-02-20,波动电价,06:00,-17424.403198,-26515.792047,61.308281,21018.918759,27374.203080,False,未触发
2025-02-20,波动电价,12:00,-12030.777194,-18254.203966,61.308281,12591.734665,16883.730712,False,未触发
2025-02-20,波动电价,18:00,-1942.077238,-2854.865118,61.308281,4050.934205,4572.420620,False,未触发
2025-02-21,波动电价,06:00,-20675.429199,-32353.397317,26.631785,16554.071231,26730.792958,False,未触发
2025-02-21,波动电价,12:00,-10940.594826,-16827.341643,26.631785,7602.995573,12114.222041,False,未触发
2025-02-21,波动电价,18:00,-6238.247132,-9580.330869,26.631785,1877.947910,4544.834993,False,未触发
2025-02-22,波动电价,06:00,-20466.793711,-32185.657940,27.345950,17028.453225,26907.548505,False,未触发
2025-02-22,波动电价,12:00,-13469.739794,-20962.807572,27.345950,6655.815387,12413.960972,False,未触发
2025-02-22,波动电价,18:00,-6340.202527,-9739.396340,27.345950,1878.556012,4505.104150,False,未触发
2025-02-23,波动电价,06:00,-11527.111907,-17796.060582,60.094692,23463.404826,27452.312188,False,未触发
2025-02-23,波动电价,12:00,-16705.686459,-25733.786358,60.094692,10485.350795,16731.981641,False,未触发
2025-02-23,波动电价,18:00,-1737.983888,-2536.970551,60.094692,4076.226779,4542.039312,False,未触发
2025-02-24,波动电价,06:00,-15541.399767,-22673.760822,57.901067,22846.745322,27432.224355,False,未触发
2025-02-24,波动电价,12:00,-13790.021155,-21182.896589,57.901067,11086.181002,16032.173089,False,未触发
2025-02-24,波动电价,18:00,-1829.782503,-2753.312354,57.901067,4029.986387,4558.825625,False,未触发
2025-02-25,波动电价,06:00,-18505.315257,-28598.973983,58.324578,20318.776856,27295.774754,False,未触发
2025-02-25,波动电价,12:00,-10720.248649,-16293.502828,58.324578,11549.410143,15189.602432,False,未触发
2025-02-25,波动电价,18:00,-1648.481517,-2400.161482,58.324578,4119.521956,4552.528398,False,未触发
2025-02-26,波动电价,06:00,-7694.690981,-11625.617841,53.752271,24845.634509,27241.646725,False,未触发
2025-02-26,波动电价,12:00,-5618.187803,-8124.663928,53.752271,14821.038798,16675.124362,False,未触发
2025-02-26,波动电价,18:00,-1747.780858,-2626.462563,53.752271,4058.492559,4562.007418,False,未触发
2025-02-27,波动电价,06:00,-14160.440416,-21884.197803,53.699172,22138.995190,27063.626990,False,未触发
2025-02-27,波动电价,12:00,-8741.646917,-13204.546299,53.699172,13413.470878,16483.216841,False,未触发
2025-02-27,波动电价,18:00,-2085.087746,-3073.602150,53.699172,3991.739255,4559.190080,False,未触发
2025-02-28,波动电价,06:00,-13905.809825,-21922.347220,23.443703,17474.501672,24268.314439,False,未触发
2025-02-28,波动电价,12:00,-11215.072984,-17364.988212,23.443703,7189.328575,11741.613138,False,未触发
2025-02-28,波动电价,18:00,-6425.383160,-9891.000302,23.443703,1916.672638,4570.248749,False,未触发
2025-03-01,波动电价,06:00,-25587.284192,-41394.707874,28.354498,8425.895350,21944.531242,False,未触发
2025-03-01,波动电价,12:00,-15893.577833,-24838.099522,28.354498,5435.142236,12173.202269,False,未触发
2025-03-01,波动电价,18:00,-5775.836512,-8927.018543,28.354498,2051.647265,4590.295268,False,未触发
2025-03-02,波动电价,06:00,-19832.230972,-30488.667391,61.829063,20508.124857,27351.210555,False,未触发
2025-03-02,波动电价,12:00,-19571.468958,-29873.969041,61.829063,10092.375315,16875.329545,False,未触发
2025-03-02,波动电价,18:00,-3177.374269,-4711.802603,61.829063,3684.058754,4604.118757,False,未触发
2025-03-03,波动电价,06:00,-26713.501129,-41537.539771,63.323897,16507.355529,27193.807001,False,未触发
2025-03-03,波动电价,12:00,-15928.252451,-24122.394474,63.323897,10813.018421,16637.392137,False,未触发
2025-03-03,波动电价,18:00,-3080.493592,-4673.692647,63.323897,3655.168873,4594.310869,False,未触发
2025-03-04,波动电价,06:00,-15403.119511,-23719.379304,55.833712,21824.715264,27125.348520,False,未触发
2025-03-04,波动电价,12:00,-13850.758441,-20981.745127,55.833712,11833.920587,16655.076462,False,未触发
2025-03-04,波动电价,18:00,-2945.721496,-4365.197563,55.833712,3763.179375,4591.806040,False,未触发
2025-03-05,波动电价,06:00,-24616.373491,-38209.623387,57.537090,17512.676845,26938.145876,False,未触发
2025-03-05,波动电价,12:00,-18074.451139,-27604.874322,57.537090,9497.951672,15918.830171,False,未触发
2025-03-05,波动电价,18:00,-3377.309083,-5027.348099,57.537090,3627.015813,4589.613106,False,未触发
2025-03-06,波动电价,06:00,-18592.371555,-28706.833657,54.054938,20144.880001,26798.596750,False,未触发
2025-03-06,波动电价,12:00,-13914.150064,-21095.308137,54.054938,11304.348274,16051.602498,False,未触发
2025-03-06,波动电价,18:00,-2939.811054,-4469.513979,54.054938,3702.303600,4578.115362,False,未触发
2025-03-07,波动电价,06:00,-21419.295707,-34844.683061,25.070225,8620.791363,20663.617975,False,未触发
2025-03-07,波动电价,12:00,-16038.109771,-25317.472914,25.070225,4958.647644,12087.802994,False,未触发
2025-03-07,波动电价,18:00,-5615.952255,-8700.751442,25.070225,2045.053067,4567.626372,False,未触发
2025-03-08,波动电价,06:00,-14799.966737,-23594.082565,22.664060,13008.179351,20627.444477,False,未触发
2025-03-08,波动电价,12:00,-11868.240010,-18414.302892,22.664060,6669.460856,11636.764389,False,未触发
2025-03-08,波动电价,18:00,-6289.008550,-9650.410452,22.664060,1924.645195,4580.753263,False,未触发
2025-03-09,波动电价,06:00,-28036.118429,-43976.817778,55.252663,15480.444319,27166.364142,False,未触发
2025-03-09,波动电价,12:00,-13900.056851,-21019.288296,55.252663,9992.727096,14649.821756,False,未触发
2025-03-09,波动电价,18:00,-2553.229240,-3849.689523,55.252663,3865.389681,4610.554984,False,未触发
2025-03-10,波动电价,06:00,-14854.560203,-22836.003395,54.997880,22095.192698,27212.235424,False,未触发
2025-03-10,波动电价,12:00,-13553.500693,-20428.683985,54.997880,12259.602056,16901.936708,False,未触发
2025-03-10,波动电价,18:00,-2143.759977,-3252.908788,54.997880,3965.359216,4612.545051,False,未触发
2025-03-11,波动电价,06:00,-1029.193863,-3741.248177,47.593189,28884.218327,27183.132123,True,可靠性
2025-03-11,波动电价,12:00,-6109.585025,-10698.935407,47.593189,13634.806229,16863.311254,False,未触发
2025-03-11,波动电价,18:00,605.267095,288.106711,47.593189,4897.429197,4705.273531,True,经济性
2025-03-12,波动电价,06:00,-30403.081133,-47902.993538,54.153319,13836.417659,26630.339117,False,未触发
2025-03-12,波动电价,12:00,-15923.054444,-24128.751682,54.153319,9504.151380,14876.907801,False,未触发
2025-03-12,波动电价,18:00,-2204.909038,-3314.523168,54.153319,3958.920615,4603.350912,False,未触发
2025-03-13,波动电价,06:00,-17299.250034,-26465.616199,55.099257,20484.289919,26619.759965,False,未触发
2025-03-13,波动电价,12:00,-9776.743154,-14673.862071,55.099257,13348.524119,16740.891693,False,未触发
2025-03-13,波动电价,18:00,-2171.224145,-3294.842454,55.099257,3949.771431,4605.630586,False,未触发
2025-03-14,波动电价,06:00,-9035.324366,-13781.925960,20.597386,13024.769559,16563.505551,False,未触发
2025-03-14,波动电价,12:00,-10902.572355,-16924.221433,20.597386,7577.146214,12099.909173,False,未触发
2025-03-14,波动电价,18:00,-6299.674496,-9688.407814,20.597386,1952.854271,4593.796437,False,未触发
2025-03-15,波动电价,06:00,-13932.663754,-21484.793736,22.832064,19610.788077,26228.205788,False,未触发
2025-03-15,波动电价,12:00,-9970.532852,-15151.872897,22.832064,7729.718926,11681.933308,False,未触发
2025-03-15,波动电价,18:00,-6340.311371,-9736.817005,22.832064,1968.144480,4615.805214,False,未触发
2025-03-16,波动电价,06:00,-6628.743311,-9474.267902,51.652044,25222.634195,27008.402194,False,未触发
2025-03-16,波动电价,12:00,-13253.838824,-20234.794987,51.652044,12020.580925,16820.039351,False,未触发
2025-03-16,波动电价,18:00,-1861.311091,-2717.452117,51.652044,4120.492553,4618.131816,False,未触发
2025-03-17,波动电价,06:00,-22049.015076,-34604.660121,46.279139,17161.270313,26551.208009,False,未触发
2025-03-17,波动电价,12:00,-8421.557513,-12685.839246,46.279139,12368.792374,15266.448668,False,未触发
2025-03-17,波动电价,18:00,-2015.676574,-2973.129922,46.279139,4087.570304,4722.926430,False,未触发
2025-03-18,波动电价,06:00,-19893.506973,-31019.135032,53.748693,18477.910361,26551.671016,False,未触发
2025-03-18,波动电价,12:00,-12101.013803,-18243.077543,53.748693,11142.925942,15196.336557,False,未触发
2025-03-18,波动电价,18:00,-2433.018970,-3587.959567,53.748693,3932.136254,4605.327945,False,未触发
2025-03-19,波动电价,06:00,-1920.276487,-3403.292271,43.970898,27071.109375,26112.075821,False,未触发
2025-03-19,波动电价,12:00,-7257.063973,-10296.982130,43.970898,14858.747650,16856.309395,False,未触发
2025-03-19,波动电价,18:00,-2220.558500,-3273.471995,43.970898,3988.010120,4596.803504,False,未触发
2025-03-20,波动电价,06:00,-21095.306248,-33116.405357,50.033592,16910.238566,25780.554705,False,未触发
2025-03-20,波动电价,12:00,-18978.215829,-29466.215993,50.033592,9288.937192,16718.722160,False,未触发
2025-03-20,波动电价,18:00,-1794.307613,-2725.085150,50.033592,4049.488710,4591.215951,False,未触发
2025-03-21,波动电价,06:00,-11508.775649,-18197.350168,19.683985,9053.386358,14765.413597,False,未触发
2025-03-21,波动电价,12:00,-12542.659798,-19800.402043,19.683985,5339.656480,10735.307251,False,未触发
2025-03-21,波动电价,18:00,-6142.780404,-9476.279210,19.683985,1963.471300,4606.584861,False,未触发
2025-03-22,波动电价,06:00,-12245.110971,-19436.981416,21.026254,10675.988463,16955.363709,False,未触发
2025-03-22,波动电价,12:00,-12331.902053,-19287.810510,21.026254,6507.009538,11705.571873,False,未触发
2025-03-22,波动电价,18:00,-6278.604273,-9667.712838,21.026254,1960.029413,4610.331851,False,未触发
2025-03-23,波动电价,06:00,-13550.250499,-20955.164018,50.071164,20929.990815,26237.404049,False,未触发
2025-03-23,波动电价,12:00,-13106.897178,-20331.740010,50.071164,10211.290276,15202.027283,False,未触发
2025-03-23,波动电价,18:00,-1475.880401,-2127.173357,50.071164,4241.352520,4626.770267,False,未触发
2025-03-24,波动电价,06:00,-14119.439144,-21936.131256,47.094273,20445.005533,25981.993105,False,未触发
2025-03-24,波动电价,12:00,-4716.691449,-6678.668611,47.094273,13505.337804,14695.923880,False,未触发
2025-03-24,波动电价,18:00,-1615.334085,-2341.517796,47.094273,4204.697468,4628.129779,False,未触发
2025-03-25,波动电价,06:00,-24517.794035,-38740.480947,52.333793,15144.520245,25838.258595,False,未触发
2025-03-25,波动电价,12:00,-12316.224458,-18934.922464,52.333793,9772.074218,14349.802131,False,未触发
2025-03-25,波动电价,18:00,-1052.899178,-1596.865687,52.333793,4304.610118,4623.181270,False,未触发
2025-03-26,波动电价,06:00,-8518.962802,-12743.767369,44.344355,22743.271858,25582.771821,False,未触发
2025-03-26,波动电价,12:00,-11300.701811,-17409.010736,44.344355,10780.256798,14748.236907,False,未触发
2025-03-26,波动电价,18:00,-1470.227321,-2120.685240,44.344355,4249.987800,4626.860661,False,未触发
2025-03-27,波动电价,06:00,-10575.911766,-16019.060595,47.159844,21754.143751,25589.977827,False,未触发
2025-03-27,波动电价,12:00,-9323.582810,-14262.369342,47.159844,12023.275152,15241.626551,False,未触发
2025-03-27,波动电价,18:00,-1297.503188,-1866.970523,47.159844,4311.742291,4640.525581,False,未触发
2025-03-28,波动电价,06:00,-8225.655948,-12583.922229,19.448406,10691.101178,13941.286303,False,未触发
2025-03-28,波动电价,12:00,-9814.364537,-15271.855619,19.448406,6809.051635,10759.490006,False,未触发
2025-03-28,波动电价,18:00,-6223.163437,-9583.440257,19.448406,2005.371548,4638.054413,False,未触发
2025-03-29,波动电价,06:00,-6291.938759,-9489.558417,18.424937,9610.555568,11853.557390,False,未触发
2025-03-29,波动电价,12:00,-7722.699751,-11847.167599,18.424937,7771.388647,10716.841143,False,未触发
2025-03-29,波动电价,18:00,-6233.997028,-9598.774371,18.424937,1968.739406,4619.568426,False,未触发
2025-03-30,波动电价,06:00,-13814.806578,-21677.585620,44.255015,19667.148354,25661.138365,False,未触发
2025-03-30,波动电价,12:00,-6032.223352,-9016.416189,44.255015,12267.177690,14046.753651,False,未触发
2025-03-30,波动电价,18:00,-548.965807,-833.654484,44.255015,4449.359249,4616.570486,False,未触发
2025-03-31,波动电价,06:00,6325.488931,-2588.707587,39.778679,32080.194668,25744.549565,True,可靠性
2025-03-31,波动电价,12:00,-3853.184991,-10158.885893,39.778679,11943.851220,16398.569703,False,未触发
2025-03-31,波动电价,18:00,463.432849,336.099948,39.778679,4691.276374,4616.350944,True,经济性
2025-04-01,波动电价,06:00,-5328.438138,-7420.821799,48.876048,24241.448263,25822.178674,False,未触发
2025-04-01,波动电价,12:00,-6680.735714,-9734.445971,48.876048,14292.517953,16597.041158,False,未触发
2025-04-01,波动电价,18:00,-793.672166,-1098.173818,48.876048,4442.780738,4619.280343,False,未触发
2025-04-02,波动电价,06:00,643.948996,-2593.089343,46.006941,27633.754669,25623.430455,True,可靠性
2025-04-02,波动电价,12:00,-4400.339752,-8932.125847,46.006941,12782.206207,16056.628442,False,未触发
2025-04-02,波动电价,18:00,-180.856064,-504.479519,46.006941,4444.571934,4631.454274,False,未触发
2025-04-03,波动电价,06:00,-13928.581096,-21850.225525,47.178702,19748.076345,25262.107278,False,未触发
2025-04-03,波动电价,12:00,-8952.257199,-13600.459178,47.178702,11791.719299,14664.083578,False,未触发
2025-04-03,波动电价,18:00,-554.875084,-803.106381,47.178702,4484.619298,4625.519444,False,未触发
2025-04-04,波动电价,06:00,-8137.515790,-12368.478922,17.912528,9069.330906,12228.206217,False,未触发
2025-04-04,波动电价,12:00,-9487.671069,-14747.838239,17.912528,6612.111252,10413.193341,False,未触发
2025-04-04,波动电价,18:00,-5538.423206,-8572.192751,17.912528,2116.834387,4629.658928,False,未触发
2025-04-05,波动电价,06:00,-6666.032708,-9964.491339,17.802251,12703.530317,15027.391436,False,未触发
2025-04-05,波动电价,12:00,-9452.876621,-14655.508570,17.802251,6994.744804,10800.464853,False,未触发
2025-04-05,波动电价,18:00,-6027.438919,-9262.306751,17.802251,2172.106160,4643.070195,False,未触发
2025-04-06,波动电价,06:00,-11000.037892,-17313.248968,43.109809,20097.039266,24924.023602,False,未触发
2025-04-06,波动电价,12:00,-2499.242707,-3025.768676,43.109809,14136.060227,14424.503343,False,未触发
2025-04-06,波动电价,18:00,-543.474967,-824.505889,43.109809,4458.923159,4622.902619,False,未触发
2025-04-07,波动电价,06:00,2208.045344,-2781.589519,38.226643,28481.359537,24976.398997,True,可靠性
2025-04-07,波动电价,12:00,-3026.278538,-5966.482407,38.226643,13722.229465,15818.297247,False,未触发
2025-04-07,波动电价,18:00,-355.542306,-672.179041,38.226643,4432.870721,4615.701725,False,未触发
2025-04-08,波动电价,06:00,-12642.791745,-19955.366954,43.638473,19828.446244,25016.251932,False,未触发
2025-04-08,波动电价,12:00,-7773.168975,-11915.209447,43.638473,11122.463870,13827.481975,False,未触发
2025-04-08,波动电价,18:00,-558.730779,-848.634524,43.638473,4467.412157,4635.624030,False,未触发
2025-04-09,波动电价,06:00,816.520804,-1567.639820,43.216962,26813.052247,25338.050005,True,可靠性
2025-04-09,波动电价,12:00,-5976.740790,-9676.796705,43.216962,14298.884305,17079.018484,False,未触发
2025-04-09,波动电价,18:00,-451.160863,-700.253658,43.216962,4481.550739,4624.344563,False,未触发
2025-04-10,波动电价,06:00,251.501468,-2005.348774,42.046699,26961.884369,25497.638510,True,可靠性
2025-04-10,波动电价,12:00,-5539.567458,-9516.663951,42.046699,12510.070566,15233.806176,False,未触发
2025-04-10,波动电价,18:00,-384.323260,-677.505705,42.046699,4457.336635,4627.253382,False,未触发
2025-04-11,波动电价,06:00,-5225.452681,-7591.037540,16.309836,10899.123526,12603.436168,False,未触发
2025-04-11,波动电价,12:00,-7820.101580,-12061.927746,16.309836,6951.318490,10084.127021,False,未触发
2025-04-11,波动电价,18:00,-5647.979540,-8693.598525,16.309836,2103.954477,4623.740411,False,未触发
2025-04-12,波动电价,06:00,-12539.957116,-19925.902801,18.607715,7460.321993,14106.938514,False,未触发
2025-04-12,波动电价,12:00,-11515.007524,-18196.697724,18.607715,5826.338270,10904.469972,False,未触发
2025-04-12,波动电价,18:00,-5038.970068,-7774.468515,18.607715,2246.404200,4612.107096,False,未触发
2025-04-13,波动电价,06:00,-5921.221381,-9030.861965,39.802322,23647.669912,25711.910294,False,未触发
2025-04-13,波动电价,12:00,-3617.601139,-5572.531676,39.802322,14458.939751,16019.358569,False,未触发
2025-04-13,波动电价,18:00,-329.748466,-502.414294,39.802322,4523.040461,4622.576122,False,未触发
2025-04-14,波动电价,06:00,-18538.424858,-29217.704044,41.992484,17905.959987,25478.600362,False,未触发
2025-04-14,波动电价,12:00,-9929.103737,-15514.521022,41.992484,10110.848756,13795.923454,False,未触发
2025-04-14,波动电价,18:00,-117.002235,-164.474651,41.992484,4601.795529,4625.029978,False,未触发
2025-04-15,波动电价,06:00,65.013826,-2368.476777,35.488748,27027.780555,25364.108286,True,可靠性
2025-04-15,波动电价,12:00,-2146.491318,-4436.121294,35.488748,13541.753908,15063.967294,False,未触发
2025-04-15,波动电价,18:00,900.696885,537.587579,35.488748,4820.099472,4609.536244,True,经济性
2025-04-16,波动电价,06:00,-784.902760,-3209.417710,40.394382,27207.222796,25651.428791,True,可靠性
2025-04-16,波动电价,12:00,-5796.191320,-10736.173358,40.394382,12763.031708,16440.857532,False,未触发
2025-04-16,波动电价,18:00,225.613836,203.524535,40.394382,4622.381675,4607.157045,True,经济性
2025-04-17,波动电价,06:00,3684.983972,-1526.979619,36.508728,29248.412997,25694.837426,True,可靠性
2025-04-17,波动电价,12:00,-3132.021426,-5990.289342,36.508728,13899.740664,16204.469832,False,未触发
2025-04-17,波动电价,18:00,632.318972,491.729845,36.508728,4681.857065,4601.658086,True,经济性
2025-04-18,波动电价,06:00,-6839.145694,-10162.706358,16.260427,11465.129022,13914.479300,False,未触发
2025-04-18,波动电价,12:00,-8157.535554,-12631.610505,16.260427,7073.007459,10318.938732,False,未触发
2025-04-18,波动电价,18:00,-5963.753104,-9201.335428,16.260427,1988.109596,4612.527878,False,未触发
2025-04-19,波动电价,06:00,-7037.032943,-10501.577175,16.317955,10366.396332,12930.046691,False,未触发
2025-04-19,波动电价,12:00,-5990.471524,-9043.579075,16.317955,8521.717286,10703.115038,False,未触发
2025-04-19,波动电价,18:00,-5147.205689,-7952.699303,16.317955,2229.501257,4609.476638,False,未触发
2025-04-20,波动电价,06:00,-1054.970241,-1769.543503,37.307096,25764.412637,25565.192368,False,未触发
2025-04-20,波动电价,12:00,-748.751108,-1718.319082,37.307096,16113.985569,15943.503930,False,未触发
2025-04-20,波动电价,18:00,-319.669402,-382.024742,37.307096,4573.619748,4609.364926,False,未触发
2025-04-21,波动电价,06:00,-16309.988436,-25494.932988,38.415858,18588.095552,25524.783318,False,未触发
2025-04-21,波动电价,12:00,-5863.167874,-8575.719573,38.415858,11921.520506,13652.593000,False,未触发
2025-04-21,波动电价,18:00,-98.927235,-340.224046,38.415858,4758.416100,4609.294235,False,未触发
2025-04-22,波动电价,06:00,4872.099504,-2746.998007,35.168381,30961.060596,25565.978110,True,可靠性
2025-04-22,波动电价,12:00,-2641.518221,-6025.266814,35.168381,13203.937356,15766.582411,False,未触发
2025-04-22,波动电价,18:00,174.525431,126.933111,35.168381,4589.045919,4616.310483,True,经济性
2025-04-23,波动电价,06:00,6658.156783,-1637.395239,33.854139,31309.723287,25556.200965,True,可靠性
2025-04-23,波动电价,12:00,-1281.728159,-3026.683169,33.854139,14485.491157,15885.949554,False,未触发
2025-04-23,波动电价,18:00,233.052779,-41.824111,33.854139,4431.329969,4591.651883,False,未触发
2025-04-24,波动电价,06:00,-5085.076212,-7888.615724,34.689877,22917.167180,24754.653124,False,未触发
2025-04-24,波动电价,12:00,-1149.600221,-2435.239330,34.689877,15313.863144,15266.102958,False,未触发
2025-04-24,波动电价,18:00,-52.353463,-62.832813,34.689877,4580.159735,4585.264886,False,未触发
2025-04-25,波动电价,06:00,-7974.206089,-11846.269052,15.540934,8972.045353,11751.061374,False,未触发
2025-04-25,波动电价,12:00,-9665.344691,-15216.562862,15.540934,5516.060318,9553.311595,False,未触发
2025-04-25,波动电价,18:00,-5084.762750,-7869.086796,15.540934,2201.632745,4573.842069,False,未触发
2025-04-26,波动电价,06:00,-7481.006690,-11014.953450,16.010798,8362.319768,10832.111816,False,未触发
2025-04-26,波动电价,12:00,-7753.024353,-11946.984658,16.010798,7476.496111,10521.434001,False,未触发
2025-04-26,波动电价,18:00,-5234.309463,-8092.613149,16.010798,2199.604049,4563.996724,False,未触发
2025-04-27,波动电价,06:00,1012.330064,-1573.311214,33.772119,27373.140305,25655.575780,True,可靠性
2025-04-27,波动电价,12:00,-194.047265,-1360.832085,33.772119,14494.986599,15040.478888,False,未触发
2025-04-27,波动电价,18:00,1068.419962,487.734718,33.772119,4892.828215,4569.487572,True,经济性
2025-04-28,波动电价,06:00,2583.230081,-1512.561012,41.094414,28685.721820,26077.428686,True,可靠性
2025-04-28,波动电价,12:00,-5951.011230,-9786.894355,41.094414,13652.230306,16562.438563,False,未触发
2025-04-28,波动电价,18:00,230.654300,159.954914,41.094414,4611.785292,4567.822800,True,经济性
2025-04-29,波动电价,06:00,-1849.436622,-2150.402269,34.243481,25019.145891,25317.124911,False,未触发
2025-04-29,波动电价,12:00,-285.609921,-2044.230764,34.243481,14713.696109,14321.527740,False,未触发
2025-04-29,波动电价,18:00,183.300436,-252.094741,34.243481,4800.573396,4564.616411,False,未触发
2025-04-30,波动电价,06:00,-1094.630719,-1877.856110,32.971418,25851.179734,25269.158194,False,未触发
2025-04-30,波动电价,12:00,-2687.527229,-3450.181800,32.971418,16175.180405,16619.268457,False,未触发
2025-04-30,波动电价,18:00,-146.990593,-181.802487,32.971418,4557.133334,4573.910214,False,未触发
2025-05-01,波动电价,06:00,-908.207004,-1651.185653,35.657155,25543.365535,25182.346696,False,未触发
2025-05-01,波动电价,12:00,-2163.771477,-3098.389850,35.657155,14437.765507,15119.139518,False,未触发
2025-05-01,波动电价,18:00,-139.988420,-311.477564,35.657155,4652.731200,4560.976675,False,未触发
2025-05-02,波动电价,06:00,-7276.265950,-10928.685747,18.200899,16370.774572,19173.911602,False,未触发
2025-05-02,波动电价,12:00,-9520.899092,-14689.000627,18.200899,7757.271214,11433.158273,False,未触发
2025-05-02,波动电价,18:00,-5612.064991,-8587.456617,18.200899,2238.296212,4546.180494,False,未触发
2025-05-03,波动电价,06:00,-8054.424613,-12036.615662,17.015201,12332.722958,15235.981683,False,未触发
2025-05-03,波动电价,12:00,-9002.419962,-13991.830406,17.015201,7394.697680,10986.351111,False,未触发
2025-05-03,波动电价,18:00,-5208.092561,-8055.057320,17.015201,2253.695535,4520.066064,False,未触发
2025-05-04,波动电价,06:00,-6854.275174,-9845.141524,38.224591,23375.225182,25861.854545,False,未触发
2025-05-04,波动电价,12:00,-6224.054563,-9452.285661,38.224591,12596.344115,14817.597830,False,未触发
2025-05-04,波动电价,18:00,54.577130,-262.295948,38.224591,4679.138586,4493.801899,False,未触发
2025-05-05,波动电价,06:00,-8124.683296,-11210.752997,39.340700,24110.149241,25967.670384,False,未触发
2025-05-05,波动电价,12:00,-8914.498467,-13841.518227,39.340700,12459.502363,15806.729039,False,未触发
2025-05-05,波动电价,18:00,-311.132896,-363.916093,39.340700,4493.888829,4465.560171,False,未触发
2025-05-06,波动电价,06:00,7296.400424,-1199.806543,34.354723,31795.610954,26130.930103,True,可靠性
2025-05-06,波动电价,12:00,-632.923900,-2062.090293,34.354723,13908.021798,15004.467278,False,未触发
2025-05-06,波动电价,18:00,707.658657,344.356949,34.354723,4700.735939,4449.600288,True,经济性
2025-05-07,波动电价,06:00,4955.413875,-969.357229,36.305864,29960.562972,26013.203020,True,可靠性
2025-05-07,波动电价,12:00,-4047.323202,-7425.361962,36.305864,14473.906340,16771.854991,False,未触发
2025-05-07,波动电价,18:00,-294.903208,-348.914052,36.305864,4533.707062,4443.285131,False,未触发
2025-05-08,波动电价,06:00,-10585.963660,-16204.697370,39.236515,22440.059554,26260.883852,False,未触发
2025-05-08,波动电价,12:00,-2187.715804,-2911.384363,39.236515,15212.481284,15511.154509,False,未触发
2025-05-08,波动电价,18:00,-702.270862,-1420.266932,39.236515,4786.065795,4408.056013,True,可靠性
2025-05-09,波动电价,06:00,-6997.586117,-10500.897980,16.676529,10763.727649,13573.473981,False,未触发
2025-05-09,波动电价,12:00,-8639.449091,-13343.321029,16.676529,6661.753424,10008.933082,False,未触发
2025-05-09,波动电价,18:00,-5148.885691,-7901.949067,16.676529,2144.918770,4369.932975,False,未触发
2025-05-10,波动电价,06:00,-4364.027509,-6018.676331,16.801676,16553.015680,17694.790220,False,未触发
2025-05-10,波动电价,12:00,-6982.447944,-10686.282127,16.801676,7634.211628,10258.171262,False,未触发
2025-05-10,波动电价,18:00,-5831.026386,-9033.858444,16.801676,1927.463112,4344.555134,False,未触发
2025-05-11,波动电价,06:00,1940.440618,-1745.832704,38.098710,28355.355165,26024.769319,True,可靠性
2025-05-11,波动电价,12:00,-4664.937278,-8348.492895,38.098710,12868.107817,15635.327392,False,未触发
2025-05-11,波动电价,18:00,82.128103,-185.245200,38.098710,4169.076432,4324.487302,False,未触发
2025-05-12,波动电价,06:00,7508.847383,-1266.070253,34.039835,32975.755013,25989.780221,True,可靠性
2025-05-12,波动电价,12:00,-1659.562963,-3662.317672,34.039835,13757.560682,15026.368480,False,未触发
2025-05-12,波动电价,18:00,-575.521632,-691.438341,34.039835,4205.291857,4270.867912,False,未触发
2025-05-13,波动电价,06:00,-12888.628771,-19659.871019,39.187954,20669.308484,25812.266672,False,未触发
2025-05-13,波动电价,12:00,-331.936160,-2180.651509,39.187954,15429.350452,14544.479987,True,可靠性
2025-05-13,波动电价,18:00,116.115700,-81.191217,39.187954,4380.006374,4271.174930,False,未触发
2025-05-14,波动电价,06:00,-17.142317,-2034.120306,38.299936,27654.707572,26144.488144,True,可靠性
2025-05-14,波动电价,12:00,-5692.386638,-9422.443069,38.299936,11967.401481,14682.867611,False,未触发
2025-05-14,波动电价,18:00,307.471996,228.892408,38.299936,4286.367276,4244.473560,True,经济性
2025-05-15,波动电价,06:00,2559.144941,-1320.853143,38.762212,28626.817943,25846.691494,True,可靠性
2025-05-15,波动电价,12:00,-7021.263713,-12504.134733,38.762212,11491.738628,15266.926973,False,未触发
2025-05-15,波动电价,18:00,189.394575,13.779619,38.762212,4281.837403,4187.524767,False,未触发
2025-05-16,波动电价,06:00,-8305.936620,-12633.679901,16.596687,7311.629203,10478.617637,False,未触发
2025-05-16,波动电价,12:00,-10593.342138,-16587.129034,16.596687,4979.981110,9207.736876,False,未触发
2025-05-16,波动电价,18:00,-5810.731832,-8870.038952,16.596687,1788.636091,4169.628508,False,未触发
2025-05-17,波动电价,06:00,-8248.358347,-12354.895142,17.009704,14628.801608,18015.766489,False,未触发
2025-05-17,波动电价,12:00,-8776.411282,-13856.642358,17.009704,6882.661122,10592.738700,False,未触发
2025-05-17,波动电价,18:00,-4832.763905,-7573.600507,17.009704,1924.417413,4130.270802,False,未触发
2025-05-18,波动电价,06:00,-4298.766587,-5709.465064,40.221786,25244.639228,26267.647940,False,未触发
2025-05-18,波动电价,12:00,-4143.961105,-5793.976300,40.221786,13822.745331,15286.396095,False,未触发
2025-05-18,波动电价,18:00,124.174332,-243.100075,40.221786,4279.849191,4066.455313,False,未触发
2025-05-19,波动电价,06:00,-5768.787641,-8633.760713,35.827549,23880.034854,25986.666896,False,未触发
2025-05-19,波动电价,12:00,276.823527,-952.367141,35.827549,13695.973280,13132.567682,False,未触发
2025-05-19,波动电价,18:00,27.876046,-245.870908,35.827549,4155.836606,4010.547862,False,未触发
2025-05-20,波动电价,06:00,2992.423802,-1471.855704,36.247260,29314.515954,26112.871869,True,可靠性
2025-05-20,波动电价,12:00,-1706.360215,-3512.470342,36.247260,14320.406218,15779.830401,False,未触发
2025-05-20,波动电价,18:00,-18.193828,-45.897835,36.247260,3955.016729,3941.897547,False,未触发
2025-05-21,波动电价,06:00,4529.070750,-1563.312840,35.148706,30238.442507,25911.784143,True,可靠性
2025-05-21,波动电价,12:00,-2098.502120,-4308.984699,35.148706,12187.936450,13942.827131,False,未触发
2025-05-21,波动电价,18:00,58.134525,-137.710614,35.148706,3969.786725,3859.446676,False,未触发
2025-05-22,波动电价,06:00,-3375.397670,-4556.357851,36.723232,24953.287958,25704.455216,False,未触发
2025-05-22,波动电价,12:00,-3212.079988,-4812.831285,36.723232,13859.705112,14975.072143,False,未触发
2025-05-22,波动电价,18:00,-1793.410322,-1995.359858,36.723232,3989.571836,3821.001218,False,未触发
2025-05-23,波动电价,06:00,-5754.686069,-8649.196759,16.142939,12243.201295,14398.535345,False,未触发
2025-05-23,波动电价,12:00,-5900.650384,-8286.306645,16.142939,8962.422011,10676.464398,False,未触发
2025-05-23,波动电价,18:00,-5543.834216,-8324.946410,16.142939,1541.806347,3746.979286,False,未触发
2025-05-24,波动电价,06:00,-7348.641080,-11034.507138,17.097915,9371.268616,12080.223079,False,未触发
2025-05-24,波动电价,12:00,-8754.239123,-14001.133776,17.097915,6023.108030,9690.058011,False,未触发
2025-05-24,波动电价,18:00,-5075.553432,-8186.857265,17.097915,1208.910313,3686.594294,False,未触发
2025-05-25,波动电价,06:00,-3183.083356,-4384.915937,37.139031,25079.329475,26046.597960,False,未触发
2025-05-25,波动电价,12:00,191.962025,-720.528048,37.139031,13114.583830,12616.746713,False,未触发
2025-05-25,波动电价,18:00,86.797865,-164.896153,37.139031,3746.006991,3600.125658,False,未触发
2025-05-26,波动电价,06:00,1268.419510,-2147.144411,36.599351,28229.237953,25901.876412,True,可靠性
2025-05-26,波动电价,12:00,413.895138,-211.391283,36.599351,15659.130090,15911.500150,False,未触发
2025-05-26,波动电价,18:00,373.471948,141.419993,36.599351,3710.243352,3570.157074,True,经济性
2025-05-27,波动电价,06:00,5537.812335,-2027.802158,35.128476,31495.119433,25896.772731,True,可靠性
2025-05-27,波动电价,12:00,-4704.783730,-9790.210791,35.128476,11805.741786,15485.829305,False,未触发
2025-05-27,波动电价,18:00,838.114470,771.740514,35.128476,3517.866545,3556.698360,True,经济性
2025-05-28,波动电价,06:00,-3653.630410,-4937.488894,39.694221,24774.712526,25696.505377,False,未触发
2025-05-28,波动电价,12:00,-5545.112109,-8662.278868,39.694221,12100.734422,14333.036627,False,未触发
2025-05-28,波动电价,18:00,25.207959,-110.603441,39.694221,3621.940000,3538.137685,False,未触发
2025-05-29,波动电价,06:00,4847.437889,-1625.998038,39.298737,30199.394633,25899.363548,True,可靠性
2025-05-29,波动电价,12:00,-3744.297541,-7318.954620,39.298737,11423.592858,13889.828771,False,未触发
2025-05-29,波动电价,18:00,148.364592,-57.510508,39.298737,3449.935056,3569.285498,False,未触发
2025-05-30,波动电价,06:00,-7265.085379,-10821.959458,18.335103,10665.134219,13324.103995,False,未触发
2025-05-30,波动电价,12:00,-8666.565058,-13858.681146,18.335103,5871.376381,9557.503563,False,未触发
2025-05-30,波动电价,18:00,-4732.523382,-7665.202109,18.335103,1317.148049,3563.196978,False,未触发
2025-05-31,波动电价,06:00,-9840.163035,-15429.160574,18.998131,11674.233188,16552.786695,False,未触发
2025-05-31,波动电价,12:00,-12589.410029,-20809.344605,18.998131,3773.170536,9902.773174,False,未触发
2025-05-31,波动电价,18:00,-5090.554519,-8249.126583,18.998131,966.761166,3451.872438,False,未触发
2025-06-01,波动电价,06:00,124.314612,-7045.192417,55.238492,30256.682239,25801.487730,True,可靠性
2025-06-01,波动电价,12:00,-11786.978897,-20766.172201,55.238492,9951.527238,15877.500332,False,未触发
2025-06-01,波动电价,18:00,458.957469,-1180.469524,55.238492,2320.716149,3285.451711,False,未触发
2025-06-02,波动电价,06:00,-13164.492722,-17629.599482,55.325974,22173.782461,25800.725903,False,未触发
2025-06-02,波动电价,12:00,-13435.919759,-19028.810960,55.325974,11364.532549,15269.058164,False,未触发
2025-06-02,波动电价,18:00,-419.485926,-2835.347184,55.325974,4614.132545,3274.898251,True,可靠性
2025-06-03,波动电价,06:00,9821.774149,-2689.247551,50.209062,33808.869540,25679.305839,True,可靠性
2025-06-03,波动电价,12:00,-7182.231261,-15844.488408,50.209062,8859.522168,14295.449411,False,未触发
2025-06-03,波动电价,18:00,-945.946365,-2122.995447,50.209062,2642.121440,3306.295136,False,未触发
2025-06-04,波动电价,06:00,-20843.056419,-29894.084796,58.866358,18848.921867,25921.865062,False,未触发
2025-06-04,波动电价,12:00,-14923.148218,-21498.824740,58.866358,11144.809694,15810.519166,False,未触发
2025-06-04,波动电价,18:00,-734.812166,-2692.979243,58.866358,4432.193749,3331.266282,True,可靠性
2025-06-05,波动电价,06:00,10832.588556,-3424.356634,50.526070,34754.450875,25776.334307,True,可靠性
2025-06-05,波动电价,12:00,-4318.010636,-11129.455914,50.526070,11083.590799,15585.822438,False,未触发
2025-06-05,波动电价,18:00,-221.415372,-1747.326040,50.526070,2575.767559,3413.530191,False,未触发
2025-06-06,波动电价,06:00,-9384.085574,-15128.497264,26.224108,16890.693233,21504.796663,False,未触发
2025-06-06,波动电价,12:00,-11863.200966,-18640.670800,26.224108,8145.273260,12823.828811,False,未触发
2025-06-06,波动电价,18:00,-4350.365618,-6476.942553,26.224108,2017.110871,3465.782542,False,未触发
2025-06-07,波动电价,06:00,-18668.813190,-30090.205406,28.239291,14062.626694,24090.407043,False,未触发
2025-06-07,波动电价,12:00,-9416.713732,-14822.157134,28.239291,8220.221571,12226.262043,False,未触发
2025-06-07,波动电价,18:00,-3275.600485,-5243.755672,28.239291,1883.512764,3196.441533,False,未触发
2025-06-08,波动电价,06:00,-2986.593101,-5738.501635,48.626413,26514.831591,25087.718532,True,可靠性
2025-06-08,波动电价,12:00,-3346.611645,-7340.955003,48.626413,11883.648179,14611.470426,False,未触发
2025-06-08,波动电价,18:00,270.145335,52.308232,48.626413,2842.532767,2967.031042,True,经济性
2025-06-09,波动电价,06:00,-3151.004605,-4018.288455,56.800717,25210.330457,25116.098740,False,未触发
2025-06-09,波动电价,12:00,-8795.962680,-12683.918992,56.800717,12649.965809,15362.374712,False,未触发
2025-06-09,波动电价,18:00,-346.989125,-1238.315113,56.800717,3539.528028,3007.798980,True,可靠性
2025-06-10,波动电价,06:00,2608.586129,-4165.351314,51.794903,29163.002088,25271.986037,True,可靠性
2025-06-10,波动电价,12:00,-1947.189778,-5155.810325,51.794903,13231.486359,15413.360169,False,未触发
2025-06-10,波动电价,18:00,-40.378077,-954.735123,51.794903,2577.630302,3072.549293,False,未触发
2025-06-11,波动电价,06:00,-2713.719085,-6401.896341,57.203304,27389.248712,25182.392548,True,可靠性
2025-06-11,波动电价,12:00,-1135.176666,-2593.215850,57.203304,14564.639801,15384.539759,False,未触发
2025-06-11,波动电价,18:00,1026.410618,-908.844890,57.203304,4136.117749,3146.435507,True,可靠性
2025-06-12,波动电价,06:00,4217.926028,-3592.233164,55.478902,29920.915384,25273.123294,True,可靠性
2025-06-12,波动电价,12:00,-7422.782314,-14341.894827,55.478902,11023.700225,15499.633505,False,未触发
2025-06-12,波动电价,18:00,-1051.187728,-1862.800962,55.478902,2787.945619,3250.596000,False,未触发
2025-06-13,波动电价,06:00,-9648.483625,-15502.508102,25.549297,17933.886736,22772.432837,False,未触发
2025-06-13,波动电价,12:00,-10491.682657,-16834.762970,25.549297,6601.233753,10968.659433,False,未触发
2025-06-13,波动电价,18:00,-4055.521193,-6341.956208,25.549297,1569.298551,3235.921315,False,未触发
2025-06-14,波动电价,06:00,-7412.089698,-12223.381048,26.894196,16342.330224,20441.371880,False,未触发
2025-06-14,波动电价,12:00,-11592.733888,-18785.053633,26.894196,5016.466878,10204.756512,False,未触发
2025-06-14,波动电价,18:00,-4110.903494,-6646.921088,26.894196,1259.408688,3093.050979,False,未触发
2025-06-15,波动电价,06:00,5574.614473,-2957.901166,51.446502,30142.553482,24933.194430,True,可靠性
2025-06-15,波动电价,12:00,-3704.260261,-7162.781116,51.446502,12595.563566,14957.423906,False,未触发
2025-06-15,波动电价,18:00,122.530246,-165.822565,51.446502,2833.168678,2997.658782,False,未触发
2025-06-16,波动电价,06:00,4489.734626,-3384.279072,54.998783,29537.474035,24776.604609,True,可靠性
2025-06-16,波动电价,12:00,-6843.507027,-11609.873023,54.998783,11650.131602,14890.056120,False,未触发
2025-06-16,波动电价,18:00,-24.645264,-546.127251,54.998783,2707.395839,3011.215083,False,未触发
2025-06-17,波动电价,06:00,6248.312505,-3584.734616,56.889815,30533.481478,24541.566625,True,可靠性
2025-06-17,波动电价,12:00,-7861.996489,-15337.392582,56.889815,9916.172402,14696.114763,False,未触发
2025-06-17,波动电价,18:00,36.282887,-750.810929,56.889815,2506.345688,2951.546742,False,未触发
2025-06-18,波动电价,06:00,5220.849511,-3209.385215,57.444219,29896.102899,24734.651186,True,可靠性
2025-06-18,波动电价,12:00,-9713.270648,-18173.597441,57.444219,9387.344898,14837.100053,False,未触发
2025-06-18,波动电价,18:00,144.465614,-116.724577,57.444219,2805.073939,2957.462350,False,未触发
2025-06-19,波动电价,06:00,-3620.631038,-6744.519878,52.822706,26391.853157,24870.068131,True,可靠性
2025-06-19,波动电价,12:00,-2662.360521,-4724.800237,52.822706,13336.281795,14793.354540,False,未触发
2025-06-19,波动电价,18:00,183.878323,-558.739356,52.822706,2566.363107,2997.035236,False,未触发
2025-06-20,波动电价,06:00,-9675.556713,-16078.657567,25.953236,13519.683354,18725.826043,False,未触发
2025-06-20,波动电价,12:00,-9811.943982,-15975.099059,25.953236,5294.526391,9676.784787,False,未触发
2025-06-20,波动电价,18:00,-4168.265511,-6752.526461,25.953236,1173.164014,3114.695529,False,未触发
2025-06-21,波动电价,06:00,-4376.466326,-6777.233038,24.024161,18386.676086,20341.431395,False,未触发
2025-06-21,波动电价,12:00,-8135.259674,-13362.397918,24.024161,6303.776191,9949.961923,False,未触发
2025-06-21,波动电价,18:00,-3878.790117,-6280.896396,24.024161,1163.031836,2991.638039,False,未触发
2025-06-22,波动电价,06:00,-2821.784288,-6118.000857,52.041528,26489.440656,24608.628778,True,可靠性
2025-06-22,波动电价,12:00,-4923.342435,-9969.475780,52.041528,10961.025492,14353.975739,False,未触发
2025-06-22,波动电价,18:00,174.077192,-40.229243,52.041528,2743.258948,2865.783614,False,未触发
2025-06-23,波动电价,06:00,3326.055275,-2147.458091,53.367332,27899.202099,24631.830043,True,可靠性
2025-06-23,波动电价,12:00,-3017.687160,-7331.590983,53.367332,10943.492824,13836.038540,False,未触发
2025-06-23,波动电价,18:00,160.998830,-376.539056,53.367332,2637.187036,2942.494159,False,未触发
2025-06-24,波动电价,06:00,-7435.818048,-9211.523241,64.230464,23548.851648,24721.887171,False,未触发
2025-06-24,波动电价,12:00,-10906.265691,-16346.468984,64.230464,10862.104349,14429.168434,False,未触发
2025-06-24,波动电价,18:00,-48.542652,-778.229523,64.230464,3475.331339,3044.311933,True,可靠性
2025-06-25,波动电价,06:00,3240.898839,-2764.390284,54.704834,28528.202465,24866.553370,True,可靠性
2025-06-25,波动电价,12:00,-3442.635010,-7014.272411,54.704834,12174.185003,14717.678625,False,未触发
2025-06-25,波动电价,18:00,185.615978,-494.087528,54.704834,2705.426773,3097.230201,False,未触发
2025-06-26,波动电价,06:00,478.862566,-2779.016691,52.256981,26972.922461,24980.762789,True,可靠性
2025-06-26,波动电价,12:00,-2103.732095,-3977.258132,52.256981,13409.613772,14900.812596,False,未触发
2025-06-26,波动电价,18:00,310.854097,251.526090,52.256981,3194.546548,3165.574652,True,经济性
2025-06-27,波动电价,06:00,-9696.144398,-15824.501527,25.490562,11705.866631,17083.321988,False,未触发
2025-06-27,波动电价,12:00,-13254.315096,-22178.140454,25.490562,2866.012003,9310.257873,False,未触发
2025-06-27,波动电价,18:00,-4727.027526,-7690.528467,25.490562,925.797845,3164.244943,False,未触发
2025-06-28,波动电价,06:00,-8112.540081,-13017.832691,25.733125,17526.589424,21439.701096,False,未触发
2025-06-28,波动电价,12:00,-10075.057023,-16407.398587,25.733125,6134.969375,10629.535635,False,未触发
2025-06-28,波动电价,18:00,-4636.406798,-7543.384892,25.733125,862.210820,3073.748533,False,未触发
2025-06-29,波动电价,06:00,2526.247465,-4273.623682,52.572144,28724.221722,24477.615204,True,可靠性
2025-06-29,波动电价,12:00,-3303.108403,-6427.033057,52.572144,12259.110513,14420.552742,False,未触发
2025-06-29,波动电价,18:00,171.000993,-649.177060,52.572144,2536.071974,3000.563450,False,未触发
2025-06-30,波动电价,06:00,-7488.446083,-10090.116128,57.165050,22905.174664,24638.460185,False,未触发
2025-06-30,波动电价,12:00,-6880.735380,-9865.288121,57.165050,12279.442984,14467.480720,False,未触发
2025-06-30,波动电价,18:00,17.048084,-564.471442,57.165050,3384.434997,3058.410875,True,可靠性
2025-07-01,波动电价,06:00,33016.086495,414.108401,54.351789,44458.231870,24452.749844,True,经济性
2025-07-01,波动电价,12:00,-3141.798559,-10215.542751,54.351789,10056.586031,14181.277421,False,未触发
2025-07-01,波动电价,18:00,486.746711,-1585.348231,54.351789,2102.015684,3136.373185,False,未触发
2025-07-02,波动电价,06:00,29248.134811,-29.947075,52.196055,42975.265528,24607.658308,True,可靠性
2025-07-02,波动电价,12:00,-4156.262025,-13100.505133,52.196055,8864.895642,13832.874921,False,未触发
2025-07-02,波动电价,18:00,-1070.331463,-3388.928437,52.196055,1999.505536,3191.805350,False,未触发
2025-07-03,波动电价,06:00,36075.751895,1777.790264,59.205010,45130.804384,24261.348877,True,经济性
2025-07-03,波动电价,12:00,-6706.688072,-17998.244224,59.205010,8179.358385,14461.920320,False,未触发
2025-07-03,波动电价,18:00,-1311.513878,-3533.867781,59.205010,2131.925263,3246.823151,False,未触发
2025-07-04,波动电价,06:00,10213.869686,-2549.016971,26.411002,33130.590460,24108.260397,True,可靠性
2025-07-04,波动电价,12:00,-4808.901337,-14429.093000,26.411002,4587.849203,10469.664983,False,未触发
2025-07-04,波动电价,18:00,-424.074031,-3959.748129,26.411002,1159.761241,3387.799876,False,未触发
2025-07-05,波动电价,06:00,3848.052426,-3429.396751,26.054905,28110.471311,23129.619855,True,可靠性
2025-07-05,波动电价,12:00,-6708.017197,-14167.804784,26.054905,5243.687360,9609.601586,False,未触发
2025-07-05,波动电价,18:00,-2833.954073,-6054.756100,26.054905,1142.576022,3230.396640,False,未触发
2025-07-06,波动电价,06:00,44590.700964,6833.703851,56.026168,47315.375685,23366.650437,True,经济性
2025-07-06,波动电价,12:00,-4691.195386,-11912.637161,56.026168,9710.644529,13751.531304,False,未触发
2025-07-06,波动电价,18:00,-2690.044653,-5181.998212,56.026168,1721.509052,3005.867453,False,未触发
2025-07-07,波动电价,06:00,21869.908302,-2827.853728,55.895915,38387.276799,23718.085182,True,可靠性
2025-07-07,波动电价,12:00,-2119.058494,-7146.738054,55.895915,10480.976180,13419.742227,False,未触发
2025-07-07,波动电价,18:00,-89.309905,-2927.077131,55.895915,1610.909679,3132.091436,False,未触发
2025-07-08,波动电价,06:00,17483.230198,-4009.728900,59.054290,35882.801402,23843.738040,True,可靠性
2025-07-08,波动电价,12:00,-3322.483353,-7697.614274,59.054290,10454.833370,12708.446936,False,未触发
2025-07-08,波动电价,18:00,-1032.106783,-3474.803467,59.054290,2187.711472,3381.546634,False,未触发
2025-07-09,波动电价,06:00,20113.182438,-3231.055614,58.731362,37232.251669,24062.504799,True,可靠性
2025-07-09,波动电价,12:00,-5552.632170,-13458.804118,58.731362,9709.441498,14181.663303,False,未触发
2025-07-09,波动电价,18:00,-515.547312,-2562.606076,58.731362,2634.862037,3626.397564,False,未触发
2025-07-10,波动电价,06:00,27070.040727,-1149.279900,54.419321,41113.325854,24372.687823,True,可靠性
2025-07-10,波动电价,12:00,-3874.310672,-12851.234832,54.419321,9048.187913,13650.718568,False,未触发
2025-07-10,波动电价,18:00,-553.825799,-3197.560072,54.419321,2585.086810,3854.313944,False,未触发
2025-07-11,波动电价,06:00,4450.375198,-3237.106749,30.320715,28985.619642,24418.752817,True,可靠性
2025-07-11,波动电价,12:00,-7308.470785,-16258.378268,30.320715,5486.988352,10654.406982,False,未触发
2025-07-11,波动电价,18:00,-1494.733942,-5700.752137,30.320715,1509.849968,4059.821945,False,未触发
2025-07-12,波动电价,06:00,7115.195048,-3202.812919,27.431062,30636.618533,24036.564526,True,可靠性
2025-07-12,波动电价,12:00,-4098.803712,-9997.361664,27.431062,7674.162412,11067.502502,False,未触发
2025-07-12,波动电价,18:00,-2837.747681,-6356.807155,27.431062,1668.331749,3807.484953,False,未触发
2025-07-13,波动电价,06:00,7725.292559,-5913.817352,57.693709,31256.717782,23525.834560,True,可靠性
2025-07-13,波动电价,12:00,-9395.134705,-17191.803270,57.693709,7938.175007,11847.676320,False,未触发
2025-07-13,波动电价,18:00,-1880.041609,-4191.700376,57.693709,2526.543283,3617.475939,False,未触发
2025-07-14,波动电价,06:00,19313.693825,-3033.027429,54.626585,36501.391898,23624.778920,True,可靠性
2025-07-14,波动电价,12:00,-2634.913400,-7929.195361,54.626585,10381.976572,13166.503425,False,未触发
2025-07-14,波动电价,18:00,146.449670,-1588.659957,54.626585,2913.965516,3763.697859,False,未触发
2025-07-15,波动电价,06:00,8481.309176,-4774.813484,58.274143,30833.564911,23827.732901,True,可靠性
2025-07-15,波动电价,12:00,-4146.924281,-9540.997485,58.274143,11177.440804,14288.479554,False,未触发
2025-07-15,波动电价,18:00,-450.244591,-1822.811674,58.274143,3116.438162,3786.332309,False,未触发
2025-07-16,波动电价,06:00,11186.059849,-4879.839990,58.396729,32418.295526,23694.203288,True,可靠性
2025-07-16,波动电价,12:00,-343.339485,-2715.834158,58.396729,12425.788177,13743.073935,False,未触发
2025-07-16,波动电价,18:00,216.831127,-1310.937319,58.396729,2978.897867,3726.022658,False,未触发
2025-07-17,波动电价,06:00,22764.059999,-2452.924256,56.058698,38554.483046,23592.078093,True,可靠性
2025-07-17,波动电价,12:00,-2455.464668,-9630.936654,56.058698,9284.086805,12995.875426,False,未触发
2025-07-17,波动电价,18:00,181.249199,-1538.111239,56.058698,2698.823683,3535.092725,False,未触发
2025-07-18,波动电价,06:00,-4127.137302,-4919.184447,33.255249,22571.510674,23076.603998,False,未触发
2025-07-18,波动电价,12:00,-10296.296133,-17441.098820,33.255249,5908.140891,9867.037679,False,未触发
2025-07-18,波动电价,18:00,-2925.416426,-4720.185087,33.255249,2365.255287,3386.893466,False,未触发
2025-07-19,波动电价,06:00,-8338.172671,-13092.562879,32.386527,12995.217805,16249.519173,False,未触发
2025-07-19,波动电价,12:00,-9138.379431,-15524.263372,32.386527,5714.854609,9252.491502,False,未触发
2025-07-19,波动电价,18:00,-2723.868149,-4405.021255,32.386527,2258.147296,3182.230736,False,未触发
2025-07-20,波动电价,06:00,11368.403733,-5765.542727,60.188746,31327.647117,21986.167119,True,可靠性
2025-07-20,波动电价,12:00,-5413.397870,-12606.475768,60.188746,8020.496582,11849.932565,False,未触发
2025-07-20,波动电价,18:00,87.906492,-1288.930160,60.188746,2291.700880,2967.249047,False,未触发
2025-07-21,波动电价,06:00,6135.550642,-5583.081293,62.666984,28726.598449,22447.435850,True,可靠性
2025-07-21,波动电价,12:00,937.503995,-1189.131303,62.666984,13050.485054,12574.528650,False,未触发
2025-07-21,波动电价,18:00,173.134650,-1279.708846,62.666984,2286.774495,2999.476228,False,未触发
2025-07-22,波动电价,06:00,28652.922736,-499.543671,60.454494,39971.397202,22168.676855,True,可靠性
2025-07-22,波动电价,12:00,-2002.424297,-12534.992702,60.454494,6348.420425,12044.805464,False,未触发
2025-07-22,波动电价,18:00,132.371975,-721.493882,60.454494,2645.738582,3064.248939,False,未触发
2025-07-23,波动电价,06:00,-7181.607043,-9483.489123,67.798057,21676.068812,22453.231582,False,未触发
2025-07-23,波动电价,12:00,-4665.754921,-7072.417936,67.798057,11948.111041,11790.594999,False,未触发
2025-07-23,波动电价,18:00,656.672854,-2439.289800,67.798057,4667.228498,3115.680448,True,可靠性
2025-07-24,波动电价,06:00,3169.282807,-5899.738948,68.183167,27187.040464,22529.149041,True,可靠性
2025-07-24,波动电价,12:00,-4703.123507,-10653.403805,68.183167,9694.030717,12768.088399,False,未触发
2025-07-24,波动电价,18:00,137.387338,-1366.777310,68.183167,2408.911143,3153.166369,False,未触发
2025-07-25,波动电价,06:00,1543.819937,-1919.925810,31.718133,24581.025803,22388.520474,True,可靠性
2025-07-25,波动电价,12:00,-5400.318602,-11890.993583,31.718133,5800.233432,9507.483822,False,未触发
2025-07-25,波动电价,18:00,-2814.161300,-6387.330090,31.718133,985.952091,3247.934944,False,未触发
2025-07-26,波动电价,06:00,-6045.579643,-9808.475345,32.477071,18322.713972,20792.871516,False,未触发
2025-07-26,波动电价,12:00,-6440.503126,-10091.743870,32.477071,7306.804672,9408.482460,False,未触发
2025-07-26,波动电价,18:00,-4205.583110,-6384.879133,32.477071,1750.319499,3054.542114,False,未触发
2025-07-27,波动电价,06:00,13256.750029,-4957.974944,61.467799,32026.959569,21798.822917,True,可靠性
2025-07-27,波动电价,12:00,-2586.581846,-8028.184529,61.467799,8937.587119,11764.282521,False,未触发
2025-07-27,波动电价,18:00,432.022977,-1526.439506,61.467799,1783.202031,2839.985581,False,未触发
2025-07-28,波动电价,06:00,13350.587425,-5576.507240,64.816377,32459.115162,21932.103051,True,可靠性
2025-07-28,波动电价,12:00,-3851.198881,-9855.401620,64.816377,9281.549883,12477.297580,False,未触发
2025-07-28,波动电价,18:00,140.656013,-1176.023857,64.816377,2172.835337,2835.806299,False,未触发
2025-07-29,波动电价,06:00,14969.783367,-3850.193031,63.735036,32914.969737,22063.918171,True,可靠性
2025-07-29,波动电价,12:00,-1261.110972,-5075.956856,63.735036,10319.063957,12384.369040,False,未触发
2025-07-29,波动电价,18:00,142.737191,-961.638752,63.735036,2359.257038,2895.085240,False,未触发
2025-07-30,波动电价,06:00,21853.400966,-1864.118356,59.832125,36877.346984,22412.705531,True,可靠性
2025-07-30,波动电价,12:00,-13.083134,-2766.956080,59.832125,10417.423787,11809.244646,False,未触发
2025-07-30,波动电价,18:00,112.939423,-885.177416,59.832125,2458.983400,2948.388199,False,未触发
2025-07-31,波动电价,06:00,10374.990458,-4307.634578,62.259403,30763.831676,22708.204311,True,可靠性
2025-07-31,波动电价,12:00,-1430.036111,-4511.218122,62.259403,10917.637650,12643.601704,False,未触发
2025-07-31,波动电价,18:00,151.945110,-1095.299572,62.259403,2401.060088,3011.029297,False,未触发
2025-08-01,波动电价,06:00,-5351.296990,-8429.455122,33.224855,10806.610932,12761.223732,False,未触发
2025-08-01,波动电价,12:00,-13293.269389,-22557.040057,33.224855,3207.417165,8501.930490,False,未触发
2025-08-01,波动电价,18:00,-4906.328917,-8016.927126,33.224855,1160.608872,3045.519109,False,未触发
2025-08-02,波动电价,06:00,-13923.975984,-23932.211068,34.976096,6519.735511,13304.384787,False,未触发
2025-08-02,波动电价,12:00,-13596.835797,-22721.987470,34.976096,3056.364999,8040.891838,False,未触发
2025-08-02,波动电价,18:00,-5354.720683,-8820.520906,34.976096,747.336930,2910.841963,False,未触发
2025-08-03,波动电价,06:00,10649.656035,-4489.793902,54.659847,30377.089295,21914.949518,True,可靠性
2025-08-03,波动电价,12:00,-3493.116698,-11366.767796,54.659847,5499.236617,9474.230241,False,未触发
2025-08-03,波动电价,18:00,642.469068,-830.246993,54.659847,1873.525470,2641.416062,False,未触发
2025-08-04,波动电价,06:00,9104.331268,-2118.481605,58.917108,28661.975091,22439.563561,True,可靠性
2025-08-04,波动电价,12:00,-5180.592676,-11275.054788,58.917108,7061.871775,10230.339131,False,未触发
2025-08-04,波动电价,18:00,133.988945,-105.382204,58.917108,2594.452451,2712.000936,False,未触发
2025-08-05,波动电价,06:00,7814.652602,-1895.711977,59.004927,28030.604220,22855.793398,True,可靠性
2025-08-05,波动电价,12:00,-3004.077262,-7730.437638,59.004927,8204.994576,10680.486800,False,未触发
2025-08-05,波动电价,18:00,409.218840,-309.860283,59.004927,2505.108698,2860.536720,False,未触发
2025-08-06,波动电价,06:00,-8240.533280,-10178.585053,66.280736,21802.943893,23144.162722,False,未触发
2025-08-06,波动电价,12:00,-13909.573604,-22309.416265,66.280736,8214.452822,12958.942477,False,未触发
2025-08-06,波动电价,18:00,-123.535616,-730.247604,66.280736,3283.237771,2980.880002,True,可靠性
2025-08-07,波动电价,06:00,-11854.237982,-17449.302721,63.413858,19759.847594,23730.378183,False,未触发
2025-08-07,波动电价,12:00,-2105.350109,-4096.217830,63.413858,11192.133598,10855.989242,False,未触发
2025-08-07,波动电价,18:00,33.545901,-650.824607,63.413858,3582.137977,3250.112957,True,可靠性
2025-08-08,波动电价,06:00,-8604.503552,-13730.103645,32.291252,7104.263565,10183.600676,False,未触发
2025-08-08,波动电价,12:00,-11776.326377,-19307.980836,32.291252,4460.559185,8772.488914,False,未触发
2025-08-08,波动电价,18:00,-6554.255610,-10633.618206,32.291252,1027.936146,3618.591189,False,未触发
2025-08-09,波动电价,06:00,-9850.057792,-15723.856200,32.863252,7304.803988,10823.559487,False,未触发
2025-08-09,波动电价,12:00,-12397.240517,-20429.030322,32.863252,4092.848614,8738.722454,False,未触发
2025-08-09,波动电价,18:00,-6735.146761,-10976.942185,32.863252,560.605365,3264.057938,False,未触发
2025-08-10,波动电价,06:00,-7884.300255,-11886.975625,61.422337,21114.803442,23372.392432,False,未触发
2025-08-10,波动电价,12:00,-7925.319655,-12571.942945,61.422337,9975.543865,12519.298053,False,未触发
2025-08-10,波动电价,18:00,-69.009447,-464.831819,61.422337,3293.020002,3087.274407,True,可靠性
2025-08-11,波动电价,06:00,1474.491998,-1633.038933,57.272306,25668.264097,24122.118036,True,可靠性
2025-08-11,波动电价,12:00,-1926.727619,-3143.044359,57.272306,12355.374853,13107.269040,False,未触发
2025-08-11,波动电价,18:00,235.569038,222.289672,57.272306,3462.409486,3465.269817,True,经济性
2025-08-12,波动电价,06:00,-6127.132686,-8025.292632,63.717030,23574.793485,24810.534573,False,未触发
2025-08-12,波动电价,12:00,-3979.155547,-5485.231098,63.717030,12572.679032,13407.257467,False,未触发
2025-08-12,波动电价,18:00,67.183526,-163.747289,63.717030,3800.291140,3687.646742,False,未触发
2025-08-13,波动电价,06:00,-1193.743513,-1721.639106,57.453826,25474.202917,25253.540032,False,未触发
2025-08-13,波动电价,12:00,-2598.958205,-3412.852038,57.453826,14720.419059,15268.223212,False,未触发
2025-08-13,波动电价,18:00,64.006568,-125.418278,57.453826,3932.696702,3846.515625,False,未触发
2025-08-14,波动电价,06:00,5279.198884,-1073.258311,59.568831,29220.569257,25712.037084,True,可靠性
2025-08-14,波动电价,12:00,-5092.660391,-9040.776961,59.568831,12039.659496,14437.375295,False,未触发
2025-08-14,波动电价,18:00,103.666480,-81.873923,59.568831,3911.181534,4001.017365,False,未触发
2025-08-15,波动电价,06:00,-17353.825809,-28157.108130,34.707698,6738.460053,14050.209982,False,未触发
2025-08-15,波动电价,12:00,-18474.756056,-30021.857034,34.707698,3475.721427,10002.483590,False,未触发
2025-08-15,波动电价,18:00,-8048.390595,-12798.333378,34.707698,1162.642331,4089.076381,False,未触发
2025-08-16,波动电价,06:00,-17191.421497,-27340.467510,34.715008,5113.284314,11714.054838,False,未触发
2025-08-16,波动电价,12:00,-21481.411436,-35505.286617,34.715008,2260.383555,10008.423516,False,未触发
2025-08-16,波动电价,18:00,-8272.219546,-13214.720235,34.715008,915.636637,3962.954009,False,未触发
2025-08-17,波动电价,06:00,-12913.252319,-20244.093428,60.252422,20751.164855,25087.802625,False,未触发
2025-08-17,波动电价,12:00,-5222.643949,-7466.513870,60.252422,11489.603265,12675.674966,False,未触发
2025-08-17,波动电价,18:00,-736.816047,-1101.648325,60.252422,3734.499883,3908.810809,False,未触发
2025-08-18,波动电价,06:00,-3558.485195,-4961.391181,59.958904,24469.180771,25292.626197,False,未触发
2025-08-18,波动电价,12:00,-7249.002348,-11223.113337,59.958904,11473.145281,13433.981479,False,未触发
2025-08-18,波动电价,18:00,-680.017618,-1061.291119,59.958904,3809.619762,3987.430396,False,未触发
2025-08-19,波动电价,06:00,-9586.188496,-15056.999756,59.551799,22628.282080,25646.854390,False,未触发
2025-08-19,波动电价,12:00,-4075.987462,-6069.246139,59.551799,12800.913401,13785.104679,False,未触发
2025-08-19,波动电价,18:00,-1485.518682,-2262.218652,59.551799,3679.649404,4057.778366,False,未触发
2025-08-20,波动电价,06:00,-14749.569590,-22974.519306,65.521580,20332.452947,25711.044429,False,未触发
2025-08-20,波动电价,12:00,-15672.452886,-24583.456217,65.521580,10034.636680,15503.998158,False,未触发
2025-08-20,波动电价,18:00,-1412.682001,-2141.618598,65.521580,3766.158113,4119.045429,False,未触发
2025-08-21,波动电价,06:00,-17393.613099,-27274.669934,61.863101,19828.290114,25936.982943,False,未触发
2025-08-21,波动电价,12:00,-8513.292487,-12913.344192,61.863101,12016.901068,14411.445736,False,未触发
2025-08-21,波动电价,18:00,-1224.642216,-1861.452606,61.863101,3875.558918,4186.348556,False,未触发
2025-08-22,波动电价,06:00,-15187.726086,-23922.186853,33.480354,6845.814212,12602.025485,False,未触发
2025-08-22,波动电价,12:00,-19537.301307,-31552.563436,33.480354,3921.306938,11217.891782,False,未触发
2025-08-22,波动电价,18:00,-8603.385712,-13636.087568,33.480354,1052.927208,4231.098983,False,未触发
2025-08-23,波动电价,06:00,-9357.572679,-14279.225733,31.836670,8932.035265,11811.364154,False,未触发
2025-08-23,波动电价,12:00,-12140.765205,-19060.859673,31.836670,6262.722766,10238.119975,False,未触发
2025-08-23,波动电价,18:00,-8528.597961,-13497.477117,31.836670,990.738059,4161.318371,False,未触发
2025-08-24,波动电价,06:00,-18689.399172,-29727.411818,60.002440,18296.653270,24720.509715,False,未触发
2025-08-24,波动电价,12:00,-6850.704709,-10517.476092,60.002440,12200.419689,14477.023615,False,未触发
2025-08-24,波动电价,18:00,-1119.140425,-1705.085305,60.002440,3846.117837,4129.009106,False,未触发
2025-08-25,波动电价,06:00,-36305.781542,-57607.301808,74.878798,11615.325948,25313.043349,False,未触发
2025-08-25,波动电价,12:00,-25324.950819,-39573.031796,74.878798,7330.308687,15590.057503,False,未触发
2025-08-25,波动电价,18:00,-1835.406900,-2792.296011,74.878798,3695.601693,4157.753279,False,未触发
2025-08-26,波动电价,06:00,-9791.559638,-14503.816948,60.371871,22798.941500,25175.234526,False,未触发
2025-08-26,波动电价,12:00,-11711.613281,-18125.462554,60.371871,11527.877149,15102.956750,False,未触发
2025-08-26,波动电价,18:00,-1705.397053,-2604.523421,60.371871,3736.162901,4174.618685,False,未触发
2025-08-27,波动电价,06:00,-2725.035601,-6970.739354,60.934030,27451.659085,25282.248342,True,可靠性
2025-08-27,波动电价,12:00,-3944.025137,-8340.836299,60.934030,12409.771560,15132.346883,False,未触发
2025-08-27,波动电价,18:00,868.576071,555.274739,60.934030,4303.592346,4156.395744,True,经济性
2025-08-28,波动电价,06:00,1998.109799,-3033.937033,59.599463,28257.580339,25324.316980,True,可靠性
2025-08-28,波动电价,12:00,-5707.795625,-10191.780180,59.599463,13412.456540,16126.082086,False,未触发
2025-08-28,波动电价,18:00,632.501476,473.851423,59.599463,4210.220813,4140.869612,True,经济性
2025-08-29,波动电价,06:00,-21076.015140,-34320.568245,35.664750,3783.810739,11865.524047,False,未触发
2025-08-29,波动电价,12:00,-20268.960605,-32676.663304,35.664750,3024.356121,10314.631096,False,未触发
2025-08-29,波动电价,18:00,-8998.922003,-14299.320369,35.664750,726.474025,4128.857480,False,未触发
2025-08-30,波动电价,06:00,-14822.073791,-23227.759952,35.321434,6664.873362,11985.533121,False,未触发
2025-08-30,波动电价,12:00,-21702.620349,-35030.293880,35.321434,3450.754255,11164.560010,False,未触发
2025-08-30,波动电价,18:00,-9434.846989,-14966.637259,35.321434,726.141681,4184.229420,False,未触发
2025-08-31,波动电价,06:00,-12508.827060,-18210.677194,59.660131,21990.122727,25065.025362,False,未触发
2025-08-31,波动电价,12:00,-15815.250556,-24169.291022,59.660131,11498.380952,16009.027134,False,未触发
2025-08-31,波动电价,18:00,-2352.535100,-3579.024051,59.660131,3605.731008,4210.423535,False,未触发
2025-09-01,波动电价,06:00,-42125.869313,-68549.959792,58.975404,3933.274036,22877.562990,False,未触发
2025-09-01,波动电价,12:00,-15655.727448,-24136.005510,58.975404,7523.532812,13113.869120,False,未触发
2025-09-01,波动电价,18:00,-6269.400147,-9789.512317,58.975404,1935.444968,4176.126857,False,未触发
2025-09-02,波动电价,06:00,-25500.327988,-39882.077647,52.808395,14725.235202,24550.983726,False,未触发
2025-09-02,波动电价,12:00,-9527.974787,-14394.593770,52.808395,10267.581276,13189.988783,False,未触发
2025-09-02,波动电价,18:00,-5813.048408,-9070.451419,52.808395,2077.112334,4122.402048,False,未触发
2025-09-03,波动电价,06:00,-33234.667172,-54105.676904,57.586447,7044.836548,21898.266919,False,未触发
2025-09-03,波动电价,12:00,-13727.256532,-21070.661370,57.586447,8680.487005,13234.297812,False,未触发
2025-09-03,波动电价,18:00,-6311.134606,-9880.401771,57.586447,1805.551746,4046.796739,False,未触发
2025-09-04,波动电价,06:00,-29224.644855,-47428.833867,56.186745,7269.654304,20020.010183,False,未触发
2025-09-04,波动电价,12:00,-15620.575160,-24470.278300,56.186745,7273.161067,13001.869708,False,未触发
2025-09-04,波动电价,18:00,-6271.964185,-9842.488865,56.186745,1689.739296,3973.572719,False,未触发
2025-09-05,波动电价,06:00,-16519.696163,-26610.333299,29.145819,1960.550109,9518.971289,False,未触发
2025-09-05,波动电价,12:00,-16666.441805,-27026.507545,29.145819,1693.743287,9416.193775,False,未触发
2025-09-05,波动电价,18:00,-7666.574597,-12194.449138,29.145819,410.599163,3915.533855,False,未触发
2025-09-06,波动电价,06:00,-16051.305818,-25566.123565,29.170690,3762.406386,10834.101769,False,未触发
2025-09-06,波动电价,12:00,-16010.746598,-25849.195524,29.170690,2372.990881,9590.769519,False,未触发
2025-09-06,波动电价,18:00,-7656.887980,-12168.479094,29.170690,471.502142,3987.593942,False,未触发
2025-09-07,波动电价,06:00,-23124.430101,-35821.558592,53.410836,16199.931307,24785.524434,False,未触发
2025-09-07,波动电价,12:00,-11812.851251,-18234.383896,53.410836,10354.823649,14512.315583,False,未触发
2025-09-07,波动电价,18:00,-6476.112634,-10072.657605,53.410836,1843.485604,4116.751107,False,未触发
2025-09-08,波动电价,06:00,-37282.988072,-59449.512113,59.657950,8566.301642,24340.711652,False,未触发
2025-09-08,波动电价,12:00,-8452.786691,-12201.016192,59.657950,12013.909356,14237.939886,False,未触发
2025-09-08,波动电价,18:00,-5196.449147,-8143.749786,59.657950,2180.645602,4041.173213,False,未触发
2025-09-09,波动电价,06:00,-18454.973098,-28372.982882,52.323593,15073.646135,21505.103291,False,未触发
2025-09-09,波动电价,12:00,-7302.395170,-10512.378630,52.323593,11113.253564,12962.999526,False,未触发
2025-09-09,波动电价,18:00,-5886.512033,-9162.104590,52.323593,1929.471592,3976.896566,False,未触发
2025-09-10,波动电价,06:00,-40919.253511,-65597.889571,61.139188,6725.324156,23886.318940,False,未触发
2025-09-10,波动电价,12:00,-12105.358872,-18286.311081,61.139188,10144.991785,13984.522219,False,未触发
2025-09-10,波动电价,18:00,-6344.848552,-9920.293446,61.139188,1591.334397,3887.704634,False,未触发
2025-09-11,波动电价,06:00,-32054.881367,-52341.993665,59.250625,6702.410971,19959.786695,False,未触发
2025-09-11,波动电价,12:00,-18524.466941,-29105.312343,59.250625,5645.120746,12042.420608,False,未触发
2025-09-11,波动电价,18:00,-5132.643659,-8128.070871,59.250625,1819.356162,3733.960653,False,未触发
2025-09-12,波动电价,06:00,-15375.963085,-25009.932899,30.031274,1672.973147,8776.745334,False,未触发
2025-09-12,波动电价,12:00,-14074.441658,-22698.569549,30.031274,3204.872108,9564.756237,False,未触发
2025-09-12,波动电价,18:00,-7463.015797,-11927.321498,30.031274,269.316211,3556.744291,False,未触发
2025-09-13,波动电价,06:00,-14844.691404,-23741.097664,29.938656,3063.027025,9990.492600,False,未触发
2025-09-13,波动电价,12:00,-14384.530427,-23188.241380,29.938656,2908.083761,9435.919687,False,未触发
2025-09-13,波动电价,18:00,-7623.836353,-12194.018485,29.938656,313.832803,3656.856347,False,未触发
2025-09-14,波动电价,06:00,-42255.449054,-68147.041059,64.069547,5795.651066,24238.905432,False,未触发
2025-09-14,波动电价,12:00,-15111.462487,-23583.538369,64.069547,8794.196757,14079.504773,False,未触发
2025-09-14,波动电价,18:00,-5379.847081,-8454.140094,64.069547,1846.182505,3796.367869,False,未触发
2025-09-15,波动电价,06:00,-20509.300032,-33373.209959,54.175245,12711.603980,20982.424695,False,未触发
2025-09-15,波动电价,12:00,-9416.757916,-14594.528036,54.175245,9494.354447,12968.922262,False,未触发
2025-09-15,波动电价,18:00,-5498.586583,-8668.500789,54.175245,1530.891778,3589.592933,False,未触发
2025-09-16,波动电价,06:00,-33278.517403,-53516.118547,64.263442,9055.597054,23002.378836,False,未触发
2025-09-16,波动电价,12:00,-16248.809573,-26068.551751,64.263442,5743.972101,11967.551759,False,未触发
2025-09-16,波动电价,18:00,-4333.909396,-6845.949191,64.263442,1523.699313,3140.402981,False,未触发
2025-09-17,波动电价,06:00,-30300.853738,-49799.507430,62.647356,6976.466254,20502.668424,False,未触发
2025-09-17,波动电价,12:00,-15996.028822,-26720.547339,62.647356,2834.038658,9851.968043,False,未触发
2025-09-17,波动电价,18:00,-3227.619790,-5416.179754,62.647356,346.765674,1733.647460,False,未触发
2025-09-18,波动电价,06:00,-12756.040588,-18702.195251,57.393230,15160.538292,18785.656505,False,未触发
2025-09-18,波动电价,12:00,-5882.220178,-8849.763633,57.393230,6949.734673,8706.864761,False,未触发
2025-09-18,波动电价,18:00,-2814.287394,-4669.964817,57.393230,42.688486,657.186739,False,未触发
2025-09-19,波动电价,06:00,-10613.823182,-17931.323323,33.041950,1720.129467,6963.944689,False,未触发
2025-09-19,波动电价,12:00,-9906.959743,-17095.063668,33.041950,300.707313,4400.257641,False,未触发
2025-09-19,波动电价,18:00,-3406.642937,-4947.645544,33.041950,0.000000,437.407546,False,未触发
2025-09-20,波动电价,06:00,-12107.125057,-20659.052528,32.945097,1993.596659,8683.836779,False,未触发
2025-09-20,波动电价,12:00,-11258.369353,-19586.665891,32.945097,284.719099,4991.639181,False,未触发
2025-09-20,波动电价,18:00,-3744.616146,-5636.058430,32.945097,0.000000,685.357649,False,未触发
2025-09-21,波动电价,06:00,-22786.136765,-37435.994003,63.470664,10333.513308,20223.158291,False,未触发
2025-09-21,波动电价,12:00,-9396.458364,-15384.900891,63.470664,4594.651123,8407.234848,False,未触发
2025-09-21,波动电价,18:00,-2344.864547,-4001.596323,63.470664,386.198992,1443.990884,False,未触发
2025-09-22,波动电价,06:00,-29850.091487,-49500.374640,66.940717,6382.249972,19489.985662,False,未触发
2025-09-22,波动电价,12:00,-16432.920846,-27825.919259,66.940717,1982.618730,8875.814150,False,未触发
2025-09-22,波动电价,18:00,-2701.119320,-4458.575473,66.940717,305.218399,1277.844299,False,未触发
2025-09-23,波动电价,06:00,-26017.768296,-42502.028373,64.901761,8033.780790,19417.303374,False,未触发
2025-09-23,波动电价,12:00,-9628.329857,-15887.823298,64.901761,4059.438674,8024.771710,False,未触发
2025-09-23,波动电价,18:00,-1943.290789,-3299.703901,64.901761,319.635693,1130.653580,False,未触发
2025-09-24,波动电价,06:00,-10119.113119,-14760.339588,58.004083,15875.228809,18920.863839,False,未触发
2025-09-24,波动电价,12:00,-1367.201962,-2401.998536,58.004083,9681.251276,9158.337755,True,可靠性
2025-09-24,波动电价,18:00,81.790470,-491.234391,58.004083,657.671685,1039.438636,False,未触发
2025-09-25,波动电价,06:00,-14262.498524,-22480.353532,61.575638,13988.490262,19172.624862,False,未触发
2025-09-25,波动电价,12:00,-4405.173875,-6115.126867,61.575638,7181.785653,8203.908060,False,未触发
2025-09-25,波动电价,18:00,-2121.830746,-3585.752202,61.575638,253.679161,1005.465731,False,未触发
2025-09-26,波动电价,06:00,-16843.549371,-29926.867217,34.220788,1565.528901,9984.848758,False,未触发
2025-09-26,波动电价,12:00,-11884.869913,-20780.966938,34.220788,214.991478,5128.922353,False,未触发
2025-09-26,波动电价,18:00,-3748.366473,-6095.507861,34.220788,0.000000,979.692215,False,未触发
2025-09-27,波动电价,06:00,-9174.381014,-14695.640803,33.048435,6417.282417,10561.248261,False,未触发
2025-09-27,波动电价,12:00,-10197.127562,-17277.311682,33.048435,1682.328439,6660.817769,False,未触发
2025-09-27,波动电价,18:00,-4591.260282,-7731.059754,33.048435,10.444915,1563.336265,False,未触发
2025-09-28,波动电价,06:00,-8714.571744,-11051.262858,62.748149,20300.794258,21427.546397,False,未触发
2025-09-28,波动电价,12:00,-5861.255400,-8951.956692,62.748149,8661.029705,10652.303573,False,未触发
2025-09-28,波动电价,18:00,-2078.040378,-3565.863494,62.748149,824.041939,1813.739211,False,未触发
2025-09-29,波动电价,06:00,-23891.812149,-39117.440027,62.825444,10127.762254,20712.796275,False,未触发
2025-09-29,波动电价,12:00,-11671.226279,-19085.957155,62.825444,5695.597608,10504.942948,False,未触发
2025-09-29,波动电价,18:00,-1159.607409,-1988.170042,62.825444,1150.873923,1709.400070,False,未触发
2025-09-30,波动电价,06:00,-10858.384498,-17182.669347,61.553879,16744.561263,20774.721908,False,未触发
2025-09-30,波动电价,12:00,-6719.468084,-9921.451349,61.553879,8608.229491,10576.687033,False,未触发
2025-09-30,波动电价,18:00,-1290.637149,-2207.403459,61.553879,1077.828034,1688.936898,False,未触发
2025-10-01,波动电价,06:00,-14044.800734,-23074.231537,55.002345,14194.170730,20351.100495,False,未触发
2025-10-01,波动电价,12:00,-5803.820284,-9397.435326,55.002345,6208.932942,8503.742491,False,未触发
2025-10-01,波动电价,18:00,-1271.266288,-2171.451811,55.002345,1021.886819,1656.330471,False,未触发
2025-10-02,波动电价,06:00,-26808.070513,-44196.516799,59.800731,7541.313157,20307.580959,False,未触发
2025-10-02,波动电价,12:00,-11419.652099,-19126.345892,59.800731,3349.514906,8050.037801,False,未触发
2025-10-02,波动电价,18:00,-1381.020293,-2369.929583,59.800731,930.513903,1606.880475,False,未触发
2025-10-03,波动电价,06:00,-8963.262296,-15132.125033,27.766144,1690.435952,6336.847223,False,未触发
2025-10-03,波动电价,12:00,-8996.416848,-15283.881618,27.766144,1199.652167,5926.534232,False,未触发
2025-10-03,波动电价,18:00,-4170.004456,-7096.564292,27.766144,25.102544,1547.325497,False,未触发
2025-10-04,波动电价,06:00,-13776.227144,-24198.245895,31.835052,1860.491663,8790.158347,False,未触发
2025-10-04,波动电价,12:00,-11274.698128,-19234.085962,31.835052,731.610260,6265.029033,False,未触发
2025-10-04,波动电价,18:00,-4783.337942,-7976.927819,31.835052,17.401943,1730.691635,False,未触发
2025-10-05,波动电价,06:00,-24214.940743,-39570.955804,59.324751,9946.646804,20832.246935,False,未触发
2025-10-05,波动电价,12:00,-3761.048755,-5764.722036,59.324751,7614.658832,8902.146640,False,未触发
2025-10-05,波动电价,18:00,-1635.237524,-2798.487322,59.324751,1082.014052,1892.831033,False,未触发
2025-10-06,波动电价,06:00,-572.228722,-2262.222063,51.197130,22114.325074,21032.182517,False,未触发
2025-10-06,波动电价,12:00,-1700.402814,-2684.020450,51.197130,11718.083566,11107.844558,True,可靠性
2025-10-06,波动电价,18:00,926.480147,753.744360,51.197130,1721.749852,1840.834261,True,经济性
2025-10-07,波动电价,06:00,-6107.719308,-9998.178463,53.153404,18624.055874,21216.397941,False,未触发
2025-10-07,波动电价,12:00,-3579.194469,-4748.514321,53.153404,10033.072473,10875.016353,False,未触发
2025-10-07,波动电价,18:00,-645.897034,-1095.885793,53.153404,1521.043770,1836.315119,False,未触发
2025-10-08,波动电价,06:00,-6939.927934,-11352.833931,51.530504,18131.024670,21131.315172,False,未触发
2025-10-08,波动电价,12:00,-5216.529921,-8250.206407,51.530504,9392.131868,11294.185508,False,未触发
2025-10-08,波动电价,18:00,-1156.151158,-1827.465236,51.530504,1463.975503,1917.818535,False,未触发
2025-10-09,波动电价,06:00,-25532.361708,-41859.112290,57.211973,10068.198009,21459.016007,False,未触发
2025-10-09,波动电价,12:00,-8677.010581,-14053.081405,57.211973,5313.915788,8745.237250,False,未触发
2025-10-09,波动电价,18:00,-1139.974672,-1810.334666,57.211973,1552.373099,1992.482316,False,未触发
2025-10-10,波动电价,06:00,-8889.748640,-14410.503985,25.635546,7208.532042,11558.625297,False,未触发
2025-10-10,波动电价,12:00,-10916.884761,-18218.744393,25.635546,2647.947684,8140.646572,False,未触发
2025-10-10,波动电价,18:00,-5220.794643,-8512.844724,25.635546,370.486854,3064.345019,False,未触发
2025-10-11,波动电价,06:00,-9568.290425,-15536.233923,26.304903,9091.302524,13780.431045,False,未触发
2025-10-11,波动电价,12:00,-11227.611696,-18551.304944,26.304903,3175.644850,8648.493345,False,未触发
2025-10-11,波动电价,18:00,-5647.866991,-9228.740936,26.304903,383.845067,3197.545201,False,未触发
2025-10-12,波动电价,06:00,-9844.544038,-14871.613356,50.566739,20804.211419,24014.427418,False,未触发
2025-10-12,波动电价,12:00,-4021.517871,-6086.451206,50.566739,11194.815207,12569.956430,False,未触发
2025-10-12,波动电价,18:00,-884.048034,-1419.320710,50.566739,3057.146348,3387.252729,False,未触发
2025-10-13,波动电价,06:00,-16086.153697,-25935.203317,51.142866,16619.331337,23774.374045,False,未触发
2025-10-13,波动电价,12:00,-11005.797785,-17674.558594,51.142866,8430.594103,13055.731135,False,未触发
2025-10-13,波动电价,18:00,-1131.144470,-1711.602896,51.142866,3099.509298,3442.396295,False,未触发
2025-10-14,波动电价,06:00,-15860.530366,-25392.562534,53.664055,16626.756221,23766.653418,False,未触发
2025-10-14,波动电价,12:00,-12290.908591,-19235.373060,53.664055,9368.256208,14276.260619,False,未触发
2025-10-14,波动电价,18:00,-148.496082,-235.979563,53.664055,3390.729626,3444.356681,False,未触发
2025-10-15,波动电价,06:00,-19586.550428,-31272.730926,55.111925,15434.350028,23928.900385,False,未触发
2025-10-15,波动电价,12:00,-15277.417478,-24223.136811,55.111925,8233.122111,14462.722357,False,未触发
2025-10-15,波动电价,18:00,-504.134993,-794.459685,55.111925,3170.124185,3350.162512,False,未触发
2025-10-16,波动电价,06:00,-4532.942239,-5892.285717,53.360068,22814.654123,23811.837146,False,未触发
2025-10-16,波动电价,12:00,-8912.958774,-13579.411837,53.360068,11170.889850,14263.518648,False,未触发
2025-10-16,波动电价,18:00,-634.577621,-903.798827,53.360068,3070.316451,3224.160080,False,未触发
2025-10-17,波动电价,06:00,-5499.630342,-8173.238787,23.486862,12094.811163,14215.605175,False,未触发
2025-10-17,波动电价,12:00,-7291.149402,-11519.827652,23.486862,6171.927272,9354.681278,False,未触发
2025-10-17,波动电价,18:00,-4910.734874,-8007.113253,23.486862,447.089332,2957.585611,False,未触发
2025-10-18,波动电价,06:00,-11805.549279,-19032.393874,26.064997,13485.015482,19434.128026,False,未触发
2025-10-18,波动电价,12:00,-13832.265647,-22722.769196,26.064997,2995.570898,9815.441281,False,未触发
2025-10-18,波动电价,18:00,-5354.844740,-8738.473172,26.064997,421.123421,3192.858039,False,未触发
2025-10-19,波动电价,06:00,-7313.851946,-10907.283794,55.194613,22615.430140,24869.480376,False,未触发
2025-10-19,波动电价,12:00,-10963.398879,-17015.705845,55.194613,10755.340404,14788.970489,False,未触发
2025-10-19,波动电价,18:00,-309.186002,-494.727335,55.194613,3373.889301,3488.350720,False,未触发
2025-10-20,波动电价,06:00,-11190.373559,-16839.999786,57.334288,21030.024658,24737.916798,False,未触发
2025-10-20,波动电价,12:00,-12886.886428,-20371.166848,57.334288,9349.071104,14367.566745,False,未触发
2025-10-20,波动电价,18:00,-881.688369,-1314.294344,57.334288,2993.846301,3243.913264,False,未触发
2025-10-21,波动电价,06:00,-6247.796451,-8885.319209,56.685634,23018.770238,24711.935787,False,未触发
2025-10-21,波动电价,12:00,-10761.321342,-16554.811823,56.685634,10886.696791,14797.646444,False,未触发
2025-10-21,波动电价,18:00,-700.104932,-1019.319981,56.685634,2970.370406,3154.783334,False,未触发
2025-10-22,波动电价,06:00,-7998.373387,-11882.261004,54.000713,21912.842958,24529.133844,False,未触发
2025-10-22,波动电价,12:00,-6467.144981,-9710.700156,54.000713,12515.109551,14734.968062,False,未触发
2025-10-22,波动电价,18:00,-715.115902,-1051.294300,54.000713,2943.710301,3202.129335,False,未触发
2025-10-23,波动电价,06:00,-24455.494794,-38716.884187,60.091858,13744.868524,24380.824816,False,未触发
2025-10-23,波动电价,12:00,-8155.605878,-12231.702765,60.091858,10471.995702,13246.509092,False,未触发
2025-10-23,波动电价,18:00,-136.092270,-219.736909,60.091858,3036.298066,3087.800571,False,未触发
2025-10-24,波动电价,06:00,-6494.173242,-9983.677052,24.068539,13960.195373,16641.017379,False,未触发
2025-10-24,波动电价,12:00,-8285.568186,-13119.685466,24.068539,6442.855484,10122.843445,False,未触发
2025-10-24,波动电价,18:00,-5296.738462,-8595.538920,24.068539,376.821326,3062.493974,False,未触发
2025-10-25,波动电价,06:00,-10951.297204,-17858.615333,25.253308,11646.731541,17739.742389,False,未触发
2025-10-25,波动电价,12:00,-10204.758491,-16263.098383,25.253308,5906.139361,10384.489031,False,未触发
2025-10-25,波动电价,18:00,-5079.283365,-8298.196469,25.253308,650.813525,3226.622537,False,未触发
2025-10-26,波动电价,06:00,-17014.727094,-26563.153084,56.727262,17617.826863,24834.360405,False,未触发
2025-10-26,波动电价,12:00,-2671.561679,-3625.477636,56.727262,13192.651620,13750.162113,False,未触发
2025-10-26,波动电价,18:00,-541.648466,-738.537562,56.727262,3181.070542,3295.955350,False,未触发
2025-10-27,波动电价,06:00,4641.589403,-2443.980783,51.334556,29475.984941,24945.652582,True,可靠性
2025-10-27,波动电价,12:00,-2829.832491,-6215.574583,51.334556,12397.625499,14787.807317,False,未触发
2025-10-27,波动电价,18:00,215.463493,71.852399,51.334556,3184.794489,3272.972696,True,经济性
2025-10-28,波动电价,06:00,2756.559568,-3248.545018,52.044186,28632.495567,24821.711770,True,可靠性
2025-10-28,波动电价,12:00,-2835.460193,-6070.835439,52.044186,12934.104099,15260.773408,False,未触发
2025-10-28,波动电价,18:00,-1.161469,-255.478188,52.044186,3083.898768,3238.838665,False,未触发
2025-10-29,波动电价,06:00,-5617.793023,-8304.426842,57.524804,23243.043034,24965.469772,False,未触发
2025-10-29,波动电价,12:00,-7725.546830,-11548.958144,57.524804,12453.651180,15212.710320,False,未触发
2025-10-29,波动电价,18:00,-4.016668,-5.738676,57.524804,3208.484918,3207.471532,False,未触发
2025-10-30,波动电价,06:00,-2639.910449,-3322.963876,51.137862,25065.347605,24860.297704,False,未触发
2025-10-30,波动电价,12:00,-3330.860742,-4372.251128,51.137862,14522.809791,15102.201469,False,未触发
2025-10-30,波动电价,18:00,-785.655777,-1138.475175,51.137862,3007.633214,3216.861405,False,未触发
2025-10-31,波动电价,06:00,-14601.724205,-23876.197153,26.135057,14751.028790,22232.684380,False,未触发
2025-10-31,波动电价,12:00,-12571.373541,-20105.435596,26.135057,5172.525172,10842.603864,False,未触发
2025-10-31,波动电价,18:00,-5147.243841,-8312.901865,26.135057,680.177086,3256.710470,False,未触发
2025-11-01,波动电价,06:00,-9012.605063,-14248.042328,24.211492,17280.334250,21633.152377,False,未触发
2025-11-01,波动电价,12:00,-9861.707988,-15692.645395,24.211492,6546.943542,10930.667472,False,未触发
2025-11-01,波动电价,18:00,-5211.195126,-8402.416930,24.211492,795.693605,3349.184932,False,未触发
2025-11-02,波动电价,06:00,5299.008874,-1622.946121,55.845886,29558.205785,25308.482713,True,可靠性
2025-11-02,波动电价,12:00,-8136.282132,-14064.534746,55.845886,11541.420110,15608.733395,False,未触发
2025-11-02,波动电价,18:00,-511.260239,-1003.317227,55.845886,3193.443034,3532.289576,False,未触发
2025-11-03,波动电价,06:00,-7114.593722,-10317.528011,58.986462,23288.185037,25570.119920,False,未触发
2025-11-03,波动电价,12:00,-8735.135773,-12954.747864,58.986462,12742.340191,15724.736941,False,未触发
2025-11-03,波动电价,18:00,-342.989617,-407.796086,58.986462,3531.342922,3610.874794,False,未触发
2025-11-04,波动电价,06:00,1706.953528,-1146.885915,54.727589,27310.624747,25496.411885,True,可靠性
2025-11-04,波动电价,12:00,-4830.114004,-8299.023201,54.727589,12846.090236,15241.290267,False,未触发
2025-11-04,波动电价,18:00,-639.202584,-942.580208,54.727589,3422.954300,3602.255775,False,未触发
2025-11-05,波动电价,06:00,-15961.478077,-25060.162436,60.703982,18910.513878,25569.984103,False,未触发
2025-11-05,波动电价,12:00,-12156.539636,-18403.368857,60.703982,11479.566481,15758.847457,False,未触发
2025-11-05,波动电价,18:00,-226.507319,-304.347968,60.703982,3695.096362,3642.643679,False,未触发
2025-11-06,波动电价,06:00,2488.147931,-1574.699008,56.701887,28248.287318,25720.960670,True,可靠性
2025-11-06,波动电价,12:00,-5147.569766,-8930.087843,56.701887,13071.790859,15768.882718,False,未触发
2025-11-06,波动电价,18:00,-228.253378,-409.074364,56.701887,3601.413505,3711.384086,False,未触发
2025-11-07,波动电价,06:00,-7731.736031,-11788.388242,23.846054,22395.686515,25365.920591,False,未触发
2025-11-07,波动电价,12:00,-7761.289415,-12004.943289,23.846054,7735.386751,10889.119353,False,未触发
2025-11-07,波动电价,18:00,-5224.638336,-8254.483779,23.846054,1428.906307,3821.303111,False,未触发
2025-11-08,波动电价,06:00,-13715.001399,-22181.754690,25.611020,14395.701773,21774.649494,False,未触发
2025-11-08,波动电价,12:00,-8978.144715,-13878.274445,25.611020,7562.449218,11219.640602,False,未触发
2025-11-08,波动电价,18:00,-5036.858227,-8015.167678,25.611020,1594.820970,3888.862674,False,未触发
2025-11-09,波动电价,06:00,-2609.635742,-3340.504371,58.050458,25573.506562,26091.407943,False,未触发
2025-11-09,波动电价,12:00,-5294.523105,-7450.838604,58.050458,14578.704882,16240.259739,False,未触发
2025-11-09,波动电价,18:00,42.993165,-75.149871,58.050458,3987.920819,3919.374543,False,未触发
2025-11-10,波动电价,06:00,1630.800851,-2323.144474,59.366311,28669.761221,26229.324164,True,可靠性
2025-11-10,波动电价,12:00,-4871.583837,-8192.059036,59.366311,13829.361014,16163.881041,False,未触发
2025-11-10,波动电价,18:00,41.559693,-29.559223,59.366311,4068.972242,4021.629017,False,未触发
2025-11-11,波动电价,06:00,-7040.412351,-9950.383983,60.137936,24494.188466,26454.809131,False,未触发
2025-11-11,波动电价,12:00,-7464.440603,-11035.760561,60.137936,13950.342494,16485.415461,False,未触发
2025-11-11,波动电价,18:00,-179.857028,-292.490542,60.137936,4373.267529,4305.201478,False,未触发
2025-11-12,波动电价,06:00,2638.184333,-1759.420787,56.476955,29432.046282,26711.481033,True,可靠性
2025-11-12,波动电价,12:00,-7729.355643,-13280.158611,56.476955,12869.406374,16693.614475,False,未触发
2025-11-12,波动电价,18:00,41.517962,-82.631556,56.476955,4490.720836,4414.796357,False,未触发
2025-11-13,波动电价,06:00,269.687945,-3154.918245,55.725988,28761.147359,26697.811557,True,可靠性
2025-11-13,波动电价,12:00,-2687.012626,-4405.123539,55.725988,15441.324421,16711.519725,False,未触发
2025-11-13,波动电价,18:00,-0.316424,-1.194130,55.725988,4473.882239,4474.394296,False,未触发
2025-11-14,波动电价,06:00,-12968.186640,-20667.063723,24.210772,17298.151170,23660.595024,False,未触发
2025-11-14,波动电价,12:00,-10343.591443,-15955.829955,24.210772,8642.399998,12792.240497,False,未触发
2025-11-14,波动电价,18:00,-6068.460231,-9347.461932,24.210772,2012.086368,4509.598164,False,未触发
2025-11-15,波动电价,06:00,-19817.233345,-31208.261771,27.753164,16595.933244,26233.110890,False,未触发
2025-11-15,波动电价,12:00,-10972.194506,-16915.725622,27.753164,8214.705409,12683.038295,False,未触发
2025-11-15,波动电价,18:00,-5900.731029,-9092.661257,27.753164,2193.356154,4534.785991,False,未触发
2025-11-16,波动电价,06:00,2995.583325,-2027.514940,57.468735,29743.327016,26641.919114,True,可靠性
2025-11-16,波动电价,12:00,-4295.755806,-7347.089358,57.468735,14582.229691,16727.638948,False,未触发
2025-11-16,波动电价,18:00,-116.620394,-342.710094,57.468735,4674.525459,4543.638109,False,未触发
2025-11-17,波动电价,06:00,6545.538539,-2570.733168,55.129067,32772.285992,26855.598919,True,可靠性
2025-11-17,波动电价,12:00,-3398.271730,-7237.988918,55.129067,14090.564965,16810.797458,False,未触发
2025-11-17,波动电价,18:00,-21.895390,-114.802433,55.129067,4644.145769,4584.237876,False,未触发
2025-11-18,波动电价,06:00,-5480.724001,-7708.646902,58.750486,25418.239581,26842.400235,False,未触发
2025-11-18,波动电价,12:00,-4985.768257,-6872.098487,58.750486,15595.238403,16823.803266,False,未触发
2025-11-18,波动电价,18:00,-279.840248,-282.661422,58.750486,4615.644662,4609.182704,False,未触发
2025-11-19,波动电价,06:00,7213.239302,-2910.799928,58.597720,33185.312666,26762.418329,True,可靠性
2025-11-19,波动电价,12:00,-4269.881380,-8693.008551,58.597720,13895.285994,16948.850428,False,未触发
2025-11-19,波动电价,18:00,-100.038402,-414.354923,58.597720,4456.521329,4638.106021,False,未触发
2025-11-20,波动电价,06:00,1958.300827,-1405.378108,57.249310,28772.177849,26760.072280,True,可靠性
2025-11-20,波动电价,12:00,-3272.573621,-5122.171688,57.249310,15635.234864,17042.129300,False,未触发
2025-11-20,波动电价,18:00,-13.318947,-49.406239,57.249310,4623.895120,4644.870634,False,未触发
2025-11-21,波动电价,06:00,-7113.417254,-10338.457814,24.984726,24283.104680,26547.497572,False,未触发
2025-11-21,波动电价,12:00,-9010.296501,-13789.779534,24.984726,9619.313877,13076.624870,False,未触发
2025-11-21,波动电价,18:00,-5974.475783,-9177.829236,24.984726,2240.418647,4645.028305,False,未触发
2025-11-22,波动电价,06:00,-19369.570170,-30357.063825,28.706858,17847.663879,26777.919143,False,未触发
2025-11-22,波动电价,12:00,-11463.308738,-17496.171628,28.706858,8480.786788,12992.646172,False,未触发
2025-11-22,波动电价,18:00,-6092.041989,-9332.943221,28.706858,2222.138327,4668.068984,False,未触发
2025-11-23,波动电价,06:00,4130.483679,-2205.091204,58.310296,30879.408446,27012.598116,True,可靠性
2025-11-23,波动电价,12:00,-5160.628426,-9951.462436,58.310296,13609.577472,16973.658251,False,未触发
2025-11-23,波动电价,18:00,-222.276741,-282.250578,58.310296,4649.295114,4683.069646,False,未触发
2025-11-24,波动电价,06:00,1718.317210,-1633.253737,57.413527,29084.135488,27115.820165,True,可靠性
2025-11-24,波动电价,12:00,-4338.172121,-7434.471939,57.413527,14908.879003,17188.512460,False,未触发
2025-11-24,波动电价,18:00,-60.781346,-221.748983,57.413527,4582.428891,4673.849166,False,未触发
2025-11-25,波动电价,06:00,-12871.369442,-19703.299828,66.639575,22584.577018,27204.405358,False,未触发
2025-11-25,波动电价,12:00,-13328.381784,-20276.877852,66.639575,12408.938821,17122.505856,False,未触发
2025-11-25,波动电价,18:00,-319.870808,-351.238784,66.639575,4664.309112,4678.581379,False,未触发
2025-11-26,波动电价,06:00,-1312.521885,-1573.936752,62.843398,27276.131795,27161.987267,False,未触发
2025-11-26,波动电价,12:00,-6812.457625,-9805.154545,62.843398,14843.600196,16966.577671,False,未触发
2025-11-26,波动电价,18:00,-201.804408,-291.188040,62.843398,4730.752086,4672.177607,False,未触发
2025-11-27,波动电价,06:00,1371.309238,-1469.349725,60.785411,29058.370413,27360.857409,True,可靠性
2025-11-27,波动电价,12:00,-3712.517778,-6473.010858,60.785411,15117.115313,17073.750801,False,未触发
2025-11-27,波动电价,18:00,-31.654236,-53.920580,60.785411,4660.506182,4670.473073,False,未触发
2025-11-28,波动电价,06:00,-11662.793248,-17818.941223,26.488257,22499.763673,27028.142651,False,未触发
2025-11-28,波动电价,12:00,-10578.615979,-16234.767519,26.488257,9090.686686,13246.655040,False,未触发
2025-11-28,波动电价,18:00,-5778.071956,-8852.309837,26.488257,2327.490002,4667.562930,False,未触发
2025-11-29,波动电价,06:00,-27168.627408,-42722.084225,32.906329,14150.641392,27327.150915,False,未触发
2025-11-29,波动电价,12:00,-14957.481305,-22842.153553,32.906329,8857.862102,14999.770635,False,未触发
2025-11-29,波动电价,18:00,-5903.620957,-9080.951854,32.906329,2275.818679,4662.023811,False,未触发
2025-11-30,波动电价,06:00,1261.515972,-2688.853349,63.850849,29781.936390,27437.506682,True,可靠性
2025-11-30,波动电价,12:00,-4570.683322,-7996.993772,63.850849,14689.830602,17097.455179,False,未触发
2025-11-30,波动电价,18:00,20.006071,-32.934692,63.850849,4705.670550,4675.264818,False,未触发
2025-12-01,波动电价,06:00,13413.579298,-3477.764641,70.668368,36856.757254,27228.714259,True,可靠性
2025-12-01,波动电价,12:00,-6516.980768,-13972.645262,70.668368,12431.302037,16910.392617,False,未触发
2025-12-01,波动电价,18:00,-167.295295,-1117.179607,70.668368,4206.053721,4687.307172,False,未触发
2025-12-02,波动电价,06:00,11428.641498,-3662.885471,74.192376,35725.611360,27166.626430,True,可靠性
2025-12-02,波动电价,12:00,-6785.099421,-12862.500298,74.192376,13228.411852,16910.999608,False,未触发
2025-12-02,波动电价,18:00,-162.786051,-1037.689658,74.192376,4250.000346,4688.241846,False,未触发
2025-12-03,波动电价,06:00,22436.769722,-2153.790565,64.697242,41554.612700,27166.074370,True,可靠性
2025-12-03,波动电价,12:00,-3323.517162,-6651.264945,64.697242,14891.366985,16921.499440,False,未触发
2025-12-03,波动电价,18:00,-19.198060,-599.469802,64.697242,4390.759126,4682.643665,False,未触发
2025-12-04,波动电价,06:00,9160.656424,-4871.378408,71.247057,35042.128278,27125.507560,True,可靠性
2025-12-04,波动电价,12:00,-5717.710869,-10203.964913,71.247057,13999.575171,16902.636985,False,未触发
2025-12-04,波动电价,18:00,-227.442478,-1245.545924,71.247057,4163.969590,4673.218133,False,未触发
2025-12-05,波动电价,06:00,106.520750,-1254.785719,31.583016,28206.872839,27330.041777,False,未触发
2025-12-05,波动电价,12:00,-5312.188710,-7911.033759,31.583016,13595.424780,15240.218381,False,未触发
2025-12-05,波动电价,18:00,-3379.890970,-5174.032736,31.583016,3588.518425,4676.059866,False,未触发
2025-12-06,波动电价,06:00,-3681.836435,-5321.758722,34.266704,25998.976713,27085.965756,False,未触发
2025-12-06,波动电价,12:00,-6562.659938,-9873.309367,34.266704,13246.109322,15775.159620,False,未触发
2025-12-06,波动电价,18:00,-3364.981459,-5072.248620,34.266704,3662.298227,4696.136583,False,未触发
2025-12-07,波动电价,06:00,2263.554212,-5199.757401,74.297948,30774.381242,26759.206069,True,可靠性
2025-12-07,波动电价,12:00,-3757.602983,-5876.454792,74.297948,15583.276816,16964.145423,False,未触发
2025-12-07,波动电价,18:00,-162.725805,-1089.075354,74.297948,4238.846056,4688.506699,False,未触发
2025-12-08,波动电价,06:00,14091.088590,-3119.934000,73.873299,36327.076861,26559.198047,True,可靠性
2025-12-08,波动电价,12:00,-4950.812917,-11450.607809,73.873299,12865.952823,16781.354255,False,未触发
2025-12-08,波动电价,18:00,-61.840439,-658.859335,73.873299,4371.887849,4667.041052,False,未触发
2025-12-09,波动电价,06:00,5491.393878,-4928.922853,72.253785,32370.719079,26591.286006,True,可靠性
2025-12-09,波动电价,12:00,-4465.844318,-7989.028663,72.253785,14619.890509,16772.731927,False,未触发
2025-12-09,波动电价,18:00,-204.120672,-1025.903447,72.253785,4263.162444,4681.954102,False,未触发
2025-12-10,波动电价,06:00,17655.838782,-2521.358455,70.138441,38136.109827,26722.686622,True,可靠性
2025-12-10,波动电价,12:00,-4145.282452,-8823.271943,70.138441,14009.999473,16890.279606,False,未触发
2025-12-10,波动电价,18:00,-281.577073,-1218.033143,70.138441,4205.096153,4673.710807,False,未触发
2025-12-11,波动电价,06:00,3567.300135,-3855.235434,71.500396,30963.382073,26799.071110,True,可靠性
2025-12-11,波动电价,12:00,-4707.310303,-7173.418326,71.500396,15241.819047,16848.095557,False,未触发
2025-12-11,波动电价,18:00,-128.356129,-663.664765,71.500396,4400.088010,4671.060663,False,未触发
2025-12-12,波动电价,06:00,1062.644986,-524.665784,33.545054,27852.042625,26883.132242,False,未触发
2025-12-12,波动电价,12:00,-7021.846608,-10516.681689,33.545054,14077.143150,16795.343976,False,未触发
2025-12-12,波动电价,18:00,-3305.034368,-5072.595855,33.545054,3607.223507,4663.576232,False,未触发
2025-12-13,波动电价,06:00,-3480.756936,-4707.828904,34.694561,27032.346240,26693.465989,False,未触发
2025-12-13,波动电价,12:00,-2812.589226,-4019.911783,34.694561,15467.022176,16523.015810,False,未触发
2025-12-13,波动电价,18:00,-4175.892596,-6362.754067,34.694561,3324.091500,4664.283337,False,未触发
2025-12-14,波动电价,06:00,16421.567707,-2693.504158,69.405842,37020.239685,26365.684668,True,可靠性
2025-12-14,波动电价,12:00,-2560.244213,-4571.632069,69.405842,15455.623602,16664.502922,False,未触发
2025-12-14,波动电价,18:00,-158.491425,-738.324771,69.405842,4358.215559,4650.753690,False,未触发
2025-12-15,波动电价,06:00,18387.941607,-2599.183535,69.690232,38111.423105,26283.939288,True,可靠性
2025-12-15,波动电价,12:00,-3788.355284,-7719.410540,69.690232,14274.775909,16690.123119,False,未触发
2025-12-15,波动电价,18:00,-205.112348,-974.640055,69.690232,4239.556706,4635.907674,False,未触发
2025-12-16,波动电价,06:00,7101.398888,-3689.686992,74.952538,32040.904505,26240.806011,True,可靠性
2025-12-16,波动电价,12:00,-5445.882166,-8208.632528,74.952538,14986.978776,16740.154383,False,未触发
2025-12-16,波动电价,18:00,-172.315087,-777.807447,74.952538,4312.910204,4623.565520,False,未触发
2025-12-17,波动电价,06:00,2099.794642,-4467.370520,75.685936,29534.749014,25975.520728,True,可靠性
2025-12-17,波动电价,12:00,-4770.020180,-7822.267822,75.685936,14827.805338,16787.984787,False,未触发
2025-12-17,波动电价,18:00,-280.373588,-1043.848252,75.685936,4233.871807,4621.717132,False,未触发
2025-12-18,波动电价,06:00,13523.378097,-3747.758898,71.285708,35369.910176,25701.537665,True,可靠性
2025-12-18,波动电价,12:00,-5116.004917,-10354.956537,71.285708,13543.963859,16721.051397,False,未触发
2025-12-18,波动电价,18:00,-383.902951,-1304.864575,71.285708,4153.776312,4617.468318,False,未触发
2025-12-19,波动电价,06:00,-309.414130,-1607.356587,33.566587,26702.754518,25896.065538,False,未触发
2025-12-19,波动电价,12:00,-8543.124357,-12911.514813,33.566587,12733.486251,15694.039220,False,未触发
2025-12-19,波动电价,18:00,-3657.223406,-5600.402861,33.566587,3405.401466,4614.030549,False,未触发
2025-12-20,波动电价,06:00,-8786.333893,-13745.614999,35.115797,22354.891755,25854.463093,False,未触发
2025-12-20,波动电价,12:00,-10273.153213,-15719.414201,35.115797,11763.284234,15693.012584,False,未触发
2025-12-20,波动电价,18:00,-3895.369489,-5981.936877,35.115797,3310.022814,4613.028667,False,未触发
2025-12-21,波动电价,06:00,5728.149492,-4180.818238,74.452823,31036.196040,25568.543400,True,可靠性
2025-12-21,波动电价,12:00,-2620.932378,-3820.363227,74.452823,15726.391548,16534.282951,False,未触发
2025-12-21,波动电价,18:00,-294.828153,-952.425185,74.452823,4270.415815,4607.605215,False,未触发
2025-12-22,波动电价,06:00,10056.720954,-4198.836441,73.977334,33406.946360,25654.370969,True,可靠性
2025-12-22,波动电价,12:00,-4250.329318,-7554.387706,73.977334,14671.704387,16800.340022,False,未触发
2025-12-22,波动电价,18:00,-453.712484,-1537.471593,73.977334,4054.852078,4610.165953,False,未触发
2025-12-23,波动电价,06:00,572.275257,-4229.706818,75.484384,28294.311231,25646.589103,True,可靠性
2025-12-23,波动电价,12:00,-3954.538017,-6556.112415,75.484384,14947.381224,16665.198880,False,未触发
2025-12-23,波动电价,18:00,-126.085848,-422.051282,75.484384,4470.685807,4620.827024,False,未触发
2025-12-24,波动电价,06:00,6792.390742,-3987.677117,74.440264,31452.358557,25686.697888,True,可靠性
2025-12-24,波动电价,12:00,-5898.482939,-10127.167686,74.440264,14180.351963,16854.331334,False,未触发
2025-12-24,波动电价,18:00,-282.905685,-972.485767,74.440264,4270.240990,4623.640959,False,未触发
2025-12-25,波动电价,06:00,7776.984311,-4376.958660,70.919759,32388.038207,25759.815459,True,可靠性
2025-12-25,波动电价,12:00,-2098.783207,-3129.930434,70.919759,16075.009730,16658.234433,False,未触发
2025-12-25,波动电价,18:00,-326.342534,-1062.360515,70.919759,4264.591167,4635.003645,False,未触发
2025-12-26,波动电价,06:00,-4826.016680,-7214.469252,33.969077,24359.013309,25830.533654,False,未触发
2025-12-26,波动电价,12:00,-9416.265318,-14236.009219,33.969077,12785.410580,16268.923318,False,未触发
2025-12-26,波动电价,18:00,-3765.496426,-5802.446073,33.969077,3418.083402,4654.710457,False,未触发
2025-12-27,波动电价,06:00,-7204.953584,-11262.313463,35.011526,22890.574360,25615.625855,False,未触发
2025-12-27,波动电价,12:00,-11904.608765,-18029.706395,35.011526,11683.206519,15989.334090,False,未触发
2025-12-27,波动电价,18:00,-4550.135797,-6965.021972,35.011526,3163.130104,4670.489887,False,未触发
2025-12-28,波动电价,06:00,6055.908990,-4016.504812,73.254593,30781.598859,25316.192805,True,可靠性
2025-12-28,波动电价,12:00,-5697.657921,-9199.275792,73.254593,14495.814004,16709.453107,False,未触发
2025-12-28,波动电价,18:00,-443.338501,-1435.425016,73.254593,4162.558137,4663.520990,False,未触发
2025-12-29,波动电价,06:00,8135.452094,-4222.498427,73.058402,31990.067146,25365.951651,True,可靠性
2025-12-29,波动电价,12:00,-3826.567214,-6977.763603,73.058402,14756.117954,16789.046527,False,未触发
2025-12-29,波动电价,18:00,-281.261709,-986.025340,73.058402,4293.598953,4656.001438,False,未触发
2025-12-30,波动电价,06:00,4546.337503,-4224.730302,73.710626,30174.120901,25450.810169,True,可靠性
2025-12-30,波动电价,12:00,-8458.268889,-15052.616341,73.710626,12658.256624,16820.814313,False,未触发
2025-12-30,波动电价,18:00,-309.629820,-1059.971675,73.710626,4278.992372,4662.733820,False,未触发
2025-12-31,波动电价,06:00,1884.373110,-3460.694037,76.589501,28369.656055,25540.397123,True,可靠性
2025-12-31,波动电价,12:00,-3936.848971,-6544.102074,76.589501,15019.378644,16831.539579,False,未触发
2025-12-31,波动电价,18:00,-201.980593,-680.199287,76.589501,4420.084694,4667.586373,False,未触发
